Hotel Metropolitan Akita,010-8530,Akita Prefecture,7-2-1 Naka-dori Akita,115,$$,http://www.tripadvisor.com/Hotel_Review-g298239-d482034-Reviews-Hotel_Metropolitan_Akita-Akita_Akita_Prefecture_Tohoku.html
Akita Castle Hotel,010-0001,Akita Prefecture,1-3-5 Nakadori Akita,150,$$,http://www.tripadvisor.com/Hotel_Review-g298239-d581759-Reviews-Akita_Castle_Hotel-Akita_Akita_Prefecture_Tohoku.html
Akita View Hotel,010-0001,Akita Prefecture,2-6-1 Nakadori Akita,192,$,http://www.tripadvisor.com/Hotel_Review-g298239-d583266-Reviews-Akita_View_Hotel-Akita_Akita_Prefecture_Tohoku.html
Comfort Hotel Akita,010-0874,Akita Prefecture,3-23 Senshukubota-machi Akita,159,$,http://www.tripadvisor.com/Hotel_Review-g298239-d623300-Reviews-Comfort_Hotel_Akita-Akita_Akita_Prefecture_Tohoku.html
Akita Park Hotel,010-0951,Akita Prefecture,4-5-10 Sanno Akita,,$,http://www.tripadvisor.com/Hotel_Review-g298239-d628441-Reviews-Akita_Park_Hotel-Akita_Akita_Prefecture_Tohoku.html
Hakuchoso,010-0877,Akita Prefecture,10-22 Senshuyadomemachi Akita,,$,http://www.tripadvisor.com/Hotel_Review-g298239-d1045252-Reviews-Hakuchoso-Akita_Akita_Prefecture_Tohoku.html
Kokaso,010-0865,Akita Prefecture,4-3 Tegatashinsakaemachi Akita,,,http://www.tripadvisor.com/Hotel_Review-g298239-d1045253-Reviews-Kokaso-Akita_Akita_Prefecture_Tohoku.html
Hotel Pearl City Akita,010-0921,Akita Prefecture,3-4-18 Omachi Akita,113,$,http://www.tripadvisor.com/Hotel_Review-g298239-d1045254-Reviews-Hotel_Pearl_City_Akita-Akita_Akita_Prefecture_Tohoku.html
Akita Onsen Plaza,010-0822,Akita Prefecture,142-3 Keidaikawara Soegawa Akita,,$,http://www.tripadvisor.com/Hotel_Review-g298239-d1045261-Reviews-Akita_Onsen_Plaza-Akita_Akita_Prefecture_Tohoku.html
Akitsuki Yakata,010-0922,Akita Prefecture,5-31 Kyokuhokusakaemachi Akita,,$,http://www.tripadvisor.com/Hotel_Review-g298239-d1045262-Reviews-Akitsuki_Yakata-Akita_Akita_Prefecture_Tohoku.html
Hotel Pearl City Akita Omachi,010-0921,Akita Prefecture,2-6-25 Omachi Akita,,$,http://www.tripadvisor.com/Hotel_Review-g298239-d1082042-Reviews-Hotel_Pearl_City_Akita_Omachi-Akita_Akita_Prefecture_Tohoku.html
Route-Inn Gurantia Akita Spa Resort,010-0001,Akita Prefecture,5-2-1 Nakadori Akita,240,$,http://www.tripadvisor.com/Hotel_Review-g298239-d1082047-Reviews-Route_Inn_Gurantia_Akita_Spa_Resort-Akita_Akita_Prefecture_Tohoku.html
Hotel Route-Inn Akita,011-0945,Akita Prefecture,2-12-30 Tsuchizakiminato-Nishi Akita,154,$,http://www.tripadvisor.com/Hotel_Review-g298239-d1082049-Reviews-Hotel_Route_Inn_Akita-Akita_Akita_Prefecture_Tohoku.html
Hotel Alpha Inn Akita,010-0922,Akita Prefecture,1-48 Kyokuhokusakae-machi Akita,,$,http://www.tripadvisor.com/Hotel_Review-g298239-d1082071-Reviews-Hotel_Alpha_Inn_Akita-Akita_Akita_Prefecture_Tohoku.html
Hotel Alpha-One Akita,010-0001,Akita Prefecture,4-16-2 Naka-dori Akita,264,$,http://www.tripadvisor.com/Hotel_Review-g298239-d1082074-Reviews-Hotel_Alpha_One_Akita-Akita_Akita_Prefecture_Tohoku.html
Business Fujiwa Ryokan,011-0946,Akita Prefecture,2-3-50 Tsuchizakiminatochuo Akita,,$,http://www.tripadvisor.com/Hotel_Review-g298239-d1082077-Reviews-Business_Fujiwa_Ryokan-Akita_Akita_Prefecture_Tohoku.html
Daiwa Roynet Hotel Akita,010-0921,Akita Prefecture,2-2-41 O-machi Akita,221,$,http://www.tripadvisor.com/Hotel_Review-g298239-d1082080-Reviews-Daiwa_Roynet_Hotel_Akita-Akita_Akita_Prefecture_Tohoku.html
Hotel Pearl City Akita Kanto Odori,010-0921,Akita Prefecture,2-2-3 Omachi Akita,112,$,http://www.tripadvisor.com/Hotel_Review-g298239-d1082081-Reviews-Hotel_Pearl_City_Akita_Kanto_Odori-Akita_Akita_Prefecture_Tohoku.html
Albert Hotel Akita,010-0921,Akita Prefecture,4-3-22 O-machi Akita,,$,http://www.tripadvisor.com/Hotel_Review-g298239-d1082082-Reviews-Albert_Hotel_Akita-Akita_Akita_Prefecture_Tohoku.html
Aoi Ryokan,010-0001,Akita Prefecture,6-12-26 Naka-dori Akita,,,http://www.tripadvisor.com/Hotel_Review-g298239-d1082084-Reviews-Aoi_Ryokan-Akita_Akita_Prefecture_Tohoku.html
Hotel Hawaii Shin-Honten,010-0001,Akita Prefecture,5-1-7 Naka-dori Akita,,,http://www.tripadvisor.com/Hotel_Review-g298239-d1083384-Reviews-Hotel_Hawaii_Shin_Honten-Akita_Akita_Prefecture_Tohoku.html
Akita Onsen Satomi,010-0822,Akita Prefecture,142-1 Keidaikawara Soegawa Akita,,$,http://www.tripadvisor.com/Hotel_Review-g298239-d1083387-Reviews-Akita_Onsen_Satomi-Akita_Akita_Prefecture_Tohoku.html
Hotel Dormy Inn Akita,010-0001,Akita Prefecture,2-3-1 Nakadori Akita,297,$,http://www.tripadvisor.com/Hotel_Review-g298239-d1083393-Reviews-Hotel_Dormy_Inn_Akita-Akita_Akita_Prefecture_Tohoku.html
APA Hotel Akita Senshukoen,010-0877,Akita Prefecture,1-1 SenshuYadome-machi Akita,134,$,http://www.tripadvisor.com/Hotel_Review-g298239-d1083394-Reviews-APA_Hotel_Akita_Senshukoen-Akita_Akita_Prefecture_Tohoku.html
Hotel Naniwa,010-0001,Akita Prefecture,6-18-27 Nakadori Akita,,$,http://www.tripadvisor.com/Hotel_Review-g298239-d1094390-Reviews-Hotel_Naniwa-Akita_Akita_Prefecture_Tohoku.html
Omachiso,010-0921,Akita Prefecture,3-2-44 Omachi Akita,,$,http://www.tripadvisor.com/Hotel_Review-g298239-d1094391-Reviews-Omachiso-Akita_Akita_Prefecture_Tohoku.html
Toyoko Inn Akitaeki Higashiguchi,010-0002,Akita Prefecture,4-1 Higashidorimakamachi Akita,,$,http://www.tripadvisor.com/Hotel_Review-g298239-d1104474-Reviews-Toyoko_Inn_Akitaeki_Higashiguchi-Akita_Akita_Prefecture_Tohoku.html
Youland Hotel Yabase,010-0961,Akita Prefecture,2-16-29 Yabaseisano Akita,,$,http://www.tripadvisor.com/Hotel_Review-g298239-d1104482-Reviews-Youland_Hotel_Yabase-Akita_Akita_Prefecture_Tohoku.html
Le Port Mizuho,010-0951,Akita Prefecture,4-2-12 Sanno Akita,,,http://www.tripadvisor.com/Hotel_Review-g298239-d1104485-Reviews-Le_Port_Mizuho-Akita_Akita_Prefecture_Tohoku.html
Hotel Hawaii Lagoon,010-0001,Akita Prefecture,3-2-27 Nakadori Akita,,,http://www.tripadvisor.com/Hotel_Review-g298239-d1104486-Reviews-Hotel_Hawaii_Lagoon-Akita_Akita_Prefecture_Tohoku.html
Hotel Hawaii Ekimaeten,010-0874,Akita Prefecture,2-2 Senshukubotamachi Akita,,,http://www.tripadvisor.com/Hotel_Review-g298239-d1104488-Reviews-Hotel_Hawaii_Ekimaeten-Akita_Akita_Prefecture_Tohoku.html
Akitaken Seinen Kaikan,011-0905,Akita Prefecture,3-1 Terauchi Kamiyashiki Akita,,$,http://www.tripadvisor.com/Hotel_Review-g298239-d1104510-Reviews-Akitaken_Seinen_Kaikan-Akita_Akita_Prefecture_Tohoku.html
Iwasaki Ryokan,010-0065,Akita Prefecture,2-5-9 Barajima Akita,,,http://www.tripadvisor.com/Hotel_Review-g298239-d1104518-Reviews-Iwasaki_Ryokan-Akita_Akita_Prefecture_Tohoku.html
Yufore,019-2742,Akita Prefecture,1-1 Kawabesannai Akita,,$,http://www.tripadvisor.com/Hotel_Review-g298239-d1104523-Reviews-Yufore-Akita_Akita_Prefecture_Tohoku.html
Business Ryokan Ono,011-0912,Akita Prefecture,2-14-14 Ijimamichi Higashi Akita,,$,http://www.tripadvisor.com/Hotel_Review-g298239-d1104589-Reviews-Business_Ryokan_Ono-Akita_Akita_Prefecture_Tohoku.html
Hotel Akita Goshono,010-1419,Akita Prefecture,1-3-1 Goshono Tsutsumidai Akita,122,$,http://www.tripadvisor.com/Hotel_Review-g298239-d1104605-Reviews-Hotel_Akita_Goshono-Akita_Akita_Prefecture_Tohoku.html
Iwami Onsen,019-2742,Akita Prefecture,110 Kawabesannai Akita,,,http://www.tripadvisor.com/Hotel_Review-g298239-d1104609-Reviews-Iwami_Onsen-Akita_Akita_Prefecture_Tohoku.html
Plaza Crypton,019-2611,Akita Prefecture,38-4 Kawabetoshima Akita,,$,http://www.tripadvisor.com/Hotel_Review-g298239-d1146134-Reviews-Plaza_Crypton-Akita_Akita_Prefecture_Tohoku.html
Yamabuki,010-0065,Akita Prefecture,2-6-1 Barajima Akita,,,http://www.tripadvisor.com/Hotel_Review-g298239-d1146429-Reviews-Yamabuki-Akita_Akita_Prefecture_Tohoku.html
Richmond Hotel Akita Ekimae,010-0001,Akita Prefecture,2-2-26 Nakadori Akita,198,$,http://www.tripadvisor.com/Hotel_Review-g298239-d1236619-Reviews-Richmond_Hotel_Akita_Ekimae-Akita_Akita_Prefecture_Tohoku.html
E Hotel,010-0921,Akita Prefecture,2-2-12 Omachi Akita,391,$,http://www.tripadvisor.com/Hotel_Review-g298239-d1456425-Reviews-E_Hotel-Akita_Akita_Prefecture_Tohoku.html
Business Hotel Nao,011-0951,Akita Prefecture,"171 Aza Nakayachi, Tsuchizaki Minato Sozenmachi Akita",,,http://www.tripadvisor.com/Hotel_Review-g298239-d1863035-Reviews-Business_Hotel_Nao-Akita_Akita_Prefecture_Tohoku.html
Ouchi Ryokan,010-0973,Akita Prefecture,6-1-10 Yabasehoncho Akita,,,http://www.tripadvisor.com/Hotel_Review-g298239-d1863392-Reviews-Ouchi_Ryokan-Akita_Akita_Prefecture_Tohoku.html
Grand Spa Hotel Komach,010-0061,Akita Prefecture,1-2-3 Oroshimachi Akita,,,http://www.tripadvisor.com/Hotel_Review-g298239-d1910328-Reviews-Grand_Spa_Hotel_Komach-Akita_Akita_Prefecture_Tohoku.html
Hotel Yagi,018-3311,Akita Prefecture,"1-20, Zaimokucho Akita",,$,http://www.tripadvisor.com/Hotel_Review-g298239-d2274387-Reviews-Hotel_Yagi-Akita_Akita_Prefecture_Tohoku.html
Ito Ryokan Guest House,010-0951,Akita Prefecture,7-6-14 Sanno Akita,,,http://www.tripadvisor.com/Hotel_Review-g298239-d2425677-Reviews-Ito_Ryokan_Guest_House-Akita_Akita_Prefecture_Tohoku.html
Ito Ryokan,010-0951,Akita Prefecture,7-11-20 Sanno Akita,,,http://www.tripadvisor.com/Hotel_Review-g298239-d2425690-Reviews-Ito_Ryokan-Akita_Akita_Prefecture_Tohoku.html
Ito Ryokan Minshuku,010-0951,Akita Prefecture,6-18-28 Sanno Akita,,,http://www.tripadvisor.com/Hotel_Review-g298239-d2425694-Reviews-Ito_Ryokan_Minshuku-Akita_Akita_Prefecture_Tohoku.html
Hotel Foresta Chokai,015-0512,Akita Prefecture,8-45 Chokaimachi Sarukura Yurihonjo,65,$$,http://www.tripadvisor.com/Hotel_Review-g1022322-d642313-Reviews-Hotel_Foresta_Chokai-Yurihonjo_Akita_Prefecture_Tohoku.html
Honjou Grand Hotel,015-0834,Akita Prefecture,254 Iwabuchishita Yurihonjo,,$,http://www.tripadvisor.com/Hotel_Review-g1022322-d1073199-Reviews-Honjou_Grand_Hotel-Yurihonjo_Akita_Prefecture_Tohoku.html
Hotel Iris,015-0821,Akita Prefecture,5 Sakanamachi Yurihonjo,,$,http://www.tripadvisor.com/Hotel_Review-g1022322-d1080278-Reviews-Hotel_Iris-Yurihonjo_Akita_Prefecture_Tohoku.html
Iba Ryokan,018-0604,Akita Prefecture,"2-190 Numata,Nishime-machi Yurihonjo",,$,http://www.tripadvisor.com/Hotel_Review-g1022322-d1107130-Reviews-Iba_Ryokan-Yurihonjo_Akita_Prefecture_Tohoku.html
Taki Onsen,018-0905,Akita Prefecture,30 Taki Yunosawa Yurihonjo,,,http://www.tripadvisor.com/Hotel_Review-g1022322-d1107219-Reviews-Taki_Onsen-Yurihonjo_Akita_Prefecture_Tohoku.html
Honjo Station Hotel Honkan,015-0075,Akita Prefecture,1-30 Hanabatamachi Yurihonjo,36,$,http://www.tripadvisor.com/Hotel_Review-g1022322-d1510526-Reviews-Honjo_Station_Hotel_Honkan-Yurihonjo_Akita_Prefecture_Tohoku.html
Honjo Station Hotel Bekkan,015-0075,Akita Prefecture,1-29 Hanabatamachi Yurihonjo,,$,http://www.tripadvisor.com/Hotel_Review-g1022322-d1510527-Reviews-Honjo_Station_Hotel_Bekkan-Yurihonjo_Akita_Prefecture_Tohoku.html
Hotel Route Inn Yurihonjo,015-0876,Akita Prefecture,50 Idojiri Yurihonjo,152,$,http://www.tripadvisor.com/Hotel_Review-g1022322-d1510528-Reviews-Hotel_Route_Inn_Yurihonjo-Yurihonjo_Akita_Prefecture_Tohoku.html
Komatsuya ryokan,015-0817,Akita Prefecture,36 Nakamachi Yurihonjo,,$,http://www.tripadvisor.com/Hotel_Review-g1022322-d1602622-Reviews-Komatsuya_ryokan-Yurihonjo_Akita_Prefecture_Tohoku.html
Sanpia 21 Akita,018-1301,Akita Prefecture,3-1 Gazadaira Iwakiuchi michikawa Yurihonjo,,,http://www.tripadvisor.com/Hotel_Review-g1022322-d1857412-Reviews-Sanpia_21_Akita-Yurihonjo_Akita_Prefecture_Tohoku.html
Miroku Onsen,015-0061,Akita Prefecture,2-3 Todoroki Yurihonjo,,,http://www.tripadvisor.com/Hotel_Review-g1022322-d1883097-Reviews-Miroku_Onsen-Yurihonjo_Akita_Prefecture_Tohoku.html
Chokaiso,015-0512,Akita Prefecture,"103-1 Yunosawa, Chokaimachisarukura Yurihonjo",,$,http://www.tripadvisor.com/Hotel_Review-g1022322-d2537431-Reviews-Chokaiso-Yurihonjo_Akita_Prefecture_Tohoku.html
Anraku Onsen,015-0868,Akita Prefecture,4 Ozutsumi Shita Yurihonjo,,,http://www.tripadvisor.com/Hotel_Review-g1022322-d4606211-Reviews-Anraku_Onsen-Yurihonjo_Akita_Prefecture_Tohoku.html
popolocco,018-0711,Akita Prefecture,"36 Nishikoshi, Iwatanicho Yurihonjo",,,http://www.tripadvisor.com/Hotel_Review-g1022322-d6652280-Reviews-Popolocco-Yurihonjo_Akita_Prefecture_Tohoku.html
Towada Prince Hotel,018-5511,Akita Prefecture,"65-1 Okawatai, Towadako Kosaka-machi",66,$,http://www.tripadvisor.com/Hotel_Review-g1120455-d301391-Reviews-Towada_Prince_Hotel-Kosaka_machi_Kazuno_gun_Akita_Prefecture_Tohoku.html
Towada Hotel,018-5511,Akita Prefecture,"Namariyama, Towadako Kosaka-machi",50,$$,http://www.tripadvisor.com/Hotel_Review-g1120455-d325141-Reviews-Towada_Hotel-Kosaka_machi_Kazuno_gun_Akita_Prefecture_Tohoku.html
Ryokusuikaku,018-5511,Akita Prefecture,"50 Yasumitai, Towadako Kosaka-machi",,,http://www.tripadvisor.com/Hotel_Review-g1120455-d1124952-Reviews-Ryokusuikaku-Kosaka_machi_Kazuno_gun_Akita_Prefecture_Tohoku.html
Shinzantei,018-5511,Akita Prefecture,"35 Yasumitai, Towadako Kosaka-machi",,$$,http://www.tripadvisor.com/Hotel_Review-g1120455-d1124955-Reviews-Shinzantei-Kosaka_machi_Kazuno_gun_Akita_Prefecture_Tohoku.html
Koshutei,018-5511,Akita Prefecture,Towadako Kosaka-machi,,,http://www.tripadvisor.com/Hotel_Review-g1120455-d1146014-Reviews-Koshutei-Kosaka_machi_Kazuno_gun_Akita_Prefecture_Tohoku.html
Towadako Lake View,018-5511,Akita Prefecture,"65-1 Yasumitai, Towadako Kosaka-machi",,$,http://www.tripadvisor.com/Hotel_Review-g1120455-d1146038-Reviews-Towadako_Lake_View-Kosaka_machi_Kazuno_gun_Akita_Prefecture_Tohoku.html
Towadako Yuugetsu,018-5511,Akita Prefecture,"36 Yasumitai, Towadako Kosaka-machi",,$$,http://www.tripadvisor.com/Hotel_Review-g1120455-d1146054-Reviews-Towadako_Yuugetsu-Kosaka_machi_Kazuno_gun_Akita_Prefecture_Tohoku.html
Towadako Park Hotel,018-5511,Akita Prefecture,"43 Yasumitai, Towadako Kosaka-machi",,,http://www.tripadvisor.com/Hotel_Review-g1120455-d1170605-Reviews-Towadako_Park_Hotel-Kosaka_machi_Kazuno_gun_Akita_Prefecture_Tohoku.html
Kosaka Gold Palace,017-0202,Akita Prefecture,9-3 Furudate Kosakakozan Kosaka-machi,,,http://www.tripadvisor.com/Hotel_Review-g1120455-d1510533-Reviews-Kosaka_Gold_Palace-Kosaka_machi_Kazuno_gun_Akita_Prefecture_Tohoku.html
Rake side yama no ie,018-5511,Akita Prefecture,1-7 Towadako ginzan Kosaka-machi,,,http://www.tripadvisor.com/Hotel_Review-g1120455-d1917656-Reviews-Rake_side_yama_no_ie-Kosaka_machi_Kazuno_gun_Akita_Prefecture_Tohoku.html
Kohan no yado Minshuku Nagomi,018-5511,Akita Prefecture,37 Towadako yasumitai Kosaka-machi,,$$,http://www.tripadvisor.com/Hotel_Review-g1120455-d2526826-Reviews-Kohan_no_yado_Minshuku_Nagomi-Kosaka_machi_Kazuno_gun_Akita_Prefecture_Tohoku.html
Sazanamisansou,018-5511,Akita Prefecture,Towadako Kosaka-machi,,,http://www.tripadvisor.com/Hotel_Review-g1120455-d2545515-Reviews-Sazanamisansou-Kosaka_machi_Kazuno_gun_Akita_Prefecture_Tohoku.html
Sanso Kuriyama,018-5511,Akita Prefecture,62 Towadako Kosaka-machi,,,http://www.tripadvisor.com/Hotel_Review-g1120455-d2554795-Reviews-Sanso_Kuriyama-Kosaka_machi_Kazuno_gun_Akita_Prefecture_Tohoku.html
Chitose Hotel,018-5601,Akita Prefecture,49 Azajichogashira Junisho Odate,,$,http://www.tripadvisor.com/Hotel_Review-g1022311-d1073161-Reviews-Chitose_Hotel-Odate_Akita_Prefecture_Tohoku.html
Hotel Route Inn Odate,017-0841,Akita Prefecture,91-1 Omachi Odate,126,$,http://www.tripadvisor.com/Hotel_Review-g1022311-d1073162-Reviews-Hotel_Route_Inn_Odate-Odate_Akita_Prefecture_Tohoku.html
Odate Green Hotel Yamashichi,017-0895,Akita Prefecture,85 Azanagakura Odate,,,http://www.tripadvisor.com/Hotel_Review-g1022311-d1073163-Reviews-Odate_Green_Hotel_Yamashichi-Odate_Akita_Prefecture_Tohoku.html
Hotel crown palais Shuhoku,017-0892,Akita Prefecture,7 Azakatacho Odate,,$,http://www.tripadvisor.com/Hotel_Review-g1022311-d1073165-Reviews-Hotel_crown_palais_Shuhoku-Odate_Akita_Prefecture_Tohoku.html
Hotel Route Inn Oodate Ekiminami,017-0045 ,Akita Prefecture,2-1-60 Nakamichi Odate,146,$,http://www.tripadvisor.com/Hotel_Review-g1022311-d1083334-Reviews-Hotel_Route_Inn_Oodate_Ekiminami-Odate_Akita_Prefecture_Tohoku.html
Hotel Shuzanso,017-0893,Akita Prefecture,43 Keijo Odate,,$,http://www.tripadvisor.com/Hotel_Review-g1022311-d1094400-Reviews-Hotel_Shuzanso-Odate_Akita_Prefecture_Tohoku.html
Royal Hotel Odate,017-0045,Akita Prefecture,1-2-26 Nakamichi Odate,103,$,http://www.tripadvisor.com/Hotel_Review-g1022311-d1106294-Reviews-Royal_Hotel_Odate-Odate_Akita_Prefecture_Tohoku.html
Annex Royal Hotel,017-0846,Akita Prefecture,11-11 Tokiwagicho Odate,,$,http://www.tripadvisor.com/Hotel_Review-g1022311-d1106299-Reviews-Annex_Royal_Hotel-Odate_Akita_Prefecture_Tohoku.html
Koyokan,017-0032,Akita Prefecture,27 Niizuna Odate,,$,http://www.tripadvisor.com/Hotel_Review-g1022311-d1106307-Reviews-Koyokan-Odate_Akita_Prefecture_Tohoku.html
Numadate Heights,017-0057,Akita Prefecture,69-1 Fujikabu Numadate Odate,,$,http://www.tripadvisor.com/Hotel_Review-g1022311-d1106311-Reviews-Numadate_Heights-Odate_Akita_Prefecture_Tohoku.html
New Businesskan,017-0045,Akita Prefecture,2-3-74-1 Nakamichi Odate,,,http://www.tripadvisor.com/Hotel_Review-g1022311-d1106320-Reviews-New_Businesskan-Odate_Akita_Prefecture_Tohoku.html
Fujiya Hotel,018-5601,Akita Prefecture,22 Machigashira Junisho Odate,,$$,http://www.tripadvisor.com/Hotel_Review-g1022311-d1117609-Reviews-Fujiya_Hotel-Odate_Akita_Prefecture_Tohoku.html
Odate Yadate,017-0001 ,Akita Prefecture,311 Nagabashiri Odate,12,$,http://www.tripadvisor.com/Hotel_Review-g1022311-d1407918-Reviews-Odate_Yadate-Odate_Akita_Prefecture_Tohoku.html
Grand Park Hotel Odate,017-0895,Akita Prefecture,93-2 Nagakura Odate,,$,http://www.tripadvisor.com/Hotel_Review-g1022311-d1652462-Reviews-Grand_Park_Hotel_Odate-Odate_Akita_Prefecture_Tohoku.html
Hikage Onsen,017-0001,Akita Prefecture,37 Nagabashiri Odate,,,http://www.tripadvisor.com/Hotel_Review-g1022311-d1718684-Reviews-Hikage_Onsen-Odate_Akita_Prefecture_Tohoku.html
Daisetsu,017-0021,Akita Prefecture,"101 Koyukisawa, Yukisawa Odate",,,http://www.tripadvisor.com/Hotel_Review-g1022311-d1883059-Reviews-Daisetsu-Odate_Akita_Prefecture_Tohoku.html
Hinai Beniyamaso,018-5851,Akita Prefecture,Hinaimachiokuzo Odate,,,http://www.tripadvisor.com/Hotel_Review-g1022311-d2260443-Reviews-Hinai_Beniyamaso-Odate_Akita_Prefecture_Tohoku.html
Hotel Senba,018-5601,Akita Prefecture,1 Junisho Odate,,,http://www.tripadvisor.com/Hotel_Review-g1022311-d2545519-Reviews-Hotel_Senba-Odate_Akita_Prefecture_Tohoku.html
Little Otakionsen,018-5601,Akita Prefecture,55 Junisho Odate,,,http://www.tripadvisor.com/Hotel_Review-g1022311-d2545520-Reviews-Little_Otakionsen-Odate_Akita_Prefecture_Tohoku.html
Odate Green Hotel,017-0895,Akita Prefecture,85 Nagakura Odate,,$,http://www.tripadvisor.com/Hotel_Review-g1022311-d2546651-Reviews-Odate_Green_Hotel-Odate_Akita_Prefecture_Tohoku.html
Akinomiya Sanso,019-0321,Akita Prefecture,1-1 Denjo Akinomiya Yuzawa,,$$,http://www.tripadvisor.com/Hotel_Review-g1022323-d1073202-Reviews-Akinomiya_Sanso-Yuzawa_Akita_Prefecture_Tohoku.html
Yuzawa Royal Hotel,012-0844,Akita Prefecture,2-2-38 Tamachi Yuzawa,,$,http://www.tripadvisor.com/Hotel_Review-g1022323-d1073210-Reviews-Yuzawa_Royal_Hotel-Yuzawa_Akita_Prefecture_Tohoku.html
Ryokan Tarobee,012-0183,Akita Prefecture,121-5 Yumoto Minase Yuzawa,,$$,http://www.tripadvisor.com/Hotel_Review-g1022323-d1083358-Reviews-Ryokan_Tarobee-Yuzawa_Akita_Prefecture_Tohoku.html
Takanoyu Onsen,019-0321,Akita Prefecture,1 Akinomiya azadenjo Yuzawa,,,http://www.tripadvisor.com/Hotel_Review-g1022323-d1091748-Reviews-Takanoyu_Onsen-Yuzawa_Akita_Prefecture_Tohoku.html
Yuzawa Grand Hotel,012-0845,Akita Prefecture,1-1-1 Zaimokucho Yuzawa,,$,http://www.tripadvisor.com/Hotel_Review-g1022323-d1107228-Reviews-Yuzawa_Grand_Hotel-Yuzawa_Akita_Prefecture_Tohoku.html
Akita Ikoi no Mura,019-0404,Akita Prefecture,32 Takamatsu Yunojiri Murashita Yuzawa,,,http://www.tripadvisor.com/Hotel_Review-g1022323-d1107233-Reviews-Akita_Ikoi_no_Mura-Yuzawa_Akita_Prefecture_Tohoku.html
Kaminoyu,012-0183,Akita Prefecture,48 Minase Koyunokami Yuzawa,,,http://www.tripadvisor.com/Hotel_Review-g1022323-d1107235-Reviews-Kaminoyu-Yuzawa_Akita_Prefecture_Tohoku.html
Shingoroyu,019-0321,Akita Prefecture,71 Yunodai Akinomiya Yuzawa,,$,http://www.tripadvisor.com/Hotel_Review-g1022323-d1107326-Reviews-Shingoroyu-Yuzawa_Akita_Prefecture_Tohoku.html
Shiunkaku,019-0204,Akita Prefecture,16 Koshoji Yokobori Yuzawa,,$$,http://www.tripadvisor.com/Hotel_Review-g1022323-d1107327-Reviews-Shiunkaku-Yuzawa_Akita_Prefecture_Tohoku.html
Onomachiso,019-0205,Akita Prefecture,"122-1 Nishisakai, Ono Yuzawa",,$,http://www.tripadvisor.com/Hotel_Review-g1022323-d1107330-Reviews-Onomachiso-Yuzawa_Akita_Prefecture_Tohoku.html
Senshu,019-0321,Akita Prefecture,1-5 Akinomiya Denjo Yuzawa,,,http://www.tripadvisor.com/Hotel_Review-g1022323-d1107331-Reviews-Senshu-Yuzawa_Akita_Prefecture_Tohoku.html
Kakusenso,012-0182,Akita Prefecture,"41 Yumoto, Minase Yuzawa",,,http://www.tripadvisor.com/Hotel_Review-g1022323-d1108301-Reviews-Kakusenso-Yuzawa_Akita_Prefecture_Tohoku.html
Motoyu Club,012-0183,Akita Prefecture,100-1 Yumoto Minase Yuzawa,12,$$,http://www.tripadvisor.com/Hotel_Review-g1022323-d1117721-Reviews-Motoyu_Club-Yuzawa_Akita_Prefecture_Tohoku.html
Hotel Matsubakan,012-0183,Akita Prefecture,50-1 Yumoto Minase Yuzawa,,$$,http://www.tripadvisor.com/Hotel_Review-g1022323-d1117724-Reviews-Hotel_Matsubakan-Yuzawa_Akita_Prefecture_Tohoku.html
Okuyama Ryokan,019-0404 ,Akita Prefecture,"25 Doroyuzawa, Takamatsu Yuzawa",,,http://www.tripadvisor.com/Hotel_Review-g1022323-d1554627-Reviews-Okuyama_Ryokan-Yuzawa_Akita_Prefecture_Tohoku.html
Abe Ryokan,012-0183,Akita Prefecture,34 Kokuyurin Okuoyasu Minase Yuzawa,,,http://www.tripadvisor.com/Hotel_Review-g1022323-d1785519-Reviews-Abe_Ryokan-Yuzawa_Akita_Prefecture_Tohoku.html
Yoshikawa,012-0183,Akita Prefecture,"2 Koyasuokuyamaoyu, Minase Yuzawa",,,http://www.tripadvisor.com/Hotel_Review-g1022323-d1883056-Reviews-Yoshikawa-Yuzawa_Akita_Prefecture_Tohoku.html
Yadoya Otori,012-0183,Akita Prefecture,5-12 Minasekoyunokami Yuzawa,,$$,http://www.tripadvisor.com/Hotel_Review-g1022323-d1883101-Reviews-Yadoya_Otori-Yuzawa_Akita_Prefecture_Tohoku.html
Kikuchi Ryokan,019-0111,Akita Prefecture,112-10 Kamiinnaikozawa Yuzawa,,$$,http://www.tripadvisor.com/Hotel_Review-g1022323-d1883103-Reviews-Kikuchi_Ryokan-Yuzawa_Akita_Prefecture_Tohoku.html
Kokumasa,012-0183,Akita Prefecture,47-1 Koyunokami Minase Yuzawa,,,http://www.tripadvisor.com/Hotel_Review-g1022323-d2025059-Reviews-Kokumasa-Yuzawa_Akita_Prefecture_Tohoku.html
Hoju Onsen,019-0321,Akita Prefecture,45 Akinomiya Yuzawa,,,http://www.tripadvisor.com/Hotel_Review-g1022323-d4931645-Reviews-Hoju_Onsen-Yuzawa_Akita_Prefecture_Tohoku.html
Nisshokan,019-0112,Akita Prefecture,Shimoinnai Yunosawa Yuzawa,,,http://www.tripadvisor.com/Hotel_Review-g1022323-d5504426-Reviews-Nisshokan-Yuzawa_Akita_Prefecture_Tohoku.html
Seifuan,012-0183,Akita Prefecture,185-1 Yumoto Minase Yuzawa,,,http://www.tripadvisor.com/Hotel_Review-g1022323-d6117084-Reviews-Seifuan-Yuzawa_Akita_Prefecture_Tohoku.html
Hotel Sun Rural Ogata,010-0441,Akita Prefecture,1-3 Ogatamurakita Ogata-mura,,$,http://www.tripadvisor.com/Hotel_Review-g1113319-d1124959-Reviews-Hotel_Sun_Rural_Ogata-Ogata_mura_Minamiakita_gun_Akita_Prefecture_Tohoku.html
Yu no Koshi no Yado,018-1851,Akita Prefecture,"125-5 Ushiroda, Uchikawaasaminai Gojome-machi",,$$,http://www.tripadvisor.com/Hotel_Review-g1120460-d1883166-Reviews-Yu_no_Koshi_no_Yado-Gojome_machi_Minamiakita_gun_Akita_Prefecture_Tohoku.html
Hachimantai Green Hotel,018-5141,Akita Prefecture,"33-8 Kumazawa Kokuyu-rin, Hachimantai Kazuno",,$$,http://www.tripadvisor.com/Hotel_Review-g1022313-d1073141-Reviews-Hachimantai_Green_Hotel-Kazuno_Akita_Prefecture_Tohoku.html
Hotel Bojoso,018-5201,Akita Prefecture,112 Shimonakashima Hanawa Kazuno,,$,http://www.tripadvisor.com/Hotel_Review-g1022313-d1073142-Reviews-Hotel_Bojoso-Kazuno_Akita_Prefecture_Tohoku.html
Hotel Garden Hanamura,018-5201,Akita Prefecture,24 Jishimo Hanawa Kazuno,,$,http://www.tripadvisor.com/Hotel_Review-g1022313-d1073143-Reviews-Hotel_Garden_Hanamura-Kazuno_Akita_Prefecture_Tohoku.html
Enogu Bako,018-5141,Akita Prefecture,20-18 Azakiritometai Hachimantai Kazuno,,$,http://www.tripadvisor.com/Hotel_Review-g1022313-d1073152-Reviews-Enogu_Bako-Kazuno_Akita_Prefecture_Tohoku.html
Hotel Kazuno,018-5421,Akita Prefecture,5-1 Nakayachi Towadaoyu Kazuno,92,$$,http://www.tripadvisor.com/Hotel_Review-g1022313-d1073153-Reviews-Hotel_Kazuno-Kazuno_Akita_Prefecture_Tohoku.html
Okabeso,018-5421,Akita Prefecture,1-1 Uwanoyu Towadaoyu Kazuno,,$$,http://www.tripadvisor.com/Hotel_Review-g1022313-d1073154-Reviews-Okabeso-Kazuno_Akita_Prefecture_Tohoku.html
Yuze Hotel,018-5141,Akita Prefecture,43 Yuze Yutan Hachimantai Kazuno,158,$$,http://www.tripadvisor.com/Hotel_Review-g1022313-d1073155-Reviews-Yuze_Hotel-Kazuno_Akita_Prefecture_Tohoku.html
Himenoyu Hotel,018-5141,Akita Prefecture,40-1 Hachimantai azayuze Kazuno,,$$,http://www.tripadvisor.com/Hotel_Review-g1022313-d1091716-Reviews-Himenoyu_Hotel-Kazuno_Akita_Prefecture_Tohoku.html
Higashi Toroko Onsen,018-5141,Akita Prefecture,"10-1 Kiritometai, Hachimantai Kazuno",,,http://www.tripadvisor.com/Hotel_Review-g1022313-d1094542-Reviews-Higashi_Toroko_Onsen-Kazuno_Akita_Prefecture_Tohoku.html
Hachimantai Kogen Hotel,018-5141,Akita Prefecture,"3133 Kumazawa Kokuyurin, Hachimantai Kazuno",,,http://www.tripadvisor.com/Hotel_Review-g1022313-d1094546-Reviews-Hachimantai_Kogen_Hotel-Kazuno_Akita_Prefecture_Tohoku.html
Mabuchi,018-5421,Akita Prefecture,29-1 Towada Oyu Kazuno,,$$,http://www.tripadvisor.com/Hotel_Review-g1022313-d1104996-Reviews-Mabuchi-Kazuno_Akita_Prefecture_Tohoku.html
Tsurunoyu Hotel,018-5141,Akita Prefecture,30 Yunose Hachimantai Kazuno,,,http://www.tripadvisor.com/Hotel_Review-g1022313-d1106035-Reviews-Tsurunoyu_Hotel-Kazuno_Akita_Prefecture_Tohoku.html
Goshogake Onsen Ryokan,018-5141,Akita Prefecture,"Kumazawa National Forest, Hachimantai Kazuno",,$$,http://www.tripadvisor.com/Hotel_Review-g1022313-d1106055-Reviews-Goshogake_Onsen_Ryokan-Kazuno_Akita_Prefecture_Tohoku.html
Kazuno Park Hotel,018-5201,Akita Prefecture,30-1 Hanawa Kazuno,,,http://www.tripadvisor.com/Hotel_Review-g1022313-d1106058-Reviews-Kazuno_Park_Hotel-Kazuno_Akita_Prefecture_Tohoku.html
Motonoyu,018-5421,Akita Prefecture,43-1 Towada Oyu Kazuno,,$,http://www.tripadvisor.com/Hotel_Review-g1022313-d1106070-Reviews-Motonoyu-Kazuno_Akita_Prefecture_Tohoku.html
Rokusuke Ryokan,018-5141,Akita Prefecture,37 Hachimantai Yuze Kazuno,,,http://www.tripadvisor.com/Hotel_Review-g1022313-d1106083-Reviews-Rokusuke_Ryokan-Kazuno_Akita_Prefecture_Tohoku.html
Anbe,018-5141,Akita Prefecture,66-2 Hachimantai Koyama Kazuno,,$,http://www.tripadvisor.com/Hotel_Review-g1022313-d1106089-Reviews-Anbe-Kazuno_Akita_Prefecture_Tohoku.html
Ryumontei Chiba Ryokan,018-5421,Akita Prefecture,16 Kaminoyu Towadaoyu Kazuno,,$$,http://www.tripadvisor.com/Hotel_Review-g1022313-d1106109-Reviews-Ryumontei_Chiba_Ryokan-Kazuno_Akita_Prefecture_Tohoku.html
Sanrokusou,018-5141,Akita Prefecture,156 Hachimantai Kazuno,,$,http://www.tripadvisor.com/Hotel_Review-g1022313-d1145857-Reviews-Sanrokusou-Kazuno_Akita_Prefecture_Tohoku.html
Aspia,018-5141,Akita Prefecture,15-1 Hachimantai Kazuno,,,http://www.tripadvisor.com/Hotel_Review-g1022313-d1145955-Reviews-Aspia-Kazuno_Akita_Prefecture_Tohoku.html
Fuke no Yu,018-5141,Akita Prefecture,"Fuke no Yu, Hachimantai Kazuno",,,http://www.tripadvisor.com/Hotel_Review-g1022313-d1443319-Reviews-Fuke_no_Yu-Kazuno_Akita_Prefecture_Tohoku.html
Hotel Azvert Mitsukoshi,018-5511,Akita Prefecture,65-1 Towadako Kosakamachi Kazuno,,,http://www.tripadvisor.com/Hotel_Review-g1022313-d1857420-Reviews-Hotel_Azvert_Mitsukoshi-Kazuno_Akita_Prefecture_Tohoku.html
Ueno Ryokan,018-5421,Akita Prefecture,"35-2 Uenoyu, Towadaoyu Kazuno",,,http://www.tripadvisor.com/Hotel_Review-g1022313-d1883066-Reviews-Ueno_Ryokan-Kazuno_Akita_Prefecture_Tohoku.html
Oyadochitose,018-5201,Akita Prefecture,109 Hanawa Kazuno,,$,http://www.tripadvisor.com/Hotel_Review-g1022313-d2545510-Reviews-Oyadochitose-Kazuno_Akita_Prefecture_Tohoku.html
Yado Hanamikan,018-5421,Akita Prefecture,34-1 Towadaoyu Kazuno,,,http://www.tripadvisor.com/Hotel_Review-g1022313-d2546653-Reviews-Yado_Hanamikan-Kazuno_Akita_Prefecture_Tohoku.html
Zenikawa Onsen,018-5141,Akita Prefecture,Toroko Hachimantai Kazuno,,,http://www.tripadvisor.com/Hotel_Review-g1022313-d6468285-Reviews-Zenikawa_Onsen-Kazuno_Akita_Prefecture_Tohoku.html
Tazawako Rose Park Hotel,014-0511,Akita Prefecture,78 Nishikicho Saimyoji Semboku,,$$,http://www.tripadvisor.com/Hotel_Review-g1022324-d300878-Reviews-Tazawako_Rose_Park_Hotel-Semboku_Akita_Prefecture_Tohoku.html
Folkloro Kakunodate,014-0368,Akita Prefecture,14 Kakunodatemachinakasugazawa Semboku,26,$$,http://www.tripadvisor.com/Hotel_Review-g1022324-d319891-Reviews-Folkloro_Kakunodate-Semboku_Akita_Prefecture_Tohoku.html
Ishikawa Ryokan,014-0316,Akita Prefecture,Iwamasemachi 32 Semboku,,$,http://www.tripadvisor.com/Hotel_Review-g1022324-d319892-Reviews-Ishikawa_Ryokan-Semboku_Akita_Prefecture_Tohoku.html
Tamachi Bukeyashiki Hotel,014-0312,Akita Prefecture,"23 Tamachishimocho, Kakudate-machi Semboku",,$$,http://www.tripadvisor.com/Hotel_Review-g1022324-d319893-Reviews-Tamachi_Bukeyashiki_Hotel-Semboku_Akita_Prefecture_Tohoku.html
Kuroyu Onsen,014-1201,Akita Prefecture,2-1 Kuroyuzawa Tazawako Obonai Semboku,,,http://www.tripadvisor.com/Hotel_Review-g1022324-d325136-Reviews-Kuroyu_Onsen-Semboku_Akita_Prefecture_Tohoku.html
Tsurunoyu Onsen,014-1204 ,Akita Prefecture,50 Sendatsu Tazawako Tazawa Semboku,30,,http://www.tripadvisor.com/Hotel_Review-g1022324-d677252-Reviews-Tsurunoyu_Onsen-Semboku_Akita_Prefecture_Tohoku.html
Highland Hotel Sanso,014-1201,Akita Prefecture,"2-31 Komagatake, Obonai, Tazawako Semboku",,$,http://www.tripadvisor.com/Hotel_Review-g1022324-d1073174-Reviews-Highland_Hotel_Sanso-Semboku_Akita_Prefecture_Tohoku.html
Katakuri No Hana,014-1204,Akita Prefecture,197-15 Azahanayama Tazawakotazawa Semboku,,$$,http://www.tripadvisor.com/Hotel_Review-g1022324-d1073175-Reviews-Katakuri_No_Hana-Semboku_Akita_Prefecture_Tohoku.html
New Tamagawa Onsen,014-1205,Akita Prefecture,"2 Shibugurozawa, Tamagawa, Tazawako Semboku",,$$,http://www.tripadvisor.com/Hotel_Review-g1022324-d1073177-Reviews-New_Tamagawa_Onsen-Semboku_Akita_Prefecture_Tohoku.html
Plaza Hotel Sanroku Sou,014-1201,Akita Prefecture,2-32 Azakumagatake Tazawakobonai Semboku,,$$,http://www.tripadvisor.com/Hotel_Review-g1022324-d1073178-Reviews-Plaza_Hotel_Sanroku_Sou-Semboku_Akita_Prefecture_Tohoku.html
Plaza Hotel Sanrokuso Annex Shikisai,014-1201,Akita Prefecture,73-40 Shimotakano Tazawako Obonai Semboku,,$$$,http://www.tripadvisor.com/Hotel_Review-g1022324-d1073181-Reviews-Plaza_Hotel_Sanrokuso_Annex_Shikisai-Semboku_Akita_Prefecture_Tohoku.html
Tazawa Kougen Hotel,014-1201,Akita Prefecture,2 Azakomagatake Tazawakobonai Semboku,,$$,http://www.tripadvisor.com/Hotel_Review-g1022324-d1073186-Reviews-Tazawa_Kougen_Hotel-Semboku_Akita_Prefecture_Tohoku.html
Tazawako Lakeside Hotel,014-1204,Akita Prefecture,134-2 Tazawakotazawa Semboku,,,http://www.tripadvisor.com/Hotel_Review-g1022324-d1091985-Reviews-Tazawako_Lakeside_Hotel-Semboku_Akita_Prefecture_Tohoku.html
Kayokan,014-0344,Akita Prefecture,30-19 Kakunodatemachinishinagano kogomezawa Semboku,,$$,http://www.tripadvisor.com/Hotel_Review-g1022324-d1091988-Reviews-Kayokan-Semboku_Akita_Prefecture_Tohoku.html
Hotel Tazawa,014-1201,Akita Prefecture,82-117 Tazawakoobonai azashimotakano Semboku,,$$,http://www.tripadvisor.com/Hotel_Review-g1022324-d1091991-Reviews-Hotel_Tazawa-Semboku_Akita_Prefecture_Tohoku.html
Hotel Koshintei,014-1204,Akita Prefecture,135 Haruyama Tazawa Tazawako Semboku,,$$,http://www.tripadvisor.com/Hotel_Review-g1022324-d1094425-Reviews-Hotel_Koshintei-Semboku_Akita_Prefecture_Tohoku.html
Aonisanso,014-1201,Akita Prefecture,72 Shimotakano Tazawako Obonai Semboku,,$$,http://www.tripadvisor.com/Hotel_Review-g1022324-d1094431-Reviews-Aonisanso-Semboku_Akita_Prefecture_Tohoku.html
Komagatake Grand Hotel,014-1201,Akita Prefecture,2-30 Komagatake Obonai Tazawako Semboku,,$$,http://www.tripadvisor.com/Hotel_Review-g1022324-d1094436-Reviews-Komagatake_Grand_Hotel-Semboku_Akita_Prefecture_Tohoku.html
Pension Shiroihoshi,014-1201,Akita Prefecture,"72 Shimotakano, Tazawako Obonai Semboku",,$$,http://www.tripadvisor.com/Hotel_Review-g1022324-d1094553-Reviews-Pension_Shiroihoshi-Semboku_Akita_Prefecture_Tohoku.html
Ogama Onsen,014-1204,Akita Prefecture,"50 Kuroyuzawa Sendatsu National Forest, Obonai, Tazawako Semboku",,$$,http://www.tripadvisor.com/Hotel_Review-g1022324-d1094558-Reviews-Ogama_Onsen-Semboku_Akita_Prefecture_Tohoku.html
Tamagawa Onsen,014-1205,Akita Prefecture,"3014 Shibukurozawa Kokuyurin, Tamagawa, Tazawako Semboku",,$,http://www.tripadvisor.com/Hotel_Review-g1022324-d1106362-Reviews-Tamagawa_Onsen-Semboku_Akita_Prefecture_Tohoku.html
Kaze no Matasaburo,014-1201,Akita Prefecture,73-26 Tazawako Obonai Shimotakano Semboku,,,http://www.tripadvisor.com/Hotel_Review-g1022324-d1106367-Reviews-Kaze_no_Matasaburo-Semboku_Akita_Prefecture_Tohoku.html
Donguri Sanso,014-1201,Akita Prefecture,72-30 Tazawako Obonai Shimotakano Semboku,,$,http://www.tripadvisor.com/Hotel_Review-g1022324-d1106372-Reviews-Donguri_Sanso-Semboku_Akita_Prefecture_Tohoku.html
Akikoma Sanso,014-1201,Akita Prefecture,"2-68 Komagatake, Obonai, Tazawako Semboku",,$,http://www.tripadvisor.com/Hotel_Review-g1022324-d1106377-Reviews-Akikoma_Sanso-Semboku_Akita_Prefecture_Tohoku.html
Midori no Kaze,014-1201,Akita Prefecture,2-182 Komagatake Tazawako Obonai Semboku,,,http://www.tripadvisor.com/Hotel_Review-g1022324-d1106388-Reviews-Midori_no_Kaze-Semboku_Akita_Prefecture_Tohoku.html
Soyokaze,014-1205,Akita Prefecture,"2 Shibukurosawa, Tamagawa, Tazawako Semboku",,$$$,http://www.tripadvisor.com/Hotel_Review-g1022324-d1106392-Reviews-Soyokaze-Semboku_Akita_Prefecture_Tohoku.html
Sennin,014-1201,Akita Prefecture,71-96 Tazawako Obonai Shimotakano Semboku,,,http://www.tripadvisor.com/Hotel_Review-g1022324-d1106397-Reviews-Sennin-Semboku_Akita_Prefecture_Tohoku.html
New Gakusui,014-1201,Akita Prefecture,2-16 Tazawako Obonai Komagatake Semboku,,,http://www.tripadvisor.com/Hotel_Review-g1022324-d1106401-Reviews-New_Gakusui-Semboku_Akita_Prefecture_Tohoku.html
Tatsuta,014-1201,Akita Prefecture,73-23 Tazawako Obonai Shimotakano Semboku,,,http://www.tripadvisor.com/Hotel_Review-g1022324-d1106464-Reviews-Tatsuta-Semboku_Akita_Prefecture_Tohoku.html
Sonosuke,014-1201,Akita Prefecture,128 Tazawako Obonai Aza Age Semboku,,,http://www.tripadvisor.com/Hotel_Review-g1022324-d1106483-Reviews-Sonosuke-Semboku_Akita_Prefecture_Tohoku.html
Yupopo Sanso,014-1201,Akita Prefecture,2 Tazawako Obonai Komagatake Semboku,,$,http://www.tripadvisor.com/Hotel_Review-g1022324-d1106494-Reviews-Yupopo_Sanso-Semboku_Akita_Prefecture_Tohoku.html
Hutte Birke,014-1201,Akita Prefecture,"72 Shimotakano, Obonai, Tazawako Semboku",,$,http://www.tripadvisor.com/Hotel_Review-g1022324-d1106628-Reviews-Hutte_Birke-Semboku_Akita_Prefecture_Tohoku.html
Haruyama,014-1204,Akita Prefecture,3-1 Tazawako tazawa Haruyama Semboku,,,http://www.tripadvisor.com/Hotel_Review-g1022324-d1107040-Reviews-Haruyama-Semboku_Akita_Prefecture_Tohoku.html
Room,014-1201,Akita Prefecture,2-65 Tazawako Obonai Komagatake Semboku,,$$,http://www.tripadvisor.com/Hotel_Review-g1022324-d1107047-Reviews-Room-Semboku_Akita_Prefecture_Tohoku.html
Pension Magobei,014-1201,Akita Prefecture,"29-11 Kamiishigami, Tazawakobonai Semboku",,,http://www.tripadvisor.com/Hotel_Review-g1022324-d1107050-Reviews-Pension_Magobei-Semboku_Akita_Prefecture_Tohoku.html
Farm Inn Midori no Kaze,014-0344,Akita Prefecture,368 Kakunodatemachi Nishinagano Semboku,,,http://www.tripadvisor.com/Hotel_Review-g1022324-d1107057-Reviews-Farm_Inn_Midori_no_Kaze-Semboku_Akita_Prefecture_Tohoku.html
Kurion,014-0515,Akita Prefecture,83-2 Yashikida Kadoya Nishikicho Semboku,,$$,http://www.tripadvisor.com/Hotel_Review-g1022324-d1107061-Reviews-Kurion-Semboku_Akita_Prefecture_Tohoku.html
New Sky,014-1201,Akita Prefecture,73-3 Shimotakano Tazawako Obonai Semboku,,$$,http://www.tripadvisor.com/Hotel_Review-g1022324-d1107066-Reviews-New_Sky-Semboku_Akita_Prefecture_Tohoku.html
That Sounds Good!,014-1204,Akita Prefecture,160-58 Katamae Tazawakotazawa Semboku,6,$,http://www.tripadvisor.com/Hotel_Review-g1022324-d1117629-Reviews-That_Sounds_Good-Semboku_Akita_Prefecture_Tohoku.html
Komagatake Onsen,014-1201,Akita Prefecture,80-68 Shimotakano Tazawako Obonai Semboku,,$$,http://www.tripadvisor.com/Hotel_Review-g1022324-d1117657-Reviews-Komagatake_Onsen-Semboku_Akita_Prefecture_Tohoku.html
Yupopo,014-1192,Akita Prefecture,"430 Waseda, Sotsuda, Tazawako Semboku",,$,http://www.tripadvisor.com/Hotel_Review-g1022324-d1117662-Reviews-Yupopo-Semboku_Akita_Prefecture_Tohoku.html
Mizusawasanso,014-1201,Akita Prefecture,73-10 Shimotakano Tazawak Obonai Semboku,,$$,http://www.tripadvisor.com/Hotel_Review-g1022324-d1117678-Reviews-Mizusawasanso-Semboku_Akita_Prefecture_Tohoku.html
Yamanoyado,014-1204,Akita Prefecture,"1-1 Sawayunotai, Sendatsu, Tazawako Tazawa Semboku",,$$$$,http://www.tripadvisor.com/Hotel_Review-g1022324-d1117680-Reviews-Yamanoyado-Semboku_Akita_Prefecture_Tohoku.html
Lodge Iris,014-1201,Akita Prefecture,2-139 Komagatake Tazawakobonai Semboku,,$$,http://www.tripadvisor.com/Hotel_Review-g1022324-d1117697-Reviews-Lodge_Iris-Semboku_Akita_Prefecture_Tohoku.html
Kashintei Shirahama,014-1204　,Akita Prefecture,145-15 Haruyama Tazawakotazawa Semboku,,$$$$,http://www.tripadvisor.com/Hotel_Review-g1022324-d1117700-Reviews-Kashintei_Shirahama-Semboku_Akita_Prefecture_Tohoku.html
Tazawa Plateau Hotel,014-1201,Akita Prefecture,2-36 Komagatake Obonai Tazawako Semboku,29,,http://www.tripadvisor.com/Hotel_Review-g1022324-d1129922-Reviews-Tazawa_Plateau_Hotel-Semboku_Akita_Prefecture_Tohoku.html
Ganiba Onsen,014-1204,Akita Prefecture,"Sendatsu, Tazawa, Tazawako Semboku",13,$$,http://www.tripadvisor.com/Hotel_Review-g1022324-d1129934-Reviews-Ganiba_Onsen-Semboku_Akita_Prefecture_Tohoku.html
Mizusawa Onsen,014-1201,Akita Prefecture,73-15 Obonai Tazawak Semboku,,$,http://www.tripadvisor.com/Hotel_Review-g1022324-d1145581-Reviews-Mizusawa_Onsen-Semboku_Akita_Prefecture_Tohoku.html
Tazawakohan Ischia,014-1204,Akita Prefecture,72 Tazawako Tazawa Semboku,335,,http://www.tripadvisor.com/Hotel_Review-g1022324-d1145836-Reviews-Tazawakohan_Ischia-Semboku_Akita_Prefecture_Tohoku.html
Kyukamura Nyuto-Onsenkyo,014-1201　,Akita Prefecture,2-1 Komagatake Obonai Tazawako Semboku,38,$$,http://www.tripadvisor.com/Hotel_Review-g1022324-d1146669-Reviews-Kyukamura_Nyuto_Onsenkyo-Semboku_Akita_Prefecture_Tohoku.html
Miyakowasure,014-1113,Akita Prefecture,"84 Tazawakosotsuda, Aza Natsuse Semboku",,$$$$,http://www.tripadvisor.com/Hotel_Review-g1022324-d1165914-Reviews-Miyakowasure-Semboku_Akita_Prefecture_Tohoku.html
Taenoyu,014-1201,Akita Prefecture,"2-1 Tazawakobonai, Aza Komagatake Semboku",18,$$$,http://www.tripadvisor.com/Hotel_Review-g1022324-d1165920-Reviews-Taenoyu-Semboku_Akita_Prefecture_Tohoku.html
Beach House Kosui,014-1204 ,Akita Prefecture,145 Haruyama Tazawa Tazawako Semboku,,,http://www.tripadvisor.com/Hotel_Review-g1022324-d1166902-Reviews-Beach_House_Kosui-Semboku_Akita_Prefecture_Tohoku.html
Hanaya no mori,014-1204,Akita Prefecture,328 Tamagawa Tazawako Semboku,,,http://www.tripadvisor.com/Hotel_Review-g1022324-d1857448-Reviews-Hanaya_no_mori-Semboku_Akita_Prefecture_Tohoku.html
Sanso Eagle,014-1201,Akita Prefecture,"59-67 Shimotakano, Obonai, Tazawako Semboku",,,http://www.tripadvisor.com/Hotel_Review-g1022324-d1883111-Reviews-Sanso_Eagle-Semboku_Akita_Prefecture_Tohoku.html
Shinkokyu,014-1201,Akita Prefecture,61-10 Tazawakobonaiosaka Semboku,,$,http://www.tripadvisor.com/Hotel_Review-g1022324-d1883116-Reviews-Shinkokyu-Semboku_Akita_Prefecture_Tohoku.html
Hotel Grand Tencco,014-1201,Akita Prefecture,2-16 Komagatake Tazawakobonai Semboku,,$$,http://www.tripadvisor.com/Hotel_Review-g1022324-d1916370-Reviews-Hotel_Grand_Tencco-Semboku_Akita_Prefecture_Tohoku.html
Magoroku Onsen,014-1204,Akita Prefecture,Tazawakotazawa Semboku,,$$$,http://www.tripadvisor.com/Hotel_Review-g1022324-d1916374-Reviews-Magoroku_Onsen-Semboku_Akita_Prefecture_Tohoku.html
Kakunodatesanso Wabizakura,014-0515,Akita Prefecture,"2-8 Sasayama, Nishikichokadoya Semboku",,$$$$,http://www.tripadvisor.com/Hotel_Review-g1022324-d2167385-Reviews-Kakunodatesanso_Wabizakura-Semboku_Akita_Prefecture_Tohoku.html
Iyashinosato Yunohanahonkan,014-1201,Akita Prefecture,59-35 Tazawakobonai Semboku,,,http://www.tripadvisor.com/Hotel_Review-g1022324-d2542151-Reviews-Iyashinosato_Yunohanahonkan-Semboku_Akita_Prefecture_Tohoku.html
Lodge Jodel,014-1201,Akita Prefecture,73-7 Tazawakobonai Semboku,,,http://www.tripadvisor.com/Hotel_Review-g1022324-d2545523-Reviews-Lodge_Jodel-Semboku_Akita_Prefecture_Tohoku.html
Minshuku Midorisou,014-1201,Akita Prefecture,_________2-69 Semboku,,$,http://www.tripadvisor.com/Hotel_Review-g1022324-d2546656-Reviews-Minshuku_Midorisou-Semboku_Akita_Prefecture_Tohoku.html
Tazawako Sports Center,014-1201,Akita Prefecture,73-75 Tazawakobonai Semboku,,,http://www.tripadvisor.com/Hotel_Review-g1022324-d2546657-Reviews-Tazawako_Sports_Center-Semboku_Akita_Prefecture_Tohoku.html
Machiyado Neko no Suzu,014-0317,Akita Prefecture,28 Shimonakamachi Kakudatemachi Semboku,,,http://www.tripadvisor.com/Hotel_Review-g1022324-d5966533-Reviews-Machiyado_Neko_no_Suzu-Semboku_Akita_Prefecture_Tohoku.html
Tazawako Youth Hostel,014-1201 ,Akita Prefecture,33-8 Tazawakoobonai Kamiishigami Semboku,,,http://www.tripadvisor.com/Hotel_Review-g1022324-d6012304-Reviews-Tazawako_Youth_Hostel-Semboku_Akita_Prefecture_Tohoku.html
Hotel Yutoria,018-3201,Akita Prefecture,"1-2 Kami-yunosawa, Fujikoto Fujisato-machi",45,$$,http://www.tripadvisor.com/Hotel_Review-g1120457-d1145996-Reviews-Hotel_Yutoria-Fujisato_machi_Yamamoto_gun_Akita_Prefecture_Tohoku.html
Shirakami Bunakko Kyoshitsu,018-3201,Akita Prefecture,"86 Kamiboju, Fujikoto Fujisato-machi",,,http://www.tripadvisor.com/Hotel_Review-g1120457-d2026691-Reviews-Shirakami_Bunakko_Kyoshitsu-Fujisato_machi_Yamamoto_gun_Akita_Prefecture_Tohoku.html
Hotel Moriyamakan,018-2303,Akita Prefecture,115-72 Kidonosawa Moritake Mitane-cho,,$,http://www.tripadvisor.com/Hotel_Review-g1120458-d1170625-Reviews-Hotel_Moriyamakan-Mitane_cho_Yamamoto_gun_Akita_Prefecture_Tohoku.html
Moritake Onsen Hotel,018-2303,Akita Prefecture,115-27 Moritakekidonosawa Mitane-cho,,$$,http://www.tripadvisor.com/Hotel_Review-g1120458-d1883178-Reviews-Moritake_Onsen_Hotel-Mitane_cho_Yamamoto_gun_Akita_Prefecture_Tohoku.html
Minshuku Jusanya,018-2406,Akita Prefecture,87 Oguchi Aza Kamaya Mitane-cho,,,http://www.tripadvisor.com/Hotel_Review-g1120458-d4341560-Reviews-Minshuku_Jusanya-Mitane_cho_Yamamoto_gun_Akita_Prefecture_Tohoku.html
Shirakami Onsen Hotel,018-2677,Akita Prefecture,100 Hachimori Isomura Happo-cho,,$$,http://www.tripadvisor.com/Hotel_Review-g1120459-d1510538-Reviews-Shirakami_Onsen_Hotel-Happo_cho_Yamamoto_gun_Akita_Prefecture_Tohoku.html
Ryokan Maruya,018-2623,Akita Prefecture,165 Hachimoritakinoma Happo-cho,,,http://www.tripadvisor.com/Hotel_Review-g1120459-d1883183-Reviews-Ryokan_Maruya-Happo_cho_Yamamoto_gun_Akita_Prefecture_Tohoku.html
Akita Shirakami Taiken Center,018-2617,Akita Prefecture,53-1 Hachimorigoshonodai Happo-cho,,,http://www.tripadvisor.com/Hotel_Review-g1120459-d2537424-Reviews-Akita_Shirakami_Taiken_Center-Happo_cho_Yamamoto_gun_Akita_Prefecture_Tohoku.html
Green Hotel Oomagari,014-0013,Akita Prefecture,18-1 Asahimachi Daisen,120,$,http://www.tripadvisor.com/Hotel_Review-g1022315-d1073138-Reviews-Green_Hotel_Oomagari-Daisen_Akita_Prefecture_Tohoku.html
Omagari Empire Hotel,014-0015,Akita Prefecture,8-17 Omagar Shiroganecho Daisen,,$,http://www.tripadvisor.com/Hotel_Review-g1022315-d1073139-Reviews-Omagari_Empire_Hotel-Daisen_Akita_Prefecture_Tohoku.html
Oomagari Oriental Hotel,014-0024,Akita Prefecture,2-20 Omagari nakadorimachi Daisen,,,http://www.tripadvisor.com/Hotel_Review-g1022315-d1073140-Reviews-Oomagari_Oriental_Hotel-Daisen_Akita_Prefecture_Tohoku.html
Hotel Fuji,014-0027 ,Akita Prefecture,1-28 Omagari Tori-machi Daisen,21,$,http://www.tripadvisor.com/Hotel_Review-g1022315-d1083345-Reviews-Hotel_Fuji-Daisen_Akita_Prefecture_Tohoku.html
Hotel Route Inn Omagari Ekimae,014-0027,Akita Prefecture,3-14 Omagari Torimachi Daisen,162,$,http://www.tripadvisor.com/Hotel_Review-g1022315-d1083348-Reviews-Hotel_Route_Inn_Omagari_Ekimae-Daisen_Akita_Prefecture_Tohoku.html
Omagari Royal Hotel,014-0023,Akita Prefecture,10-18 Omagarikurosecho Daisen,,,http://www.tripadvisor.com/Hotel_Review-g1022315-d1094395-Reviews-Omagari_Royal_Hotel-Daisen_Akita_Prefecture_Tohoku.html
Shintokan,019-1913,Akita Prefecture,72-3 Nangaiyugamidai Daisen,,$,http://www.tripadvisor.com/Hotel_Review-g1022315-d1104623-Reviews-Shintokan-Daisen_Akita_Prefecture_Tohoku.html
Yamanote Hotel,014-0072,Akita Prefecture,67-3 Nioji Omagarinishine Daisen,,$$$$,http://www.tripadvisor.com/Hotel_Review-g1022315-d1104640-Reviews-Yamanote_Hotel-Daisen_Akita_Prefecture_Tohoku.html
Ou Sanso,019-1613,Akita Prefecture,10-5 Otacho Ota Daisen,,$,http://www.tripadvisor.com/Hotel_Review-g1022315-d1104651-Reviews-Ou_Sanso-Daisen_Akita_Prefecture_Tohoku.html
Sakunoyu,014-0112,Akita Prefecture,149 Itaminai Hitotsumori Daisen,,$,http://www.tripadvisor.com/Hotel_Review-g1022315-d1104657-Reviews-Sakunoyu-Daisen_Akita_Prefecture_Tohoku.html
Omagari City Hotel,014-0014,Akita Prefecture,5-15 Omagari Fukuzumicho Daisen,,$,http://www.tripadvisor.com/Hotel_Review-g1022315-d1104665-Reviews-Omagari_City_Hotel-Daisen_Akita_Prefecture_Tohoku.html
Shakudamakan Michiru,014-0027,Akita Prefecture,2-2 Omagari Torimachi Daisen,,,http://www.tripadvisor.com/Hotel_Review-g1022315-d1104675-Reviews-Shakudamakan_Michiru-Daisen_Akita_Prefecture_Tohoku.html
Grand Hotel Omagari,014-0017,Akita Prefecture,17-22 Sanocho Daisen,,,http://www.tripadvisor.com/Hotel_Review-g1022315-d1104678-Reviews-Grand_Hotel_Omagari-Daisen_Akita_Prefecture_Tohoku.html
Iwakura Hotel,019-1944,Akita Prefecture,1 Nangaiyumoto Daisen,,,http://www.tripadvisor.com/Hotel_Review-g1022315-d1104960-Reviews-Iwakura_Hotel-Daisen_Akita_Prefecture_Tohoku.html
Omokanso,019-2335,Akita Prefecture,15-16 Kowakubi Daisen,,,http://www.tripadvisor.com/Hotel_Review-g1022315-d1104967-Reviews-Omokanso-Daisen_Akita_Prefecture_Tohoku.html
Ohara Ryokan,014-0015,Akita Prefecture,9-19 Omagari Shiroganecho Daisen,,,http://www.tripadvisor.com/Hotel_Review-g1022315-d1104970-Reviews-Ohara_Ryokan-Daisen_Akita_Prefecture_Tohoku.html
Azuma Ryokan,014-0022,Akita Prefecture,9-2-2 Ohanacho Daisen,,$,http://www.tripadvisor.com/Hotel_Review-g1022315-d1104973-Reviews-Azuma_Ryokan-Daisen_Akita_Prefecture_Tohoku.html
Karamatsu Spa,019-2401,Akita Prefecture,91 Kyowafunaoka Tobeyashiki Daisen,,$,http://www.tripadvisor.com/Hotel_Review-g1022315-d1104979-Reviews-Karamatsu_Spa-Daisen_Akita_Prefecture_Tohoku.html
Dakenoyu,019-1701,Akita Prefecture,86-1 Jinguji Daisen,,$,http://www.tripadvisor.com/Hotel_Review-g1022315-d1104987-Reviews-Dakenoyu-Daisen_Akita_Prefecture_Tohoku.html
Fukuju Ryokan,014-0013,Akita Prefecture,17-7 Asahimachi Daisen,,,http://www.tripadvisor.com/Hotel_Review-g1022315-d1104989-Reviews-Fukuju_Ryokan-Daisen_Akita_Prefecture_Tohoku.html
Yumeria,019-2112,Akita Prefecture,5-4 Kariwano Daisen,,$,http://www.tripadvisor.com/Hotel_Review-g1022315-d1146096-Reviews-Yumeria-Daisen_Akita_Prefecture_Tohoku.html
Ohmagari Youth Hostel,014-1412,Akita Prefecture,46-1 Komotofujiki Fujiki Daisen,,,http://www.tripadvisor.com/Hotel_Review-g1022315-d1510525-Reviews-Ohmagari_Youth_Hostel-Daisen_Akita_Prefecture_Tohoku.html
Shuhoen,019-2335,Akita Prefecture,268 Kowakubi Daisen,,$$$,http://www.tripadvisor.com/Hotel_Review-g1022315-d1883071-Reviews-Shuhoen-Daisen_Akita_Prefecture_Tohoku.html
Tsukioka Hotel,014-0027,Akita Prefecture,2-9 Omagaritorimachi Daisen,,$,http://www.tripadvisor.com/Hotel_Review-g1022315-d1883078-Reviews-Tsukioka_Hotel-Daisen_Akita_Prefecture_Tohoku.html
Kowakubi Hotel,019-2335,Akita Prefecture,"28-7 Uenodai, Kowakubi Daisen",,$,http://www.tripadvisor.com/Hotel_Review-g1022315-d1883081-Reviews-Kowakubi_Hotel-Daisen_Akita_Prefecture_Tohoku.html
Shikinoyu,019-2401,Akita Prefecture,214 Shonai Kyowafunaoka Daisen,,$,http://www.tripadvisor.com/Hotel_Review-g1022315-d1916357-Reviews-Shikinoyu-Daisen_Akita_Prefecture_Tohoku.html
Marunouchi Hotel,014-0026,Akita Prefecture,11-1 Omagari-marunouchimachi Daisen,,,http://www.tripadvisor.com/Hotel_Review-g1022315-d6498484-Reviews-Marunouchi_Hotel-Daisen_Akita_Prefecture_Tohoku.html
Iwakuraonsen,019-1944,Akita Prefecture,1 Nangai Yumoto Daisen,,,http://www.tripadvisor.com/Hotel_Review-g1022315-d6922674-Reviews-Iwakuraonsen-Daisen_Akita_Prefecture_Tohoku.html
Hiragen Ryokan Honten,013-0021,Akita Prefecture,6-24 Omachi Yokote,,,http://www.tripadvisor.com/Hotel_Review-g1022325-d1073189-Reviews-Hiragen_Ryokan_Honten-Yokote_Akita_Prefecture_Tohoku.html
Hotel Route Inn Yokote Inter,013-0063,Akita Prefecture,"117 Takubo-shita, Fuke Otsutsumi Yokote",,$,http://www.tripadvisor.com/Hotel_Review-g1022325-d1073191-Reviews-Hotel_Route_Inn_Yokote_Inter-Yokote_Akita_Prefecture_Tohoku.html
Yokote Plaza Hotel,013-0036,Akita Prefecture,7-1 Ekimaecho Yokote,79,$,http://www.tripadvisor.com/Hotel_Review-g1022325-d1073196-Reviews-Yokote_Plaza_Hotel-Yokote_Akita_Prefecture_Tohoku.html
Yokote Station Hotel,013-0036,Akita Prefecture,6-44 Ekimaecho Yokote,,$,http://www.tripadvisor.com/Hotel_Review-g1022325-d1073198-Reviews-Yokote_Station_Hotel-Yokote_Akita_Prefecture_Tohoku.html
Yokote Ekimae Onsen Yuyu Plaza,013-0036,Akita Prefecture,7-7 Ekimae-cho Yokote,,$$,http://www.tripadvisor.com/Hotel_Review-g1022325-d1083322-Reviews-Yokote_Ekimae_Onsen_Yuyu_Plaza-Yokote_Akita_Prefecture_Tohoku.html
Yokote Central Hotel,013-0035,Akita Prefecture,9-10 Heiwacho Yokote,110,$,http://www.tripadvisor.com/Hotel_Review-g1022325-d1094443-Reviews-Yokote_Central_Hotel-Yokote_Akita_Prefecture_Tohoku.html
Hotel Welness Yokoteji,013-0063,Akita Prefecture,"1-294 Takubo, Fukeozutsumi Yokote",,$$,http://www.tripadvisor.com/Hotel_Review-g1022325-d1107090-Reviews-Hotel_Welness_Yokoteji-Yokote_Akita_Prefecture_Tohoku.html
Sawarabi,019-0705,Akita Prefecture,15 Furuya Sawaguchi Saruhannai Masudacho Yokote,,$$,http://www.tripadvisor.com/Hotel_Review-g1022325-d1107095-Reviews-Sawarabi-Yokote_Akita_Prefecture_Tohoku.html
kyorinso,019-1105,Akita Prefecture,139-1 Sannainango Aza Oharaikawa Yokote,,,http://www.tripadvisor.com/Hotel_Review-g1022325-d1107112-Reviews-Kyorinso-Yokote_Akita_Prefecture_Tohoku.html
Tsurugaikeso,019-1108,Akita Prefecture,24-2 Sannai Tsuchibuchi Tsurugaike Yokote,,$$,http://www.tripadvisor.com/Hotel_Review-g1022325-d1107116-Reviews-Tsurugaikeso-Yokote_Akita_Prefecture_Tohoku.html
Abe Ryokan,013-0024,Akita Prefecture,4-22 Tanakamachi Yokote,,,http://www.tripadvisor.com/Hotel_Review-g1022325-d1107118-Reviews-Abe_Ryokan-Yokote_Akita_Prefecture_Tohoku.html
Hotel Plaza Annex Yokote,013-0036,Akita Prefecture,7-7 Ekimaecho Yokote,108,$,http://www.tripadvisor.com/Hotel_Review-g1022325-d1145976-Reviews-Hotel_Plaza_Annex_Yokote-Yokote_Akita_Prefecture_Tohoku.html
Mitsumata Onsen,019-1104,Akita Prefecture,79 Sannaimitsumata Yokote,11,,http://www.tripadvisor.com/Hotel_Review-g1022325-d1883125-Reviews-Mitsumata_Onsen-Yokote_Akita_Prefecture_Tohoku.html
Hayashi Ryokan,019-0701,Akita Prefecture,18-3 Masudamachimasuda Yokote,,,http://www.tripadvisor.com/Hotel_Review-g1022325-d1883129-Reviews-Hayashi_Ryokan-Yokote_Akita_Prefecture_Tohoku.html
Hotel Quad Inn Yokote,013-0043,Akita Prefecture,52-1 Yasudasekibata Yokote,,$,http://www.tripadvisor.com/Hotel_Review-g1022325-d1883149-Reviews-Hotel_Quad_Inn_Yokote-Yokote_Akita_Prefecture_Tohoku.html
Yuppuru,013-0102 ,Akita Prefecture,166 Sawaguchi Hirakamachi Daigo Yokote,,,http://www.tripadvisor.com/Hotel_Review-g1022325-d2028000-Reviews-Yuppuru-Yokote_Akita_Prefecture_Tohoku.html
Yurotion Taiyu,013-0461,Akita Prefecture,"21-4, Mimurahigashi, Taiyu Yokote",,,http://www.tripadvisor.com/Hotel_Review-g1022325-d2037632-Reviews-Yurotion_Taiyu-Yokote_Akita_Prefecture_Tohoku.html
Tan'o Ryokan,019-0523,Akita Prefecture,1-1 Jumonjimachijumonji Yokote,,,http://www.tripadvisor.com/Hotel_Review-g1022325-d2545528-Reviews-Tan_o_Ryokan-Yokote_Akita_Prefecture_Tohoku.html
Jumonjiya Ryokan,013-0212,Akita Prefecture,1 Omonogawamachitsukuriyama_ Yokote,,$$,http://www.tripadvisor.com/Hotel_Review-g1022325-d2545531-Reviews-Jumonjiya_Ryokan-Yokote_Akita_Prefecture_Tohoku.html
Owariya Ryokan,013-0031,Akita Prefecture,3-33 Kajimachi Yokote,,$,http://www.tripadvisor.com/Hotel_Review-g1022325-d2546654-Reviews-Owariya_Ryokan-Yokote_Akita_Prefecture_Tohoku.html
Mato Onsen Ryokan,019-0702,Akita Prefecture,22 Masudamachikameda Yokote,,,http://www.tripadvisor.com/Hotel_Review-g1022325-d2546658-Reviews-Mato_Onsen_Ryokan-Yokote_Akita_Prefecture_Tohoku.html
Kamataya Ryokan,013-0025,Akita Prefecture,6-23 Kotobukicho Yokote,,$,http://www.tripadvisor.com/Hotel_Review-g1022325-d2546660-Reviews-Kamataya_Ryokan-Yokote_Akita_Prefecture_Tohoku.html
Family Lodge Hatagoya Akitarokugo,019-1404,Akita Prefecture,174 Rokugo Kumano Misato-cho,,$,http://www.tripadvisor.com/Hotel_Review-g1120463-d1145535-Reviews-Family_Lodge_Hatagoya_Akitarokugo-Misato_cho_Senboku_gun_Akita_Prefecture_Tohoku.html
Cottage Laulu,018-4511,Akita Prefecture,Moriyoshi-kogen Kitaakita,,$$,http://www.tripadvisor.com/Hotel_Review-g1022319-d1094397-Reviews-Cottage_Laulu-Kitaakita_Akita_Prefecture_Tohoku.html
Mataginoyu,018-4731,Akita Prefecture,"67 Senboku Watarimichikami, Ani-utto Kitaakita",,$$,http://www.tripadvisor.com/Hotel_Review-g1022319-d1106168-Reviews-Mataginoyu-Kitaakita_Akita_Prefecture_Tohoku.html
Buna Hotel,018-4624,Akita Prefecture,206 Ani Kaginotaki Kitaakita,,$$,http://www.tripadvisor.com/Hotel_Review-g1022319-d1106177-Reviews-Buna_Hotel-Kitaakita_Akita_Prefecture_Tohoku.html
Hotel Fusch,018-4624,Akita Prefecture,206-12 Anikaginotaki Kitaakita,,$$$,http://www.tripadvisor.com/Hotel_Review-g1022319-d1106182-Reviews-Hotel_Fusch-Kitaakita_Akita_Prefecture_Tohoku.html
Miyakoshi Ryokan,018-4613,Akita Prefecture,124 Aniginzan Shimoshinmachi Kitaakita,,$,http://www.tripadvisor.com/Hotel_Review-g1022319-d1106238-Reviews-Miyakoshi_Ryokan-Kitaakita_Akita_Prefecture_Tohoku.html
Moriyoshi Sanso,018-4511,Akita Prefecture,14-1 Moriyoshi Yunotai Kitaakita,,$,http://www.tripadvisor.com/Hotel_Review-g1022319-d1106241-Reviews-Moriyoshi_Sanso-Kitaakita_Akita_Prefecture_Tohoku.html
Marutome Ryokan,018-3325,Akita Prefecture,11-32 Motomachi Kitaakita,,$,http://www.tripadvisor.com/Hotel_Review-g1022319-d1883083-Reviews-Marutome_Ryokan-Kitaakita_Akita_Prefecture_Tohoku.html
Somaonsen Ryokan,018-4511,Akita Prefecture,"7 Yunosawa, Moriyoshi Kitaakita",,$$,http://www.tripadvisor.com/Hotel_Review-g1022319-d1883086-Reviews-Somaonsen_Ryokan-Kitaakita_Akita_Prefecture_Tohoku.html
Hotel New Matsuo,018-3322,Akita Prefecture,11-7 Sumiyoshicho Kitaakita,,,http://www.tripadvisor.com/Hotel_Review-g1022319-d1916315-Reviews-Hotel_New_Matsuo-Kitaakita_Akita_Prefecture_Tohoku.html
Tatsumi Kanyo Hotel,018-0115,Akita Prefecture,116-5 Kitasakacho Azagota Nikaho,,$,http://www.tripadvisor.com/Hotel_Review-g1022326-d1073157-Reviews-Tatsumi_Kanyo_Hotel-Nikaho_Akita_Prefecture_Tohoku.html
Ichie,018-0403,Akita Prefecture,Onawashiro Mitsumori Nikaho,,$$,http://www.tripadvisor.com/Hotel_Review-g1022326-d1094399-Reviews-Ichie-Nikaho_Akita_Prefecture_Tohoku.html
Kisakata Seaside Hotel,018-0158,Akita Prefecture,58-23 Kisakatamachi Aza Kotowaki Nikaho,,$$,http://www.tripadvisor.com/Hotel_Review-g1022326-d1106245-Reviews-Kisakata_Seaside_Hotel-Nikaho_Akita_Prefecture_Tohoku.html
Kunpuso,018-0127,Akita Prefecture,50 Kisakatamachi Nakabashimachi Nikaho,,$,http://www.tripadvisor.com/Hotel_Review-g1022326-d1106247-Reviews-Kunpuso-Nikaho_Akita_Prefecture_Tohoku.html
Hotel Excel Kikusui,018-0402,Akita Prefecture,"108-1 Machida, Hirasawa Nikaho",,$,http://www.tripadvisor.com/Hotel_Review-g1022326-d1106251-Reviews-Hotel_Excel_Kikusui-Nikaho_Akita_Prefecture_Tohoku.html
Hotel and Cottage Shiosai,018-0107,Akita Prefecture,"28 Arayashita, Kisakata-machi Nikaho",,,http://www.tripadvisor.com/Hotel_Review-g1022326-d1883160-Reviews-Hotel_and_Cottage_Shiosai-Nikaho_Akita_Prefecture_Tohoku.html
Gokko no Sumika,018-0321,Akita Prefecture,31-2 Otake Aza Iodani Nikaho,,$,http://www.tripadvisor.com/Hotel_Review-g1022326-d4297227-Reviews-Gokko_no_Sumika-Nikaho_Akita_Prefecture_Tohoku.html
Hamanasu Resort Health Center,018-0311,Akita Prefecture,20-1 Konoura Nikaho,,,http://www.tripadvisor.com/Hotel_Review-g1022326-d6498268-Reviews-Hamanasu_Resort_Health_Center-Nikaho_Akita_Prefecture_Tohoku.html
Kawaradakan,012-1131,Akita Prefecture,81-1 Kawarada Nishimonai Ugo-machi,,,http://www.tripadvisor.com/Hotel_Review-g1120959-d1510542-Reviews-Kawaradakan-Ugo_machi_Ogachi_gun_Akita_Prefecture_Tohoku.html
Kurikoma-sanso,019-0803 ,Akita Prefecture,Tsubakikawa Higashinaruse-mura,,$$$,http://www.tripadvisor.com/Hotel_Review-g1120960-d1146679-Reviews-Kurikoma_sanso-Higashinaruse_mura_Ogachi_gun_Akita_Prefecture_Tohoku.html
Hotel Blanc,019-0803,Akita Prefecture,39-7 Tsubakigawa Yanazawa Higashinaruse-mura,,$$,http://www.tripadvisor.com/Hotel_Review-g1120960-d4341061-Reviews-Hotel_Blanc-Higashinaruse_mura_Ogachi_gun_Akita_Prefecture_Tohoku.html
Hakuryukaku,010-0687,Akita Prefecture,86 Kusakihara Kitaurayumoto Oga,,,http://www.tripadvisor.com/Hotel_Review-g1022320-d1073166-Reviews-Hakuryukaku-Oga_Akita_Prefecture_Tohoku.html
Ogabanseikaku,010-0687,Akita Prefecture,63-2 Azakusakibara Kitaurayumoto Oga,,$$,http://www.tripadvisor.com/Hotel_Review-g1022320-d1073167-Reviews-Ogabanseikaku-Oga_Akita_Prefecture_Tohoku.html
Oga Grand Hotel,010-0687,Akita Prefecture,81 Azanakazato Kitaurayumoto Oga,,$$,http://www.tripadvisor.com/Hotel_Review-g1022320-d1073169-Reviews-Oga_Grand_Hotel-Oga_Akita_Prefecture_Tohoku.html
Hotel Kiraraka,010-0671,Akita Prefecture,1-466 Azanakadai Togakamoaosa Oga,,$$$,http://www.tripadvisor.com/Hotel_Review-g1022320-d1073170-Reviews-Hotel_Kiraraka-Oga_Akita_Prefecture_Tohoku.html
Seiko Grand Hotel,010-0687,Akita Prefecture,50-1 Kusakibara Kitaurayumoto Oga,,$$$,http://www.tripadvisor.com/Hotel_Review-g1022320-d1073173-Reviews-Seiko_Grand_Hotel-Oga_Akita_Prefecture_Tohoku.html
Oga Hotel,010-0687,Akita Prefecture,13-1 Kusakihara Kitaurayumoto Oga,58,$$,http://www.tripadvisor.com/Hotel_Review-g1022320-d1091943-Reviews-Oga_Hotel-Oga_Akita_Prefecture_Tohoku.html
Yuzankaku,010-0687,Akita Prefecture,52 Kusakihara Kitaurayumoto Oga,,$$$,http://www.tripadvisor.com/Hotel_Review-g1022320-d1091944-Reviews-Yuzankaku-Oga_Akita_Prefecture_Tohoku.html
Oga Kanko Hotel,010-0687,Akita Prefecture,21 Kitaurayumoto azakusakihara Oga,90,$$$,http://www.tripadvisor.com/Hotel_Review-g1022320-d1091947-Reviews-Oga_Kanko_Hotel-Oga_Akita_Prefecture_Tohoku.html
Teisui,010-0673,Akita Prefecture,Togashiohama Oga,,,http://www.tripadvisor.com/Hotel_Review-g1022320-d1094549-Reviews-Teisui-Oga_Akita_Prefecture_Tohoku.html
Haradaso,010-0674,Akita Prefecture,117 Togatoga toga Oga,,,http://www.tripadvisor.com/Hotel_Review-g1022320-d1106328-Reviews-Haradaso-Oga_Akita_Prefecture_Tohoku.html
Hamasai,010-0533,Akita Prefecture,144-1 Funagawaminato Sugoroku Aza Uchikoshi Oga,,$$$,http://www.tripadvisor.com/Hotel_Review-g1022320-d1106334-Reviews-Hamasai-Oga_Akita_Prefecture_Tohoku.html
Yumoto Hotel,010-0687 ,Akita Prefecture,36 Fukunosawa Kitaurayumoto Oga,,$$,http://www.tripadvisor.com/Hotel_Review-g1022320-d1166909-Reviews-Yumoto_Hotel-Oga_Akita_Prefecture_Tohoku.html
Oga,010-0687 ,Akita Prefecture,21-19 Nakazato Kitaurayumoto Oga,,,http://www.tripadvisor.com/Hotel_Review-g1022320-d1955557-Reviews-Oga-Oga_Akita_Prefecture_Tohoku.html
Kameya Ryokan,010-0683,Akita Prefecture,4-3 Kitaurakitaura Oga,,,http://www.tripadvisor.com/Hotel_Review-g1022320-d2545530-Reviews-Kameya_Ryokan-Oga_Akita_Prefecture_Tohoku.html
Cottagemura,010-0401,Akita Prefecture,1-17 Noishi Oga,,,http://www.tripadvisor.com/Hotel_Review-g1022320-d3441857-Reviews-Cottagemura-Oga_Akita_Prefecture_Tohoku.html
Oga Sakurajima Camp Ground,010-0671,Akita Prefecture,1-466 Azanakadai Togakamoaosa Oga,,,http://www.tripadvisor.com/Hotel_Review-g1022320-d3470723-Reviews-Oga_Sakurajima_Camp_Ground-Oga_Akita_Prefecture_Tohoku.html
Hotel New Green Noshiro,016-0865,Akita Prefecture,3-5 Aobamachi Noshiro,,$,http://www.tripadvisor.com/Hotel_Review-g1022327-d1073158-Reviews-Hotel_New_Green_Noshiro-Noshiro_Akita_Prefecture_Tohoku.html
Takeuchi Ryokan,016-0803,Akita Prefecture,1-33 Omachi Noshiro,,,http://www.tripadvisor.com/Hotel_Review-g1022327-d1073159-Reviews-Takeuchi_Ryokan-Noshiro_Akita_Prefecture_Tohoku.html
Hotel Route Inn Noshiro,016-0855,Akita Prefecture,17-1 Nishi-Ose Noshiro,162,$,http://www.tripadvisor.com/Hotel_Review-g1022327-d1083359-Reviews-Hotel_Route_Inn_Noshiro-Noshiro_Akita_Prefecture_Tohoku.html
Town Hotel Minami (Yanagi-machi Kan),016-0821,Akita Prefecture,9-28 Hata-machi Noshiro,,$,http://www.tripadvisor.com/Hotel_Review-g1022327-d1083370-Reviews-Town_Hotel_Minami_Yanagi_machi_Kan-Noshiro_Akita_Prefecture_Tohoku.html
Shinoda Ryokan,016-0822,Akita Prefecture,1-5 Higashimachi Noshiro,,,http://www.tripadvisor.com/Hotel_Review-g1022327-d1106259-Reviews-Shinoda_Ryokan-Noshiro_Akita_Prefecture_Tohoku.html
Magokoroso,016-0171,Akita Prefecture,46-1 Kawatogawa Aza Osuga Noshiro,,,http://www.tripadvisor.com/Hotel_Review-g1022327-d1106265-Reviews-Magokoroso-Noshiro_Akita_Prefecture_Tohoku.html
Noshiro Castle Hotel,016-0831,Akita Prefecture,16-6 Motomachi Noshiro,74,$,http://www.tripadvisor.com/Hotel_Review-g1022327-d1106266-Reviews-Noshiro_Castle_Hotel-Noshiro_Akita_Prefecture_Tohoku.html
Hotel Eight,016-0862,Akita Prefecture,54-1 Juikinagane Noshiro,,,http://www.tripadvisor.com/Hotel_Review-g1022327-d1106275-Reviews-Hotel_Eight-Noshiro_Akita_Prefecture_Tohoku.html
Hotel Ohara,016-0891,Akita Prefecture,1-20 Nishidorimachi Noshiro,,,http://www.tripadvisor.com/Hotel_Review-g1022327-d1106278-Reviews-Hotel_Ohara-Noshiro_Akita_Prefecture_Tohoku.html
Azuma Ryokan,016-0824,Akita Prefecture,2-21 Sumiyoshimachi Noshiro,,,http://www.tripadvisor.com/Hotel_Review-g1022327-d1106282-Reviews-Azuma_Ryokan-Noshiro_Akita_Prefecture_Tohoku.html
Suehiroso,016-0855,Akita Prefecture,32-2 Nishiose Noshiro,,,http://www.tripadvisor.com/Hotel_Review-g1022327-d1106285-Reviews-Suehiroso-Noshiro_Akita_Prefecture_Tohoku.html
Hotel Minami,016-0862,Akita Prefecture,55-25 Juikinagane Noshiro,,$,http://www.tripadvisor.com/Hotel_Review-g1022327-d1106289-Reviews-Hotel_Minami-Noshiro_Akita_Prefecture_Tohoku.html
Noshiro,016-0014,Akita Prefecture,1-11 Kameyachi Ochiai Noshiro,,$,http://www.tripadvisor.com/Hotel_Review-g1022327-d1510530-Reviews-Noshiro-Noshiro_Akita_Prefecture_Tohoku.html
Funazawa Onsen,016-0179,Akita Prefecture,"73-125 Funazawa, Asanai Noshiro",,$,http://www.tripadvisor.com/Hotel_Review-g1022327-d2573608-Reviews-Funazawa_Onsen-Noshiro_Akita_Prefecture_Tohoku.html
Ekimae Ryokan,016-0831,Akita Prefecture,13-10 Motomachi Noshiro,,,http://www.tripadvisor.com/Hotel_Review-g1022327-d4452246-Reviews-Ekimae_Ryokan-Noshiro_Akita_Prefecture_Tohoku.html
Kimimachizaka Ichinoza,018-3102,Akita Prefecture,"20 Kotsunagi, futatsuimachi Noshiro",,$,http://www.tripadvisor.com/Hotel_Review-g1022327-d4461791-Reviews-Kimimachizaka_Ichinoza-Noshiro_Akita_Prefecture_Tohoku.html
Kawadoko Berabo,016-0813,Akita Prefecture,"48-21 Ananuma, Noshirocho Noshiro",,,http://www.tripadvisor.com/Hotel_Review-g1022327-d5608565-Reviews-Kawadoko_Berabo-Noshiro_Akita_Prefecture_Tohoku.html
Ryokan Hatakeyama,016-0892,Akita Prefecture,10-7 Keirinmachi Noshiro,,,http://www.tripadvisor.com/Hotel_Review-g1022327-d6922597-Reviews-Ryokan_Hatakeyama-Noshiro_Akita_Prefecture_Tohoku.html
