Hotel JAL City Aomori,030-0803,Aomori Prefecture,2-4-12 Yasukata Aomori,167,$,http://www.tripadvisor.com/Hotel_Review-g298241-d307687-Reviews-Hotel_JAL_City_Aomori-Aomori_Aomori_Prefecture_Tohoku.html
Hotel Alaska,030-0801,Aomori Prefecture,1-11-22 Shin-machi Aomori,78,$,http://www.tripadvisor.com/Hotel_Review-g298241-d628673-Reviews-Hotel_Alaska-Aomori_Aomori_Prefecture_Tohoku.html
Hotel Shoen,039-3501,Aomori Prefecture,"322 Hotarudani, Asamushi Aomori",,,http://www.tripadvisor.com/Hotel_Review-g298241-d1050320-Reviews-Hotel_Shoen-Aomori_Aomori_Prefecture_Tohoku.html
Super Hotel Aomori,030-0823,Aomori Prefecture,1-3-14 Hashimoto Aomori,,$,http://www.tripadvisor.com/Hotel_Review-g298241-d1050330-Reviews-Super_Hotel_Aomori-Aomori_Aomori_Prefecture_Tohoku.html
Tatsumikan,039-3501,Aomori Prefecture,281Yamashita Asamushi Aomori,,$$,http://www.tripadvisor.com/Hotel_Review-g298241-d1050373-Reviews-Tatsumikan-Aomori_Aomori_Prefecture_Tohoku.html
APA Hotel Aomorieki-Higashi,030-0803,Aomori Prefecture,1-11-2 Yasukata Aomori,140,$,http://www.tripadvisor.com/Hotel_Review-g298241-d1050374-Reviews-APA_Hotel_Aomorieki_Higashi-Aomori_Aomori_Prefecture_Tohoku.html
La Place Aoimori,030-0822,Aomori Prefecture,1-11-18 Chuo Aomori,,$,http://www.tripadvisor.com/Hotel_Review-g298241-d1050375-Reviews-La_Place_Aoimori-Aomori_Aomori_Prefecture_Tohoku.html
Aomori Kokusai Hotel,030-0801,Aomori Prefecture,1-6-18 Shinmachi Aomori,67,$,http://www.tripadvisor.com/Hotel_Review-g298241-d1050378-Reviews-Aomori_Kokusai_Hotel-Aomori_Aomori_Prefecture_Tohoku.html
Cottage Hotel Chocolat,039-3524,Aomori Prefecture,248-118 Sumiyoshi Takisawa Aomori,,$$,http://www.tripadvisor.com/Hotel_Review-g298241-d1050380-Reviews-Cottage_Hotel_Chocolat-Aomori_Aomori_Prefecture_Tohoku.html
Ogawa,039-3501,Aomori Prefecture,280 Yamashita Asamushi Aomori,,,http://www.tripadvisor.com/Hotel_Review-g298241-d1050382-Reviews-Ogawa-Aomori_Aomori_Prefecture_Tohoku.html
Hotel Fujisawa Hakkoda,030-0111,Aomori Prefecture,1-57 Aza kansuizawaza Arakawa Aomori,50,$$,http://www.tripadvisor.com/Hotel_Review-g298241-d1050388-Reviews-Hotel_Fujisawa_Hakkoda-Aomori_Aomori_Prefecture_Tohoku.html
Yanagi no Yu,039-3501,Aomori Prefecture,236 Yamashita Asamushi Aomori,,$$,http://www.tripadvisor.com/Hotel_Review-g298241-d1050392-Reviews-Yanagi_no_Yu-Aomori_Aomori_Prefecture_Tohoku.html
Aomori Green Park Hotel Annex,030-0802,Aomori Prefecture,2-5-18 Honcho Aomori,,$,http://www.tripadvisor.com/Hotel_Review-g298241-d1050395-Reviews-Aomori_Green_Park_Hotel_Annex-Aomori_Aomori_Prefecture_Tohoku.html
Hotel crown palace Aomori,030-0802,Aomori Prefecture,5-5-4 Honcho Aomori,44,$,http://www.tripadvisor.com/Hotel_Review-g298241-d1050397-Reviews-Hotel_crown_palace_Aomori-Aomori_Aomori_Prefecture_Tohoku.html
Hotel Akitaya,039-3501,Aomori Prefecture,293-12 Hotarudani Asamushi Aomori,38,$$,http://www.tripadvisor.com/Hotel_Review-g298241-d1050404-Reviews-Hotel_Akitaya-Aomori_Aomori_Prefecture_Tohoku.html
Hotel Neo Pal Aomori,030-0803,Aomori Prefecture,2-6-6 Yasukata Aomori,107,$,http://www.tripadvisor.com/Hotel_Review-g298241-d1050409-Reviews-Hotel_Neo_Pal_Aomori-Aomori_Aomori_Prefecture_Tohoku.html
Sukayu Onsen Ryokan,030-0111,Aomori Prefecture,"50 Sukayuzawa, Minami Arakawasan Kokuyurin, Arakawa Aomori",52,$$,http://www.tripadvisor.com/Hotel_Review-g298241-d1050414-Reviews-Sukayu_Onsen_Ryokan-Aomori_Aomori_Prefecture_Tohoku.html
Alpha Hotel Aomori,030-0823,Aomori Prefecture,1-1-7 Hashimoto Aomori,,$,http://www.tripadvisor.com/Hotel_Review-g298241-d1050415-Reviews-Alpha_Hotel_Aomori-Aomori_Aomori_Prefecture_Tohoku.html
Futabaso,039-3501,Aomori Prefecture,249 Yamashita Asamushi Aomori,,,http://www.tripadvisor.com/Hotel_Review-g298241-d1050417-Reviews-Futabaso-Aomori_Aomori_Prefecture_Tohoku.html
Toyoko Inn Aomori-Eki Shomenguchi,030-0803,Aomori Prefecture,1-3-5 Yasukata Aomori,194,$,http://www.tripadvisor.com/Hotel_Review-g298241-d1050425-Reviews-Toyoko_Inn_Aomori_Eki_Shomenguchi-Aomori_Aomori_Prefecture_Tohoku.html
Aomori Grand Hotel,030-0801,Aomori Prefecture,1-1-23 Shin-machi Aomori,139,$,http://www.tripadvisor.com/Hotel_Review-g298241-d1082087-Reviews-Aomori_Grand_Hotel-Aomori_Aomori_Prefecture_Tohoku.html
Aomori Green Park Hotel,030-0802,Aomori Prefecture,1-4-16 Hon-cho Aomori,,$,http://www.tripadvisor.com/Hotel_Review-g298241-d1082091-Reviews-Aomori_Green_Park_Hotel-Aomori_Aomori_Prefecture_Tohoku.html
Art Hotel Color Aomori,030-0801,Aomori Prefecture,2-5-6 Shin-machi Aomori,89,$,http://www.tripadvisor.com/Hotel_Review-g298241-d1082092-Reviews-Art_Hotel_Color_Aomori-Aomori_Aomori_Prefecture_Tohoku.html
Aomori Washington Hotel,030-0802,Aomori Prefecture,2-1-26 Hon-cho Aomori,248,$,http://www.tripadvisor.com/Hotel_Review-g298241-d1082094-Reviews-Aomori_Washington_Hotel-Aomori_Aomori_Prefecture_Tohoku.html
Asamushi Kanko Hotel,039-3501,Aomori Prefecture,"51-1 Sakamoto, Asamushi Aomori",49,$$,http://www.tripadvisor.com/Hotel_Review-g298241-d1082097-Reviews-Asamushi_Kanko_Hotel-Aomori_Aomori_Prefecture_Tohoku.html
Hotel Hagino,039-3501,Aomori Prefecture,"75 Hotarudani, Asamushi Aomori",,,http://www.tripadvisor.com/Hotel_Review-g298241-d1082107-Reviews-Hotel_Hagino-Aomori_Aomori_Prefecture_Tohoku.html
Hotel Sunroute Aomori,030-0801,Aomori Prefecture,1-9-8 Shin-machi Aomori,180,$,http://www.tripadvisor.com/Hotel_Review-g298241-d1082109-Reviews-Hotel_Sunroute_Aomori-Aomori_Aomori_Prefecture_Tohoku.html
Smile Hotel Aomori,030-0802,Aomori Prefecture,2-4-7 Honcho Aomori,,$,http://www.tripadvisor.com/Hotel_Review-g298241-d1082110-Reviews-Smile_Hotel_Aomori-Aomori_Aomori_Prefecture_Tohoku.html
Hotel Aomori,030-0812,Aomori Prefecture,1-1-23 Tsutsumi-machi Aomori,155,$,http://www.tripadvisor.com/Hotel_Review-g298241-d1082189-Reviews-Hotel_Aomori-Aomori_Aomori_Prefecture_Tohoku.html
Hakkoda Hotel,030-0111,Aomori Prefecture,"1 Minami-arakawayama, Arakawa Aomori",55,$$$,http://www.tripadvisor.com/Hotel_Review-g298241-d1092004-Reviews-Hakkoda_Hotel-Aomori_Aomori_Prefecture_Tohoku.html
Kaisenkaku,039-3501,Aomori Prefecture,31 Asamushi azahotarudani Aomori,89,$$,http://www.tripadvisor.com/Hotel_Review-g298241-d1092009-Reviews-Kaisenkaku-Aomori_Aomori_Prefecture_Tohoku.html
Tsubakikan,039-3501,Aomori Prefecture,14 Asamushi azauchino Aomori,,$$,http://www.tripadvisor.com/Hotel_Review-g298241-d1092015-Reviews-Tsubakikan-Aomori_Aomori_Prefecture_Tohoku.html
Hotel Jogakura,030-0111,Aomori Prefecture,Arakawa Hakkodasan-chu Aomori,34,$$$$,http://www.tripadvisor.com/Hotel_Review-g298241-d1092020-Reviews-Hotel_Jogakura-Aomori_Aomori_Prefecture_Tohoku.html
Hotel Villa City Moya,030-0133,Aomori Prefecture,104-1 Yamabuki Moya Aomori,,,http://www.tripadvisor.com/Hotel_Review-g298241-d1094704-Reviews-Hotel_Villa_City_Moya-Aomori_Aomori_Prefecture_Tohoku.html
Hotel Route Inn Aomori Ekimae,030-0801,Aomori Prefecture,1-1-24 Shinmachi Aomori,182,$,http://www.tripadvisor.com/Hotel_Review-g298241-d1094705-Reviews-Hotel_Route_Inn_Aomori_Ekimae-Aomori_Aomori_Prefecture_Tohoku.html
Apple Palace Aomori,030-0802,Aomori Prefecture,5-1-5 Honcho Aomori,,$,http://www.tripadvisor.com/Hotel_Review-g298241-d1096866-Reviews-Apple_Palace_Aomori-Aomori_Aomori_Prefecture_Tohoku.html
Hotel New Murakoshi,030-0803,Aomori Prefecture,1-3-7 Yasukata Aomori,,$,http://www.tripadvisor.com/Hotel_Review-g298241-d1096867-Reviews-Hotel_New_Murakoshi-Aomori_Aomori_Prefecture_Tohoku.html
Hotel 2135,030-0823,Aomori Prefecture,2-13-5 Hashimoto Aomori,,$,http://www.tripadvisor.com/Hotel_Review-g298241-d1096869-Reviews-Hotel_2135-Aomori_Aomori_Prefecture_Tohoku.html
Weekly Sho Hotel Chitose,030-0803,Aomori Prefecture,1-4-14 Yasukata Aomori,,$,http://www.tripadvisor.com/Hotel_Review-g298241-d1096870-Reviews-Weekly_Sho_Hotel_Chitose-Aomori_Aomori_Prefecture_Tohoku.html
Aomori Moya Kogen Youth Hostel,030-0133,Aomori Prefecture,9-5 Yamabuki Moya Aomori,,,http://www.tripadvisor.com/Hotel_Review-g298241-d1103699-Reviews-Aomori_Moya_Kogen_Youth_Hostel-Aomori_Aomori_Prefecture_Tohoku.html
Hyper Hotels Passage,030-0801,Aomori Prefecture,1-8-6 Shinmachi Aomori,122,$,http://www.tripadvisor.com/Hotel_Review-g298241-d1103714-Reviews-Hyper_Hotels_Passage-Aomori_Aomori_Prefecture_Tohoku.html
Hotel Shibata,030-0802,Aomori Prefecture,2-2-11 Honcho Aomori,,,http://www.tripadvisor.com/Hotel_Review-g298241-d1103724-Reviews-Hotel_Shibata-Aomori_Aomori_Prefecture_Tohoku.html
Marumi Sunrise Ryokan,038-1331,Aomori Prefecture,13-1 Nishitanemoto Megasawa Namioka Aomori,,,http://www.tripadvisor.com/Hotel_Review-g298241-d1103762-Reviews-Marumi_Sunrise_Ryokan-Aomori_Aomori_Prefecture_Tohoku.html
Healthy Inn Asamushi,039-3501,Aomori Prefecture,85-8 Hotarudani Asamushi Aomori,13,,http://www.tripadvisor.com/Hotel_Review-g298241-d1103826-Reviews-Healthy_Inn_Asamushi-Aomori_Aomori_Prefecture_Tohoku.html
Kihanso,039-3501,Aomori Prefecture,85 Hotarudani Asamushi Aomori,,$$,http://www.tripadvisor.com/Hotel_Review-g298241-d1103842-Reviews-Kihanso-Aomori_Aomori_Prefecture_Tohoku.html
Tsubaki,039-3501,Aomori Prefecture,25 Hotarudani Asamushi Aomori,,$$,http://www.tripadvisor.com/Hotel_Review-g298241-d1129954-Reviews-Tsubaki-Aomori_Aomori_Prefecture_Tohoku.html
Satsuki,039-3501,Aomori Prefecture,"71-7 Hotarudani, Asamushi Aomori",,$,http://www.tripadvisor.com/Hotel_Review-g298241-d1129961-Reviews-Satsuki-Aomori_Aomori_Prefecture_Tohoku.html
Ryokan Sumiresou,039-3501,Aomori Prefecture,208-1 Asamushi Hotarudani Aomori,,$$,http://www.tripadvisor.com/Hotel_Review-g298241-d1146743-Reviews-Ryokan_Sumiresou-Aomori_Aomori_Prefecture_Tohoku.html
Hotel Select Inn Aomori,030-0862,Aomori Prefecture,2-9-1 Furukawa Aomori,84,$,http://www.tripadvisor.com/Hotel_Review-g298241-d1482676-Reviews-Hotel_Select_Inn_Aomori-Aomori_Aomori_Prefecture_Tohoku.html
Aomori Center Hotel,030-0862,Aomori Prefecture,1-10-9-1 Furukawa Aomori,,$,http://www.tripadvisor.com/Hotel_Review-g298241-d1511917-Reviews-Aomori_Center_Hotel-Aomori_Aomori_Prefecture_Tohoku.html
Hotel Route Inn Aomori Chuo Inter,030-0113,Aomori Prefecture,2-2-12 Daini Tonyamachi Aomori,34,$,http://www.tripadvisor.com/Hotel_Review-g298241-d1598918-Reviews-Hotel_Route_Inn_Aomori_Chuo_Inter-Aomori_Aomori_Prefecture_Tohoku.html
Nugudamarinosato Hiyu Hakkodaonsen,030-0955 ,Aomori Prefecture,766-2 Fukazawa Komagome Aomori,,$$,http://www.tripadvisor.com/Hotel_Review-g298241-d1721840-Reviews-Nugudamarinosato_Hiyu_Hakkodaonsen-Aomori_Aomori_Prefecture_Tohoku.html
Richmond Hotel Aomori,030-0861 ,Aomori Prefecture,1-6-6 Nagashima Aomori,177,$,http://www.tripadvisor.com/Hotel_Review-g298241-d1735170-Reviews-Richmond_Hotel_Aomori-Aomori_Aomori_Prefecture_Tohoku.html
Hakkoda sanso,030-0111,Aomori Prefecture,1-61 Kansuizawa Arakawa Aomori,,,http://www.tripadvisor.com/Hotel_Review-g298241-d1857460-Reviews-Hakkoda_sanso-Aomori_Aomori_Prefecture_Tohoku.html
Minshuku Matabe no chaya,030-0955,Aomori Prefecture,"1-244 Minami Komagomeyama, Komagome Aomori",,,http://www.tripadvisor.com/Hotel_Review-g298241-d1857461-Reviews-Minshuku_Matabe_no_chaya-Aomori_Aomori_Prefecture_Tohoku.html
Hotel New Yamato,030-0801,Aomori Prefecture,1-9-20 Shinmachi Aomori,,,http://www.tripadvisor.com/Hotel_Review-g298241-d1883857-Reviews-Hotel_New_Yamato-Aomori_Aomori_Prefecture_Tohoku.html
Iroha Ryokan,030-0803,Aomori Prefecture,1-3-21 Yasukata Aomori,,$,http://www.tripadvisor.com/Hotel_Review-g298241-d3340496-Reviews-Iroha_Ryokan-Aomori_Aomori_Prefecture_Tohoku.html
Tomoe Ryokan,030-0862,Aomori Prefecture,1-5-5 Furukawa Aomori,,,http://www.tripadvisor.com/Hotel_Review-g298241-d6922544-Reviews-Tomoe_Ryokan-Aomori_Aomori_Prefecture_Tohoku.html
Himemasu Sanso,018-5501,Aomori Prefecture,16-15 Okuse Towada,,,http://www.tripadvisor.com/Hotel_Review-g1059454-d325139-Reviews-Himemasu_Sanso-Towada_Aomori_Prefecture_Tohoku.html
Hoshino Resort Oirase Keiryu Hotel,034-0301,Aomori Prefecture,"231 Tochikubo, Oirase Towada",180,$$$,http://www.tripadvisor.com/Hotel_Review-g1059454-d325140-Reviews-Hoshino_Resort_Oirase_Keiryu_Hotel-Towada_Aomori_Prefecture_Tohoku.html
Tsuta Onsen Ryokan,034-0301,Aomori Prefecture,"1 Tsutanoyu, Okuse Towada",,$$$,http://www.tripadvisor.com/Hotel_Review-g1059454-d325142-Reviews-Tsuta_Onsen_Ryokan-Towada_Aomori_Prefecture_Tohoku.html
Hotel Towadaso,018-5501,Aomori Prefecture,16 Towada Okuse Towada,,$,http://www.tripadvisor.com/Hotel_Review-g1059454-d1073598-Reviews-Hotel_Towadaso-Towada_Aomori_Prefecture_Tohoku.html
Kohanso,018-5501,Aomori Prefecture,16 Towada Okuse Towada,34,,http://www.tripadvisor.com/Hotel_Review-g1059454-d1073599-Reviews-Kohanso-Towada_Aomori_Prefecture_Tohoku.html
Towadako Onsen,018-5501,Aomori Prefecture,16 Towada Okuse Towada,,,http://www.tripadvisor.com/Hotel_Review-g1059454-d1073602-Reviews-Towadako_Onsen-Towada_Aomori_Prefecture_Tohoku.html
Fujiya Hotel,034-0031,Aomori Prefecture,1-6 Higashisanbancho Towada,50,$,http://www.tripadvisor.com/Hotel_Review-g1059454-d1073638-Reviews-Fujiya_Hotel-Towada_Aomori_Prefecture_Tohoku.html
Towada Green Hotel,034-0083,Aomori Prefecture,20-74 Nishisanbancho Towada,,,http://www.tripadvisor.com/Hotel_Review-g1059454-d1073641-Reviews-Towada_Green_Hotel-Towada_Aomori_Prefecture_Tohoku.html
Towadako Grand Hotel,018-5501,Aomori Prefecture,"16 Towada, Okuse Towada",,$,http://www.tripadvisor.com/Hotel_Review-g1059454-d1073654-Reviews-Towadako_Grand_Hotel-Towada_Aomori_Prefecture_Tohoku.html
Hotel Pony Onsen,034-0001,Aomori Prefecture,167-1 Saihaba Sanbongi Towada,24,$,http://www.tripadvisor.com/Hotel_Review-g1059454-d1083528-Reviews-Hotel_Pony_Onsen-Towada_Aomori_Prefecture_Tohoku.html
Hotel Route Inn Towada,034-0011 ,Aomori Prefecture,13-2 Inaoi-cho Towada,134,$,http://www.tripadvisor.com/Hotel_Review-g1059454-d1083531-Reviews-Hotel_Route_Inn_Towada-Towada_Aomori_Prefecture_Tohoku.html
Towadako Lakeside Hotel,018-5501,Aomori Prefecture,16 Okuse Towada Towada,20,$,http://www.tripadvisor.com/Hotel_Review-g1059454-d1091950-Reviews-Towadako_Lakeside_Hotel-Towada_Aomori_Prefecture_Tohoku.html
Yasumiya Keigetsutei,018-5501,Aomori Prefecture,"16 Towada, Okuse Towada",,,http://www.tripadvisor.com/Hotel_Review-g1059454-d1091969-Reviews-Yasumiya_Keigetsutei-Towada_Aomori_Prefecture_Tohoku.html
Oirase Green Hotel,034-0303,Aomori Prefecture,"64-232 Yakeyama, Horyo Towada",,$$,http://www.tripadvisor.com/Hotel_Review-g1059454-d1094572-Reviews-Oirase_Green_Hotel-Towada_Aomori_Prefecture_Tohoku.html
Towada Wako Hotel,034-0084,Aomori Prefecture,4-6 Nishi Yonban-cho Towada,,,http://www.tripadvisor.com/Hotel_Review-g1059454-d1096865-Reviews-Towada_Wako_Hotel-Towada_Aomori_Prefecture_Tohoku.html
Towadako Onsen Hotel,034-0303,Aomori Prefecture,64-108 Yakeyama Horyo Towada,,,http://www.tripadvisor.com/Hotel_Review-g1059454-d1103397-Reviews-Towadako_Onsen_Hotel-Towada_Aomori_Prefecture_Tohoku.html
Oirase Keiryu Onsen Hotel,034-0303,Aomori Prefecture,96 Yakeyama Horyo Towada,,,http://www.tripadvisor.com/Hotel_Review-g1059454-d1103408-Reviews-Oirase_Keiryu_Onsen_Hotel-Towada_Aomori_Prefecture_Tohoku.html
Oirase,034-0303,Aomori Prefecture,36 Yakeyama Horyo Towada,,,http://www.tripadvisor.com/Hotel_Review-g1059454-d1103434-Reviews-Oirase-Towada_Aomori_Prefecture_Tohoku.html
Towadako Yugetsu,018-5501,Aomori Prefecture,16 Towada Okuse Towada,,$$,http://www.tripadvisor.com/Hotel_Review-g1059454-d1103448-Reviews-Towadako_Yugetsu-Towada_Aomori_Prefecture_Tohoku.html
Towada City Hotel,034-0031,Aomori Prefecture,3-16 Higashisanbancho Towada,,$,http://www.tripadvisor.com/Hotel_Review-g1059454-d1103456-Reviews-Towada_City_Hotel-Towada_Aomori_Prefecture_Tohoku.html
Towadako Sanso,018-5501,Aomori Prefecture,"16 Ysumiya, Okuse Towada",,$,http://www.tripadvisor.com/Hotel_Review-g1059454-d1103482-Reviews-Towadako_Sanso-Towada_Aomori_Prefecture_Tohoku.html
Shimomura,018-5501,Aomori Prefecture,16 Towada Okuse Towada,,,http://www.tripadvisor.com/Hotel_Review-g1059454-d1103490-Reviews-Shimomura-Towada_Aomori_Prefecture_Tohoku.html
Country Road,018-5501,Aomori Prefecture,"486 Yasumiya, Aza Towada, Okuse Towada",,,http://www.tripadvisor.com/Hotel_Review-g1059454-d1103510-Reviews-Country_Road-Towada_Aomori_Prefecture_Tohoku.html
Smile hotel Towada,034-0011,Aomori Prefecture,12-15 Inaoicho Towada,126,$,http://www.tripadvisor.com/Hotel_Review-g1059454-d1103512-Reviews-Smile_hotel_Towada-Towada_Aomori_Prefecture_Tohoku.html
Super Hotel Towada,034-0011,Aomori Prefecture,17-43 Inaoicho Towada,73,$,http://www.tripadvisor.com/Hotel_Review-g1059454-d1103515-Reviews-Super_Hotel_Towada-Towada_Aomori_Prefecture_Tohoku.html
Towadako Green Hotel,018-5501,Aomori Prefecture,"16 Towasa, Okuse Towada",,,http://www.tripadvisor.com/Hotel_Review-g1059454-d1103528-Reviews-Towadako_Green_Hotel-Towada_Aomori_Prefecture_Tohoku.html
Yakeyamaso,034-0303,Aomori Prefecture,64 Yakeyama Horyo Towada,,$$,http://www.tripadvisor.com/Hotel_Review-g1059454-d1103533-Reviews-Yakeyamaso-Towada_Aomori_Prefecture_Tohoku.html
Yoseikaku,034-0031,Aomori Prefecture,4-54 Higashisanbancho Towada,,,http://www.tripadvisor.com/Hotel_Review-g1059454-d1103537-Reviews-Yoseikaku-Towada_Aomori_Prefecture_Tohoku.html
Kawamura,018-5501,Aomori Prefecture,16 Okuse Towada,,,http://www.tripadvisor.com/Hotel_Review-g1059454-d1103540-Reviews-Kawamura-Towada_Aomori_Prefecture_Tohoku.html
Hookaku,034-0303,Aomori Prefecture,64-2 Yakeyama Horyo Towada,,,http://www.tripadvisor.com/Hotel_Review-g1059454-d1103597-Reviews-Hookaku-Towada_Aomori_Prefecture_Tohoku.html
Yachi Onsen,034-0303 ,Aomori Prefecture,"1 Yachi, Horyo Towada",,$,http://www.tripadvisor.com/Hotel_Review-g1059454-d1520390-Reviews-Yachi_Onsen-Towada_Aomori_Prefecture_Tohoku.html
Sarukura Onsen,034-0301,Aomori Prefecture,"1 Sarukura, Okuse Towada",,,http://www.tripadvisor.com/Hotel_Review-g1059454-d1951095-Reviews-Sarukura_Onsen-Towada_Aomori_Prefecture_Tohoku.html
Mori no Hotel,034-0303,Aomori Prefecture,"36-20 Yakeyama, Horyo Towada",41,$$,http://www.tripadvisor.com/Hotel_Review-g1059454-d2364248-Reviews-Mori_no_Hotel-Towada_Aomori_Prefecture_Tohoku.html
Drive Inn Minshuku Keigetsu,034-0303,Aomori Prefecture,"64-263 Yakiyama, Horyo Towada",,$,http://www.tripadvisor.com/Hotel_Review-g1059454-d2533696-Reviews-Drive_Inn_Minshuku_Keigetsu-Towada_Aomori_Prefecture_Tohoku.html
Ryokan Kujakuso,018-5501,Aomori Prefecture,3-2 Okuse Towadakohanyasumiya Towada,,,http://www.tripadvisor.com/Hotel_Review-g1059454-d2537393-Reviews-Ryokan_Kujakuso-Towada_Aomori_Prefecture_Tohoku.html
Minshuku Negishiya,018-5501,Aomori Prefecture,468 Okuse Towadakohannenokuchi Towada,,,http://www.tripadvisor.com/Hotel_Review-g1059454-d2537397-Reviews-Minshuku_Negishiya-Towada_Aomori_Prefecture_Tohoku.html
Minshuku Syunzansou,018-5501,Aomori Prefecture,5-1 Okuse Towadakohanyasumiya Towada,,$,http://www.tripadvisor.com/Hotel_Review-g1059454-d2537400-Reviews-Minshuku_Syunzansou-Towada_Aomori_Prefecture_Tohoku.html
Benkei,018-5501,Aomori Prefecture,486 Tohadakohan Yasumiya Towada,,$,http://www.tripadvisor.com/Hotel_Review-g1059454-d4342111-Reviews-Benkei-Towada_Aomori_Prefecture_Tohoku.html
Towadako Backpackers,018-5501,Aomori Prefecture,"486 Yasumiya Towadakohan, Okuse Towada",,$,http://www.tripadvisor.com/Hotel_Review-g1059454-d6468542-Reviews-Towadako_Backpackers-Towada_Aomori_Prefecture_Tohoku.html
Shirakamikan,036-1411,Aomori Prefecture,60-1 Kanda Tashiro Nishimeya-mura,,$,http://www.tripadvisor.com/Hotel_Review-g1120400-d1147843-Reviews-Shirakamikan-Nishimeya_mura_Nakatsugaru_gun_Aomori_Prefecture_Tohoku.html
Greenpark mori no izumi,036-1415,Aomori Prefecture,213-1 inaba Muraichi Nishimeya-mura,,$,http://www.tripadvisor.com/Hotel_Review-g1120400-d1917647-Reviews-Greenpark_mori_no_izumi-Nishimeya_mura_Nakatsugaru_gun_Aomori_Prefecture_Tohoku.html
Aqua green vilage anmon,036-1424,Aomori Prefecture,417 ookawazoe Kawaratai Nishimeya-mura,,,http://www.tripadvisor.com/Hotel_Review-g1120400-d1917651-Reviews-Aqua_green_vilage_anmon-Nishimeya_mura_Nakatsugaru_gun_Aomori_Prefecture_Tohoku.html
Hotel Noble City Hachinohe,031-0044,Aomori Prefecture,8 Nijurokunichi Machi Hachinohe,84,$,http://www.tripadvisor.com/Hotel_Review-g298242-d307689-Reviews-Hotel_Noble_City_Hachinohe-Hachinohe_Aomori_Prefecture_Tohoku.html
Hachinohe Grand Hotel,031-0031,Aomori Prefecture,14 Bancho Hachinohe,83,$,http://www.tripadvisor.com/Hotel_Review-g298242-d583456-Reviews-Hachinohe_Grand_Hotel-Hachinohe_Aomori_Prefecture_Tohoku.html
Mets Hachinohe Hotel,039-1101,Aomori Prefecture,1-1 Tateda Siriuchimachi Hachinohe,82,$,http://www.tripadvisor.com/Hotel_Review-g298242-d608296-Reviews-Mets_Hachinohe_Hotel-Hachinohe_Aomori_Prefecture_Tohoku.html
Business-kan Takaho,031-0072,Aomori Prefecture,3-12-13 Shiroshita Hachinohe,,,http://www.tripadvisor.com/Hotel_Review-g298242-d1075187-Reviews-Business_kan_Takaho-Hachinohe_Aomori_Prefecture_Tohoku.html
Hachinohe Washington Hotel,031-0042,Aomori Prefecture,7 Jusannichi-machi Hachinohe,215,$,http://www.tripadvisor.com/Hotel_Review-g298242-d1075189-Reviews-Hachinohe_Washington_Hotel-Hachinohe_Aomori_Prefecture_Tohoku.html
Hachinohe Plaza Hotel,031-0081,Aomori Prefecture,1-6-6 Kashiwazaki Hachinohe,,$,http://www.tripadvisor.com/Hotel_Review-g298242-d1075191-Reviews-Hachinohe_Plaza_Hotel-Hachinohe_Aomori_Prefecture_Tohoku.html
Hachinohe Segal View Hotel,031-0841,Aomori Prefecture,9-19 Kofunadotai Samemachi Hachinohe,,$$,http://www.tripadvisor.com/Hotel_Review-g298242-d1075198-Reviews-Hachinohe_Segal_View_Hotel-Hachinohe_Aomori_Prefecture_Tohoku.html
Hotel Marine Castle,031-0072,Aomori Prefecture,3-1-9 Shiroshita Hachinohe,43,$,http://www.tripadvisor.com/Hotel_Review-g298242-d1075200-Reviews-Hotel_Marine_Castle-Hachinohe_Aomori_Prefecture_Tohoku.html
Hotel Oshita,039-1101,Aomori Prefecture,23-1 Happyakukari Shiriuchi-machi Hachinohe,58,$,http://www.tripadvisor.com/Hotel_Review-g298242-d1075203-Reviews-Hotel_Oshita-Hachinohe_Aomori_Prefecture_Tohoku.html
Hotel Route Inn Honhachinohe Ekimae,031-0075,Aomori Prefecture,1-51-16 Uchimaru Hachinohe,,$,http://www.tripadvisor.com/Hotel_Review-g298242-d1075206-Reviews-Hotel_Route_Inn_Honhachinohe_Ekimae-Hachinohe_Aomori_Prefecture_Tohoku.html
Hotel Sunroute Hachinohe,031-0033,Aomori Prefecture,10 Muika-machi Hachinohe,37,$,http://www.tripadvisor.com/Hotel_Review-g298242-d1075209-Reviews-Hotel_Sunroute_Hachinohe-Hachinohe_Aomori_Prefecture_Tohoku.html
Smile Hotel Hachinohe,031-0031,Aomori Prefecture,31-5 Ban-cho Hachinohe,115,$,http://www.tripadvisor.com/Hotel_Review-g298242-d1075214-Reviews-Smile_Hotel_Hachinohe-Hachinohe_Aomori_Prefecture_Tohoku.html
Toyoko Inn Hachinohe-ekimae,039-1102,Aomori Prefecture,1-3-17 Ichiban-cho Hachinohe,,$,http://www.tripadvisor.com/Hotel_Review-g298242-d1075216-Reviews-Toyoko_Inn_Hachinohe_ekimae-Hachinohe_Aomori_Prefecture_Tohoku.html
City Park Hotel Hachinohe,031-0031,Aomori Prefecture,5-5 Bancho Hachinohe,121,$,http://www.tripadvisor.com/Hotel_Review-g298242-d1076874-Reviews-City_Park_Hotel_Hachinohe-Hachinohe_Aomori_Prefecture_Tohoku.html
Hachinohe Park Hotel,031-0003,Aomori Prefecture,1-15-90 Fukiage Hachinohe,54,$,http://www.tripadvisor.com/Hotel_Review-g298242-d1085188-Reviews-Hachinohe_Park_Hotel-Hachinohe_Aomori_Prefecture_Tohoku.html
Hotel Select Inn Honhachinohe Ekimae,031-0072,Aomori Prefecture,1-8-9 Shiroshita Hachinohe,,$,http://www.tripadvisor.com/Hotel_Review-g298242-d1085192-Reviews-Hotel_Select_Inn_Honhachinohe_Ekimae-Hachinohe_Aomori_Prefecture_Tohoku.html
Daiichi Maruyu Ryokan,031-0075,Aomori Prefecture,1-1-12 Uchimaru Hachinohe,,,http://www.tripadvisor.com/Hotel_Review-g298242-d1085199-Reviews-Daiichi_Maruyu_Ryokan-Hachinohe_Aomori_Prefecture_Tohoku.html
Super Hotel Hachinohe-Tennenonsen,031-0085ã€€,Aomori Prefecture,58-7 Juichinichimachi Hachinohe,,$,http://www.tripadvisor.com/Hotel_Review-g298242-d1085208-Reviews-Super_Hotel_Hachinohe_Tennenonsen-Hachinohe_Aomori_Prefecture_Tohoku.html
Tokyo Daiichi Inn Hachinohe,031-0034,Aomori Prefecture,13 Kouji Takashino Hachinohe,,$,http://www.tripadvisor.com/Hotel_Review-g298242-d1085233-Reviews-Tokyo_Daiichi_Inn_Hachinohe-Hachinohe_Aomori_Prefecture_Tohoku.html
Tokyo Daiichi Inn Hachinohe Annex,031-0033,Aomori Prefecture,31 Muika-machi Hachinohe,,$,http://www.tripadvisor.com/Hotel_Review-g298242-d1085242-Reviews-Tokyo_Daiichi_Inn_Hachinohe_Annex-Hachinohe_Aomori_Prefecture_Tohoku.html
Pacific Hotel Hachinohe,031-0085,Aomori Prefecture,52 Juichinichi-machi Hachinohe,112,$,http://www.tripadvisor.com/Hotel_Review-g298242-d1094706-Reviews-Pacific_Hotel_Hachinohe-Hachinohe_Aomori_Prefecture_Tohoku.html
At Home Inn Hachinohe,031-0085,Aomori Prefecture,13 Juichinichimachi Hachinohe,,$,http://www.tripadvisor.com/Hotel_Review-g298242-d1096872-Reviews-At_Home_Inn_Hachinohe-Hachinohe_Aomori_Prefecture_Tohoku.html
Hachinohe New City Hotel,031-0073,Aomori Prefecture,2-12-21 Uruichi Hachinohe,,,http://www.tripadvisor.com/Hotel_Review-g298242-d1096873-Reviews-Hachinohe_New_City_Hotel-Hachinohe_Aomori_Prefecture_Tohoku.html
Kashiwagi Ryokan,031-0035,Aomori Prefecture,4 Terayokocho Hachinohe,,,http://www.tripadvisor.com/Hotel_Review-g298242-d1103877-Reviews-Kashiwagi_Ryokan-Hachinohe_Aomori_Prefecture_Tohoku.html
Shogetsuso,039-1161,Aomori Prefecture,9-1 Hibakariue Kawaragi Hachinohe,,$,http://www.tripadvisor.com/Hotel_Review-g298242-d1103883-Reviews-Shogetsuso-Hachinohe_Aomori_Prefecture_Tohoku.html
Shimakawa Ryokan,031-0802,Aomori Prefecture,8-10-17 Konakano Hachinohe,,,http://www.tripadvisor.com/Hotel_Review-g298242-d1103887-Reviews-Shimakawa_Ryokan-Hachinohe_Aomori_Prefecture_Tohoku.html
Hotel Mecenat Hachinohe,031-0081,Aomori Prefecture,1-8-22 Kashiwazaki Hachinohe,112,$,http://www.tripadvisor.com/Hotel_Review-g298242-d1103891-Reviews-Hotel_Mecenat_Hachinohe-Hachinohe_Aomori_Prefecture_Tohoku.html
Grand Sanpia Hachinohe,039-1111,Aomori Prefecture,1-1-1 Higashihakusandai Hachinohe,84,$,http://www.tripadvisor.com/Hotel_Review-g298242-d1103894-Reviews-Grand_Sanpia_Hachinohe-Hachinohe_Aomori_Prefecture_Tohoku.html
Super Hotel Hachinohe,031-0089,Aomori Prefecture,12-2 Nagayokocho Hachinohe,92,$,http://www.tripadvisor.com/Hotel_Review-g298242-d1103899-Reviews-Super_Hotel_Hachinohe-Hachinohe_Aomori_Prefecture_Tohoku.html
Kanino Oyado,031-0073,Aomori Prefecture,8-32 Migisuimonshita Uruichi Hachinohe,,,http://www.tripadvisor.com/Hotel_Review-g298242-d1103909-Reviews-Kanino_Oyado-Hachinohe_Aomori_Prefecture_Tohoku.html
Pension Koyo,031-0801,Aomori Prefecture,4-2-35 Koyo Hachinohe,,$$,http://www.tripadvisor.com/Hotel_Review-g298242-d1103915-Reviews-Pension_Koyo-Hachinohe_Aomori_Prefecture_Tohoku.html
Ekimae Ryokan,039-1101,Aomori Prefecture,46-7 Happyakukari Shiriuchimachi Hachinohe,,,http://www.tripadvisor.com/Hotel_Review-g298242-d1103925-Reviews-Ekimae_Ryokan-Hachinohe_Aomori_Prefecture_Tohoku.html
New Mutsu Ryokan,031-0802,Aomori Prefecture,6-20-18 Konakano Hachinohe,,,http://www.tripadvisor.com/Hotel_Review-g298242-d1103952-Reviews-New_Mutsu_Ryokan-Hachinohe_Aomori_Prefecture_Tohoku.html
Business Inn Fujita,031-0081,Aomori Prefecture,1-7-31 Kashiwazaki Hachinohe,,,http://www.tripadvisor.com/Hotel_Review-g298242-d1103972-Reviews-Business_Inn_Fujita-Hachinohe_Aomori_Prefecture_Tohoku.html
Hotel Imaruka Hachinohe,031-0074,Aomori Prefecture,14 Babacho Hachinohe,,$,http://www.tripadvisor.com/Hotel_Review-g298242-d1118229-Reviews-Hotel_Imaruka_Hachinohe-Hachinohe_Aomori_Prefecture_Tohoku.html
Comfort Hotel Hachinohe,039-1101,Aomori Prefecture,2-16 Tateda Shiriuchi-machi Hachinohe,151,$,http://www.tripadvisor.com/Hotel_Review-g298242-d1426061-Reviews-Comfort_Hotel_Hachinohe-Hachinohe_Aomori_Prefecture_Tohoku.html
Kanafukizawa Radium Spring,031-0833,Aomori Prefecture,7 Oyama Okubo Hachinohe,,,http://www.tripadvisor.com/Hotel_Review-g298242-d1511920-Reviews-Kanafukizawa_Radium_Spring-Hachinohe_Aomori_Prefecture_Tohoku.html
Daiwa Roynet Hotel Hachinohe,031-0086,Aomori Prefecture,1-1 Yokamachi Hachinohe,227,$,http://www.tripadvisor.com/Hotel_Review-g298242-d1511921-Reviews-Daiwa_Roynet_Hotel_Hachinohe-Hachinohe_Aomori_Prefecture_Tohoku.html
Hotel Pearl City Hachinohe,031-0072,Aomori Prefecture,2-2-22 Shiroshita Hachinohe,67,$,http://www.tripadvisor.com/Hotel_Review-g298242-d1547808-Reviews-Hotel_Pearl_City_Hachinohe-Hachinohe_Aomori_Prefecture_Tohoku.html
Minshuku Shiho,031-0841,Aomori Prefecture,"14-144, Tanakubo, Samemachi Hachinohe",,,http://www.tripadvisor.com/Hotel_Review-g298242-d1847088-Reviews-Minshuku_Shiho-Hachinohe_Aomori_Prefecture_Tohoku.html
Minshuku Ishibashi,031-0841,Aomori Prefecture,14-12 Samemachi Hachinohe,,$,http://www.tripadvisor.com/Hotel_Review-g298242-d1884733-Reviews-Minshuku_Ishibashi-Hachinohe_Aomori_Prefecture_Tohoku.html
Hachinohe Yuyu Land Shimpachi Onsen,039-1103,Aomori Prefecture,18-1 Naganawashiro Hachinohe,,$,http://www.tripadvisor.com/Hotel_Review-g298242-d1884734-Reviews-Hachinohe_Yuyu_Land_Shimpachi_Onsen-Hachinohe_Aomori_Prefecture_Tohoku.html
Pansion Benkei,031-0812,Aomori Prefecture,32-2 Minatomachi Hachinohe,,$,http://www.tripadvisor.com/Hotel_Review-g298242-d1884739-Reviews-Pansion_Benkei-Hachinohe_Aomori_Prefecture_Tohoku.html
Hakusankaku,039-1166,Aomori Prefecture,1-18-12 Nejo Hachinohe,,,http://www.tripadvisor.com/Hotel_Review-g298242-d1884742-Reviews-Hakusankaku-Hachinohe_Aomori_Prefecture_Tohoku.html
Hachinohe Onsen Ryokan,039-1101,Aomori Prefecture,17-1 Shiriuchimachi Hachinohe,,,http://www.tripadvisor.com/Hotel_Review-g298242-d1884745-Reviews-Hachinohe_Onsen_Ryokan-Hachinohe_Aomori_Prefecture_Tohoku.html
Super Business Ryokan Daisan Maruyu,031-0073,Aomori Prefecture,"8-13 Migisuimonshita, Uruichi Hachinohe",,,http://www.tripadvisor.com/Hotel_Review-g298242-d2533684-Reviews-Super_Business_Ryokan_Daisan_Maruyu-Hachinohe_Aomori_Prefecture_Tohoku.html
Ryokan Terumoto,031-0802,Aomori Prefecture,8-4-12 Konakano Hachinohe,,,http://www.tripadvisor.com/Hotel_Review-g298242-d2537395-Reviews-Ryokan_Terumoto-Hachinohe_Aomori_Prefecture_Tohoku.html
Minshuku Hokaiso,031-0841,Aomori Prefecture,14-147 Samemachi Hachinohe,,,http://www.tripadvisor.com/Hotel_Review-g298242-d2537396-Reviews-Minshuku_Hokaiso-Hachinohe_Aomori_Prefecture_Tohoku.html
Takayama Ryokan,031-0802,Aomori Prefecture,8-8-31 Konakano Hachinohe,,,http://www.tripadvisor.com/Hotel_Review-g298242-d2537517-Reviews-Takayama_Ryokan-Hachinohe_Aomori_Prefecture_Tohoku.html
Hotel Kagetsutei,037-0104,Aomori Prefecture,3-4 Toyokawa Miyakawa Inagaki-cho Tsugaru,,$$,http://www.tripadvisor.com/Hotel_Review-g1059455-d1094702-Reviews-Hotel_Kagetsutei-Tsugaru_Aomori_Prefecture_Tohoku.html
Fujiya Hotel,038-0212,Aomori Prefecture,"63 Kawarada, Kuradate Owani-machi",,$,http://www.tripadvisor.com/Hotel_Review-g1120402-d1124964-Reviews-Fujiya_Hotel-Owani_machi_Minamitsugaru_gun_Aomori_Prefecture_Tohoku.html
Koyokan,038-0211,Aomori Prefecture,171-1 Owani Owani-machi,,,http://www.tripadvisor.com/Hotel_Review-g1120402-d1124968-Reviews-Koyokan-Owani_machi_Minamitsugaru_gun_Aomori_Prefecture_Tohoku.html
Aomori Royal Hotel,038-0223,Aomori Prefecture,100-9 Shimada Owani-machi,,$$,http://www.tripadvisor.com/Hotel_Review-g1120402-d1146198-Reviews-Aomori_Royal_Hotel-Owani_machi_Minamitsugaru_gun_Aomori_Prefecture_Tohoku.html
Sumire,038-0211,Aomori Prefecture,64-2 Owani Owani-machi,,$$,http://www.tripadvisor.com/Hotel_Review-g1120402-d1146204-Reviews-Sumire-Owani_machi_Minamitsugaru_gun_Aomori_Prefecture_Tohoku.html
Owanisansou,038-0211,Aomori Prefecture,11-59 Owani Owani-machi,,,http://www.tripadvisor.com/Hotel_Review-g1120402-d1146232-Reviews-Owanisansou-Owani_machi_Minamitsugaru_gun_Aomori_Prefecture_Tohoku.html
New Ginsui,038-0211,Aomori Prefecture,125 Owani Owani-machi,,,http://www.tripadvisor.com/Hotel_Review-g1120402-d1146302-Reviews-New_Ginsui-Owani_machi_Minamitsugaru_gun_Aomori_Prefecture_Tohoku.html
Yamani Bunkan,038-0211,Aomori Prefecture,"8 Yunokawara, Owani Owani-machi",,$,http://www.tripadvisor.com/Hotel_Review-g1120402-d1146314-Reviews-Yamani_Bunkan-Owani_machi_Minamitsugaru_gun_Aomori_Prefecture_Tohoku.html
Hoshino Resort Kai Tsugaru,038-0211,Aomori Prefecture,36-1 Kamibotanmori Owani-machi,41,$$$$,http://www.tripadvisor.com/Hotel_Review-g1120402-d1147853-Reviews-Hoshino_Resort_Kai_Tsugaru-Owani_machi_Minamitsugaru_gun_Aomori_Prefecture_Tohoku.html
Shokanto Onsen Ryokan,038-0202,Aomori Prefecture,135-1 Kujukumori Nagamine Owani-machi,,$,http://www.tripadvisor.com/Hotel_Review-g1120402-d1510555-Reviews-Shokanto_Onsen_Ryokan-Owani_machi_Minamitsugaru_gun_Aomori_Prefecture_Tohoku.html
Kajikaso,038-0211,Aomori Prefecture,88-4 Owani Owani-machi,,$,http://www.tripadvisor.com/Hotel_Review-g1120402-d1510566-Reviews-Kajikaso-Owani_machi_Minamitsugaru_gun_Aomori_Prefecture_Tohoku.html
Fukushikan,038-0211,Aomori Prefecture,168 Owani Owani-machi,,$$,http://www.tripadvisor.com/Hotel_Review-g1120402-d1510567-Reviews-Fukushikan-Owani_machi_Minamitsugaru_gun_Aomori_Prefecture_Tohoku.html
Chuo Ryokan,038-0212,Aomori Prefecture,94-3 Kawarada Kuradate Owani-machi,,,http://www.tripadvisor.com/Hotel_Review-g1120402-d1510568-Reviews-Chuo_Ryokan-Owani_machi_Minamitsugaru_gun_Aomori_Prefecture_Tohoku.html
Yamani Senyukan,038-0212,Aomori Prefecture,47-1 Kuradatemuraoka Owani-machi,,,http://www.tripadvisor.com/Hotel_Review-g1120402-d1884672-Reviews-Yamani_Senyukan-Owani_machi_Minamitsugaru_gun_Aomori_Prefecture_Tohoku.html
Lodge Ridon,038-0211,Aomori Prefecture,11-56 Owani Owani-machi,,,http://www.tripadvisor.com/Hotel_Review-g1120402-d2533729-Reviews-Lodge_Ridon-Owani_machi_Minamitsugaru_gun_Aomori_Prefecture_Tohoku.html
Owani Onsen Goto Ryokan,038-0211,Aomori Prefecture,7-2 Owani Owani-machi,,,http://www.tripadvisor.com/Hotel_Review-g1120402-d2535671-Reviews-Owani_Onsen_Goto_Ryokan-Owani_machi_Minamitsugaru_gun_Aomori_Prefecture_Tohoku.html
OnsenMinshuku Akayu,038-0211,Aomori Prefecture,131-1 Owani Owani-machi,,,http://www.tripadvisor.com/Hotel_Review-g1120402-d2537474-Reviews-OnsenMinshuku_Akayu-Owani_machi_Minamitsugaru_gun_Aomori_Prefecture_Tohoku.html
Eki-mae Hotel New Rest,036-8003,Aomori Prefecture,14-2 Ekimae-cho Hirosaki,66,$,http://www.tripadvisor.com/Hotel_Review-g303161-d1075179-Reviews-Eki_mae_Hotel_New_Rest-Hirosaki_Aomori_Prefecture_Tohoku.html
Hirosaki Grand Hotel,036-8201,Aomori Prefecture,1 Ichiban-cho Hirosaki,63,$,http://www.tripadvisor.com/Hotel_Review-g303161-d1075180-Reviews-Hirosaki_Grand_Hotel-Hirosaki_Aomori_Prefecture_Tohoku.html
Hirosaki Kokusai Hotel,036-8182,Aomori Prefecture,73-2 Dote-machi Hirosaki,121,$,http://www.tripadvisor.com/Hotel_Review-g303161-d1075181-Reviews-Hirosaki_Kokusai_Hotel-Hirosaki_Aomori_Prefecture_Tohoku.html
Hirosaki Park Hotel,036-8182,Aomori Prefecture,126 Dote-machi Hirosaki,,$,http://www.tripadvisor.com/Hotel_Review-g303161-d1075183-Reviews-Hirosaki_Park_Hotel-Hirosaki_Aomori_Prefecture_Tohoku.html
Hirosaki Plaza Hotel,036-8001,Aomori Prefecture,101-1 Daikan-cho Hirosaki,100,$,http://www.tripadvisor.com/Hotel_Review-g303161-d1075184-Reviews-Hirosaki_Plaza_Hotel-Hirosaki_Aomori_Prefecture_Tohoku.html
Hirosaki Prince Hotel,036-8002,Aomori Prefecture,1-3-4 Ekimae Hirosaki,94,$,http://www.tripadvisor.com/Hotel_Review-g303161-d1075185-Reviews-Hirosaki_Prince_Hotel-Hirosaki_Aomori_Prefecture_Tohoku.html
Hotel New Castle,036-8354,Aomori Prefecture,24-1 Kamisayashi-machi Hirosaki,61,$,http://www.tripadvisor.com/Hotel_Review-g303161-d1075186-Reviews-Hotel_New_Castle-Hirosaki_Aomori_Prefecture_Tohoku.html
Best Western Hotel New City Hirosaki,036-8004,Aomori Prefecture,1-1-2 Omachi Hirosaki,134,$,http://www.tripadvisor.com/Hotel_Review-g303161-d1085259-Reviews-Best_Western_Hotel_New_City_Hirosaki-Hirosaki_Aomori_Prefecture_Tohoku.html
Blossom Hotel Hirosaki,036-8003,Aomori Prefecture,7-3 Ekimae-cho Hirosaki,,$,http://www.tripadvisor.com/Hotel_Review-g303161-d1085284-Reviews-Blossom_Hotel_Hirosaki-Hirosaki_Aomori_Prefecture_Tohoku.html
Hirosaki Toei Hotel,036-8182,Aomori Prefecture,166 dote-machi Hirosaki,,$,http://www.tripadvisor.com/Hotel_Review-g303161-d1085294-Reviews-Hirosaki_Toei_Hotel-Hirosaki_Aomori_Prefecture_Tohoku.html
Hoshino Yado Hakuchoza,036-1505,Aomori Prefecture,113-2 Mizukizaike Sakurai Hirosaki,,$,http://www.tripadvisor.com/Hotel_Review-g303161-d1085323-Reviews-Hoshino_Yado_Hakuchoza-Hirosaki_Aomori_Prefecture_Tohoku.html
Hotel Route Inn Hirosaki Ekimae,036-8003,Aomori Prefecture,5-1 Ekimae-cho Hirosaki,212,$,http://www.tripadvisor.com/Hotel_Review-g303161-d1085327-Reviews-Hotel_Route_Inn_Hirosaki_Ekimae-Hirosaki_Aomori_Prefecture_Tohoku.html
Hotel Route Inn Hirosaki Joto,036-8093,Aomori Prefecture,5-5-6 Joto Chuo Hirosaki,198,$,http://www.tripadvisor.com/Hotel_Review-g303161-d1085340-Reviews-Hotel_Route_Inn_Hirosaki_Joto-Hirosaki_Aomori_Prefecture_Tohoku.html
Dormy Inn Hirosaki,036-8202,Aomori Prefecture,71-1 Honmachi Hirosaki,193,$,http://www.tripadvisor.com/Hotel_Review-g303161-d1096874-Reviews-Dormy_Inn_Hirosaki-Hirosaki_Aomori_Prefecture_Tohoku.html
Kojima Ryokan,036-1345,Aomori Prefecture,20 Yunosawa Tokiwano Hirosaki,,,http://www.tripadvisor.com/Hotel_Review-g303161-d1103982-Reviews-Kojima_Ryokan-Hirosaki_Aomori_Prefecture_Tohoku.html
Ishiba Ryokan,036-8355,Aomori Prefecture,55 Mototeramachi Hirosaki,18,$,http://www.tripadvisor.com/Hotel_Review-g303161-d1103985-Reviews-Ishiba_Ryokan-Hirosaki_Aomori_Prefecture_Tohoku.html
Shigurean,036-1345,Aomori Prefecture,"4-36 Yudanyachi, Tokiwano Hirosaki",,,http://www.tripadvisor.com/Hotel_Review-g303161-d1103992-Reviews-Shigurean-Hirosaki_Aomori_Prefecture_Tohoku.html
Agri In Holiday,036-8243,Aomori Prefecture,226-24 Hirono Kozawa Hirosaki,,$$$,http://www.tripadvisor.com/Hotel_Review-g303161-d1104013-Reviews-Agri_In_Holiday-Hirosaki_Aomori_Prefecture_Tohoku.html
Hyper Hotel Hirosaki,036-8012,Aomori Prefecture,26-1 Kitakawarakecho Hirosaki,,$,http://www.tripadvisor.com/Hotel_Review-g303161-d1104023-Reviews-Hyper_Hotel_Hirosaki-Hirosaki_Aomori_Prefecture_Tohoku.html
Akagoshikan,036-1345,Aomori Prefecture,21 Yunosawa Tokiwano Hirosaki,,,http://www.tripadvisor.com/Hotel_Review-g303161-d1104052-Reviews-Akagoshikan-Hirosaki_Aomori_Prefecture_Tohoku.html
Toyoko Inn Hirosaki Station,036-8002,Aomori Prefecture,1-1-1 Ekimae Hirosaki,232,$,http://www.tripadvisor.com/Hotel_Review-g303161-d1104062-Reviews-Toyoko_Inn_Hirosaki_Station-Hirosaki_Aomori_Prefecture_Tohoku.html
Tsugaruno yado Hirosakiya,036-8002,Aomori Prefecture,2-7-4 Ekimae Hirosaki,,$,http://www.tripadvisor.com/Hotel_Review-g303161-d1104075-Reviews-Tsugaruno_yado_Hirosakiya-Hirosaki_Aomori_Prefecture_Tohoku.html
Mitsuyo Onsen,036-8133,Aomori Prefecture,13-3 Satomi Owasawa Hirosaki,,,http://www.tripadvisor.com/Hotel_Review-g303161-d1104161-Reviews-Mitsuyo_Onsen-Hirosaki_Aomori_Prefecture_Tohoku.html
Capsule Inn Hirosaki,036-8182,Aomori Prefecture,4 Dotemachi Hirosaki,,$,http://www.tripadvisor.com/Hotel_Review-g303161-d1104167-Reviews-Capsule_Inn_Hirosaki-Hirosaki_Aomori_Prefecture_Tohoku.html
Saiei Ryokan,036-8355,Aomori Prefecture,40 Mototeramachi Hirosaki,,$,http://www.tripadvisor.com/Hotel_Review-g303161-d1104172-Reviews-Saiei_Ryokan-Hirosaki_Aomori_Prefecture_Tohoku.html
Super Hotel Hirosaki,036-8182,Aomori Prefecture,148 Dotemachi Hirosaki,,$,http://www.tripadvisor.com/Hotel_Review-g303161-d1104176-Reviews-Super_Hotel_Hirosaki-Hirosaki_Aomori_Prefecture_Tohoku.html
Asunaroso,036-1343,Aomori Prefecture,87-319 Komatsuno Hyakuzawa Hirosaki,,,http://www.tripadvisor.com/Hotel_Review-g303161-d1104182-Reviews-Asunaroso-Hirosaki_Aomori_Prefecture_Tohoku.html
Pension Wonderland,036-1345,Aomori Prefecture,12-5 Kuromori Tokiwano Hirosaki,,,http://www.tripadvisor.com/Hotel_Review-g303161-d1104186-Reviews-Pension_Wonderland-Hirosaki_Aomori_Prefecture_Tohoku.html
Business Hotel Shinjuku,036-8004,Aomori Prefecture,1-6-1 Omachi Hirosaki,28,$,http://www.tripadvisor.com/Hotel_Review-g303161-d1108341-Reviews-Business_Hotel_Shinjuku-Hirosaki_Aomori_Prefecture_Tohoku.html
Yamano Hotel,036-1345,Aomori Prefecture,19 Yunosawa Tokiwano Hirosaki,,$$,http://www.tripadvisor.com/Hotel_Review-g303161-d1108344-Reviews-Yamano_Hotel-Hirosaki_Aomori_Prefecture_Tohoku.html
Asobe no Mori Iwakiso,036-1343,Aomori Prefecture,"28-29 Terasawa, Hyakuzawa Hirosaki",26,,http://www.tripadvisor.com/Hotel_Review-g303161-d1238309-Reviews-Asobe_no_Mori_Iwakiso-Hirosaki_Aomori_Prefecture_Tohoku.html
Onsenyado Seimeikan,036-1343,Aomori Prefecture,163-2 Hyakuzawa Hirosaki,,$,http://www.tripadvisor.com/Hotel_Review-g303161-d1880803-Reviews-Onsenyado_Seimeikan-Hirosaki_Aomori_Prefecture_Tohoku.html
Sanraku,036-1345,Aomori Prefecture,9-1 Tokiwano Hirosaki,,,http://www.tripadvisor.com/Hotel_Review-g303161-d1880814-Reviews-Sanraku-Hirosaki_Aomori_Prefecture_Tohoku.html
Kobori Ryokan,036-8203,Aomori Prefecture,89 Honcho Hirosaki,,$,http://www.tripadvisor.com/Hotel_Review-g303161-d1880820-Reviews-Kobori_Ryokan-Hirosaki_Aomori_Prefecture_Tohoku.html
Ryokan Edogawa,036-8203,Aomori Prefecture,99 Honcho Hirosaki,,,http://www.tripadvisor.com/Hotel_Review-g303161-d1884724-Reviews-Ryokan_Edogawa-Hirosaki_Aomori_Prefecture_Tohoku.html
Dake Hotel,036-1345,Aomori Prefecture,28-1 Tokiwano Hirosaki,,$$,http://www.tripadvisor.com/Hotel_Review-g303161-d1884725-Reviews-Dake_Hotel-Hirosaki_Aomori_Prefecture_Tohoku.html
Ricorso Hirosaki,036-8092,Aomori Prefecture,3-10-1 Jotokita Hirosaki,27,$,http://www.tripadvisor.com/Hotel_Review-g303161-d1884729-Reviews-Ricorso_Hirosaki-Hirosaki_Aomori_Prefecture_Tohoku.html
Ryokan Sanyo,036-1343,Aomori Prefecture,162 Hyakuzawa Hirosaki,,,http://www.tripadvisor.com/Hotel_Review-g303161-d1884730-Reviews-Ryokan_Sanyo-Hirosaki_Aomori_Prefecture_Tohoku.html
Minshuku Jyoppari,036-1345,Aomori Prefecture,"56 Yudanyachi, Tokiwano Hirosaki",,,http://www.tripadvisor.com/Hotel_Review-g303161-d2105940-Reviews-Minshuku_Jyoppari-Hirosaki_Aomori_Prefecture_Tohoku.html
Iwaki Seisyonen Sports Center,036-1345,Aomori Prefecture,1-2 Tokiwano Yudanyachi Hirosaki,,,http://www.tripadvisor.com/Hotel_Review-g303161-d3383213-Reviews-Iwaki_Seisyonen_Sports_Center-Hirosaki_Aomori_Prefecture_Tohoku.html
Nakano,036-1343,Aomori Prefecture,80 Hyakuzawa Aza Takada Hirosaki,,$,http://www.tripadvisor.com/Hotel_Review-g303161-d4341151-Reviews-Nakano-Hirosaki_Aomori_Prefecture_Tohoku.html
Hirosaki Youth Hostel,036-8205,Aomori Prefecture,11 Moricho Hirosaki,,,http://www.tripadvisor.com/Hotel_Review-g303161-d6003255-Reviews-Hirosaki_Youth_Hostel-Hirosaki_Aomori_Prefecture_Tohoku.html
Hotel Sunroute Goshogawara,037-0053,Aomori Prefecture,25 Nunoyacho Goshogawara,,$,http://www.tripadvisor.com/Hotel_Review-g1059456-d1072916-Reviews-Hotel_Sunroute_Goshogawara-Goshogawara_Aomori_Prefecture_Tohoku.html
Hotel Sunroute Patio Goshogawara,037-0041,Aomori Prefecture,181 Tamachi Goshogawara,45,$,http://www.tripadvisor.com/Hotel_Review-g1059456-d1072919-Reviews-Hotel_Sunroute_Patio_Goshogawara-Goshogawara_Aomori_Prefecture_Tohoku.html
Park Inn Goshogawara Elmcity,037-0004,Aomori Prefecture,66-12 Fujimaki Karakasayanagi Goshogawara,137,$,http://www.tripadvisor.com/Hotel_Review-g1059456-d1072921-Reviews-Park_Inn_Goshogawara_Elmcity-Goshogawara_Aomori_Prefecture_Tohoku.html
Fujimi Land Hotel,037-0641,Aomori Prefecture,240-163 Kumanashi Hanokizawa Goshogawara,,$$,http://www.tripadvisor.com/Hotel_Review-g1059456-d1072922-Reviews-Fujimi_Land_Hotel-Goshogawara_Aomori_Prefecture_Tohoku.html
Odagawa Onsen Hotel,037-0204,Aomori Prefecture,267-567 Hayamazaki Kanakichokase Goshogawara,,,http://www.tripadvisor.com/Hotel_Review-g1059456-d1103644-Reviews-Odagawa_Onsen_Hotel-Goshogawara_Aomori_Prefecture_Tohoku.html
Angel,037-0202,Aomori Prefecture,84-715 Ashino Kanakicho Goshogawara,,,http://www.tripadvisor.com/Hotel_Review-g1059456-d1103649-Reviews-Angel-Goshogawara_Aomori_Prefecture_Tohoku.html
Hideyoshino Yakata,037-0204,Aomori Prefecture,"267-567 Hayamazaki, Kase, Kanagi-cho Goshogawara",,,http://www.tripadvisor.com/Hotel_Review-g1059456-d1147969-Reviews-Hideyoshino_Yakata-Goshogawara_Aomori_Prefecture_Tohoku.html
Yumeno Onsen,037-0642,Aomori Prefecture,686 Mokkozawakakuregawa Goshogawara,,,http://www.tripadvisor.com/Hotel_Review-g1059456-d1884626-Reviews-Yumeno_Onsen-Goshogawara_Aomori_Prefecture_Tohoku.html
Ryokan Tanabe,037-0067,Aomori Prefecture,19 Shikishimacho Goshogawara,,$,http://www.tripadvisor.com/Hotel_Review-g1059456-d1884629-Reviews-Ryokan_Tanabe-Goshogawara_Aomori_Prefecture_Tohoku.html
Minshuku Wakayama,037-0403,Aomori Prefecture,133-22 Jusanhagurozaki Goshogawara,,,http://www.tripadvisor.com/Hotel_Review-g1059456-d1884631-Reviews-Minshuku_Wakayama-Goshogawara_Aomori_Prefecture_Tohoku.html
Ganryo,037-0403,Aomori Prefecture,14-3 Sotomeyachi Goshogawara,,,http://www.tripadvisor.com/Hotel_Review-g1059456-d3356122-Reviews-Ganryo-Goshogawara_Aomori_Prefecture_Tohoku.html
Goshogawara Onsen Hotel,037-0006 ,Aomori Prefecture,2-90 Matsushimacho Goshogawara,,,http://www.tripadvisor.com/Hotel_Review-g1059456-d6878112-Reviews-Goshogawara_Onsen_Hotel-Goshogawara_Aomori_Prefecture_Tohoku.html
Naqua Shirakami Hotel & Resort,038-2793,Aomori Prefecture,"75 Nishiiwakisan, Nagadairamachi Ajigasawa-machi",188,$$,http://www.tripadvisor.com/Hotel_Review-g1120398-d300876-Reviews-Naqua_Shirakami_Hotel_Resort-Ajigasawa_machi_Nishitsugaru_gun_Aomori_Prefecture_Tohoku.html
Hotel Grand Mer Sankaiso,038-2761,Aomori Prefecture,"1 Naruto, Maitomachi Ajigasawa-machi",,$$,http://www.tripadvisor.com/Hotel_Review-g1120398-d1124978-Reviews-Hotel_Grand_Mer_Sankaiso-Ajigasawa_machi_Nishitsugaru_gun_Aomori_Prefecture_Tohoku.html
Suigunnoyado,038-2761,Aomori Prefecture,26-1 Shimotomita Maidomachi Ajigasawa-machi,,$$,http://www.tripadvisor.com/Hotel_Review-g1120398-d1598920-Reviews-Suigunnoyado-Ajigasawa_machi_Nishitsugaru_gun_Aomori_Prefecture_Tohoku.html
Minshuku Toyoakabane,038-2731,Aomori Prefecture,"201 Unahara, Akaishimachi Ajigasawa-machi",,$,http://www.tripadvisor.com/Hotel_Review-g1120398-d1877108-Reviews-Minshuku_Toyoakabane-Ajigasawa_machi_Nishitsugaru_gun_Aomori_Prefecture_Tohoku.html
Ajigasawa Camping Park,038-2712,Aomori Prefecture,65 Nagadaimachi Ajigasawa-machi,,,http://www.tripadvisor.com/Hotel_Review-g1120398-d2537524-Reviews-Ajigasawa_Camping_Park-Ajigasawa_machi_Nishitsugaru_gun_Aomori_Prefecture_Tohoku.html
Fukaura Kanko Hotel,038-2324,Aomori Prefecture,"338-42 Okazaki, Fukaura Fukaura-machi",,$$,http://www.tripadvisor.com/Hotel_Review-g1120399-d1124980-Reviews-Fukaura_Kanko_Hotel-Fukaura_machi_Nishitsugaru_gun_Aomori_Prefecture_Tohoku.html
Awone Shirakami Jyuniko,038-2206,Aomori Prefecture,"14 Shimo-hamamatsu, Matsukami Fukaura-machi",,$$,http://www.tripadvisor.com/Hotel_Review-g1120399-d1124985-Reviews-Awone_Shirakami_Jyuniko-Fukaura_machi_Nishitsugaru_gun_Aomori_Prefecture_Tohoku.html
Juniko Refresh Mura,038-2206,Aomori Prefecture,2-5 Matsukamiyama Matsukami Fukaura-machi,,$$,http://www.tripadvisor.com/Hotel_Review-g1120399-d1147861-Reviews-Juniko_Refresh_Mura-Fukaura_machi_Nishitsugaru_gun_Aomori_Prefecture_Tohoku.html
Wespa Tsubakiyama,038-2327,Aomori Prefecture,"226-1 Nabeishi, Henashi Fukaura-machi",,$,http://www.tripadvisor.com/Hotel_Review-g1120399-d1147879-Reviews-Wespa_Tsubakiyama-Fukaura_machi_Nishitsugaru_gun_Aomori_Prefecture_Tohoku.html
Koganesaki Furofushi Onsen,038-2327,Aomori Prefecture,"15 Shimokiyotaki, Henashiaz Fukaura-machi",,$$,http://www.tripadvisor.com/Hotel_Review-g1120399-d1391767-Reviews-Koganesaki_Furofushi_Onsen-Fukaura_machi_Nishitsugaru_gun_Aomori_Prefecture_Tohoku.html
Pension Fukaura,038-2324,Aomori Prefecture,110-3 Okazaki Fukaura Fukaura-machi,,$$,http://www.tripadvisor.com/Hotel_Review-g1120399-d1510573-Reviews-Pension_Fukaura-Fukaura_machi_Nishitsugaru_gun_Aomori_Prefecture_Tohoku.html
Boyokan,038-2504,Aomori Prefecture,Senjojiki Kaigan Kitakanegasawa Fukaura-machi,,,http://www.tripadvisor.com/Hotel_Review-g1120399-d1510574-Reviews-Boyokan-Fukaura_machi_Nishitsugaru_gun_Aomori_Prefecture_Tohoku.html
Shiogashima,038-2205,Aomori Prefecture,71-2 Matsuura Moriyama Fukaura-machi,,$$,http://www.tripadvisor.com/Hotel_Review-g1120399-d1511901-Reviews-Shiogashima-Fukaura_machi_Nishitsugaru_gun_Aomori_Prefecture_Tohoku.html
Michinoku Onsen Ryokan,038-2327,Aomori Prefecture,76-2 Nabeishi Henashi Fukaura-machi,,$,http://www.tripadvisor.com/Hotel_Review-g1120399-d1511902-Reviews-Michinoku_Onsen_Ryokan-Fukaura_machi_Nishitsugaru_gun_Aomori_Prefecture_Tohoku.html
Seikanso,038-2202,Aomori Prefecture,"7-4 Hiradate, Iwasaki Fukaura-machi",,,http://www.tripadvisor.com/Hotel_Review-g1120399-d1783780-Reviews-Seikanso-Fukaura_machi_Nishitsugaru_gun_Aomori_Prefecture_Tohoku.html
Minshuku Osaragiso,038-2504,Aomori Prefecture,"184 Aza Sakakibara, Oaza Kitakanegasawa Fukaura-machi",,$$,http://www.tripadvisor.com/Hotel_Review-g1120399-d1863417-Reviews-Minshuku_Osaragiso-Fukaura_machi_Nishitsugaru_gun_Aomori_Prefecture_Tohoku.html
Pension Biyokan,038-2202,Aomori Prefecture,315 Iwasaki Fukaura-machi,,,http://www.tripadvisor.com/Hotel_Review-g1120399-d1884713-Reviews-Pension_Biyokan-Fukaura_machi_Nishitsugaru_gun_Aomori_Prefecture_Tohoku.html
Pension omosie,038-2325,Aomori Prefecture,84-9 Shimookazaki Yokoiso Fukaura-machi,,,http://www.tripadvisor.com/Hotel_Review-g1120399-d1917704-Reviews-Pension_omosie-Fukaura_machi_Nishitsugaru_gun_Aomori_Prefecture_Tohoku.html
Business Hotel Koyoen,033-0011,Aomori Prefecture,1-9-40 Saiwaicho Misawa,,$,http://www.tripadvisor.com/Hotel_Review-g661305-d1072930-Reviews-Business_Hotel_Koyoen-Misawa_Aomori_Prefecture_Tohoku.html
Annex Princess Hotel,033-0011,Aomori Prefecture,1-6-48 Saiwaicho Misawa,,$,http://www.tripadvisor.com/Hotel_Review-g661305-d1072932-Reviews-Annex_Princess_Hotel-Misawa_Aomori_Prefecture_Tohoku.html
Hotel Grand Hill,033-0037,Aomori Prefecture,3-8-4 Matsuzonocho Misawa,,$,http://www.tripadvisor.com/Hotel_Review-g661305-d1072934-Reviews-Hotel_Grand_Hill-Misawa_Aomori_Prefecture_Tohoku.html
Hotel Tensui,033-0044,Aomori Prefecture,89 Furumagiyama Misawa,,$,http://www.tripadvisor.com/Hotel_Review-g661305-d1072935-Reviews-Hotel_Tensui-Misawa_Aomori_Prefecture_Tohoku.html
Misawa Park Hotel,033-0012,Aomori Prefecture,1-1-46 Hirahata Misawa,,$,http://www.tripadvisor.com/Hotel_Review-g661305-d1072937-Reviews-Misawa_Park_Hotel-Misawa_Aomori_Prefecture_Tohoku.html
Misawa Princess Hotel,033-0011,Aomori Prefecture,1-3-26 Saiwaicho Misawa,,$,http://www.tripadvisor.com/Hotel_Review-g661305-d1072938-Reviews-Misawa_Princess_Hotel-Misawa_Aomori_Prefecture_Tohoku.html
Misawa City Hotel,033-0001,Aomori Prefecture,2-1-1 Chuocho Misawa,119,$,http://www.tripadvisor.com/Hotel_Review-g661305-d1072939-Reviews-Misawa_City_Hotel-Misawa_Aomori_Prefecture_Tohoku.html
Hotel Asahi,033-0045,Aomori Prefecture,68-61 Furumagiyama Misawa,,$,http://www.tripadvisor.com/Hotel_Review-g661305-d1072942-Reviews-Hotel_Asahi-Misawa_Aomori_Prefecture_Tohoku.html
Business Hotel Big West,033-0001,Aomori Prefecture,1-7-19 Chuo-cho Misawa,,$,http://www.tripadvisor.com/Hotel_Review-g661305-d1083887-Reviews-Business_Hotel_Big_West-Misawa_Aomori_Prefecture_Tohoku.html
Hotel Ginza,033-0001,Aomori Prefecture,3-9-38 Chuocho Misawa,,,http://www.tripadvisor.com/Hotel_Review-g661305-d1083888-Reviews-Hotel_Ginza-Misawa_Aomori_Prefecture_Tohoku.html
Hotel Route Inn Misawa,033-0011,Aomori Prefecture,1-9-2 Saiwai-cho Misawa,153,$,http://www.tripadvisor.com/Hotel_Review-g661305-d1083901-Reviews-Hotel_Route_Inn_Misawa-Misawa_Aomori_Prefecture_Tohoku.html
Hoshino Resort Aomoriya,033-0044,Aomori Prefecture,56 Furumakiyama Misawa,230,$$$,http://www.tripadvisor.com/Hotel_Review-g661305-d1083909-Reviews-Hoshino_Resort_Aomoriya-Misawa_Aomori_Prefecture_Tohoku.html
Misawa Inn Koyo,033-0011,Aomori Prefecture,1-6-8 Saiwaicho Misawa,,$,http://www.tripadvisor.com/Hotel_Review-g661305-d1104189-Reviews-Misawa_Inn_Koyo-Misawa_Aomori_Prefecture_Tohoku.html
Komaki 2nd Grand hotel,033-0044,Aomori Prefecture,56 Furumakiyama Misawa,,,http://www.tripadvisor.com/Hotel_Review-g661305-d1857432-Reviews-Komaki_2nd_Grand_hotel-Misawa_Aomori_Prefecture_Tohoku.html
Komaki 3rd Grand hotel,033-0044,Aomori Prefecture,56 Furumakiyama Misawa,,,http://www.tripadvisor.com/Hotel_Review-g661305-d1857435-Reviews-Komaki_3rd_Grand_hotel-Misawa_Aomori_Prefecture_Tohoku.html
Komaki 4th Grand hotel,033-0044,Aomori Prefecture,56 Furumakiyama Misawa,,,http://www.tripadvisor.com/Hotel_Review-g661305-d1857436-Reviews-Komaki_4th_Grand_hotel-Misawa_Aomori_Prefecture_Tohoku.html
Yasuragiso,033-0022,Aomori Prefecture,116-2960 Misawasabishirotai Misawa,,,http://www.tripadvisor.com/Hotel_Review-g661305-d3238144-Reviews-Yasuragiso-Misawa_Aomori_Prefecture_Tohoku.html
Hotel Apple Land,036-0114,Aomori Prefecture,166-3 Machiiminamita Hirakawa,,$$,http://www.tripadvisor.com/Hotel_Review-g1059457-d1072926-Reviews-Hotel_Apple_Land-Hirakawa_Aomori_Prefecture_Tohoku.html
Daibo Hoyo Center,036-0146,Aomori Prefecture,28-1 Takeuchi Daibo Hirakawa,,$,http://www.tripadvisor.com/Hotel_Review-g1059457-d1103661-Reviews-Daibo_Hoyo_Center-Hirakawa_Aomori_Prefecture_Tohoku.html
Ainori,038-0101,Aomori Prefecture,186 Nishiikarigasekiyama Ikarigaseki Hirakawa,,$,http://www.tripadvisor.com/Hotel_Review-g1059457-d1103669-Reviews-Ainori-Hirakawa_Aomori_Prefecture_Tohoku.html
Sekinoyu,038-0101,Aomori Prefecture,82 Mikasayama Ikarigaseki Hirakawa,,$,http://www.tripadvisor.com/Hotel_Review-g1059457-d1103684-Reviews-Sekinoyu-Hirakawa_Aomori_Prefecture_Tohoku.html
Kashiwagi Onsen,036-0104,Aomori Prefecture,227-2 Yanagida Kashiwagimachi Hirakawa,,$,http://www.tripadvisor.com/Hotel_Review-g1059457-d1510544-Reviews-Kashiwagi_Onsen-Hirakawa_Aomori_Prefecture_Tohoku.html
Nurukawasanso,036-0173,Aomori Prefecture,1-32 Tsunekawamori Kiriake Hirakawa,,,http://www.tripadvisor.com/Hotel_Review-g1059457-d1640631-Reviews-Nurukawasanso-Hirakawa_Aomori_Prefecture_Tohoku.html
Furutobe Onsen,038-0101,Aomori Prefecture,1-467 Ikarigaseki Hirakawa,,,http://www.tripadvisor.com/Hotel_Review-g1059457-d1886223-Reviews-Furutobe_Onsen-Hirakawa_Aomori_Prefecture_Tohoku.html
Gonohe Makiba Onsen,039-1522,Aomori Prefecture,3 Nashirozawa Gonohe-machi,,$,http://www.tripadvisor.com/Hotel_Review-g1120417-d1146756-Reviews-Gonohe_Makiba_Onsen-Gonohe_machi_Sannohe_gun_Aomori_Prefecture_Tohoku.html
Ryokan Sakuraya,039-1547,Aomori Prefecture,2-2 Shinmeiushiro Gonohe-machi,,,http://www.tripadvisor.com/Hotel_Review-g1120417-d1147972-Reviews-Ryokan_Sakuraya-Gonohe_machi_Sannohe_gun_Aomori_Prefecture_Tohoku.html
Yurakuya Fukusen,039-0815,Aomori Prefecture,10-72 Akasakawaki Fukuda Nanbu-cho,,,http://www.tripadvisor.com/Hotel_Review-g1120419-d1511904-Reviews-Yurakuya_Fukusen-Nanbu_cho_Sannohe_gun_Aomori_Prefecture_Tohoku.html
Caelius,039-0501,Aomori Prefecture,23-141 Oshibu Tamiyama Kaminakui Nanbu-cho,,$,http://www.tripadvisor.com/Hotel_Review-g1120419-d1511906-Reviews-Caelius-Nanbu_cho_Sannohe_gun_Aomori_Prefecture_Tohoku.html
Bade Park Avance Fukuchi,039-0802,Aomori Prefecture,73-1 Tomabechi Nanbu-cho,,$,http://www.tripadvisor.com/Hotel_Review-g1120419-d1884719-Reviews-Bade_Park_Avance_Fukuchi-Nanbu_cho_Sannohe_gun_Aomori_Prefecture_Tohoku.html
Lamp no Yado Aoni-onsen,036-0402,Aomori Prefecture,"1-7 Aonisawa Takinoue, Okiura Kuroishi",35,$$,http://www.tripadvisor.com/Hotel_Review-g1059451-d566236-Reviews-Lamp_no_Yado_Aoni_onsen-Kuroishi_Aomori_Prefecture_Tohoku.html
Hotel Chitoseya,036-0412,Aomori Prefecture,"46 Tomiyama, Fukuro Kuroishi",,,http://www.tripadvisor.com/Hotel_Review-g1059451-d1072927-Reviews-Hotel_Chitoseya-Kuroishi_Aomori_Prefecture_Tohoku.html
Izumiya Ryokan,036-0301,Aomori Prefecture,21-1 Ichibancho Kuroishi,,,http://www.tripadvisor.com/Hotel_Review-g1059451-d1103123-Reviews-Izumiya_Ryokan-Kuroishi_Aomori_Prefecture_Tohoku.html
Kazennosho,036-0412,Aomori Prefecture,64-2 Tomiyama Fukuro Kuroishi,,$$,http://www.tripadvisor.com/Hotel_Review-g1059451-d1103142-Reviews-Kazennosho-Kuroishi_Aomori_Prefecture_Tohoku.html
Kanesada Ryokan,036-0412,Aomori Prefecture,66-5 Tomita Fukuro Kuroishi,,$,http://www.tripadvisor.com/Hotel_Review-g1059451-d1103144-Reviews-Kanesada_Ryokan-Kuroishi_Aomori_Prefecture_Tohoku.html
Miuraya Ryokan,036-0411,Aomori Prefecture,66 Azatsuruizumi Nuruyu Kuroishi,,$$,http://www.tripadvisor.com/Hotel_Review-g1059451-d1103145-Reviews-Miuraya_Ryokan-Kuroishi_Aomori_Prefecture_Tohoku.html
Saikawa,036-0404,Aomori Prefecture,8-1 Miyashita Itadome Kuroishi,,$,http://www.tripadvisor.com/Hotel_Review-g1059451-d1118452-Reviews-Saikawa-Kuroishi_Aomori_Prefecture_Tohoku.html
Niwa Ryokan,036-0404,Aomori Prefecture,21 Itadome Miyashita Kuroishi,,$$$,http://www.tripadvisor.com/Hotel_Review-g1059451-d1146731-Reviews-Niwa_Ryokan-Kuroishi_Aomori_Prefecture_Tohoku.html
Sanzokukan,036-0411,Aomori Prefecture,61 Nuruyu Tsuruizumi Kuroishi,,$$,http://www.tripadvisor.com/Hotel_Review-g1059451-d1883538-Reviews-Sanzokukan-Kuroishi_Aomori_Prefecture_Tohoku.html
Iizuka Ryokan,036-0411,Aomori Prefecture,60 Nuruyu Tsuruizumi Kuroishi,,$,http://www.tripadvisor.com/Hotel_Review-g1059451-d1883542-Reviews-Iizuka_Ryokan-Kuroishi_Aomori_Prefecture_Tohoku.html
Nanpukan,036-0412,Aomori Prefecture,63-23 Tomita Fukuro Kuroishi,,,http://www.tripadvisor.com/Hotel_Review-g1059451-d1926206-Reviews-Nanpukan-Kuroishi_Aomori_Prefecture_Tohoku.html
Minshuku Rihei,036-0411,Aomori Prefecture,43-2 Tsuruizumi Nuruyu Kuroishi,,,http://www.tripadvisor.com/Hotel_Review-g1059451-d1926209-Reviews-Minshuku_Rihei-Kuroishi_Aomori_Prefecture_Tohoku.html
Morimankyakusha,036-0411,Aomori Prefecture,41 Tsuruizimi Nuruyu Kuroishi,,,http://www.tripadvisor.com/Hotel_Review-g1059451-d1926210-Reviews-Morimankyakusha-Kuroishi_Aomori_Prefecture_Tohoku.html
Izumiya Hotel,036-0343,Aomori Prefecture,"379, Ogida, Aseishi Kuroishi",,,http://www.tripadvisor.com/Hotel_Review-g1059451-d2025125-Reviews-Izumiya_Hotel-Kuroishi_Aomori_Prefecture_Tohoku.html
Kaihin Lodge,039-3301,Aomori Prefecture,10-230 Higashitazawa Hiranai-machi,,$$,http://www.tripadvisor.com/Hotel_Review-g1120394-d1510545-Reviews-Kaihin_Lodge-Hiranai_machi_Higashi_Tsugaru_gun_Aomori_Prefecture_Tohoku.html
Koshiyama night Kevin House,039-3321,Aomori Prefecture,36-1 Hamago Hiranai-machi,,$,http://www.tripadvisor.com/Hotel_Review-g1120394-d2535640-Reviews-Koshiyama_night_Kevin_House-Hiranai_machi_Higashi_Tsugaru_gun_Aomori_Prefecture_Tohok.html
Oshimachinzan Kokuminmins uku Shimazaki,039-3301,Aomori Prefecture,68-1 Yokomine Higashitazawa Hiranai-machi,,,http://www.tripadvisor.com/Hotel_Review-g1120394-d2535657-Reviews-Oshimachinzan_Kokuminmins_uku_Shimazaki-Hiranai_machi_Higashi_Tsugaru_gun_Aomori_Pref.html
Chokainomori Kevin House,030-1501,Aomori Prefecture,107 Hamanaimabetsuyama Imabetsu-machi,,,http://www.tripadvisor.com/Hotel_Review-g1120395-d1884641-Reviews-Chokainomori_Kevin_House-Imabetsu_machi_Higashi_Tsugaru_gun_Aomori_Prefecture_Tohoku.html
Kaikyonoie Horozuki,030-1513,Aomori Prefecture,70 Horozukimurashimo Imabetsu-machi,,,http://www.tripadvisor.com/Hotel_Review-g1120395-d1884643-Reviews-Kaikyonoie_Horozuki-Imabetsu_machi_Higashi_Tsugaru_gun_Aomori_Prefecture_Tohoku.html
Hotel Tappi,030-1711,Aomori Prefecture,54-274 Minmaya Tatsuhama Sotogahama-machi,,$$,http://www.tripadvisor.com/Hotel_Review-g1120397-d1124962-Reviews-Hotel_Tappi-Sotogahama_machi_Higashi_Tsugaru_gun_Aomori_Prefecture_Tohoku.html
Tairadate Furofushi Onsen,030-1411,Aomori Prefecture,132-1 Yunosawa Tairadatenegishi Sotogahama-machi,,,http://www.tripadvisor.com/Hotel_Review-g1120397-d1510546-Reviews-Tairadate_Furofushi_Onsen-Sotogahama_machi_Higashi_Tsugaru_gun_Aomori_Prefecture_Toho.html
Kitada Ryokan,030-1402,Aomori Prefecture,28 Ushiroda Tairadate Sotogahama-machi,,,http://www.tripadvisor.com/Hotel_Review-g1120397-d1510547-Reviews-Kitada_Ryokan-Sotogahama_machi_Higashi_Tsugaru_gun_Aomori_Prefecture_Tohoku.html
Pension Daiba,030-1402,Aomori Prefecture,1-1 Taroemonsawa Tairadate Sotogahama-machi,,$,http://www.tripadvisor.com/Hotel_Review-g1120397-d1510549-Reviews-Pension_Daiba-Sotogahama_machi_Higashi_Tsugaru_gun_Aomori_Prefecture_Tohoku.html
Sasaki Ryokan,030-1302,Aomori Prefecture,2-3 Kanitachushimiyamoto Sotogahama-machi,,,http://www.tripadvisor.com/Hotel_Review-g1120397-d1884645-Reviews-Sasaki_Ryokan-Sotogahama_machi_Higashi_Tsugaru_gun_Aomori_Prefecture_Tohoku.html
Odaiba Auto Village,030-1402,Aomori Prefecture,67-1 Tairadatetanosawa Sotogahama-machi,,,http://www.tripadvisor.com/Hotel_Review-g1120397-d1884652-Reviews-Odaiba_Auto_Village-Sotogahama_machi_Higashi_Tsugaru_gun_Aomori_Prefecture_Tohoku.html
Tsugarukaikyoutei,030-1711,Aomori Prefecture,50 Minmayagenbeimaminmayatatsuhama Sotogahama-machi,,,http://www.tripadvisor.com/Hotel_Review-g1120397-d2537402-Reviews-Tsugarukaikyoutei-Sotogahama_machi_Higashi_Tsugaru_gun_Aomori_Prefecture_Tohoku.html
Tappi Ryokan,030-1728,Aomori Prefecture,110 Minmayanakahama Sotogahama-machi,,,http://www.tripadvisor.com/Hotel_Review-g1120397-d2537529-Reviews-Tappi_Ryokan-Sotogahama_machi_Higashi_Tsugaru_gun_Aomori_Prefecture_Tohoku.html
Makado Onsen Hotel,039-3175,Aomori Prefecture,9 Yuzawa Noheji-machi,73,$$,http://www.tripadvisor.com/Hotel_Review-g1120405-d1124991-Reviews-Makado_Onsen_Hotel-Noheji_machi_Kamikita_gun_Aomori_Prefecture_Tohoku.html
Ryokan Komai,039-3154,Aomori Prefecture,39-14 Kamikonakano Noheji-machi,,,http://www.tripadvisor.com/Hotel_Review-g1120405-d1877098-Reviews-Ryokan_Komai-Noheji_machi_Kamikita_gun_Aomori_Prefecture_Tohoku.html
Kazenotani,039-4122,Aomori Prefecture,94-69 Torigauta Yokohama-machi,,$,http://www.tripadvisor.com/Hotel_Review-g1120408-d1146759-Reviews-Kazenotani-Yokohama_machi_Kamikita_gun_Aomori_Prefecture_Tohoku.html
Yamaichi Hotel,039-4301,Aomori Prefecture,"1441 Kawara, Tomari Rokkasho-mura",,,http://www.tripadvisor.com/Hotel_Review-g1120410-d1124994-Reviews-Yamaichi_Hotel-Rokkasho_mura_Kamikita_gun_Aomori_Prefecture_Tohoku.html
Hotel Ichihara Club Rokkashoten,039-3212,Aomori Prefecture,99-4 Ienonae Obuchi Rokkasho-mura,,$,http://www.tripadvisor.com/Hotel_Review-g1120410-d1511914-Reviews-Hotel_Ichihara_Club_Rokkashoten-Rokkasho_mura_Kamikita_gun_Aomori_Prefecture_Tohoku.html
Minshuku Ueno,039-4301,Aomori Prefecture,"126 Yakeyama, Tomari Rokkasho-mura",,,http://www.tripadvisor.com/Hotel_Review-g1120410-d1877094-Reviews-Minshuku_Ueno-Rokkasho_mura_Kamikita_gun_Aomori_Prefecture_Tohoku.html
Kadaretenmabayashi,039-2781,Aomori Prefecture,35-1 Hanamatsuhayashinone Shichinohe-machi,,,http://www.tripadvisor.com/Hotel_Review-g1120406-d2260448-Reviews-Kadaretenmabayashi-Shichinohe_machi_Kamikita_gun_Aomori_Prefecture_Tohoku.html
Suimei,039-2401,Aomori Prefecture,56-4 Yamazoe Uwano Tohoku-machi,,$,http://www.tripadvisor.com/Hotel_Review-g1120409-d1511911-Reviews-Suimei-Tohoku_machi_Kamikita_gun_Aomori_Prefecture_Tohoku.html
Kamikita Sakura Onsen,039-2405,Aomori Prefecture,4-32-487 Kamikitaminami Tohoku-machi,,$,http://www.tripadvisor.com/Hotel_Review-g1120409-d1884721-Reviews-Kamikita_Sakura_Onsen-Tohoku_machi_Kamikita_gun_Aomori_Prefecture_Tohoku.html
Shoen,039-2404,Aomori Prefecture,"1-32-49, Kamikitakita Tohoku-machi",,$$,http://www.tripadvisor.com/Hotel_Review-g1120409-d2027940-Reviews-Shoen-Tohoku_machi_Kamikita_gun_Aomori_Prefecture_Tohoku.html
Tsukimi Ryokan,039-2128,Aomori Prefecture,116-1 Someya Oirase-cho,,,http://www.tripadvisor.com/Hotel_Review-g1120411-d1877112-Reviews-Tsukimi_Ryokan-Oirase_cho_Kamikita_gun_Aomori_Prefecture_Tohoku.html
Ryokan Takahashi,039-2225,Aomori Prefecture,9 Kamiakedo Oirase-cho,,$,http://www.tripadvisor.com/Hotel_Review-g1120411-d1877119-Reviews-Ryokan_Takahashi-Oirase_cho_Kamikita_gun_Aomori_Prefecture_Tohoku.html
Kawayo Green Youth Hostel,039-2151,Aomori Prefecture,3331 Mukaiyama Oirase-cho,,,http://www.tripadvisor.com/Hotel_Review-g1120411-d1877125-Reviews-Kawayo_Green_Youth_Hostel-Oirase_cho_Kamikita_gun_Aomori_Prefecture_Tohoku.html
Ryokan Tanaka,039-2371,Aomori Prefecture,52-5 Ushiroda Inuotose Rokunohe-machi,,,http://www.tripadvisor.com/Hotel_Review-g1120407-d1511909-Reviews-Ryokan_Tanaka-Rokunohe_machi_Kamikita_gun_Aomori_Prefecture_Tohoku.html
Haneya Hotel,035-0035,Aomori Prefecture,2-7 Honmachi Mutsu,,$$,http://www.tripadvisor.com/Hotel_Review-g1059452-d1073589-Reviews-Haneya_Hotel-Mutsu_Aomori_Prefecture_Tohoku.html
Hotel New Green,035-0035,Aomori Prefecture,1-4 Honmachi Mutsu,82,$,http://www.tripadvisor.com/Hotel_Review-g1059452-d1073591-Reviews-Hotel_New_Green-Mutsu_Aomori_Prefecture_Tohoku.html
Himawari,035-0022,Aomori Prefecture,368-25 Nako Sekine Mutsu,,,http://www.tripadvisor.com/Hotel_Review-g1059452-d1073596-Reviews-Himawari-Mutsu_Aomori_Prefecture_Tohoku.html
Mutsu Grand Hotel,035-0021,Aomori Prefecture,4 Shimomichi Tanabu Mutsu,92,$$,http://www.tripadvisor.com/Hotel_Review-g1059452-d1073597-Reviews-Mutsu_Grand_Hotel-Mutsu_Aomori_Prefecture_Tohoku.html
Folkloro Oominato,035-0084,Aomori Prefecture,7-20 Shinmachi Oominato Mutsu,,$$,http://www.tripadvisor.com/Hotel_Review-g1059452-d1083874-Reviews-Folkloro_Oominato-Mutsu_Aomori_Prefecture_Tohoku.html
Hotel Unisite Mustu,035-0071,Aomori Prefecture,2-8-10 Ogawa-cho Mutsu,,$,http://www.tripadvisor.com/Hotel_Review-g1059452-d1083882-Reviews-Hotel_Unisite_Mustu-Mutsu_Aomori_Prefecture_Tohoku.html
The Plaza Hotel Mutsu,035-0061,Aomori Prefecture,2-46 Shimokita-cho Mutsu,,$,http://www.tripadvisor.com/Hotel_Review-g1059452-d1083885-Reviews-The_Plaza_Hotel_Mutsu-Mutsu_Aomori_Prefecture_Tohoku.html
Hotel New Yagen,039-4401,Aomori Prefecture,6-1 Ohatamachi yagen Mutsu,73,$$,http://www.tripadvisor.com/Hotel_Review-g1059452-d1091765-Reviews-Hotel_New_Yagen-Mutsu_Aomori_Prefecture_Tohoku.html
Mutsu Park Hotel,035-0034,Aomori Prefecture,9-10 Tanabucho Mutsu,114,$,http://www.tripadvisor.com/Hotel_Review-g1059452-d1096863-Reviews-Mutsu_Park_Hotel-Mutsu_Aomori_Prefecture_Tohoku.html
Sansui,035-0041,Aomori Prefecture,1-8-19 Kanamagari Mutsu,,,http://www.tripadvisor.com/Hotel_Review-g1059452-d1103148-Reviews-Sansui-Mutsu_Aomori_Prefecture_Tohoku.html
Castle Shimoda,035-0051,Aomori Prefecture,10-8 Shinmachi Mutsu,,,http://www.tripadvisor.com/Hotel_Review-g1059452-d1103149-Reviews-Castle_Shimoda-Mutsu_Aomori_Prefecture_Tohoku.html
Maenoya,035-0042,Aomori Prefecture,3-6-45 Omagari Mutsu,,,http://www.tripadvisor.com/Hotel_Review-g1059452-d1103158-Reviews-Maenoya-Mutsu_Aomori_Prefecture_Tohoku.html
Suzuya,035-0073,Aomori Prefecture,2-9-64 Chuo Mutsu,,,http://www.tripadvisor.com/Hotel_Review-g1059452-d1103159-Reviews-Suzuya-Mutsu_Aomori_Prefecture_Tohoku.html
Matsunoki,039-4401,Aomori Prefecture,14-3 Matsunoki Ohatamachi Mutsu,,,http://www.tripadvisor.com/Hotel_Review-g1059452-d1103160-Reviews-Matsunoki-Mutsu_Aomori_Prefecture_Tohoku.html
Yakukenso,039-4401,Aomori Prefecture,14 Yakuken Ohatamachi Mutsu,,$,http://www.tripadvisor.com/Hotel_Review-g1059452-d1103162-Reviews-Yakukenso-Mutsu_Aomori_Prefecture_Tohoku.html
Komukai,035-0011,Aomori Prefecture,1-2 Azakanayasawa Okunai Mutsu,,$,http://www.tripadvisor.com/Hotel_Review-g1059452-d1103164-Reviews-Komukai-Mutsu_Aomori_Prefecture_Tohoku.html
B & B Muu,035-0042,Aomori Prefecture,1-13-68 Omagari Mutsu,,$,http://www.tripadvisor.com/Hotel_Review-g1059452-d1103165-Reviews-B_B_Muu-Mutsu_Aomori_Prefecture_Tohoku.html
Asunaro,039-4401,Aomori Prefecture,2-10 Yakuken Ohatamachi Mutsu,,$,http://www.tripadvisor.com/Hotel_Review-g1059452-d1103166-Reviews-Asunaro-Mutsu_Aomori_Prefecture_Tohoku.html
Hikariso,035-0042,Aomori Prefecture,3-1-15 Omagari Mutsu,,,http://www.tripadvisor.com/Hotel_Review-g1059452-d1103168-Reviews-Hikariso-Mutsu_Aomori_Prefecture_Tohoku.html
Mutsu Green Hotel,035-0033,Aomori Prefecture,1-2-8 Yokomukaimachi Mutsu,,,http://www.tripadvisor.com/Hotel_Review-g1059452-d1118453-Reviews-Mutsu_Green_Hotel-Mutsu_Aomori_Prefecture_Tohoku.html
Yunokawa Kanko Hotel,039-5201,Aomori Prefecture,66 Kawauchimachiyunokawa Mutsu,,,http://www.tripadvisor.com/Hotel_Review-g1059452-d1884618-Reviews-Yunokawa_Kanko_Hotel-Mutsu_Aomori_Prefecture_Tohoku.html
Ryokan Kawanoso,035-0055,Aomori Prefecture,1-12-13 Tomabucho Mutsu,,$,http://www.tripadvisor.com/Hotel_Review-g1059452-d1884622-Reviews-Ryokan_Kawanoso-Mutsu_Aomori_Prefecture_Tohoku.html
Wakinosawa Youth Hostel,032-5332,Aomori Prefecture,41 Wakinosawasenokawame Mutsu,,,http://www.tripadvisor.com/Hotel_Review-g1059452-d2325147-Reviews-Wakinosawa_Youth_Hostel-Mutsu_Aomori_Prefecture_Tohoku.html
Terashima Ryokan,039-5201,Aomori Prefecture,15 Kawauchimachi Mutsu,,,http://www.tripadvisor.com/Hotel_Review-g1059452-d2535678-Reviews-Terashima_Ryokan-Mutsu_Aomori_Prefecture_Tohoku.html
Yagen Onsen Furuhata Ryokan,039-4401,Aomori Prefecture,1 Ohatamachi Mutsu,,$$,http://www.tripadvisor.com/Hotel_Review-g1059452-d2537490-Reviews-Yagen_Onsen_Furuhata_Ryokan-Mutsu_Aomori_Prefecture_Tohoku.html
Spawood Kanko Hotel,039-5201,Aomori Prefecture,28 Kawauchimachi Itakozuka Mutsu,,,http://www.tripadvisor.com/Hotel_Review-g1059452-d6988907-Reviews-Spawood_Kanko_Hotel-Mutsu_Aomori_Prefecture_Tohoku.html
Aoi,039-4601,Aomori Prefecture,17-670 Omataira Oma Oma-machi,,$$$,http://www.tripadvisor.com/Hotel_Review-g1120412-d1147974-Reviews-Aoi-Oma_machi_Shimokita_gun_Aomori_Prefecture_Tohoku.html
Sun Hotel Ooma,039-4601,Aomori Prefecture,2 Okoppeshitamichi Oma-machi,,,http://www.tripadvisor.com/Hotel_Review-g1120412-d3462976-Reviews-Sun_Hotel_Ooma-Oma_machi_Shimokita_gun_Aomori_Prefecture_Tohoku.html
Marin House Kudo,039-4601,Aomori Prefecture,17-736 Omadaira Oma-machi,,,http://www.tripadvisor.com/Hotel_Review-g1120412-d4889387-Reviews-Marin_House_Kudo-Oma_machi_Shimokita_gun_Aomori_Prefecture_Tohoku.html
Kaikyo Hoyo Center,039-4601,Aomori Prefecture,48-1 Oma Oma-machi,,,http://www.tripadvisor.com/Hotel_Review-g1120412-d6628649-Reviews-Kaikyo_Hoyo_Center-Oma_machi_Shimokita_gun_Aomori_Prefecture_Tohoku.html
Saga Ryokan,039-4501,Aomori Prefecture,24 Shimofuro Kazamaura-mura,,$$,http://www.tripadvisor.com/Hotel_Review-g1120414-d1146662-Reviews-Saga_Ryokan-Kazamaura_mura_Shimokita_gun_Aomori_Prefecture_Tohoku.html
Hotel New Simofuro,039-4501,Aomori Prefecture,67-2 Simofuro Kazamaura-mura,,$$,http://www.tripadvisor.com/Hotel_Review-g1120414-d1146682-Reviews-Hotel_New_Simofuro-Kazamaura_mura_Shimokita_gun_Aomori_Prefecture_Tohoku.html
Maruhon Ryokan,039-4501,Aomori Prefecture,113 Shimofuro Kazamaura-mura,,$,http://www.tripadvisor.com/Hotel_Review-g1120414-d1146687-Reviews-Maruhon_Ryokan-Kazamaura_mura_Shimokita_gun_Aomori_Prefecture_Tohoku.html
Miuraya,039-4501,Aomori Prefecture,70 Shimofuro Kazamaura-mura,,$$$,http://www.tripadvisor.com/Hotel_Review-g1120414-d1146693-Reviews-Miuraya-Kazamaura_mura_Shimokita_gun_Aomori_Prefecture_Tohoku.html
Kadoya Ryokan,039-4501,Aomori Prefecture,81 Shimofuro Kazamaura-mura,,$,http://www.tripadvisor.com/Hotel_Review-g1120414-d1146698-Reviews-Kadoya_Ryokan-Kazamaura_mura_Shimokita_gun_Aomori_Prefecture_Tohoku.html
Tsubota Ryokan,039-4501,Aomori Prefecture,11 Shimofuro Ienojiri Kazamaura-mura,,$,http://www.tripadvisor.com/Hotel_Review-g1120414-d1146703-Reviews-Tsubota_Ryokan-Kazamaura_mura_Shimokita_gun_Aomori_Prefecture_Tohoku.html
Minshuku Mitsui,039-4501,Aomori Prefecture,9 Kaidozoe Shimofuro Kazamaura-mura,,,http://www.tripadvisor.com/Hotel_Review-g1120414-d1852945-Reviews-Minshuku_Mitsui-Kazamaura_mura_Shimokita_gun_Aomori_Prefecture_Tohoku.html
Shimofuro Marin Hotel,039-4501,Aomori Prefecture,Shimofuro Onsen Kazamaura-mura,,,http://www.tripadvisor.com/Hotel_Review-g1120414-d1857429-Reviews-Shimofuro_Marin_Hotel-Kazamaura_mura_Shimokita_gun_Aomori_Prefecture_Tohoku.html
Ryokan Satsukiso,039-4501,Aomori Prefecture,33 Shimofuro Kazamaura-mura,,,http://www.tripadvisor.com/Hotel_Review-g1120414-d1884659-Reviews-Ryokan_Satsukiso-Kazamaura_mura_Shimokita_gun_Aomori_Prefecture_Tohoku.html
Kaikyonoyado Hase Ryokan,039-4501,Aomori Prefecture,75 Shimofuro Kazamaura-mura,,,http://www.tripadvisor.com/Hotel_Review-g1120414-d1884662-Reviews-Kaikyonoyado_Hase_Ryokan-Kazamaura_mura_Shimokita_gun_Aomori_Prefecture_Tohoku.html
Minshuku Kasai,039-4501,Aomori Prefecture,"31-8 Kaidozoe, Shimofuro Kazamaura-mura",,,http://www.tripadvisor.com/Hotel_Review-g1120414-d2202416-Reviews-Minshuku_Kasai-Kazamaura_mura_Shimokita_gun_Aomori_Prefecture_Tohoku.html
Ogiya Ryokan,039-4501 ,Aomori Prefecture,65 Shimofuro Kazamaura-mura,,,http://www.tripadvisor.com/Hotel_Review-g1120414-d4005887-Reviews-Ogiya_Ryokan-Kazamaura_mura_Shimokita_gun_Aomori_Prefecture_Tohoku.html
Minshuku Miyano,039-4711,Aomori Prefecture,33-4 Sai Sai-mura,,,http://www.tripadvisor.com/Hotel_Review-g1120415-d1884665-Reviews-Minshuku_Miyano-Sai_mura_Shimokita_gun_Aomori_Prefecture_Tohoku.html
Kakumoto Ryokan,035-0113,Aomori Prefecture,112 Iwayaorai Higashidori-mura,,,http://www.tripadvisor.com/Hotel_Review-g1120413-d1884655-Reviews-Kakumoto_Ryokan-Higashidori_mura_Shimokita_gun_Aomori_Prefecture_Tohoku.html
Workers Hotel Atlas,039-4223,Aomori Prefecture,35-9 Odanosawa Higashidori-mura,,$,http://www.tripadvisor.com/Hotel_Review-g1120413-d2533736-Reviews-Workers_Hotel_Atlas-Higashidori_mura_Shimokita_gun_Aomori_Prefecture_Tohoku.html
Sakata Ryokan,037-0305,Aomori Prefecture,"409-1 Kameyama, Nakasato Nakadomari-machi",,,http://www.tripadvisor.com/Hotel_Review-g1120933-d1877089-Reviews-Sakata_Ryokan-Nakadomari_machi_Kitatsugaru_gun_Aomori_Prefecture_Tohoku.html
Takenoyu Onsen,637-0521,Aomori Prefecture,51-8_Kodomariorito Nakadomari-machi,,,http://www.tripadvisor.com/Hotel_Review-g1120933-d1883858-Reviews-Takenoyu_Onsen-Nakadomari_machi_Kitatsugaru_gun_Aomori_Prefecture_Tohoku.html
