Hotel Fujita Fukui,910-0005,Fukui Prefecture,3-12-20 Ote Fukui,354,$,http://www.tripadvisor.com/Hotel_Review-g298110-d583619-Reviews-Hotel_Fujita_Fukui-Fukui_Fukui_Prefecture_Chubu.html
Apa Hotel Fukui Katamachi,910-0023,Fukui Prefecture,1-16-7 Junka Fukui,247,$,http://www.tripadvisor.com/Hotel_Review-g298110-d628482-Reviews-Apa_Hotel_Fukui_Katamachi-Fukui_Fukui_Prefecture_Chubu.html
Aoi Kaikan,910-0004,Fukui Prefecture,3-8-1 Hoei Fukui,,,http://www.tripadvisor.com/Hotel_Review-g298110-d1078015-Reviews-Aoi_Kaikan-Fukui_Fukui_Prefecture_Chubu.html
Ace Inn Fukui,910-0006,Fukui Prefecture,3-4-20 Chuo Fukui,,$,http://www.tripadvisor.com/Hotel_Review-g298110-d1078522-Reviews-Ace_Inn_Fukui-Fukui_Fukui_Prefecture_Chubu.html
Fukui Palace Hotel,910-0023,Fukui Prefecture,1-5-18 Junka Fukui,94,$,http://www.tripadvisor.com/Hotel_Review-g298110-d1078526-Reviews-Fukui_Palace_Hotel-Fukui_Fukui_Prefecture_Chubu.html
Fukui Palace Inn,910-0023,Fukui Prefecture,1-12-17 Junka Fukui,,$,http://www.tripadvisor.com/Hotel_Review-g298110-d1078527-Reviews-Fukui_Palace_Inn-Fukui_Fukui_Prefecture_Chubu.html
Fukui Plaza Hotel,910-0005,Fukui Prefecture,2-6-5 Ote Fukui,,$,http://www.tripadvisor.com/Hotel_Review-g298110-d1078528-Reviews-Fukui_Plaza_Hotel-Fukui_Fukui_Prefecture_Chubu.html
Hinode Ryokan,910-0017,Fukui Prefecture,4-2-6 Bunkyo Fukui,,$,http://www.tripadvisor.com/Hotel_Review-g298110-d1078530-Reviews-Hinode_Ryokan-Fukui_Fukui_Prefecture_Chubu.html
Hotel Econo Fukui Ekimae,910-0859,Fukui Prefecture,1-1-17 Hinode Fukui,138,$,http://www.tripadvisor.com/Hotel_Review-g298110-d1078531-Reviews-Hotel_Econo_Fukui_Ekimae-Fukui_Fukui_Prefecture_Chubu.html
Fukuikan,910-0006,Fukui Prefecture,1-3-5 Chuo Fukui,,,http://www.tripadvisor.com/Hotel_Review-g298110-d1078533-Reviews-Fukuikan-Fukui_Fukui_Prefecture_Chubu.html
Fukui Castle,910-0005,Fukui Prefecture,2-19-5 Ote Fukui,,$,http://www.tripadvisor.com/Hotel_Review-g298110-d1078534-Reviews-Fukui_Castle-Fukui_Fukui_Prefecture_Chubu.html
Hotel Honjin,910-0005,Fukui Prefecture,2-21-4 Ote Fukui,,,http://www.tripadvisor.com/Hotel_Review-g298110-d1078535-Reviews-Hotel_Honjin-Fukui_Fukui_Prefecture_Chubu.html
Hotel Izumi,910-0006,Fukui Prefecture,2-2-24 Chuo Fukui,,,http://www.tripadvisor.com/Hotel_Review-g298110-d1078536-Reviews-Hotel_Izumi-Fukui_Fukui_Prefecture_Chubu.html
Nawaya,910-0006,Fukui Prefecture,3-11-28 Chuo Fukui,,,http://www.tripadvisor.com/Hotel_Review-g298110-d1078538-Reviews-Nawaya-Fukui_Fukui_Prefecture_Chubu.html
Hotel Riverge Akebono,910-0006,Fukui Prefecture,3-10-12 Chuo Fukui,142,$$,http://www.tripadvisor.com/Hotel_Review-g298110-d1078539-Reviews-Hotel_Riverge_Akebono-Fukui_Fukui_Prefecture_Chubu.html
Hotel Route Inn Fukui Owada,910-0802,Fukui Prefecture,32-15-1 Owadacho Fukui,126,$,http://www.tripadvisor.com/Hotel_Review-g298110-d1078540-Reviews-Hotel_Route_Inn_Fukui_Owada-Fukui_Fukui_Prefecture_Chubu.html
Hotel Sonosada,910-0006,Fukui Prefecture,2-3-26 Chuo Fukui,,$,http://www.tripadvisor.com/Hotel_Review-g298110-d1078541-Reviews-Hotel_Sonosada-Fukui_Fukui_Prefecture_Chubu.html
Kawajin Ryokan,918-8007,Fukui Prefecture,1-7-16 Asuwa Fukui,,$,http://www.tripadvisor.com/Hotel_Review-g298110-d1078542-Reviews-Kawajin_Ryokan-Fukui_Fukui_Prefecture_Chubu.html
Jinya,910-2153,Fukui Prefecture,8-40-2 Kidonouchi-cho Fukui,,$,http://www.tripadvisor.com/Hotel_Review-g298110-d1078543-Reviews-Jinya-Fukui_Fukui_Prefecture_Chubu.html
Shirahamaso,910-3372,Fukui Prefecture,2-1 Nishi Futatsuyacho Fukui,,$,http://www.tripadvisor.com/Hotel_Review-g298110-d1078544-Reviews-Shirahamaso-Fukui_Fukui_Prefecture_Chubu.html
Terminal Hotel Fukui,910-0859,Fukui Prefecture,1-18-1 Hinode Fukui,,$,http://www.tripadvisor.com/Hotel_Review-g298110-d1078548-Reviews-Terminal_Hotel_Fukui-Fukui_Fukui_Prefecture_Chubu.html
Yamauchi Ryokan,910-0857,Fukui Prefecture,1-8-25 Toyoshima Fukui,,$,http://www.tripadvisor.com/Hotel_Review-g298110-d1078549-Reviews-Yamauchi_Ryokan-Fukui_Fukui_Prefecture_Chubu.html
Yours Hotel Fukui,910-0006,Fukui Prefecture,1-4-8 Chuo Fukui,75,$,http://www.tripadvisor.com/Hotel_Review-g298110-d1078550-Reviews-Yours_Hotel_Fukui-Fukui_Fukui_Prefecture_Chubu.html
Echizen Mangetsu,910-3136 ,Fukui Prefecture,41-45-1 Kawashiricho Fukui,,$$$,http://www.tripadvisor.com/Hotel_Review-g298110-d1095456-Reviews-Echizen_Mangetsu-Fukui_Fukui_Prefecture_Chubu.html
Takasuso,910-3381,Fukui Prefecture,3-11-1 Minocho Fukui,,,http://www.tripadvisor.com/Hotel_Review-g298110-d1095461-Reviews-Takasuso-Fukui_Fukui_Prefecture_Chubu.html
Toyoko Inn Fukui Station,910-0005,Fukui Prefecture,2-1-1 Ote Fukui,,$,http://www.tripadvisor.com/Hotel_Review-g298110-d1095468-Reviews-Toyoko_Inn_Fukui_Station-Fukui_Fukui_Prefecture_Chubu.html
Banshokaku,910-0043,Fukui Prefecture,12-21 Shijutanicho Fukui,,$,http://www.tripadvisor.com/Hotel_Review-g298110-d1095483-Reviews-Banshokaku-Fukui_Fukui_Prefecture_Chubu.html
Mirakurutei,915-2523,Fukui Prefecture,38-2 Ichinamicho Fukui,,$,http://www.tripadvisor.com/Hotel_Review-g298110-d1095494-Reviews-Mirakurutei-Fukui_Fukui_Prefecture_Chubu.html
Yuyu,918-8026,Fukui Prefecture,2-1401 Fuchi Fukui,,$,http://www.tripadvisor.com/Hotel_Review-g298110-d1095501-Reviews-Yuyu-Fukui_Fukui_Prefecture_Chubu.html
Chisun Inn Fukui,910-0802 ,Fukui Prefecture,3-23 Owadacho Fukui,98,$,http://www.tripadvisor.com/Hotel_Review-g298110-d1095515-Reviews-Chisun_Inn_Fukui-Fukui_Fukui_Prefecture_Chubu.html
Hoei Ryokan,910-0004,Fukui Prefecture,3-7-16 Hoei Fukui,,$,http://www.tripadvisor.com/Hotel_Review-g298110-d1095519-Reviews-Hoei_Ryokan-Fukui_Fukui_Prefecture_Chubu.html
Echizen Seaside Hotel,910-3558,Fukui Prefecture,10-1 Yatsumatacho Fukui,,,http://www.tripadvisor.com/Hotel_Review-g298110-d1095543-Reviews-Echizen_Seaside_Hotel-Fukui_Fukui_Prefecture_Chubu.html
Ishimaru,910-3402 ,Fukui Prefecture,94-8-1 Ayukawacho Fukui,,$$$,http://www.tripadvisor.com/Hotel_Review-g298110-d1095566-Reviews-Ishimaru-Fukui_Fukui_Prefecture_Chubu.html
Yamacho,910-3135,Fukui Prefecture,23-40 Ryohashiyacho Fukui,,$$,http://www.tripadvisor.com/Hotel_Review-g298110-d1095569-Reviews-Yamacho-Fukui_Fukui_Prefecture_Chubu.html
Shiomiso,910-3372,Fukui Prefecture,1-5 Nishifutatsuyacho Fukui,,,http://www.tripadvisor.com/Hotel_Review-g298110-d1095577-Reviews-Shiomiso-Fukui_Fukui_Prefecture_Chubu.html
Sano Onsen,910-3121,Fukui Prefecture,14-8 Sanocho Fukui,,$$,http://www.tripadvisor.com/Hotel_Review-g298110-d1095580-Reviews-Sano_Onsen-Fukui_Fukui_Prefecture_Chubu.html
Fukui Academia Hotel,910-8505 ,Fukui Prefecture,1-1-22 Sugaya Fukui,51,$,http://www.tripadvisor.com/Hotel_Review-g298110-d1095606-Reviews-Fukui_Academia_Hotel-Fukui_Fukui_Prefecture_Chubu.html
Wel City Fukui,910-0858,Fukui Prefecture,2-1-5 Teyose Fukui,,,http://www.tripadvisor.com/Hotel_Review-g298110-d1095610-Reviews-Wel_City_Fukui-Fukui_Fukui_Prefecture_Chubu.html
Annex Hotel Fukui,910-0005,Fukui Prefecture,2-18-1 Ote Fukui,,$,http://www.tripadvisor.com/Hotel_Review-g298110-d1096889-Reviews-Annex_Hotel_Fukui-Fukui_Fukui_Prefecture_Chubu.html
Riverside Suzuya,918-8002,Fukui Prefecture,1-24 Sanaicho Fukui,,$,http://www.tripadvisor.com/Hotel_Review-g298110-d1096891-Reviews-Riverside_Suzuya-Fukui_Fukui_Prefecture_Chubu.html
Hotel Route Inn Fukui Ekimae,910-0005,Fukui Prefecture,2-1-14 Ote Fukui,162,$,http://www.tripadvisor.com/Hotel_Review-g298110-d1096893-Reviews-Hotel_Route_Inn_Fukui_Ekimae-Fukui_Fukui_Prefecture_Chubu.html
Fujita Ryokan,910-3404,Fukui Prefecture,51-20 Onyucho Fukui,,,http://www.tripadvisor.com/Hotel_Review-g298110-d1107147-Reviews-Fujita_Ryokan-Fukui_Fukui_Prefecture_Chubu.html
New Asakura,910-2152,Fukui Prefecture,14-5 Abakacho Fukui,,,http://www.tripadvisor.com/Hotel_Review-g298110-d1107151-Reviews-New_Asakura-Fukui_Fukui_Prefecture_Chubu.html
Hamanasu,910-3558,Fukui Prefecture,2-6 Yatsumatacho Fukui,,$,http://www.tripadvisor.com/Hotel_Review-g298110-d1107156-Reviews-Hamanasu-Fukui_Fukui_Prefecture_Chubu.html
Bird Green Hotel,910-0843,Fukui Prefecture,4-101-2 Nishikaihotsu Fukui,,,http://www.tripadvisor.com/Hotel_Review-g298110-d1107157-Reviews-Bird_Green_Hotel-Fukui_Fukui_Prefecture_Chubu.html
Tarumi,910-3554,Fukui Prefecture,1-2 Hamakitayamacho Fukui,,$$$,http://www.tripadvisor.com/Hotel_Review-g298110-d1107158-Reviews-Tarumi-Fukui_Fukui_Prefecture_Chubu.html
Aoba Ryokan,910-0019,Fukui Prefecture,2-21-5 Haruyama Fukui,,,http://www.tripadvisor.com/Hotel_Review-g298110-d1107160-Reviews-Aoba_Ryokan-Fukui_Fukui_Prefecture_Chubu.html
Kaneko Ryokan,910-0017,Fukui Prefecture,4-2-7 Bunkyo Fukui,,$,http://www.tripadvisor.com/Hotel_Review-g298110-d1107162-Reviews-Kaneko_Ryokan-Fukui_Fukui_Prefecture_Chubu.html
Echizen Unkai,910-3385,Fukui Prefecture,15-10 Kitasugocho Fukui,,$$,http://www.tripadvisor.com/Hotel_Review-g298110-d1107163-Reviews-Echizen_Unkai-Fukui_Fukui_Prefecture_Chubu.html
Icchorai,910-3556,Fukui Prefecture,1-1 Akasakacho Fukui,,$,http://www.tripadvisor.com/Hotel_Review-g298110-d1107164-Reviews-Icchorai-Fukui_Fukui_Prefecture_Chubu.html
Umi Ryokan,910-3553,Fukui Prefecture,15-4-1 Gamocho Fukui,,$$,http://www.tripadvisor.com/Hotel_Review-g298110-d1107217-Reviews-Umi_Ryokan-Fukui_Fukui_Prefecture_Chubu.html
Minshuku Aratani,910-3136,Fukui Prefecture,41-74 Kawashiricho Fukui,,,http://www.tripadvisor.com/Hotel_Review-g298110-d1107218-Reviews-Minshuku_Aratani-Fukui_Fukui_Prefecture_Chubu.html
Kochousou,910-3558,Fukui Prefecture,67-2 Yatsumatacho Fukui,,$$$,http://www.tripadvisor.com/Hotel_Review-g298110-d1107222-Reviews-Kochousou-Fukui_Fukui_Prefecture_Chubu.html
Community Resort Relaim,910-0841,Fukui Prefecture,6-6-1 Kaihotsucho Fukui,,$,http://www.tripadvisor.com/Hotel_Review-g298110-d1107226-Reviews-Community_Resort_Relaim-Fukui_Fukui_Prefecture_Chubu.html
Uminoyado Yamaneya,910-3378,Fukui Prefecture,35-111 Mendoricho Fukui,,$$$,http://www.tripadvisor.com/Hotel_Review-g298110-d1107227-Reviews-Uminoyado_Yamaneya-Fukui_Fukui_Prefecture_Chubu.html
Business Ryokan Tsururoku,918-8003,Fukui Prefecture,1-1-3 Keya Fukui,,,http://www.tripadvisor.com/Hotel_Review-g298110-d1107229-Reviews-Business_Ryokan_Tsururoku-Fukui_Fukui_Prefecture_Chubu.html
Sengokubune,910-3553,Fukui Prefecture,16-7-1 Gamocho Fukui,,,http://www.tripadvisor.com/Hotel_Review-g298110-d1107232-Reviews-Sengokubune-Fukui_Fukui_Prefecture_Chubu.html
Hotel Asahi,910-0005　,Fukui Prefecture,2-14-13 Ote Fukui,,,http://www.tripadvisor.com/Hotel_Review-g298110-d1133987-Reviews-Hotel_Asahi-Fukui_Fukui_Prefecture_Chubu.html
Kanpo no Yado Fukui,918-8026,Fukui Prefecture,43-17 Fuchimachi Fukui,,$,http://www.tripadvisor.com/Hotel_Review-g298110-d1777665-Reviews-Kanpo_no_Yado_Fukui-Fukui_Fukui_Prefecture_Chubu.html
Hotel Mezakura,910-0858,Fukui Prefecture,1-11-26 Teyose Fukui,,$,http://www.tripadvisor.com/Hotel_Review-g298110-d1863101-Reviews-Hotel_Mezakura-Fukui_Fukui_Prefecture_Chubu.html
Fukui Central Hotel,910-0006,Fukui Prefecture,1-11-2 Chuo Fukui,,$,http://www.tripadvisor.com/Hotel_Review-g298110-d1875710-Reviews-Fukui_Central_Hotel-Fukui_Fukui_Prefecture_Chubu.html
Tsukimi Ryokan,918-8011,Fukui Prefecture,2-5-12 Tsukimi Fukui,,$,http://www.tripadvisor.com/Hotel_Review-g298110-d1875713-Reviews-Tsukimi_Ryokan-Fukui_Fukui_Prefecture_Chubu.html
Adonis Fukui,910-0859,Fukui Prefecture,2-2-3 Hinode Fukui,,,http://www.tripadvisor.com/Hotel_Review-g298110-d1875716-Reviews-Adonis_Fukui-Fukui_Fukui_Prefecture_Chubu.html
Yoshikyo,910-3378,Fukui Prefecture,18-1 Mendoricho Fukui,,,http://www.tripadvisor.com/Hotel_Review-g298110-d1876930-Reviews-Yoshikyo-Fukui_Fukui_Prefecture_Chubu.html
Koroen,910-0006,Fukui Prefecture,3-8-16 Chuo Fukui,,$,http://www.tripadvisor.com/Hotel_Review-g298110-d1876933-Reviews-Koroen-Fukui_Fukui_Prefecture_Chubu.html
Sukatto Land Kuzuryu,910-0041,Fukui Prefecture,3-10 Amasugocho Fukui,,$,http://www.tripadvisor.com/Hotel_Review-g298110-d2258802-Reviews-Sukatto_Land_Kuzuryu-Fukui_Fukui_Prefecture_Chubu.html
Fukuiken Seinenkan,910-0005,Fukui Prefecture,3-11-17 Ote Fukui,,,http://www.tripadvisor.com/Hotel_Review-g298110-d3199874-Reviews-Fukuiken_Seinenkan-Fukui_Fukui_Prefecture_Chubu.html
Town Hotel Fukui,910-0023,Fukui Prefecture,1-14-7 Junka Fukui,,$,http://www.tripadvisor.com/Hotel_Review-g298110-d3568970-Reviews-Town_Hotel_Fukui-Fukui_Fukui_Prefecture_Chubu.html
Fukui Phoenix Hotel,910-0005,Fukui Prefecture,2-4-18 Ote Fukui,87,$,http://www.tripadvisor.com/Hotel_Review-g298110-d4340902-Reviews-Fukui_Phoenix_Hotel-Fukui_Fukui_Prefecture_Chubu.html
Kodama Ryokan,910-3552,Fukui Prefecture,13-113 Gumizakicho Fukui,,$,http://www.tripadvisor.com/Hotel_Review-g298110-d4340925-Reviews-Kodama_Ryokan-Fukui_Fukui_Prefecture_Chubu.html
Grandia Hosen,910-4193,Fukui Prefecture,43-26 Funatsu Awara,113,$$,http://www.tripadvisor.com/Hotel_Review-g1021158-d654197-Reviews-Grandia_Hosen-Awara_Fukui_Prefecture_Chubu.html
Tenryu,910-4104,Fukui Prefecture,5-1525 Onsen Awara,,$,http://www.tripadvisor.com/Hotel_Review-g1021158-d1028683-Reviews-Tenryu-Awara_Fukui_Prefecture_Chubu.html
Mimatsu,910-4105,Fukui Prefecture,26-10 Funatsu Awara,,$$,http://www.tripadvisor.com/Hotel_Review-g1021158-d1028801-Reviews-Mimatsu-Awara_Fukui_Prefecture_Chubu.html
Kadoso,910-4104,Fukui Prefecture,1-305 Onsen Awara,,,http://www.tripadvisor.com/Hotel_Review-g1021158-d1028920-Reviews-Kadoso-Awara_Fukui_Prefecture_Chubu.html
Minoya Taiheikaku,910-4105,Fukui Prefecture,50-1-1 Funatsu Awara,,$$,http://www.tripadvisor.com/Hotel_Review-g1021158-d1028936-Reviews-Minoya_Taiheikaku-Awara_Fukui_Prefecture_Chubu.html
Yumeya Hanatsukushi,910-4103,Fukui Prefecture,2-18-19_Futaomote Awara,,$$,http://www.tripadvisor.com/Hotel_Review-g1021158-d1028954-Reviews-Yumeya_Hanatsukushi-Awara_Fukui_Prefecture_Chubu.html
Ryotei Yusen,910-4103,Fukui Prefecture,48-10 Futaomote Awara,,,http://www.tripadvisor.com/Hotel_Review-g1021158-d1028963-Reviews-Ryotei_Yusen-Awara_Fukui_Prefecture_Chubu.html
Yoshino Ryokan,910-4103,Fukui Prefecture,4-103 Futaomote Awara,,,http://www.tripadvisor.com/Hotel_Review-g1021158-d1028973-Reviews-Yoshino_Ryokan-Awara_Fukui_Prefecture_Chubu.html
Beniya,910-4104,Fukui Prefecture,4-510 Onsen Awara,,$$$$,http://www.tripadvisor.com/Hotel_Review-g1021158-d1028988-Reviews-Beniya-Awara_Fukui_Prefecture_Chubu.html
Only You,919-0628,Fukui Prefecture,2-36-22 Oomizo Awara,,,http://www.tripadvisor.com/Hotel_Review-g1021158-d1028994-Reviews-Only_You-Awara_Fukui_Prefecture_Chubu.html
Ryusen,910-4104,Fukui Prefecture,3-402 Onsen Awara,,$,http://www.tripadvisor.com/Hotel_Review-g1021158-d1029000-Reviews-Ryusen-Awara_Fukui_Prefecture_Chubu.html
Seiryukaku,910-4127,Fukui Prefecture,1-102 Nishionsen Awara,38,$,http://www.tripadvisor.com/Hotel_Review-g1021158-d1029013-Reviews-Seiryukaku-Awara_Fukui_Prefecture_Chubu.html
Awara Grand Hotel,910-4104,Fukui Prefecture,4-2 Onsen Awara,,$,http://www.tripadvisor.com/Hotel_Review-g1021158-d1029021-Reviews-Awara_Grand_Hotel-Awara_Fukui_Prefecture_Chubu.html
Yuraku Hotel,910-4105,Fukui Prefecture,2-15 Funatsu Awara,,$,http://www.tripadvisor.com/Hotel_Review-g1021158-d1030610-Reviews-Yuraku_Hotel-Awara_Fukui_Prefecture_Chubu.html
Wakatsuki,910-4104,Fukui Prefecture,5-702 Onsen Awara,,,http://www.tripadvisor.com/Hotel_Review-g1021158-d1030642-Reviews-Wakatsuki-Awara_Fukui_Prefecture_Chubu.html
Wakatakeso,910-4125,Fukui Prefecture,1-55 Horiejuraku Awara,,$$,http://www.tripadvisor.com/Hotel_Review-g1021158-d1030649-Reviews-Wakatakeso-Awara_Fukui_Prefecture_Chubu.html
Miyuki,910-4104,Fukui Prefecture,1-601 Onsen Awara,,,http://www.tripadvisor.com/Hotel_Review-g1021158-d1030679-Reviews-Miyuki-Awara_Fukui_Prefecture_Chubu.html
Haiya,910-4104,Fukui Prefecture,2-205 Onsen Awara,,$$$,http://www.tripadvisor.com/Hotel_Review-g1021158-d1074259-Reviews-Haiya-Awara_Fukui_Prefecture_Chubu.html
Hakuwaso,910-4104,Fukui Prefecture,5-1201 Onsen Awara,,$$,http://www.tripadvisor.com/Hotel_Review-g1021158-d1074263-Reviews-Hakuwaso-Awara_Fukui_Prefecture_Chubu.html
Fukuju,910-4104,Fukui Prefecture,4-801 Onsen Awara,,$$,http://www.tripadvisor.com/Hotel_Review-g1021158-d1074266-Reviews-Fukuju-Awara_Fukui_Prefecture_Chubu.html
Tsuruya,910-4104,Fukui Prefecture,4-601 Onsen Awara,,$$$$,http://www.tripadvisor.com/Hotel_Review-g1021158-d1074278-Reviews-Tsuruya-Awara_Fukui_Prefecture_Chubu.html
Seifuso,910-4104,Fukui Prefecture,3-803 Onsen Awara,,$,http://www.tripadvisor.com/Hotel_Review-g1021158-d1078551-Reviews-Seifuso-Awara_Fukui_Prefecture_Chubu.html
Hotel Eight,919-0726,Fukui Prefecture,30-46 Sasaoka Awara,,,http://www.tripadvisor.com/Hotel_Review-g1021158-d1096875-Reviews-Hotel_Eight-Awara_Fukui_Prefecture_Chubu.html
Seiunkaku,910-4103,Fukui Prefecture,68-1 Futaomote Awara,,$$,http://www.tripadvisor.com/Hotel_Review-g1021158-d1096884-Reviews-Seiunkaku-Awara_Fukui_Prefecture_Chubu.html
Hasegawa,910-4103,Fukui Prefecture,48-14 Futaomote Awara,,$$,http://www.tripadvisor.com/Hotel_Review-g1021158-d1107128-Reviews-Hasegawa-Awara_Fukui_Prefecture_Chubu.html
Hotel Glover-Tei,910-4124,Fukui Prefecture,8-1 Tanakanaka Awara,,$,http://www.tripadvisor.com/Hotel_Review-g1021158-d1107129-Reviews-Hotel_Glover_Tei-Awara_Fukui_Prefecture_Chubu.html
Minshuku Chiyomatsuso,910-4127,Fukui Prefecture,1-105 Nishionsen Awara,,$,http://www.tripadvisor.com/Hotel_Review-g1021158-d1107132-Reviews-Minshuku_Chiyomatsuso-Awara_Fukui_Prefecture_Chubu.html
Rosensou,910-4125,Fukui Prefecture,1-10 Horiejuraku Awara,,$$,http://www.tripadvisor.com/Hotel_Review-g1021158-d1107133-Reviews-Rosensou-Awara_Fukui_Prefecture_Chubu.html
Jinsentei,910-4103,Fukui Prefecture,38-16 Futaomote Awara,,,http://www.tripadvisor.com/Hotel_Review-g1021158-d1107134-Reviews-Jinsentei-Awara_Fukui_Prefecture_Chubu.html
Matsuya Sensen,910-4196　,Fukui Prefecture,31-24 Funatsu Awara,120,$$,http://www.tripadvisor.com/Hotel_Review-g1021158-d1116300-Reviews-Matsuya_Sensen-Awara_Fukui_Prefecture_Chubu.html
Hotel Yagi,910-4104,Fukui Prefecture,"4-418 Onsen, Awara",73,$$,http://www.tripadvisor.com/Hotel_Review-g1021158-d1233023-Reviews-Hotel_Yagi-Awara_Fukui_Prefecture_Chubu.html
Lakeside Kitagatakonanso,910-4272,Fukui Prefecture,211 Kitagata Awara,,$$,http://www.tripadvisor.com/Hotel_Review-g1021158-d1520456-Reviews-Lakeside_Kitagatakonanso-Awara_Fukui_Prefecture_Chubu.html
Ashiwara Hoyojo Koshiji,910-4121,Fukui Prefecture,2-201 Higashionsen Awara,,$,http://www.tripadvisor.com/Hotel_Review-g1021158-d1520461-Reviews-Ashiwara_Hoyojo_Koshiji-Awara_Fukui_Prefecture_Chubu.html
Minshuku Yagi,910-4105,Fukui Prefecture,31-9-1 Funatsu Awara,,,http://www.tripadvisor.com/Hotel_Review-g1021158-d2026653-Reviews-Minshuku_Yagi-Awara_Fukui_Prefecture_Chubu.html
Oedo Onsen Awara,910-4103 ,Fukui Prefecture,48-10 Futaomote Awara,,$$,http://www.tripadvisor.com/Hotel_Review-g1021158-d3681755-Reviews-Oedo_Onsen_Awara-Awara_Fukui_Prefecture_Chubu.html
Sakaesou,915-1114 ,Fukui Prefecture,222-29 Nuka Minamiechizen-cho,,,http://www.tripadvisor.com/Hotel_Review-g1121169-d1129555-Reviews-Sakaesou-Minamiechizen_cho_Nanjo_gun_Fukui_Prefecture_Chubu.html
Uminoyado Sahei,915-1114,Fukui Prefecture,12-21 Nuka Minamiechizen-cho,,$$,http://www.tripadvisor.com/Hotel_Review-g1121169-d1129572-Reviews-Uminoyado_Sahei-Minamiechizen_cho_Nanjo_gun_Fukui_Prefecture_Chubu.html
Hotel Sun Ichiko,915-1114,Fukui Prefecture,5-2-1 Nuka Minamiechizen-cho,,,http://www.tripadvisor.com/Hotel_Review-g1121169-d1520465-Reviews-Hotel_Sun_Ichiko-Minamiechizen_cho_Nanjo_gun_Fukui_Prefecture_Chubu.html
Retreat Takura,919-0116,Fukui Prefecture,59-52 Furuki Minamiechizen-cho,,,http://www.tripadvisor.com/Hotel_Review-g1121169-d1520466-Reviews-Retreat_Takura-Minamiechizen_cho_Nanjo_gun_Fukui_Prefecture_Chubu.html
Somayama,919-0214,Fukui Prefecture,60-1 Nakagoya Minamiechizen-cho,,$,http://www.tripadvisor.com/Hotel_Review-g1121169-d1520467-Reviews-Somayama-Minamiechizen_cho_Nanjo_gun_Fukui_Prefecture_Chubu.html
Hotel Hamaya,915-1114,Fukui Prefecture,12-9 Nuka Minamiechizen-cho,,$$,http://www.tripadvisor.com/Hotel_Review-g1121169-d1520469-Reviews-Hotel_Hamaya-Minamiechizen_cho_Nanjo_gun_Fukui_Prefecture_Chubu.html
Minshuku Yoriki,915-1114,Fukui Prefecture,106-1-11 Nuka Minamiechizen-cho,,$$$,http://www.tripadvisor.com/Hotel_Review-g1121169-d1577286-Reviews-Minshuku_Yoriki-Minamiechizen_cho_Nanjo_gun_Fukui_Prefecture_Chubu.html
Yamahisa,915-1114,Fukui Prefecture,106-1-21 Nuka Minamiechizen-cho,,,http://www.tripadvisor.com/Hotel_Review-g1121169-d1627683-Reviews-Yamahisa-Minamiechizen_cho_Nanjo_gun_Fukui_Prefecture_Chubu.html
Aoki,915-1114,Fukui Prefecture,Nagashima Nuka Minamiechizen-cho,,$$$,http://www.tripadvisor.com/Hotel_Review-g1121169-d1875515-Reviews-Aoki-Minamiechizen_cho_Nanjo_gun_Fukui_Prefecture_Chubu.html
Shimizu,915-1114,Fukui Prefecture,11-5-1 Nuka Minamiechizen-cho,,,http://www.tripadvisor.com/Hotel_Review-g1121169-d1875523-Reviews-Shimizu-Minamiechizen_cho_Nanjo_gun_Fukui_Prefecture_Chubu.html
Seikaikan,915-1114,Fukui Prefecture,12-31 Nuka Minamiechizen-cho,,,http://www.tripadvisor.com/Hotel_Review-g1121169-d1875528-Reviews-Seikaikan-Minamiechizen_cho_Nanjo_gun_Fukui_Prefecture_Chubu.html
Minsyuku izumi,915-1114,Fukui Prefecture,106-1-26 Nuka Minamiechizen-cho,,$$$,http://www.tripadvisor.com/Hotel_Review-g1121169-d1924234-Reviews-Minsyuku_izumi-Minamiechizen_cho_Nanjo_gun_Fukui_Prefecture_Chubu.html
Business Hotel Suisen,914-0057,Fukui Prefecture,5-3 Hiraki-cho Tsuruga,,$,http://www.tripadvisor.com/Hotel_Review-g1021151-d1076096-Reviews-Business_Hotel_Suisen-Tsuruga_Fukui_Prefecture_Chubu.html
Green Plaza Hotel,914-0051,Fukui Prefecture,1-1-27 Hon-machi Tsuruga,23,$$,http://www.tripadvisor.com/Hotel_Review-g1021151-d1076097-Reviews-Green_Plaza_Hotel-Tsuruga_Fukui_Prefecture_Chubu.html
Hotel Alpha-One Tsuruga,914-0811,Fukui Prefecture,1-6-2 Chuo-cho Tsuruga,,$,http://www.tripadvisor.com/Hotel_Review-g1021151-d1076098-Reviews-Hotel_Alpha_One_Tsuruga-Tsuruga_Fukui_Prefecture_Chubu.html
Hotel Alpha-One Tsuruga-Bypass,914-0045,Fukui Prefecture,1-1-1 Kotakari Tsuruga,,$,http://www.tripadvisor.com/Hotel_Review-g1021151-d1076102-Reviews-Hotel_Alpha_One_Tsuruga_Bypass-Tsuruga_Fukui_Prefecture_Chubu.html
Hotel Select Inn Tsuruga,914-0121,Fukui Prefecture,15-8-12 Nogami Tsuruga,50,$,http://www.tripadvisor.com/Hotel_Review-g1021151-d1076103-Reviews-Hotel_Select_Inn_Tsuruga-Tsuruga_Fukui_Prefecture_Chubu.html
Kitaguni Grand Hotel,914-0028,Fukui Prefecture,80-1-3 Naka Tsuruga,49,$$,http://www.tripadvisor.com/Hotel_Review-g1021151-d1076106-Reviews-Kitaguni_Grand_Hotel-Tsuruga_Fukui_Prefecture_Chubu.html
Chobei,914-0834,Fukui Prefecture,43-3 Nago Tsuruga,,$,http://www.tripadvisor.com/Hotel_Review-g1021151-d1095246-Reviews-Chobei-Tsuruga_Fukui_Prefecture_Chubu.html
Annex Tsuruya,914-0051,Fukui Prefecture,2-10-21 Honmachi Tsuruga,,$,http://www.tripadvisor.com/Hotel_Review-g1021151-d1096852-Reviews-Annex_Tsuruya-Tsuruga_Fukui_Prefecture_Chubu.html
Hotel Tsuruya,914-0056,Fukui Prefecture,2-1-5 Tsunai-cho Tsuruga,,$,http://www.tripadvisor.com/Hotel_Review-g1021151-d1096853-Reviews-Hotel_Tsuruya-Tsuruga_Fukui_Prefecture_Chubu.html
Echizen Kirakuya,914-0262,Fukui Prefecture,32-7 Ohida Tsuruga,,,http://www.tripadvisor.com/Hotel_Review-g1021151-d1096854-Reviews-Echizen_Kirakuya-Tsuruga_Fukui_Prefecture_Chubu.html
Hotel Route Inn Tsuruga Ekimae,914-0055,Fukui Prefecture,1-6-2 Kanawacho Tsuruga,185,$,http://www.tripadvisor.com/Hotel_Review-g1021151-d1096856-Reviews-Hotel_Route_Inn_Tsuruga_Ekimae-Tsuruga_Fukui_Prefecture_Chubu.html
Business Hotel Yamagata,914-0054,Fukui Prefecture,5-30 Shirogane-cho Tsuruga,,$,http://www.tripadvisor.com/Hotel_Review-g1021151-d1096857-Reviews-Business_Hotel_Yamagata-Tsuruga_Fukui_Prefecture_Chubu.html
Chomochiya,914-0264,Fukui Prefecture,3-5 Suizu Tsuruga,,,http://www.tripadvisor.com/Hotel_Review-g1021151-d1107084-Reviews-Chomochiya-Tsuruga_Fukui_Prefecture_Chubu.html
Echizen Tsuruga,914-0845,Fukui Prefecture,22 Te Tsuruga,,,http://www.tripadvisor.com/Hotel_Review-g1021151-d1107087-Reviews-Echizen_Tsuruga-Tsuruga_Fukui_Prefecture_Chubu.html
Echizen Resort Inn Suizu,914-0264,Fukui Prefecture,6-1-3 Suizu Tsuruga,,,http://www.tripadvisor.com/Hotel_Review-g1021151-d1107089-Reviews-Echizen_Resort_Inn_Suizu-Tsuruga_Fukui_Prefecture_Chubu.html
New Sunpia Tsuruga,914-0813,Fukui Prefecture,1-2 Kurehacho Tsuruga,,$,http://www.tripadvisor.com/Hotel_Review-g1021151-d1107092-Reviews-New_Sunpia_Tsuruga-Tsuruga_Fukui_Prefecture_Chubu.html
Hotel Nakama,914-0812,Fukui Prefecture,2-20-23 Showacho Tsuruga,,,http://www.tripadvisor.com/Hotel_Review-g1021151-d1107093-Reviews-Hotel_Nakama-Tsuruga_Fukui_Prefecture_Chubu.html
Abuhei Ryokan,914-0062,Fukui Prefecture,21-30 Aioicho Tsuruga,,,http://www.tripadvisor.com/Hotel_Review-g1021151-d1107094-Reviews-Abuhei_Ryokan-Tsuruga_Fukui_Prefecture_Chubu.html
Kawabatasou,914-0845,Fukui Prefecture,6-2 Te Tsuruga,,,http://www.tripadvisor.com/Hotel_Review-g1021151-d1107097-Reviews-Kawabatasou-Tsuruga_Fukui_Prefecture_Chubu.html
Minshuku Nagano,914-0801,Fukui Prefecture,20-10 Matsushimacho Tsuruga,,,http://www.tripadvisor.com/Hotel_Review-g1021151-d1107098-Reviews-Minshuku_Nagano-Tsuruga_Fukui_Prefecture_Chubu.html
Business Hotel Takagi,914-0054,Fukui Prefecture,5-28 Shiroganecho Tsuruga,,$,http://www.tripadvisor.com/Hotel_Review-g1021151-d1107099-Reviews-Business_Hotel_Takagi-Tsuruga_Fukui_Prefecture_Chubu.html
Uohei,914-0815,Fukui Prefecture,19-18 Heiwacho Tsuruga,,,http://www.tripadvisor.com/Hotel_Review-g1021151-d1107100-Reviews-Uohei-Tsuruga_Fukui_Prefecture_Chubu.html
Matsubara Ryokan,914-0806,Fukui Prefecture,7-14 Matsubaracho Tsuruga,,,http://www.tripadvisor.com/Hotel_Review-g1021151-d1107101-Reviews-Matsubara_Ryokan-Tsuruga_Fukui_Prefecture_Chubu.html
Business Ryokan Nakajima,914-0121,Fukui Prefecture,1-36 Nogami Tsuruga,,,http://www.tripadvisor.com/Hotel_Review-g1021151-d1107102-Reviews-Business_Ryokan_Nakajima-Tsuruga_Fukui_Prefecture_Chubu.html
Ryokan Mizushima,914-0844,Fukui Prefecture,27-5-3 Irogahama Tsuruga,,$$,http://www.tripadvisor.com/Hotel_Review-g1021151-d1107103-Reviews-Ryokan_Mizushima-Tsuruga_Fukui_Prefecture_Chubu.html
Tsuruga Kanko Hotel,914-0066 ,Fukui Prefecture,2-8 Kawasakicho Tsuruga,38,$$,http://www.tripadvisor.com/Hotel_Review-g1021151-d1107716-Reviews-Tsuruga_Kanko_Hotel-Tsuruga_Fukui_Prefecture_Chubu.html
Toyoko Inn Tsuruga ekimae,914-0054,Fukui Prefecture,5-20 Shirogane-cho Tsuruga,,$,http://www.tripadvisor.com/Hotel_Review-g1021151-d1497110-Reviews-Toyoko_Inn_Tsuruga_ekimae-Tsuruga_Fukui_Prefecture_Chubu.html
Business Hotel Cuore,914-0045,Fukui Prefecture,16-7-1 Kotakari Tsuruga,120,$,http://www.tripadvisor.com/Hotel_Review-g1021151-d1520455-Reviews-Business_Hotel_Cuore-Tsuruga_Fukui_Prefecture_Chubu.html
Beach Conver,914-0844,Fukui Prefecture,22-4-3 Irohama Tsuruga,,$,http://www.tripadvisor.com/Hotel_Review-g1021151-d1875471-Reviews-Beach_Conver-Tsuruga_Fukui_Prefecture_Chubu.html
Tsuruga Manten Hotel Ekimae,914-0059,Fukui Prefecture,401-4 Kunihirocho Tsuruga,143,$,http://www.tripadvisor.com/Hotel_Review-g1021151-d2258800-Reviews-Tsuruga_Manten_Hotel_Ekimae-Tsuruga_Fukui_Prefecture_Chubu.html
Minshuku Denbeiso,914-0833,Fukui Prefecture,29-14-2 Noma Tsuruga,,$,http://www.tripadvisor.com/Hotel_Review-g1021151-d2542104-Reviews-Minshuku_Denbeiso-Tsuruga_Fukui_Prefecture_Chubu.html
Nakai,914-0844,Fukui Prefecture,30-6 Irohama Tsuruga,,$$,http://www.tripadvisor.com/Hotel_Review-g1021151-d3197743-Reviews-Nakai-Tsuruga_Fukui_Prefecture_Chubu.html
Business Hotel Sweet Pea,914-0054,Fukui Prefecture,5-29 Shiroganecho Tsuruga,,$,http://www.tripadvisor.com/Hotel_Review-g1021151-d4721317-Reviews-Business_Hotel_Sweet_Pea-Tsuruga_Fukui_Prefecture_Chubu.html
Takefu Palace Hotel,915-0071,Fukui Prefecture,1-2-3 Fuchu Echizen,,$$,http://www.tripadvisor.com/Hotel_Review-g1021159-d1074279-Reviews-Takefu_Palace_Hotel-Echizen_Fukui_Prefecture_Chubu.html
Yurari,915-0876,Fukui Prefecture,68-8 Shirosaki-cho Echizen,,$,http://www.tripadvisor.com/Hotel_Review-g1021159-d1095431-Reviews-Yurari-Echizen_Fukui_Prefecture_Chubu.html
Hotel Akaboshitei,915-0816　,Fukui Prefecture,2-3-22 Komatsu Echizen,,$,http://www.tripadvisor.com/Hotel_Review-g1021159-d1095433-Reviews-Hotel_Akaboshitei-Echizen_Fukui_Prefecture_Chubu.html
Prince Hotel Takefu,915-0094,Fukui Prefecture,39-8-3 Yokoichicho Echizen,,$,http://www.tripadvisor.com/Hotel_Review-g1021159-d1095435-Reviews-Prince_Hotel_Takefu-Echizen_Fukui_Prefecture_Chubu.html
Kyomachi Hashimoto Roykan,915-0813,Fukui Prefecture,1-5-11 Kyomachi Echizen,,,http://www.tripadvisor.com/Hotel_Review-g1021159-d1875488-Reviews-Kyomachi_Hashimoto_Roykan-Echizen_Fukui_Prefecture_Chubu.html
Tamagawa View Hotel,916-0304,Fukui Prefecture,19-30 Tamagawa Echizen-cho,,,http://www.tripadvisor.com/Hotel_Review-g1121170-d1123739-Reviews-Tamagawa_View_Hotel-Echizen_cho_Nyu_gun_Fukui_Prefecture_Chubu.html
Atarashiya Ryokan,916-0302,Fukui Prefecture,4-14 So Echizen-cho,,$,http://www.tripadvisor.com/Hotel_Review-g1121170-d1129598-Reviews-Atarashiya_Ryokan-Echizen_cho_Nyu_gun_Fukui_Prefecture_Chubu.html
Onishi,916-0426,Fukui Prefecture,62-52-2 Komeno Echizen-cho,,$,http://www.tripadvisor.com/Hotel_Review-g1121170-d1129605-Reviews-Onishi-Echizen_cho_Nyu_gun_Fukui_Prefecture_Chubu.html
Araki,916-0422　,Fukui Prefecture,25-22 Kuriya Echizen-cho,,$$,http://www.tripadvisor.com/Hotel_Review-g1121170-d1129611-Reviews-Araki-Echizen_cho_Nyu_gun_Fukui_Prefecture_Chubu.html
Echizenno Yado Uotake,916-0422,Fukui Prefecture,17-83 Kuriya Echizen-cho,,$$$,http://www.tripadvisor.com/Hotel_Review-g1121170-d1129618-Reviews-Echizenno_Yado_Uotake-Echizen_cho_Nyu_gun_Fukui_Prefecture_Chubu.html
Iwamotoya,916-0304　,Fukui Prefecture,19-17 Tamagawa Echizen-cho,,$$$,http://www.tripadvisor.com/Hotel_Review-g1121170-d1129626-Reviews-Iwamotoya-Echizen_cho_Nyu_gun_Fukui_Prefecture_Chubu.html
Sushiichi,916-0272,Fukui Prefecture,7-5 Kashizu Echizen-cho,,$$$$,http://www.tripadvisor.com/Hotel_Review-g1121170-d1129639-Reviews-Sushiichi-Echizen_cho_Nyu_gun_Fukui_Prefecture_Chubu.html
Hidetake Ryokan,916-0304 ,Fukui Prefecture,39-22 Tamagawa Echizen-cho,,$$,http://www.tripadvisor.com/Hotel_Review-g1121170-d1129650-Reviews-Hidetake_Ryokan-Echizen_cho_Nyu_gun_Fukui_Prefecture_Chubu.html
Jinbei Ryokan,916-0304　,Fukui Prefecture,41-2-1 Tamagawa Echizen-cho,,$$,http://www.tripadvisor.com/Hotel_Review-g1121170-d1129661-Reviews-Jinbei_Ryokan-Echizen_cho_Nyu_gun_Fukui_Prefecture_Chubu.html
Kaigetsu Ryokan,916-0426　,Fukui Prefecture,52-23-2 Komeno Echizen-cho,,,http://www.tripadvisor.com/Hotel_Review-g1121170-d1129665-Reviews-Kaigetsu_Ryokan-Echizen_cho_Nyu_gun_Fukui_Prefecture_Chubu.html
Kohachi Ryokan,916-0304,Fukui Prefecture,39-34 Tamagawa Echizen-cho,,,http://www.tripadvisor.com/Hotel_Review-g1121170-d1129671-Reviews-Kohachi_Ryokan-Echizen_cho_Nyu_gun_Fukui_Prefecture_Chubu.html
Maruichi Tamagawaso,916-0304,Fukui Prefecture,73-28 Tamagawa Echizen-cho,,,http://www.tripadvisor.com/Hotel_Review-g1121170-d1129680-Reviews-Maruichi_Tamagawaso-Echizen_cho_Nyu_gun_Fukui_Prefecture_Chubu.html
Masagoya,916-0422,Fukui Prefecture,71-334-2 Kuriya Echizen-cho,,,http://www.tripadvisor.com/Hotel_Review-g1121170-d1129682-Reviews-Masagoya-Echizen_cho_Nyu_gun_Fukui_Prefecture_Chubu.html
Minshuku Shinano,916-0422,Fukui Prefecture,11-16 Kuriya Echizen-cho,,$,http://www.tripadvisor.com/Hotel_Review-g1121170-d1129740-Reviews-Minshuku_Shinano-Echizen_cho_Nyu_gun_Fukui_Prefecture_Chubu.html
Echizen Marutaya,916-0311 ,Fukui Prefecture,114-92 Umeura Echizen-cho,,$,http://www.tripadvisor.com/Hotel_Review-g1121170-d1129744-Reviews-Echizen_Marutaya-Echizen_cho_Nyu_gun_Fukui_Prefecture_Chubu.html
Resort Ryokan Yadokari,916-0425,Fukui Prefecture,32-4-5 Takasa Echizen-cho,,$$,http://www.tripadvisor.com/Hotel_Review-g1121170-d1129748-Reviews-Resort_Ryokan_Yadokari-Echizen_cho_Nyu_gun_Fukui_Prefecture_Chubu.html
Ryokan Urashima,916-0426,Fukui Prefecture,59-13 Komeno Echizen-cho,,$$,http://www.tripadvisor.com/Hotel_Review-g1121170-d1129751-Reviews-Ryokan_Urashima-Echizen_cho_Nyu_gun_Fukui_Prefecture_Chubu.html
Ryokan Hamayu,916-0423,Fukui Prefecture,5-40-1 Mohara Echizen-cho,,$$,http://www.tripadvisor.com/Hotel_Review-g1121170-d1129753-Reviews-Ryokan_Hamayu-Echizen_cho_Nyu_gun_Fukui_Prefecture_Chubu.html
Ryokan Honke,916-0304 ,Fukui Prefecture,19-20 Tamagawa Echizen-cho,,$,http://www.tripadvisor.com/Hotel_Review-g1121170-d1129756-Reviews-Ryokan_Honke-Echizen_cho_Nyu_gun_Fukui_Prefecture_Chubu.html
Ryokan Kaikoen,916-0426 ,Fukui Prefecture,53-43-1 Komeno Echizen-cho,,$$,http://www.tripadvisor.com/Hotel_Review-g1121170-d1129762-Reviews-Ryokan_Kaikoen-Echizen_cho_Nyu_gun_Fukui_Prefecture_Chubu.html
Ryokan Kinryu,916-0422,Fukui Prefecture,17-51-2 Kuriya Echizen-cho,,$,http://www.tripadvisor.com/Hotel_Review-g1121170-d1129774-Reviews-Ryokan_Kinryu-Echizen_cho_Nyu_gun_Fukui_Prefecture_Chubu.html
Ryokan Suehiro,916-0423　,Fukui Prefecture,11-9-2 Mohara Echizen-cho,,,http://www.tripadvisor.com/Hotel_Review-g1121170-d1129778-Reviews-Ryokan_Suehiro-Echizen_cho_Nyu_gun_Fukui_Prefecture_Chubu.html
Ryokan Tamashimaso,916-0304　,Fukui Prefecture,39-41 Tamagawa Echizen-cho,,$,http://www.tripadvisor.com/Hotel_Review-g1121170-d1129780-Reviews-Ryokan_Tamashimaso-Echizen_cho_Nyu_gun_Fukui_Prefecture_Chubu.html
Ryokan Heisei,916-0425,Fukui Prefecture,27-2-1 Takasa Echizen-cho,,$$,http://www.tripadvisor.com/Hotel_Review-g1121170-d1129781-Reviews-Ryokan_Heisei-Echizen_cho_Nyu_gun_Fukui_Prefecture_Chubu.html
Ryokan Jukoen,916-0273 ,Fukui Prefecture,7-7-1 Ozowara Echizen-cho,,$$,http://www.tripadvisor.com/Hotel_Review-g1121170-d1129783-Reviews-Ryokan_Jukoen-Echizen_cho_Nyu_gun_Fukui_Prefecture_Chubu.html
Taishokan,916-0426　,Fukui Prefecture,71-49-9 Komeno Echizen-cho,,,http://www.tripadvisor.com/Hotel_Review-g1121170-d1129784-Reviews-Taishokan-Echizen_cho_Nyu_gun_Fukui_Prefecture_Chubu.html
Takedaya Ryokan,916-0422,Fukui Prefecture,17-79 Kuriya Echizen-cho,,,http://www.tripadvisor.com/Hotel_Review-g1121170-d1129787-Reviews-Takedaya_Ryokan-Echizen_cho_Nyu_gun_Fukui_Prefecture_Chubu.html
Uminoyado Nakamura,916-0423,Fukui Prefecture,9-23 Mohara Echizen-cho,,,http://www.tripadvisor.com/Hotel_Review-g1121170-d1129790-Reviews-Uminoyado_Nakamura-Echizen_cho_Nyu_gun_Fukui_Prefecture_Chubu.html
Kokuminshukusha Kareisakiso,916-0426,Fukui Prefecture,66-93 Komeno Echizen-cho,,,http://www.tripadvisor.com/Hotel_Review-g1121170-d1170027-Reviews-Kokuminshukusha_Kareisakiso-Echizen_cho_Nyu_gun_Fukui_Prefecture_Chubu.html
Kobase,916-0311,Fukui Prefecture,58-8 Umeura Echizen-cho,,$$,http://www.tripadvisor.com/Hotel_Review-g1121170-d1520470-Reviews-Kobase-Echizen_cho_Nyu_gun_Fukui_Prefecture_Chubu.html
Minshuku Yamaguchi,916-0421,Fukui Prefecture,1-24 Michiguchi Echizen-cho,,,http://www.tripadvisor.com/Hotel_Review-g1121170-d1520471-Reviews-Minshuku_Yamaguchi-Echizen_cho_Nyu_gun_Fukui_Prefecture_Chubu.html
Hatago Okeya,916-0422,Fukui Prefecture,70-181-1 Kuriya Echizen-cho,,$$,http://www.tripadvisor.com/Hotel_Review-g1121170-d1520472-Reviews-Hatago_Okeya-Echizen_cho_Nyu_gun_Fukui_Prefecture_Chubu.html
Ryokan Kobayashi,916-0426,Fukui Prefecture,71-49-37 Komeno Echizen-cho,,$$,http://www.tripadvisor.com/Hotel_Review-g1121170-d1520473-Reviews-Ryokan_Kobayashi-Echizen_cho_Nyu_gun_Fukui_Prefecture_Chubu.html
Ryokan Akashi,916-0422,Fukui Prefecture,71-280-1 Kuriya Echizen-cho,,$$,http://www.tripadvisor.com/Hotel_Review-g1121170-d1790943-Reviews-Ryokan_Akashi-Echizen_cho_Nyu_gun_Fukui_Prefecture_Chubu.html
Suigetsu,916-0425,Fukui Prefecture,35-66 Takasa Echizen-cho,,$,http://www.tripadvisor.com/Hotel_Review-g1121170-d1867083-Reviews-Suigetsu-Echizen_cho_Nyu_gun_Fukui_Prefecture_Chubu.html
Suisenso,916-0303,Fukui Prefecture,Misakidaira Chigadaira Echizen-cho,,$$,http://www.tripadvisor.com/Hotel_Review-g1121170-d1875539-Reviews-Suisenso-Echizen_cho_Nyu_gun_Fukui_Prefecture_Chubu.html
Yamazaki,916-0422　,Fukui Prefecture,16-53-1 Kuriya Echizen-cho,,$$$$,http://www.tripadvisor.com/Hotel_Review-g1121170-d2040084-Reviews-Yamazaki-Echizen_cho_Nyu_gun_Fukui_Prefecture_Chubu.html
Taichonomori,916-0111,Fukui Prefecture,88-55-1 Ogura Echizen-cho,,$$,http://www.tripadvisor.com/Hotel_Review-g1121170-d2513843-Reviews-Taichonomori-Echizen_cho_Nyu_gun_Fukui_Prefecture_Chubu.html
Kanetomo,916-0422,Fukui Prefecture,49-1-10 Kuriya Echizen-cho,,,http://www.tripadvisor.com/Hotel_Review-g1121170-d6456815-Reviews-Kanetomo-Echizen_cho_Nyu_gun_Fukui_Prefecture_Chubu.html
Suigetsu,917-0105,Fukui Prefecture,12-34 Ano Obama,,$,http://www.tripadvisor.com/Hotel_Review-g1021154-d1074293-Reviews-Suigetsu-Obama_Fukui_Prefecture_Chubu.html
Ichiriki-kan,917-0071,Fukui Prefecture,2-10 Ichiban-cho Obama,,,http://www.tripadvisor.com/Hotel_Review-g1021154-d1076123-Reviews-Ichiriki_kan-Obama_Fukui_Prefecture_Chubu.html
Itaya,917-0105,Fukui Prefecture,10-4 Ano Obama,,$,http://www.tripadvisor.com/Hotel_Review-g1021154-d1076127-Reviews-Itaya-Obama_Fukui_Prefecture_Chubu.html
Sun Hotel Yamane,917-0069,Fukui Prefecture,55-1 Shirohige Obama Obama,,$,http://www.tripadvisor.com/Hotel_Review-g1021154-d1095342-Reviews-Sun_Hotel_Yamane-Obama_Fukui_Prefecture_Chubu.html
Morishita,917-0105,Fukui Prefecture,12-65 Ano Obama,,$$,http://www.tripadvisor.com/Hotel_Review-g1021154-d1095344-Reviews-Morishita-Obama_Fukui_Prefecture_Chubu.html
Hanashiori,917-0059,Fukui Prefecture,63 Obamakifune Obama,,,http://www.tripadvisor.com/Hotel_Review-g1021154-d1095351-Reviews-Hanashiori-Obama_Fukui_Prefecture_Chubu.html
Hotel Sekumiya,917-0069,Fukui Prefecture,113 Obamashirahige Obama,72,$,http://www.tripadvisor.com/Hotel_Review-g1021154-d1095355-Reviews-Hotel_Sekumiya-Obama_Fukui_Prefecture_Chubu.html
Shimojo,917-0105 ,Fukui Prefecture,10-15 Ano Obama,,$$$,http://www.tripadvisor.com/Hotel_Review-g1021154-d1095358-Reviews-Shimojo-Obama_Fukui_Prefecture_Chubu.html
Hotel Urban Port,917-0051,Fukui Prefecture,72-1 Obamashiratori Obama,51,$,http://www.tripadvisor.com/Hotel_Review-g1021154-d1095363-Reviews-Hotel_Urban_Port-Obama_Fukui_Prefecture_Chubu.html
Wakazugi,917-0077,Fukui Prefecture,7-16 Ekimae-cho Obama,,,http://www.tripadvisor.com/Hotel_Review-g1021154-d1096858-Reviews-Wakazugi-Obama_Fukui_Prefecture_Chubu.html
Wakasa Marine Plaza,917-0046,Fukui Prefecture,44 Okozu Obama,,$$,http://www.tripadvisor.com/Hotel_Review-g1021154-d1096859-Reviews-Wakasa_Marine_Plaza-Obama_Fukui_Prefecture_Chubu.html
Fuguryori No Yado Saiba,917-0105,Fukui Prefecture,12-73 Ano Obama,,,http://www.tripadvisor.com/Hotel_Review-g1021154-d1107106-Reviews-Fuguryori_No_Yado_Saiba-Obama_Fukui_Prefecture_Chubu.html
Minshuku Ryokan Maruha Hamagashira,917-0105,Fukui Prefecture,8-4 Ano Obama,,$,http://www.tripadvisor.com/Hotel_Review-g1021154-d1107107-Reviews-Minshuku_Ryokan_Maruha_Hamagashira-Obama_Fukui_Prefecture_Chubu.html
Minshuku Hashimotosou,917-0102,Fukui Prefecture,4-44 Yashiro Obama,,$$,http://www.tripadvisor.com/Hotel_Review-g1021154-d1107108-Reviews-Minshuku_Hashimotosou-Obama_Fukui_Prefecture_Chubu.html
Minshuku Isobe,917-0105,Fukui Prefecture,11-22 Ano Obama,,$,http://www.tripadvisor.com/Hotel_Review-g1021154-d1107109-Reviews-Minshuku_Isobe-Obama_Fukui_Prefecture_Chubu.html
Business Hotel Sankai,917-0077,Fukui Prefecture,15-13 Ekimaecho Obama,,$,http://www.tripadvisor.com/Hotel_Review-g1021154-d1107110-Reviews-Business_Hotel_Sankai-Obama_Fukui_Prefecture_Chubu.html
Hotel Nagata,917-0058,Fukui Prefecture,33 Obamakatori Obama,,$,http://www.tripadvisor.com/Hotel_Review-g1021154-d1107111-Reviews-Hotel_Nagata-Obama_Fukui_Prefecture_Chubu.html
Fukuki,917-0004,Fukui Prefecture,6-17 Minato Obama,,$$$,http://www.tripadvisor.com/Hotel_Review-g1021154-d1107114-Reviews-Fukuki-Obama_Fukui_Prefecture_Chubu.html
Pension Seagull,917-0061,Fukui Prefecture,90 Obamatamamae Obama,,,http://www.tripadvisor.com/Hotel_Review-g1021154-d1107115-Reviews-Pension_Seagull-Obama_Fukui_Prefecture_Chubu.html
Seagull Anex Inn,917-0061,Fukui Prefecture,90 Obamatamamae Obama,,,http://www.tripadvisor.com/Hotel_Review-g1021154-d1107117-Reviews-Seagull_Anex_Inn-Obama_Fukui_Prefecture_Chubu.html
Shikinoyado Hirota,917-0105,Fukui Prefecture,9-1 Ano Obama,,$$,http://www.tripadvisor.com/Hotel_Review-g1021154-d1107119-Reviews-Shikinoyado_Hirota-Obama_Fukui_Prefecture_Chubu.html
Minshuku Maruhuji,917-0105,Fukui Prefecture,11-15 Ano Obama,,,http://www.tripadvisor.com/Hotel_Review-g1021154-d1107120-Reviews-Minshuku_Maruhuji-Obama_Fukui_Prefecture_Chubu.html
Shikisainoyado Hanatsubaki,917-0051　 ,Fukui Prefecture,"72-1 Shiratori, Obama Obama",,$$$,http://www.tripadvisor.com/Hotel_Review-g1021154-d1107724-Reviews-Shikisainoyado_Hanatsubaki-Obama_Fukui_Prefecture_Chubu.html
Kawahara,917-0105,Fukui Prefecture,11-8 Ano Obama,,$,http://www.tripadvisor.com/Hotel_Review-g1021154-d1875467-Reviews-Kawahara-Obama_Fukui_Prefecture_Chubu.html
Maruchu Hirota,917-0105,Fukui Prefecture,7-48 Ano Obama,,$$,http://www.tripadvisor.com/Hotel_Review-g1021154-d1875473-Reviews-Maruchu_Hirota-Obama_Fukui_Prefecture_Chubu.html
Wakasugi Suehirotei,917-0078,Fukui Prefecture,8-5 Otecho Obama,,,http://www.tripadvisor.com/Hotel_Review-g1021154-d1875477-Reviews-Wakasugi_Suehirotei-Obama_Fukui_Prefecture_Chubu.html
Hikoso,917-0105,Fukui Prefecture,9-3 Ano Obama,,,http://www.tripadvisor.com/Hotel_Review-g1021154-d2069084-Reviews-Hikoso-Obama_Fukui_Prefecture_Chubu.html
Kizaki Ryokan,917-0086,Fukui Prefecture,60 Obamashiogama Obama,,,http://www.tripadvisor.com/Hotel_Review-g1021154-d2349106-Reviews-Kizaki_Ryokan-Obama_Fukui_Prefecture_Chubu.html
Minshuku Sawa,917-0059,Fukui Prefecture,60 Obama Kifune Obama,,,http://www.tripadvisor.com/Hotel_Review-g1021154-d3484278-Reviews-Minshuku_Sawa-Obama_Fukui_Prefecture_Chubu.html
Maruichi Ryokan,917-0105,Fukui Prefecture,11-12 Ano Obama,,$,http://www.tripadvisor.com/Hotel_Review-g1021154-d6456804-Reviews-Maruichi_Ryokan-Obama_Fukui_Prefecture_Chubu.html
Kyube,9170103,Fukui Prefecture,15-6 Shitsumi Obama,,,http://www.tripadvisor.com/Hotel_Review-g1021154-d6922243-Reviews-Kyube-Obama_Fukui_Prefecture_Chubu.html
MInshuku Iyomon,917-0103,Fukui Prefecture,15-20 Shitsumi Obama,,,http://www.tripadvisor.com/Hotel_Review-g1021154-d6922864-Reviews-MInshuku_Iyomon-Obama_Fukui_Prefecture_Chubu.html
Hotel Blue River,910-0367,Fukui Prefecture,22-25 Hasaki Maruoka-cho Sakai,,,http://www.tripadvisor.com/Hotel_Review-g1021160-d1076108-Reviews-Hotel_Blue_River-Sakai_Fukui_Prefecture_Chubu.html
Mikuni Kanko Hotel,913-0048,Fukui Prefecture,4-4-8 Midorigaoka Mikuni-cho Sakai,108,$$,http://www.tripadvisor.com/Hotel_Review-g1021160-d1076109-Reviews-Mikuni_Kanko_Hotel-Sakai_Fukui_Prefecture_Chubu.html
Minato no Hotel,913-0038,Fukui Prefecture,2-1-33 Mikuni-cho Kurome Sakai,,$$$,http://www.tripadvisor.com/Hotel_Review-g1021160-d1076112-Reviews-Minato_no_Hotel-Sakai_Fukui_Prefecture_Chubu.html
New Echizen,913-0056,Fukui Prefecture,2-3-20 Shuku Mikunicho Sakai,,$,http://www.tripadvisor.com/Hotel_Review-g1021160-d1095436-Reviews-New_Echizen-Sakai_Fukui_Prefecture_Chubu.html
Itamoto,913-0056 ,Fukui Prefecture,3-11-34 Shuku Mikunicho Sakai,,$$,http://www.tripadvisor.com/Hotel_Review-g1021160-d1095438-Reviews-Itamoto-Sakai_Fukui_Prefecture_Chubu.html
Hareya Ryokan,913-0061,Fukui Prefecture,26-45-1 Kaji Mikunicho Sakai,,$$,http://www.tripadvisor.com/Hotel_Review-g1021160-d1095447-Reviews-Hareya_Ryokan-Sakai_Fukui_Prefecture_Chubu.html
Fukuya,913-0048　,Fukui Prefecture,4-1-46 Midorigaoka Mikunicho Sakai,,$$$,http://www.tripadvisor.com/Hotel_Review-g1021160-d1095449-Reviews-Fukuya-Sakai_Fukui_Prefecture_Chubu.html
Kaze no Mori,913-0048,Fukui Prefecture,4-5-16 Midorigaoka Mikunicho Sakai,,,http://www.tripadvisor.com/Hotel_Review-g1021160-d1095450-Reviews-Kaze_no_Mori-Sakai_Fukui_Prefecture_Chubu.html
Fuji,913-0061 ,Fukui Prefecture,38-37-5 Kaji Mikunicho Sakai,,$,http://www.tripadvisor.com/Hotel_Review-g1021160-d1095452-Reviews-Fuji-Sakai_Fukui_Prefecture_Chubu.html
Sea Side Dejimaso,913-0061,Fukui Prefecture,31-42 Kaji Mikunicho Sakai,,,http://www.tripadvisor.com/Hotel_Review-g1021160-d1095453-Reviews-Sea_Side_Dejimaso-Sakai_Fukui_Prefecture_Chubu.html
Ebisutei,913-0056,Fukui Prefecture,3-29-32 Mikunicho Shuku Sakai,,$$,http://www.tripadvisor.com/Hotel_Review-g1021160-d1107135-Reviews-Ebisutei-Sakai_Fukui_Prefecture_Chubu.html
Minshuku Yamade,913-0061,Fukui Prefecture,38-37 Mikunicho kaji Sakai,,,http://www.tripadvisor.com/Hotel_Review-g1021160-d1107136-Reviews-Minshuku_Yamade-Sakai_Fukui_Prefecture_Chubu.html
Minshuku Shibayama,913-0056,Fukui Prefecture,2-12-10 Mikunicho Shuku Sakai,,,http://www.tripadvisor.com/Hotel_Review-g1021160-d1107137-Reviews-Minshuku_Shibayama-Sakai_Fukui_Prefecture_Chubu.html
Arisotei,913-0057,Fukui Prefecture,4-4-34 Mikokucho Komegawaki Sakai,,$$$$,http://www.tripadvisor.com/Hotel_Review-g1021160-d1107139-Reviews-Arisotei-Sakai_Fukui_Prefecture_Chubu.html
Echizen Mikuni,913-0065,Fukui Prefecture,15-45 Mikunichosaki Sakai,70,$$$,http://www.tripadvisor.com/Hotel_Review-g1021160-d1107140-Reviews-Echizen_Mikuni-Sakai_Fukui_Prefecture_Chubu.html
Minshuku Nakajima,913-0056,Fukui Prefecture,3-5-21 Mikunicho Shuku Sakai,,$$,http://www.tripadvisor.com/Hotel_Review-g1021160-d1107141-Reviews-Minshuku_Nakajima-Sakai_Fukui_Prefecture_Chubu.html
Minshuku Yoshioka,913-0056,Fukui Prefecture,3-10-11 Mikunicho Shuku Sakai,,$$,http://www.tripadvisor.com/Hotel_Review-g1021160-d1107142-Reviews-Minshuku_Yoshioka-Sakai_Fukui_Prefecture_Chubu.html
Kanikyuu,913-0056,Fukui Prefecture,3-12-22 Mikunicho Shuku Sakai,,$,http://www.tripadvisor.com/Hotel_Review-g1021160-d1107143-Reviews-Kanikyuu-Sakai_Fukui_Prefecture_Chubu.html
Resort Hotel Restaurant Nagisa,913-0061,Fukui Prefecture,26-53 Kaji Mikuni-cho Sakai,,$,http://www.tripadvisor.com/Hotel_Review-g1021160-d1107144-Reviews-Resort_Hotel_Restaurant_Nagisa-Sakai_Fukui_Prefecture_Chubu.html
Minshuku Isoya,913-0065,Fukui Prefecture,33-2-2 Mikunicho Saki Sakai,,$,http://www.tripadvisor.com/Hotel_Review-g1021160-d1107145-Reviews-Minshuku_Isoya-Sakai_Fukui_Prefecture_Chubu.html
Bouyourou,913-0057,Fukui Prefecture,4-3-38 Mikunicho Komegawaki Sakai,,$$$$,http://www.tripadvisor.com/Hotel_Review-g1021160-d1107146-Reviews-Bouyourou-Sakai_Fukui_Prefecture_Chubu.html
Wakaebisu,913-0057　,Fukui Prefecture,"4-3-41 Komegawaki, Mikunicho Sakai",,$$$$,http://www.tripadvisor.com/Hotel_Review-g1021160-d1129527-Reviews-Wakaebisu-Sakai_Fukui_Prefecture_Chubu.html
Minshuku Meiji,913-0064 ,Fukui Prefecture,"26-44 Anto, Mikuni-cho Sakai",,$$$,http://www.tripadvisor.com/Hotel_Review-g1021160-d1371698-Reviews-Minshuku_Meiji-Sakai_Fukui_Prefecture_Chubu.html
Business Hotel Chicago,910-0254 ,Fukui Prefecture,"31 Ipponda, Maruoka-cho Sakai",,,http://www.tripadvisor.com/Hotel_Review-g1021160-d1490547-Reviews-Business_Hotel_Chicago-Sakai_Fukui_Prefecture_Chubu.html
Chihiro,910-0200 ,Fukui Prefecture,4-4-48 Sakai,,,http://www.tripadvisor.com/Hotel_Review-g1021160-d1495506-Reviews-Chihiro-Sakai_Fukui_Prefecture_Chubu.html
Takekurabe,910-0204,Fukui Prefecture,88-8 Maruokacho Yamatakeda Sakai,,$,http://www.tripadvisor.com/Hotel_Review-g1021160-d1520464-Reviews-Takekurabe-Sakai_Fukui_Prefecture_Chubu.html
Banko,913-0056,Fukui Prefecture,3-7-25 Mikunicho Shuku Sakai,,$,http://www.tripadvisor.com/Hotel_Review-g1021160-d1875491-Reviews-Banko-Sakai_Fukui_Prefecture_Chubu.html
Tsuruya,913-0048,Fukui Prefecture,2-5-27 Mikunicho Midorigaoka Sakai,,$,http://www.tripadvisor.com/Hotel_Review-g1021160-d1875495-Reviews-Tsuruya-Sakai_Fukui_Prefecture_Chubu.html
Minshuku Mikuniya,913-0056,Fukui Prefecture,3-6-15 Mikunichoshuku Sakai,,$,http://www.tripadvisor.com/Hotel_Review-g1021160-d1875502-Reviews-Minshuku_Mikuniya-Sakai_Fukui_Prefecture_Chubu.html
Minshuku Tachibana,913-0056,Fukui Prefecture,3-10-18 Mikunichoshuku Sakai,,,http://www.tripadvisor.com/Hotel_Review-g1021160-d1875503-Reviews-Minshuku_Tachibana-Sakai_Fukui_Prefecture_Chubu.html
Otoku,913-0064,Fukui Prefecture,24-51-2 Mikunicho Anto Sakai,,$$$,http://www.tripadvisor.com/Hotel_Review-g1021160-d1913514-Reviews-Otoku-Sakai_Fukui_Prefecture_Chubu.html
Pension Shallot,913-0065,Fukui Prefecture,34-8 Mikunicho Saki Sakai,,$,http://www.tripadvisor.com/Hotel_Review-g1021160-d1913518-Reviews-Pension_Shallot-Sakai_Fukui_Prefecture_Chubu.html
Minshuku Araya,913-0061,Fukui Prefecture,38-37-2 Mikunicho Kaji Sakai,,,http://www.tripadvisor.com/Hotel_Review-g1021160-d2018793-Reviews-Minshuku_Araya-Sakai_Fukui_Prefecture_Chubu.html
Furuki,913-0031,Fukui Prefecture,40-26-1 Mikunicho Shinbo Sakai,,,http://www.tripadvisor.com/Hotel_Review-g1021160-d2018797-Reviews-Furuki-Sakai_Fukui_Prefecture_Chubu.html
Matsubokkuri,919-1122,Fukui Prefecture,10-28 Matsubara Mihama-cho,,$,http://www.tripadvisor.com/Hotel_Review-g1121171-d1123756-Reviews-Matsubokkuri-Mihama_cho_Mikata_gun_Fukui_Prefecture_Chubu.html
Mifuneso,919-1123,Fukui Prefecture,20-14 Kugushi Mihama-cho,,$$,http://www.tripadvisor.com/Hotel_Review-g1121171-d1123772-Reviews-Mifuneso-Mihama_cho_Mikata_gun_Fukui_Prefecture_Chubu.html
Kinpa Torobakotei,919-1126,Fukui Prefecture,48-1 Hiruga Mihama-cho,,$,http://www.tripadvisor.com/Hotel_Review-g1121171-d1129792-Reviews-Kinpa_Torobakotei-Mihama_cho_Mikata_gun_Fukui_Prefecture_Chubu.html
Hattori Ryokan,919-1126,Fukui Prefecture,10-31 Hiruga Mihama-cho,,$,http://www.tripadvisor.com/Hotel_Review-g1121171-d1129793-Reviews-Hattori_Ryokan-Mihama_cho_Mikata_gun_Fukui_Prefecture_Chubu.html
Hotel Ginsui,919-1124,Fukui Prefecture,3-23 Hayase Mihama-cho,,,http://www.tripadvisor.com/Hotel_Review-g1121171-d1129796-Reviews-Hotel_Ginsui-Mihama_cho_Mikata_gun_Fukui_Prefecture_Chubu.html
Minshuku Yamajin,919-1126,Fukui Prefecture,13-7-2 Hiruga Mihama-cho,,$,http://www.tripadvisor.com/Hotel_Review-g1121171-d1129797-Reviews-Minshuku_Yamajin-Mihama_cho_Mikata_gun_Fukui_Prefecture_Chubu.html
Umino Hotel Hirose,919-1123,Fukui Prefecture,2-5-2 Kugushi Mihama-cho,53,$$,http://www.tripadvisor.com/Hotel_Review-g1121171-d1129798-Reviews-Umino_Hotel_Hirose-Mihama_cho_Mikata_gun_Fukui_Prefecture_Chubu.html
Miyoshiya,919-1126,Fukui Prefecture,67-1-95 Hiruga Mihama-cho,,,http://www.tripadvisor.com/Hotel_Review-g1121171-d1520474-Reviews-Miyoshiya-Mihama_cho_Mikata_gun_Fukui_Prefecture_Chubu.html
Business Hotel Saigo,919-1122,Fukui Prefecture,36-1-1 Matsubara Mihama-cho,,$,http://www.tripadvisor.com/Hotel_Review-g1121171-d1520475-Reviews-Business_Hotel_Saigo-Mihama_cho_Mikata_gun_Fukui_Prefecture_Chubu.html
Ryokan Nakamuraya,919-1201,Fukui Prefecture,48-46 Nyu Mihama-cho,,$$,http://www.tripadvisor.com/Hotel_Review-g1121171-d1520476-Reviews-Ryokan_Nakamuraya-Mihama_cho_Mikata_gun_Fukui_Prefecture_Chubu.html
Namiji Ryokan,919-1123,Fukui Prefecture,47-38 Kugushi Mihama-cho,,$$$,http://www.tripadvisor.com/Hotel_Review-g1121171-d1520479-Reviews-Namiji_Ryokan-Mihama_cho_Mikata_gun_Fukui_Prefecture_Chubu.html
Minshuku Yakichi,919-1208,Fukui Prefecture,14-9 Sakajiri Mihama-cho,,,http://www.tripadvisor.com/Hotel_Review-g1121171-d1520480-Reviews-Minshuku_Yakichi-Mihama_cho_Mikata_gun_Fukui_Prefecture_Chubu.html
Minshuku Isoya,919-1123,Fukui Prefecture,17-1 Kugushi Mihama-cho,,$$,http://www.tripadvisor.com/Hotel_Review-g1121171-d1520481-Reviews-Minshuku_Isoya-Mihama_cho_Mikata_gun_Fukui_Prefecture_Chubu.html
Sawada Ryokan,919-1202,Fukui Prefecture,"19-35, Takenami Mihama-cho",,,http://www.tripadvisor.com/Hotel_Review-g1121171-d1847867-Reviews-Sawada_Ryokan-Mihama_cho_Mikata_gun_Fukui_Prefecture_Chubu.html
Irifune,919-1126,Fukui Prefecture,47-16 Hiruga Mihama-cho,,,http://www.tripadvisor.com/Hotel_Review-g1121171-d1875591-Reviews-Irifune-Mihama_cho_Mikata_gun_Fukui_Prefecture_Chubu.html
Katsumiya,919-1201,Fukui Prefecture,49-12 Nyu Mihama-cho,,$$,http://www.tripadvisor.com/Hotel_Review-g1121171-d1875610-Reviews-Katsumiya-Mihama_cho_Mikata_gun_Fukui_Prefecture_Chubu.html
Tanabe,919-1124,Fukui Prefecture,13-89-1 Hayase Mihama-cho,,,http://www.tripadvisor.com/Hotel_Review-g1121171-d1875617-Reviews-Tanabe-Mihama_cho_Mikata_gun_Fukui_Prefecture_Chubu.html
Kitamura,919-1124,Fukui Prefecture,"11-50, Hayase Mihama-cho",,,http://www.tripadvisor.com/Hotel_Review-g1121171-d2023982-Reviews-Kitamura-Mihama_cho_Mikata_gun_Fukui_Prefecture_Chubu.html
Minshuku Mantani,919-1126,Fukui Prefecture,47-14 Hiruga Mihama-cho,,,http://www.tripadvisor.com/Hotel_Review-g1121171-d2037576-Reviews-Minshuku_Mantani-Mihama_cho_Mikata_gun_Fukui_Prefecture_Chubu.html
Dobo Ryokan,919-1201,Fukui Prefecture,48-41 Nyu Mihama-cho,,,http://www.tripadvisor.com/Hotel_Review-g1121171-d3322451-Reviews-Dobo_Ryokan-Mihama_cho_Mikata_gun_Fukui_Prefecture_Chubu.html
Miuraya,912-0083,Fukui Prefecture,11-13 Meirin-cho Ono,,$$,http://www.tripadvisor.com/Hotel_Review-g1021155-d1076119-Reviews-Miuraya-Ono_Fukui_Prefecture_Chubu.html
Tawaraya,912-0051,Fukui Prefecture,1-1 Hiyoshi-cho Ono,,$,http://www.tripadvisor.com/Hotel_Review-g1021155-d1076121-Reviews-Tawaraya-Ono_Fukui_Prefecture_Chubu.html
Rokuroshi Highland Hotel,912-0131,Fukui Prefecture,169-136 Minami Rokuroshi Ono,,,http://www.tripadvisor.com/Hotel_Review-g1021155-d1095369-Reviews-Rokuroshi_Highland_Hotel-Ono_Fukui_Prefecture_Chubu.html
Park Hotel Kuzuryu,912-0127,Fukui Prefecture,14-3 Kakuno Ono,,,http://www.tripadvisor.com/Hotel_Review-g1021155-d1095373-Reviews-Park_Hotel_Kuzuryu-Ono_Fukui_Prefecture_Chubu.html
City Hotel Sun Rare 21,912-0031,Fukui Prefecture,6-13 Tsukimi-cho Ono,,,http://www.tripadvisor.com/Hotel_Review-g1021155-d1096864-Reviews-City_Hotel_Sun_Rare_21-Ono_Fukui_Prefecture_Chubu.html
Asahi Ryokan,912-0024,Fukui Prefecture,5-12 Nishikicho Ono,,$,http://www.tripadvisor.com/Hotel_Review-g1021155-d1141016-Reviews-Asahi_Ryokan-Ono_Fukui_Prefecture_Chubu.html
Hotel Furearu Izumi,912-0207,Fukui Prefecture,63-2-24 Shimoyama Ono,,$$,http://www.tripadvisor.com/Hotel_Review-g1021155-d1141024-Reviews-Hotel_Furearu_Izumi-Ono_Fukui_Prefecture_Chubu.html
Tenguiwa Family Cabin,912-0203,Fukui Prefecture,14-1 Nochino Ono,,$,http://www.tripadvisor.com/Hotel_Review-g1021155-d1141031-Reviews-Tenguiwa_Family_Cabin-Ono_Fukui_Prefecture_Chubu.html
Hatogayu Onsen,912-0151,Fukui Prefecture,6-2 Kamiuchinami Ono,,,http://www.tripadvisor.com/Hotel_Review-g1021155-d1141035-Reviews-Hatogayu_Onsen-Ono_Fukui_Prefecture_Chubu.html
Ogiya,912-0086,Fukui Prefecture,6-10 Izumicho Ono,22,,http://www.tripadvisor.com/Hotel_Review-g1021155-d1438858-Reviews-Ogiya-Ono_Fukui_Prefecture_Chubu.html
Maesaka Campground,912-0201,Fukui Prefecture,6-23 Asahimaesaka Ono,,$,http://www.tripadvisor.com/Hotel_Review-g1021155-d1875479-Reviews-Maesaka_Campground-Ono_Fukui_Prefecture_Chubu.html
Tokiya,910-1228,Fukui Prefecture,24-6 Shihi Eiheiji-cho,,$$,http://www.tripadvisor.com/Hotel_Review-g1121167-d1123717-Reviews-Tokiya-Eiheiji_cho_Yoshida_gun_Fukui_Prefecture_Chubu.html
Monzen no Yado Inoue,910-1228,Fukui Prefecture,Monzen Eiheiji-cho,,,http://www.tripadvisor.com/Hotel_Review-g1121167-d1129514-Reviews-Monzen_no_Yado_Inoue-Eiheiji_cho_Yoshida_gun_Fukui_Prefecture_Chubu.html
Matsuoka Sauna,910-1118,Fukui Prefecture,3-89 Matsuoka Yakushi Eiheiji-cho,,,http://www.tripadvisor.com/Hotel_Review-g1121167-d2032732-Reviews-Matsuoka_Sauna-Eiheiji_cho_Yoshida_gun_Fukui_Prefecture_Chubu.html
Eiheiji Temple Inn,910-1228 ,Fukui Prefecture,5-10 Eiheiji-cho,,,http://www.tripadvisor.com/Hotel_Review-g1121167-d4021058-Reviews-Eiheiji_Temple_Inn-Eiheiji_cho_Yoshida_gun_Fukui_Prefecture_Chubu.html
Kaemon Ryokan,919-2201,Fukui Prefecture,112-16 Wada Takahama-cho,,$,http://www.tripadvisor.com/Hotel_Review-g1121172-d1123788-Reviews-Kaemon_Ryokan-Takahama_cho_Oi_gun_Fukui_Prefecture_Chubu.html
Resort Inn Kishimoto,919-2224,Fukui Prefecture,61-5 Sonobe Takahama-cho,11,$,http://www.tripadvisor.com/Hotel_Review-g1121172-d1123810-Reviews-Resort_Inn_Kishimoto-Takahama_cho_Oi_gun_Fukui_Prefecture_Chubu.html
Zenbeeso,919-2224,Fukui Prefecture,49-9 Sonobe Takahama-cho,,$,http://www.tripadvisor.com/Hotel_Review-g1121172-d1123829-Reviews-Zenbeeso-Takahama_cho_Oi_gun_Fukui_Prefecture_Chubu.html
Egami Sengyoten,919-2221,Fukui Prefecture,1-57 Kotoshiro Takahama-cho,,$,http://www.tripadvisor.com/Hotel_Review-g1121172-d1129855-Reviews-Egami_Sengyoten-Takahama_cho_Oi_gun_Fukui_Prefecture_Chubu.html
Nakagawa,919-2225,Fukui Prefecture,69-1 Miyazaki Takahama-cho,,$$,http://www.tripadvisor.com/Hotel_Review-g1121172-d1129860-Reviews-Nakagawa-Takahama_cho_Oi_gun_Fukui_Prefecture_Chubu.html
Maruichi Ryokan,919-2201,Fukui Prefecture,122-21-2 Wada Takahama-cho,,,http://www.tripadvisor.com/Hotel_Review-g1121172-d1129863-Reviews-Maruichi_Ryokan-Takahama_cho_Oi_gun_Fukui_Prefecture_Chubu.html
Minshuku Hamaya,919-2224,Fukui Prefecture,61-17 Sonobe Takahama-cho,,,http://www.tripadvisor.com/Hotel_Review-g1121172-d1129869-Reviews-Minshuku_Hamaya-Takahama_cho_Oi_gun_Fukui_Prefecture_Chubu.html
Pension Kurahashi,919-2381 ,Fukui Prefecture,13-58 Nishimitsumatsu Takahama-cho,,,http://www.tripadvisor.com/Hotel_Review-g1121172-d1129872-Reviews-Pension_Kurahashi-Takahama_cho_Oi_gun_Fukui_Prefecture_Chubu.html
Shougekka Matsukaze,919-2224 ,Fukui Prefecture,Sonobe 59-15-2 Takahama-cho,,,http://www.tripadvisor.com/Hotel_Review-g1121172-d1131964-Reviews-Shougekka_Matsukaze-Takahama_cho_Oi_gun_Fukui_Prefecture_Chubu.html
Kosho,919-2225,Fukui Prefecture,43-27 Miyazaki Takahama-cho,,$,http://www.tripadvisor.com/Hotel_Review-g1121172-d1131966-Reviews-Kosho-Takahama_cho_Oi_gun_Fukui_Prefecture_Chubu.html
Muramiya,919-2201 ,Fukui Prefecture,121-10 Wada Takahama-cho,,$$,http://www.tripadvisor.com/Hotel_Review-g1121172-d1131970-Reviews-Muramiya-Takahama_cho_Oi_gun_Fukui_Prefecture_Chubu.html
Your Resort Kosen,919-2381,Fukui Prefecture,2-1Nishimitsumatsu Takahama-cho,,$$,http://www.tripadvisor.com/Hotel_Review-g1121172-d1131974-Reviews-Your_Resort_Kosen-Takahama_cho_Oi_gun_Fukui_Prefecture_Chubu.html
Minshuku Ishizuka,919-2225,Fukui Prefecture,38-10-3 Miyazaki Takahama-cho,,,http://www.tripadvisor.com/Hotel_Review-g1121172-d1438861-Reviews-Minshuku_Ishizuka-Takahama_cho_Oi_gun_Fukui_Prefecture_Chubu.html
Minshuku Hirayama,919-2224,Fukui Prefecture,51-12 Sonobe Takahama-cho,,$,http://www.tripadvisor.com/Hotel_Review-g1121172-d1438892-Reviews-Minshuku_Hirayama-Takahama_cho_Oi_gun_Fukui_Prefecture_Chubu.html
Minshuku Ryokan Yamaguchi,919-2224,Fukui Prefecture,62-8-1 Sonobe Takahama-cho,,,http://www.tripadvisor.com/Hotel_Review-g1121172-d1438893-Reviews-Minshuku_Ryokan_Yamaguchi-Takahama_cho_Oi_gun_Fukui_Prefecture_Chubu.html
Saruhashi,919-2224,Fukui Prefecture,52-2 Sonobe Takahama-cho,,,http://www.tripadvisor.com/Hotel_Review-g1121172-d1438895-Reviews-Saruhashi-Takahama_cho_Oi_gun_Fukui_Prefecture_Chubu.html
Minshuku Tokiokaso,919-2224,Fukui Prefecture,51-4 Sonobe Takahama-cho,,,http://www.tripadvisor.com/Hotel_Review-g1121172-d1438901-Reviews-Minshuku_Tokiokaso-Takahama_cho_Oi_gun_Fukui_Prefecture_Chubu.html
Minshuku Jihe,919-2226,Fukui Prefecture,19-7 Tateishi Takahama-cho,,,http://www.tripadvisor.com/Hotel_Review-g1121172-d1438904-Reviews-Minshuku_Jihe-Takahama_cho_Oi_gun_Fukui_Prefecture_Chubu.html
Minshuku Yogoro,919-2224,Fukui Prefecture,51-16 Sonobe Takahama-cho,,,http://www.tripadvisor.com/Hotel_Review-g1121172-d1438905-Reviews-Minshuku_Yogoro-Takahama_cho_Oi_gun_Fukui_Prefecture_Chubu.html
Ryokan Izumi,919-2201,Fukui Prefecture,118-15 Wada Takahama-cho,,,http://www.tripadvisor.com/Hotel_Review-g1121172-d1438906-Reviews-Ryokan_Izumi-Takahama_cho_Oi_gun_Fukui_Prefecture_Chubu.html
Minshuku Warakuso,919-2201,Fukui Prefecture,110-20-8 Wada Takahama-cho,,,http://www.tripadvisor.com/Hotel_Review-g1121172-d1438907-Reviews-Minshuku_Warakuso-Takahama_cho_Oi_gun_Fukui_Prefecture_Chubu.html
Minshuku Katayama,919-2224,Fukui Prefecture,53-21 Sonobe Takahama-cho,,,http://www.tripadvisor.com/Hotel_Review-g1121172-d1520482-Reviews-Minshuku_Katayama-Takahama_cho_Oi_gun_Fukui_Prefecture_Chubu.html
Ryokan Uranishi,919-2201,Fukui Prefecture,134-1-2 Wada Takahama-cho,,,http://www.tripadvisor.com/Hotel_Review-g1121172-d1520483-Reviews-Ryokan_Uranishi-Takahama_cho_Oi_gun_Fukui_Prefecture_Chubu.html
Kokuminshukusha Shiroyamaso,919-2221,Fukui Prefecture,Shiroyamakoen-nai Takahama-cho,,$,http://www.tripadvisor.com/Hotel_Review-g1121172-d1862193-Reviews-Kokuminshukusha_Shiroyamaso-Takahama_cho_Oi_gun_Fukui_Prefecture_Chubu.html
Gosakuso,919-2201,Fukui Prefecture,131-16-1 Wada Takahama-cho,,$$$,http://www.tripadvisor.com/Hotel_Review-g1121172-d1875623-Reviews-Gosakuso-Takahama_cho_Oi_gun_Fukui_Prefecture_Chubu.html
Akiokaya,919-2371,Fukui Prefecture,27-16-2 Nakayama Takahama-cho,,,http://www.tripadvisor.com/Hotel_Review-g1121172-d1875625-Reviews-Akiokaya-Takahama_cho_Oi_gun_Fukui_Prefecture_Chubu.html
Kaikou ryouri no yado yoshikou,919-2355,Fukui Prefecture,25-7 Hibiki Takahama-cho,,$,http://www.tripadvisor.com/Hotel_Review-g1121172-d1924236-Reviews-Kaikou_ryouri_no_yado_yoshikou-Takahama_cho_Oi_gun_Fukui_Prefecture_Chubu.html
Masuya,919-2361,Fukui Prefecture,"77-2, Otomiko Takahama-cho",,,http://www.tripadvisor.com/Hotel_Review-g1121172-d2024034-Reviews-Masuya-Takahama_cho_Oi_gun_Fukui_Prefecture_Chubu.html
Ryokan Tajimaya,919-2225,Fukui Prefecture,"43-42, Miyazaki Takahama-cho",,,http://www.tripadvisor.com/Hotel_Review-g1121172-d2024055-Reviews-Ryokan_Tajimaya-Takahama_cho_Oi_gun_Fukui_Prefecture_Chubu.html
Isonoya Ryokan,919-2225 ,Fukui Prefecture,43-41 Miyazaki Takahama-cho,,,http://www.tripadvisor.com/Hotel_Review-g1121172-d2026655-Reviews-Isonoya_Ryokan-Takahama_cho_Oi_gun_Fukui_Prefecture_Chubu.html
Riyomon,919-2382,Fukui Prefecture,17-15 Higashimitsumatsu Takahama-cho,,$,http://www.tripadvisor.com/Hotel_Review-g1121172-d2542099-Reviews-Riyomon-Takahama_cho_Oi_gun_Fukui_Prefecture_Chubu.html
Monsuke,919-2224,Fukui Prefecture,61-7 Sonobe Takahama-cho,,,http://www.tripadvisor.com/Hotel_Review-g1121172-d3405831-Reviews-Monsuke-Takahama_cho_Oi_gun_Fukui_Prefecture_Chubu.html
Business Hotel Wave Takahama,919-2225,Fukui Prefecture,75 Miyazaki Takahama-cho,,,http://www.tripadvisor.com/Hotel_Review-g1121172-d6117126-Reviews-Business_Hotel_Wave_Takahama-Takahama_cho_Oi_gun_Fukui_Prefecture_Chubu.html
Ryuseikan,917-0375,Fukui Prefecture,"109-6-1 Notaoi, Natasho Oi-cho",,,http://www.tripadvisor.com/Hotel_Review-g1121173-d1131979-Reviews-Ryuseikan-Oi_cho_Oi_gun_Fukui_Prefecture_Chubu.html
Minshuku Fukushima,919-2101,Fukui Prefecture,59-8-1 Oshima Oi-cho,,$,http://www.tripadvisor.com/Hotel_Review-g1121173-d1131985-Reviews-Minshuku_Fukushima-Oi_cho_Oi_gun_Fukui_Prefecture_Chubu.html
Ryori Ryokan Shinza,917-0382,Fukui Prefecture,4-10-2 Natasho Hisasaka Oi-cho,,,http://www.tripadvisor.com/Hotel_Review-g1121173-d1438908-Reviews-Ryori_Ryokan_Shinza-Oi_cho_Oi_gun_Fukui_Prefecture_Chubu.html
Ueyama Ryokan,919-2101,Fukui Prefecture,57-38 Oshima Oi-cho,,$$$,http://www.tripadvisor.com/Hotel_Review-g1121173-d1520484-Reviews-Ueyama_Ryokan-Oi_cho_Oi_gun_Fukui_Prefecture_Chubu.html
Myohokan,919-2111,Fukui Prefecture,147-1-2 Hongo Oi-cho,,$,http://www.tripadvisor.com/Hotel_Review-g1121173-d1520485-Reviews-Myohokan-Oi_cho_Oi_gun_Fukui_Prefecture_Chubu.html
Uminpia,919-2107,Fukui Prefecture,1-8 Narumi Oi-cho,,$,http://www.tripadvisor.com/Hotel_Review-g1121173-d1875631-Reviews-Uminpia-Oi_cho_Oi_gun_Fukui_Prefecture_Chubu.html
Akagurizaki Auto Camping Site,919‐2101,Fukui Prefecture,21-95 Oshima Oi-cho,,$,http://www.tripadvisor.com/Hotel_Review-g1121173-d4994460-Reviews-Akagurizaki_Auto_Camping_Site-Oi_cho_Oi_gun_Fukui_Prefecture_Chubu.html
Amagono Yado,911-0017,Fukui Prefecture,"56-35 Yokokura, Nomukicho Katsuyama",,$$,http://www.tripadvisor.com/Hotel_Review-g1021156-d1095406-Reviews-Amagono_Yado-Katsuyama_Fukui_Prefecture_Chubu.html
Katsuyama New Hotel,911-0811,Fukui Prefecture,2-114 Katasecho Katsuyama,,$,http://www.tripadvisor.com/Hotel_Review-g1021156-d1095411-Reviews-Katsuyama_New_Hotel-Katsuyama_Fukui_Prefecture_Chubu.html
Hotel Harvest Katsuyama,911-0000,Fukui Prefecture,170-70 Yoshino Katsuyama,100,$$,http://www.tripadvisor.com/Hotel_Review-g1021156-d1095425-Reviews-Hotel_Harvest_Katsuyama-Katsuyama_Fukui_Prefecture_Chubu.html
Itajin,911-0806,Fukui Prefecture,2-5-14 Honmachi Katsuyama,,$,http://www.tripadvisor.com/Hotel_Review-g1021156-d1095427-Reviews-Itajin-Katsuyama_Fukui_Prefecture_Chubu.html
Picnic Garden,911-0822,Fukui Prefecture,230 Heisenji Katsuyama,,$,http://www.tripadvisor.com/Hotel_Review-g1021156-d1107121-Reviews-Picnic_Garden-Katsuyama_Fukui_Prefecture_Chubu.html
Hirao Pension,911-0034,Fukui Prefecture,19-15-2 Murokocho Tatsunami Katsuyama,,,http://www.tripadvisor.com/Hotel_Review-g1021156-d1107122-Reviews-Hirao_Pension-Katsuyama_Fukui_Prefecture_Chubu.html
Pension UPO,911-0021,Fukui Prefecture,11-6-1 Murokocho Tochigamiya Katsuyama,,$$,http://www.tripadvisor.com/Hotel_Review-g1021156-d1107123-Reviews-Pension_UPO-Katsuyama_Fukui_Prefecture_Chubu.html
Pension Hoshinoko,911-0000,Fukui Prefecture,178-1-6 Yoshino Katsuyama,,$$,http://www.tripadvisor.com/Hotel_Review-g1021156-d1107124-Reviews-Pension_Hoshinoko-Katsuyama_Fukui_Prefecture_Chubu.html
Hotel Freeden Fort,911-0000,Fukui Prefecture,178-1-10 Katsuyama,,,http://www.tripadvisor.com/Hotel_Review-g1021156-d1107126-Reviews-Hotel_Freeden_Fort-Katsuyama_Fukui_Prefecture_Chubu.html
Heisenji Family Villa,911-0827,Fukui Prefecture,23 Heisenjicho Sasao Katsuyama,,,http://www.tripadvisor.com/Hotel_Review-g1021156-d1875485-Reviews-Heisenji_Family_Villa-Katsuyama_Fukui_Prefecture_Chubu.html
Versteck,911-0000,Fukui Prefecture,178-1-20 Katsuyama,,,http://www.tripadvisor.com/Hotel_Review-g1021156-d2018802-Reviews-Versteck-Katsuyama_Fukui_Prefecture_Chubu.html
Iwanaya,911-0006,Fukui Prefecture,116-10-2 Kitadanichotani Katsuyama,,$,http://www.tripadvisor.com/Hotel_Review-g1021156-d2653767-Reviews-Iwanaya-Katsuyama_Fukui_Prefecture_Chubu.html
Farmhouse Comunita,910-2524,Fukui Prefecture,"2-22-1 Sarao, Doai Ikeda-cho",,$$,http://www.tripadvisor.com/Hotel_Review-g1121168-d1129541-Reviews-Farmhouse_Comunita-Ikeda_cho_Imadate_gun_Fukui_Prefecture_Chubu.html
Omoto Keiryukan,910-2552,Fukui Prefecture,29-12-2 Omoto Ikeda-cho,,,http://www.tripadvisor.com/Hotel_Review-g1121168-d1875511-Reviews-Omoto_Keiryukan-Ikeda_cho_Imadate_gun_Fukui_Prefecture_Chubu.html
Keiryu Onsen Kammuriso,910-2523,Fukui Prefecture,14-17 Shizuhara Ikeda-cho,,$$,http://www.tripadvisor.com/Hotel_Review-g1121168-d4341163-Reviews-Keiryu_Onsen_Kammuriso-Ikeda_cho_Imadate_gun_Fukui_Prefecture_Chubu.html
Hamakawa,919-1464,Fukui Prefecture,5-20 Sekumi Wakasa-cho,,$$,http://www.tripadvisor.com/Hotel_Review-g1121174-d1123906-Reviews-Hamakawa-Wakasa_cho_Mikatakaminaka_gun_Fukui_Prefecture_Chubu.html
Bokai Kouraku,919-1452　,Fukui Prefecture,3-11-1 Miko Wakasa-cho,,$,http://www.tripadvisor.com/Hotel_Review-g1121174-d1131997-Reviews-Bokai_Kouraku-Wakasa_cho_Mikatakaminaka_gun_Fukui_Prefecture_Chubu.html
Seifuso,919-1464　,Fukui Prefecture,40-3 Sekumi Wakasa-cho,,$,http://www.tripadvisor.com/Hotel_Review-g1121174-d1132000-Reviews-Seifuso-Wakasa_cho_Mikatakaminaka_gun_Fukui_Prefecture_Chubu.html
Marushimoya Namihanaro,919-1455,Fukui Prefecture,3-11 Shakushi Wakasa-cho,,$$$,http://www.tripadvisor.com/Hotel_Review-g1121174-d1132001-Reviews-Marushimoya_Namihanaro-Wakasa_cho_Mikatakaminaka_gun_Fukui_Prefecture_Chubu.html
Kiyoshiya,919-1454 ,Fukui Prefecture,11-10 Yushi Wakasa-cho,,,http://www.tripadvisor.com/Hotel_Review-g1121174-d1132003-Reviews-Kiyoshiya-Wakasa_cho_Mikatakaminaka_gun_Fukui_Prefecture_Chubu.html
Konishiya,919-1451 ,Fukui Prefecture,1-33 Tsunekami Wakasa-cho,,$$$,http://www.tripadvisor.com/Hotel_Review-g1121174-d1132005-Reviews-Konishiya-Wakasa_cho_Mikatakaminaka_gun_Fukui_Prefecture_Chubu.html
Minshuku Aokiya,919-1464,Fukui Prefecture,5-6 Sekumi Wakasa-cho,,,http://www.tripadvisor.com/Hotel_Review-g1121174-d1132007-Reviews-Minshuku_Aokiya-Wakasa_cho_Mikatakaminaka_gun_Fukui_Prefecture_Chubu.html
Minshuku Kawamura,919-1464　,Fukui Prefecture,13-14 Sekumi Wakasa-cho,,$$$,http://www.tripadvisor.com/Hotel_Review-g1121174-d1132009-Reviews-Minshuku_Kawamura-Wakasa_cho_Mikatakaminaka_gun_Fukui_Prefecture_Chubu.html
Minshuku Kyusuke,919-1452,Fukui Prefecture,3-21 Miko Wakasa-cho,,$$,http://www.tripadvisor.com/Hotel_Review-g1121174-d1132012-Reviews-Minshuku_Kyusuke-Wakasa_cho_Mikatakaminaka_gun_Fukui_Prefecture_Chubu.html
Minshuku Matsuoka,919-1452,Fukui Prefecture,6-20 Miko Wakasa-cho,,$$,http://www.tripadvisor.com/Hotel_Review-g1121174-d1132015-Reviews-Minshuku_Matsuoka-Wakasa_cho_Mikatakaminaka_gun_Fukui_Prefecture_Chubu.html
Nagataso,919-1461　,Fukui Prefecture,52-22 Umiyama Wakasa-cho,,$,http://www.tripadvisor.com/Hotel_Review-g1121174-d1133689-Reviews-Nagataso-Wakasa_cho_Mikatakaminaka_gun_Fukui_Prefecture_Chubu.html
Yusei,919-1464,Fukui Prefecture,6-29 Sekumi Wakasa-cho,,$$,http://www.tripadvisor.com/Hotel_Review-g1121174-d1133694-Reviews-Yusei-Wakasa_cho_Mikatakaminaka_gun_Fukui_Prefecture_Chubu.html
Sotetsuya Ryokan,919-1451,Fukui Prefecture,1-60 Tsunekami Wakasa-cho,,$$,http://www.tripadvisor.com/Hotel_Review-g1121174-d1133699-Reviews-Sotetsuya_Ryokan-Wakasa_cho_Mikatakaminaka_gun_Fukui_Prefecture_Chubu.html
Suigekka,919-1461 ,Fukui Prefecture,51-13 Umiyama Wakasa-cho,,$$,http://www.tripadvisor.com/Hotel_Review-g1121174-d1133700-Reviews-Suigekka-Wakasa_cho_Mikatakaminaka_gun_Fukui_Prefecture_Chubu.html
Kiyoya,919-1464,Fukui Prefecture,39-11-1 Sekumi Wakasa-cho,,,http://www.tripadvisor.com/Hotel_Review-g1121174-d1133703-Reviews-Kiyoya-Wakasa_cho_Mikatakaminaka_gun_Fukui_Prefecture_Chubu.html
Kojokan Pamco,919-1461,Fukui Prefecture,64-9-1 Umiyama Wakasa-cho,,$,http://www.tripadvisor.com/Hotel_Review-g1121174-d1170036-Reviews-Kojokan_Pamco-Wakasa_cho_Mikatakaminaka_gun_Fukui_Prefecture_Chubu.html
Minshuku Hosokawa,919-1452,Fukui Prefecture,4-4 Miko Wakasa-cho,,,http://www.tripadvisor.com/Hotel_Review-g1121174-d1520486-Reviews-Minshuku_Hosokawa-Wakasa_cho_Mikatakaminaka_gun_Fukui_Prefecture_Chubu.html
Bizenya,919-1451,Fukui Prefecture,1-59 Tsunekami Wakasa-cho,,$$$,http://www.tripadvisor.com/Hotel_Review-g1121174-d1520487-Reviews-Bizenya-Wakasa_cho_Mikatakaminaka_gun_Fukui_Prefecture_Chubu.html
Yoshimurakan,919-1303,Fukui Prefecture,25-29 Mikata Wakasa-cho,,$,http://www.tripadvisor.com/Hotel_Review-g1121174-d1520488-Reviews-Yoshimurakan-Wakasa_cho_Mikatakaminaka_gun_Fukui_Prefecture_Chubu.html
Showakan,919-1454,Fukui Prefecture,Yushikaigan Wakasa-cho,,$$,http://www.tripadvisor.com/Hotel_Review-g1121174-d1520489-Reviews-Showakan-Wakasa_cho_Mikatakaminaka_gun_Fukui_Prefecture_Chubu.html
Minshuku Sugimoto,919-1451,Fukui Prefecture,Tsunekami Wakasa-cho,,$$$,http://www.tripadvisor.com/Hotel_Review-g1121174-d1520491-Reviews-Minshuku_Sugimoto-Wakasa_cho_Mikatakaminaka_gun_Fukui_Prefecture_Chubu.html
Minshuku Takenaka,919-1452,Fukui Prefecture,Miko Wakasa-cho,,$$,http://www.tripadvisor.com/Hotel_Review-g1121174-d1520492-Reviews-Minshuku_Takenaka-Wakasa_cho_Mikatakaminaka_gun_Fukui_Prefecture_Chubu.html
Ebisuya,919-1452,Fukui Prefecture,10-18 Miko Wakasa-cho,,$$,http://www.tripadvisor.com/Hotel_Review-g1121174-d1520494-Reviews-Ebisuya-Wakasa_cho_Mikatakaminaka_gun_Fukui_Prefecture_Chubu.html
Kogashimaso,919-1301,Fukui Prefecture,334-1-8 Kiyama Wakasa-cho,,$,http://www.tripadvisor.com/Hotel_Review-g1121174-d1549407-Reviews-Kogashimaso-Wakasa_cho_Mikatakaminaka_gun_Fukui_Prefecture_Chubu.html
Wakasajinoyado Yamaya,919-1454,Fukui Prefecture,5-20 Yushi Wakasa-cho,,,http://www.tripadvisor.com/Hotel_Review-g1121174-d1627653-Reviews-Wakasajinoyado_Yamaya-Wakasa_cho_Mikatakaminaka_gun_Fukui_Prefecture_Chubu.html
Watanabekan,919-1464,Fukui Prefecture,13-21 Sekumi Wakasa-cho,,,http://www.tripadvisor.com/Hotel_Review-g1121174-d1875635-Reviews-Watanabekan-Wakasa_cho_Mikatakaminaka_gun_Fukui_Prefecture_Chubu.html
Nagisakan,919-1464,Fukui Prefecture,5-5 Sekumi Wakasa-cho,,,http://www.tripadvisor.com/Hotel_Review-g1121174-d1875639-Reviews-Nagisakan-Wakasa_cho_Mikatakaminaka_gun_Fukui_Prefecture_Chubu.html
Okinoishi,919-1453,Fukui Prefecture,1-5 Ogawa Wakasa-cho,,,http://www.tripadvisor.com/Hotel_Review-g1121174-d1875642-Reviews-Okinoishi-Wakasa_cho_Mikatakaminaka_gun_Fukui_Prefecture_Chubu.html
Yamashitaya,919-1451,Fukui Prefecture,1-76 Tsunekami Wakasa-cho,,$$$,http://www.tripadvisor.com/Hotel_Review-g1121174-d1875647-Reviews-Yamashitaya-Wakasa_cho_Mikatakaminaka_gun_Fukui_Prefecture_Chubu.html
Minshuku Gonbei,919-1454,Fukui Prefecture,8-5 Yushi Wakasa-cho,,,http://www.tripadvisor.com/Hotel_Review-g1121174-d1875651-Reviews-Minshuku_Gonbei-Wakasa_cho_Mikatakaminaka_gun_Fukui_Prefecture_Chubu.html
Kojima,919-1451,Fukui Prefecture,Tsunekami Wakasa-cho,,,http://www.tripadvisor.com/Hotel_Review-g1121174-d1875655-Reviews-Kojima-Wakasa_cho_Mikatakaminaka_gun_Fukui_Prefecture_Chubu.html
Sotetsunoie,919-1451,Fukui Prefecture,1-58 Tsunekami Wakasa-cho,,$$,http://www.tripadvisor.com/Hotel_Review-g1121174-d1875665-Reviews-Sotetsunoie-Wakasa_cho_Mikatakaminaka_gun_Fukui_Prefecture_Chubu.html
Minshuku Tokubei,919-1453,Fukui Prefecture,4-38 Ogawa Wakasa-cho,,,http://www.tripadvisor.com/Hotel_Review-g1121174-d1875671-Reviews-Minshuku_Tokubei-Wakasa_cho_Mikatakaminaka_gun_Fukui_Prefecture_Chubu.html
Fujinoya,919-1452,Fukui Prefecture,Miko Wakasa-cho,,$$,http://www.tripadvisor.com/Hotel_Review-g1121174-d1875675-Reviews-Fujinoya-Wakasa_cho_Mikatakaminaka_gun_Fukui_Prefecture_Chubu.html
Yushiso,919-1454,Fukui Prefecture,Yushi Wakasa-cho,,,http://www.tripadvisor.com/Hotel_Review-g1121174-d1875680-Reviews-Yushiso-Wakasa_cho_Mikatakaminaka_gun_Fukui_Prefecture_Chubu.html
Tone Ryokan,919-1453,Fukui Prefecture,1-9 Ogawa Wakasa-cho,,$,http://www.tripadvisor.com/Hotel_Review-g1121174-d1875683-Reviews-Tone_Ryokan-Wakasa_cho_Mikatakaminaka_gun_Fukui_Prefecture_Chubu.html
Minshuku Hamanoya,919-1464,Fukui Prefecture,13-6 Sekumi Wakasa-cho,,$$$,http://www.tripadvisor.com/Hotel_Review-g1121174-d1875687-Reviews-Minshuku_Hamanoya-Wakasa_cho_Mikatakaminaka_gun_Fukui_Prefecture_Chubu.html
Minshuku Matsuki,919-1464,Fukui Prefecture,13-17 Sekumi Wakasa-cho,,,http://www.tripadvisor.com/Hotel_Review-g1121174-d1875690-Reviews-Minshuku_Matsuki-Wakasa_cho_Mikatakaminaka_gun_Fukui_Prefecture_Chubu.html
Hamaya,919-1452,Fukui Prefecture,4-19 Miko Wakasa-cho,,,http://www.tripadvisor.com/Hotel_Review-g1121174-d1875693-Reviews-Hamaya-Wakasa_cho_Mikatakaminaka_gun_Fukui_Prefecture_Chubu.html
Teramoto,919-1452,Fukui Prefecture,4-12 Miko Wakasa-cho,,$$,http://www.tripadvisor.com/Hotel_Review-g1121174-d1875696-Reviews-Teramoto-Wakasa_cho_Mikatakaminaka_gun_Fukui_Prefecture_Chubu.html
Minshuku Yoshiokaya,919-1464,Fukui Prefecture,15-10 Shikimi Wakasa-cho,,$$,http://www.tripadvisor.com/Hotel_Review-g1121174-d1875702-Reviews-Minshuku_Yoshiokaya-Wakasa_cho_Mikatakaminaka_gun_Fukui_Prefecture_Chubu.html
Katayama,919-1451,Fukui Prefecture,1-56 Tsunekami Wakasa-cho,,,http://www.tripadvisor.com/Hotel_Review-g1121174-d1875706-Reviews-Katayama-Wakasa_cho_Mikatakaminaka_gun_Fukui_Prefecture_Chubu.html
Yogoro,919-1451,Fukui Prefecture,1-34 Tsunekami Wakasa-cho,,$$$,http://www.tripadvisor.com/Hotel_Review-g1121174-d1924251-Reviews-Yogoro-Wakasa_cho_Mikatakaminaka_gun_Fukui_Prefecture_Chubu.html
Ichiemon,919-1451,Fukui Prefecture,1-6 Tsunekami Wakasa-cho,,,http://www.tripadvisor.com/Hotel_Review-g1121174-d1924252-Reviews-Ichiemon-Wakasa_cho_Mikatakaminaka_gun_Fukui_Prefecture_Chubu.html
Minsyuku hisami,919-1464,Fukui Prefecture,5-10 Sekumi Wakasa-cho,,,http://www.tripadvisor.com/Hotel_Review-g1121174-d1924253-Reviews-Minsyuku_hisami-Wakasa_cho_Mikatakaminaka_gun_Fukui_Prefecture_Chubu.html
Minsyuku hachibe,919-1452,Fukui Prefecture,4-9 Miko Wakasa-cho,,$$,http://www.tripadvisor.com/Hotel_Review-g1121174-d1924255-Reviews-Minsyuku_hachibe-Wakasa_cho_Mikatakaminaka_gun_Fukui_Prefecture_Chubu.html
Minsyuku hamabeya,919-1464,Fukui Prefecture,5-14 Sekumi Wakasa-cho,,$$,http://www.tripadvisor.com/Hotel_Review-g1121174-d1924256-Reviews-Minsyuku_hamabeya-Wakasa_cho_Mikatakaminaka_gun_Fukui_Prefecture_Chubu.html
Minsyuku hamani,919-1464,Fukui Prefecture,6-11 Sekumi Wakasa-cho,,$$,http://www.tripadvisor.com/Hotel_Review-g1121174-d1924258-Reviews-Minsyuku_hamani-Wakasa_cho_Mikatakaminaka_gun_Fukui_Prefecture_Chubu.html
Minsyuku shioya,919-1452,Fukui Prefecture,4-40 Miko Wakasa-cho,,$$,http://www.tripadvisor.com/Hotel_Review-g1121174-d1924259-Reviews-Minsyuku_shioya-Wakasa_cho_Mikatakaminaka_gun_Fukui_Prefecture_Chubu.html
Ryoushi no yado sachiya,919-1452,Fukui Prefecture,4-3 Miko Wakasa-cho,,$$,http://www.tripadvisor.com/Hotel_Review-g1121174-d1924261-Reviews-Ryoushi_no_yado_sachiya-Wakasa_cho_Mikatakaminaka_gun_Fukui_Prefecture_Chubu.html
Yamabiko,919-1533,Fukui Prefecture,1-4-5 Kouchi Wakasa-cho,,,http://www.tripadvisor.com/Hotel_Review-g1121174-d2027958-Reviews-Yamabiko-Wakasa_cho_Mikatakaminaka_gun_Fukui_Prefecture_Chubu.html
Minshuku Hamato,919-1454,Fukui Prefecture,10-5 Yushi Wakasa-cho,,$$,http://www.tripadvisor.com/Hotel_Review-g1121174-d2070239-Reviews-Minshuku_Hamato-Wakasa_cho_Mikatakaminaka_gun_Fukui_Prefecture_Chubu.html
Emuraya,919-1464,Fukui Prefecture,6-20 Sekumi Wakasa-cho,,,http://www.tripadvisor.com/Hotel_Review-g1121174-d2070291-Reviews-Emuraya-Wakasa_cho_Mikatakaminaka_gun_Fukui_Prefecture_Chubu.html
Ubeshimakan,919-1464,Fukui Prefecture,4-14-1 Sekumi Wakasa-cho,,,http://www.tripadvisor.com/Hotel_Review-g1121174-d2653804-Reviews-Ubeshimakan-Wakasa_cho_Mikatakaminaka_gun_Fukui_Prefecture_Chubu.html
Irokasane,919-1304,Fukui Prefecture,18-19-2 Ikura Wakasa-cho,,$$,http://www.tripadvisor.com/Hotel_Review-g1121174-d3655985-Reviews-Irokasane-Wakasa_cho_Mikatakaminaka_gun_Fukui_Prefecture_Chubu.html
Hotel Alpha-One Sabae,916-0025,Fukui Prefecture,1-1-1 Asahimachi Sabae,171,$,http://www.tripadvisor.com/Hotel_Review-g1021157-d1076115-Reviews-Hotel_Alpha_One_Sabae-Sabae_Fukui_Prefecture_Chubu.html
Sabae Dai-Ichi Hotel,916-0042,Fukui Prefecture,1-116 Shinyokoe Sabae,107,$,http://www.tripadvisor.com/Hotel_Review-g1021157-d1076117-Reviews-Sabae_Dai_Ichi_Hotel-Sabae_Fukui_Prefecture_Chubu.html
Hotel New Osamura,916-0041,Fukui Prefecture,4-303-1 Higashi Sabae Sabae,36,,http://www.tripadvisor.com/Hotel_Review-g1021157-d1096868-Reviews-Hotel_New_Osamura-Sabae_Fukui_Prefecture_Chubu.html
Sabae City Hotel,916-0027,Fukui Prefecture,3-3-3 Sakura-machi Sabae,54,$,http://www.tripadvisor.com/Hotel_Review-g1021157-d1096871-Reviews-Sabae_City_Hotel-Sabae_Fukui_Prefecture_Chubu.html
Lapause Kawada,916-1235,Fukui Prefecture,19-37-2 Kamikochi-cho Sabae,,$,http://www.tripadvisor.com/Hotel_Review-g1021157-d1096896-Reviews-Lapause_Kawada-Sabae_Fukui_Prefecture_Chubu.html
Business Ryokan Masuyasou,916-0013,Fukui Prefecture,1-4-12 Toba Sabae,,$,http://www.tripadvisor.com/Hotel_Review-g1021157-d1107127-Reviews-Business_Ryokan_Masuyasou-Sabae_Fukui_Prefecture_Chubu.html
