Miyako Hotel Gifu,502-0817,Gifu Prefecture,2695-2 Nagara Fukumitsu Gifu,192,$,http://www.tripadvisor.com/Hotel_Review-g298112-d299760-Reviews-Miyako_Hotel_Gifu-Gifu_Gifu_Prefecture_Chubu.html
Comfort Hotel Gifu,500-8844,Gifu Prefecture,6-6 Yoshino-machi Gifu,219,$,http://www.tripadvisor.com/Hotel_Review-g298112-d306448-Reviews-Comfort_Hotel_Gifu-Gifu_Gifu_Prefecture_Chubu.html
New Gifu Hotel Plaza,500-8175,Gifu Prefecture,3-4 Nagazumi-Cho Gifu,,$,http://www.tripadvisor.com/Hotel_Review-g298112-d628286-Reviews-New_Gifu_Hotel_Plaza-Gifu_Gifu_Prefecture_Chubu.html
Gifu Grand Hotel,502-8567,Gifu Prefecture,648 Nagara Gifu,148,$,http://www.tripadvisor.com/Hotel_Review-g298112-d655964-Reviews-Gifu_Grand_Hotel-Gifu_Gifu_Prefecture_Chubu.html
Gifu Washington Hotel Plaza,500-8833,Gifu Prefecture,7-7-4 Kandacho Gifu,188,$,http://www.tripadvisor.com/Hotel_Review-g298112-d809651-Reviews-Gifu_Washington_Hotel_Plaza-Gifu_Gifu_Prefecture_Chubu.html
Gifu Green Hotel,500-8842,Gifu Prefecture,5-12-6 Kogane-machi Gifu,30,$,http://www.tripadvisor.com/Hotel_Review-g298112-d1082057-Reviews-Gifu_Green_Hotel-Gifu_Gifu_Prefecture_Chubu.html
Gifu Castle Inn,500-8176,Gifu Prefecture,2-8 Agata-machi Gifu,,$,http://www.tripadvisor.com/Hotel_Review-g298112-d1082062-Reviews-Gifu_Castle_Inn-Gifu_Gifu_Prefecture_Chubu.html
Hotel Park,500-8009,Gifu Prefecture,397-2 Minato-machi Gifu,77,$$,http://www.tripadvisor.com/Hotel_Review-g298112-d1082064-Reviews-Hotel_Park-Gifu_Gifu_Prefecture_Chubu.html
Hotel Route Inn Gifu Kencho Minami,500-8289,Gifu Prefecture,2-1-8 Suga Gifu,140,$,http://www.tripadvisor.com/Hotel_Review-g298112-d1082069-Reviews-Hotel_Route_Inn_Gifu_Kencho_Minami-Gifu_Gifu_Prefecture_Chubu.html
Hotel Ilcred Gifu,500-8833,Gifu Prefecture,9-23 Kanda-machi Gifu,135,$,http://www.tripadvisor.com/Hotel_Review-g298112-d1082073-Reviews-Hotel_Ilcred_Gifu-Gifu_Gifu_Prefecture_Chubu.html
Hotel Resol Gifu,500-8175,Gifu Prefecture,5-8 Nagazumicho Gifu,119,$,http://www.tripadvisor.com/Hotel_Review-g298112-d1082076-Reviews-Hotel_Resol_Gifu-Gifu_Gifu_Prefecture_Chubu.html
Hotel Sports Palko,500-8117,Gifu Prefecture,2-10 Minamitonomachi Gifu,,$$,http://www.tripadvisor.com/Hotel_Review-g298112-d1082083-Reviews-Hotel_Sports_Palko-Gifu_Gifu_Prefecture_Chubu.html
Kinka,500-8003,Gifu Prefecture,1-15 Omiyacho Gifu,,$$,http://www.tripadvisor.com/Hotel_Review-g298112-d1082095-Reviews-Kinka-Gifu_Gifu_Prefecture_Chubu.html
Business Hotel Sun Summit,500-8429,Gifu Prefecture,2-16 Kano Shimizu-machi Gifu,,$,http://www.tripadvisor.com/Hotel_Review-g298112-d1082116-Reviews-Business_Hotel_Sun_Summit-Gifu_Gifu_Prefecture_Chubu.html
Business Hotel Kayokan,500-8402,Gifu Prefecture,3-5 Tatsuta-machi Gifu,,,http://www.tripadvisor.com/Hotel_Review-g298112-d1082119-Reviews-Business_Hotel_Kayokan-Gifu_Gifu_Prefecture_Chubu.html
Business Hotel Plaza,500-8184,Gifu Prefecture,14 Nishikomazume-cho Gifu,,$,http://www.tripadvisor.com/Hotel_Review-g298112-d1082121-Reviews-Business_Hotel_Plaza-Gifu_Gifu_Prefecture_Chubu.html
Weekly-Sho Gifu Daiichi Hotel,500-8858,Gifu Prefecture,2-5 Fukuzumi-cho Gifu,,$,http://www.tripadvisor.com/Hotel_Review-g298112-d1082124-Reviews-Weekly_Sho_Gifu_Daiichi_Hotel-Gifu_Gifu_Prefecture_Chubu.html
Nisho Sun Hotel,500-8834,Gifu Prefecture,26 Hanemachi Gifu,,$,http://www.tripadvisor.com/Hotel_Review-g298112-d1082132-Reviews-Nisho_Sun_Hotel-Gifu_Gifu_Prefecture_Chubu.html
Sauna & Capsule Hotel Gant,500-8113,Gifu Prefecture,1-3-3 Kanazono-cho Gifu,,$,http://www.tripadvisor.com/Hotel_Review-g298112-d1082137-Reviews-Sauna_Capsule_Hotel_Gant-Gifu_Gifu_Prefecture_Chubu.html
Weekly Kanazono,500-8113,Gifu Prefecture,1-14 Kanazono-cho Gifu,,$,http://www.tripadvisor.com/Hotel_Review-g298112-d1082141-Reviews-Weekly_Kanazono-Gifu_Gifu_Prefecture_Chubu.html
Usyounoie Sugiyama,502-0071,Gifu Prefecture,73-1 Nagara Gifu,46,$,http://www.tripadvisor.com/Hotel_Review-g298112-d1082151-Reviews-Usyounoie_Sugiyama-Gifu_Gifu_Prefecture_Chubu.html
Hotel Grand Vert Gizan,500-8875 ,Gifu Prefecture,6-14 Yanagasedori Gifu,61,$,http://www.tripadvisor.com/Hotel_Review-g298112-d1087961-Reviews-Hotel_Grand_Vert_Gizan-Gifu_Gifu_Prefecture_Chubu.html
Juhachiro,500-8009,Gifu Prefecture,10 Minatomachi Gifu,111,$$,http://www.tripadvisor.com/Hotel_Review-g298112-d1087963-Reviews-Juhachiro-Gifu_Gifu_Prefecture_Chubu.html
Kimie Ryokan,500-8843 ,Gifu Prefecture,1-34 Sumidamachi Gifu,,$,http://www.tripadvisor.com/Hotel_Review-g298112-d1087971-Reviews-Kimie_Ryokan-Gifu_Gifu_Prefecture_Chubu.html
Nagaragawa Kaikan,500-8881 ,Gifu Prefecture,5-4 Aoyagicho Gifu,,,http://www.tripadvisor.com/Hotel_Review-g298112-d1087972-Reviews-Nagaragawa_Kaikan-Gifu_Gifu_Prefecture_Chubu.html
Toyoko Inn Gifu,500-8185 ,Gifu Prefecture,5-9 Motomachi Gifu,,$,http://www.tripadvisor.com/Hotel_Review-g298112-d1087974-Reviews-Toyoko_Inn_Gifu-Gifu_Gifu_Prefecture_Chubu.html
Ueto Ryori Ryokan,500-8111 ,Gifu Prefecture,4 Bairin Gifu,,$,http://www.tripadvisor.com/Hotel_Review-g298112-d1087975-Reviews-Ueto_Ryori_Ryokan-Gifu_Gifu_Prefecture_Chubu.html
Business Hotel Kagetsu,500-8116 ,Gifu Prefecture,1-10 Tonomachi Gifu,,$,http://www.tripadvisor.com/Hotel_Review-g298112-d1087976-Reviews-Business_Hotel_Kagetsu-Gifu_Gifu_Prefecture_Chubu.html
Daiwa Roynet Hotel Gifu,500-8833 ,Gifu Prefecture,8-5 Kandamachi Gifu,207,$,http://www.tripadvisor.com/Hotel_Review-g298112-d1087977-Reviews-Daiwa_Roynet_Hotel_Gifu-Gifu_Gifu_Prefecture_Chubu.html
Sun Hotel Gifu,500-8844 ,Gifu Prefecture,3-3 Yoshinomachi Gifu,,$,http://www.tripadvisor.com/Hotel_Review-g298112-d1087978-Reviews-Sun_Hotel_Gifu-Gifu_Gifu_Prefecture_Chubu.html
Taga,502-0817,Gifu Prefecture,2521 Nagarafukumitsu Gifu,,,http://www.tripadvisor.com/Hotel_Review-g298112-d1095269-Reviews-Taga-Gifu_Gifu_Prefecture_Chubu.html
Harmonie Terrasse,502-0012,Gifu Prefecture,537-3 Nagarashidami Gifu,22,$,http://www.tripadvisor.com/Hotel_Review-g298112-d1095274-Reviews-Harmonie_Terrasse-Gifu_Gifu_Prefecture_Chubu.html
Daini Sport Parco Yanagase Inn,500-8189,Gifu Prefecture,13 Sanbancho Gifu,,,http://www.tripadvisor.com/Hotel_Review-g298112-d1095280-Reviews-Daini_Sport_Parco_Yanagase_Inn-Gifu_Gifu_Prefecture_Chubu.html
Business Ryokan Kotobuki,500-8213,Gifu Prefecture,3-7-21 Hino Nishi Gifu,,$,http://www.tripadvisor.com/Hotel_Review-g298112-d1111452-Reviews-Business_Ryokan_Kotobuki-Gifu_Gifu_Prefecture_Chubu.html
Meisanso Ryokan,500-8016,Gifu Prefecture,28-3 Matsugae-cho Gifu,,,http://www.tripadvisor.com/Hotel_Review-g298112-d1111457-Reviews-Meisanso_Ryokan-Gifu_Gifu_Prefecture_Chubu.html
Wel Sunpia Gifu,500-8381,Gifu Prefecture,2-1-22 Ichihashi Gifu,,,http://www.tripadvisor.com/Hotel_Review-g298112-d1111593-Reviews-Wel_Sunpia_Gifu-Gifu_Gifu_Prefecture_Chubu.html
Business Ryokan Tatsuyoshi,500-8476,Gifu Prefecture,2 Kanoatagocho Gifu,,,http://www.tripadvisor.com/Hotel_Review-g298112-d1141047-Reviews-Business_Ryokan_Tatsuyoshi-Gifu_Gifu_Prefecture_Chubu.html
Ishikin,502-0071,Gifu Prefecture,112 Nagara Gifu,,$,http://www.tripadvisor.com/Hotel_Review-g298112-d1908303-Reviews-Ishikin-Gifu_Gifu_Prefecture_Chubu.html
Nagaragawa Sports Plaza,502-0817 ,Gifu Prefecture,2070-7 Aofusuma Nagara Fukumitsu Gifu,,,http://www.tripadvisor.com/Hotel_Review-g298112-d2040078-Reviews-Nagaragawa_Sports_Plaza-Gifu_Gifu_Prefecture_Chubu.html
Manpukuan,508-0502,Gifu Prefecture,5358 Magome Gifu,,$,http://www.tripadvisor.com/Hotel_Review-g298112-d3333172-Reviews-Manpukuan-Gifu_Gifu_Prefecture_Chubu.html
Tennenonsen Kinkanoyu Dormy Inn Gifuekimae,500-8844 ,Gifu Prefecture,6-31 Yoshinomachi Gifu,151,$,http://www.tripadvisor.com/Hotel_Review-g298112-d3782582-Reviews-Tennenonsen_Kinkanoyu_Dormy_Inn_Gifuekimae-Gifu_Gifu_Prefecture_Chubu.html
Weekly Shi Gifu,500-8104,Gifu Prefecture,4-8 Misono Gifu,,$,http://www.tripadvisor.com/Hotel_Review-g298112-d4889357-Reviews-Weekly_Shi_Gifu-Gifu_Gifu_Prefecture_Chubu.html
Kaizu Onsen,503-0628,Gifu Prefecture,560-1 Kaizucho Fukue Kaizu,,$,http://www.tripadvisor.com/Hotel_Review-g1019685-d1877065-Reviews-Kaizu_Onsen-Kaizu_Gifu_Prefecture_Chubu.html
Hotel Route Inn Toki,509-5141,Gifu Prefecture,4-17 Izumiiwabatacho Toki,143,$,http://www.tripadvisor.com/Hotel_Review-g1019695-d1093975-Reviews-Hotel_Route_Inn_Toki-Toki_Gifu_Prefecture_Chubu.html
Business Hotel Toki,509-5132,Gifu Prefecture,"266-1 Otomi, Izumicho Toki",,$,http://www.tripadvisor.com/Hotel_Review-g1019695-d1096960-Reviews-Business_Hotel_Toki-Toki_Gifu_Prefecture_Chubu.html
Yamagami Onsen Yunomotokan,509-5202,Gifu Prefecture,1953-1 Oroshicho Toki,,$$$,http://www.tripadvisor.com/Hotel_Review-g1019695-d1096961-Reviews-Yamagami_Onsen_Yunomotokan-Toki_Gifu_Prefecture_Chubu.html
Family Lodge Hatagoya Tokiten,509-5102,Gifu Prefecture,"789-1 Jorinji, Izumicho Toki",,$,http://www.tripadvisor.com/Hotel_Review-g1019695-d1111432-Reviews-Family_Lodge_Hatagoya_Tokiten-Toki_Gifu_Prefecture_Chubu.html
Hashoen Yumotokan,509-5312,Gifu Prefecture,"1719-3 Kakino, Tsurusato-cho Toki",,$$,http://www.tripadvisor.com/Hotel_Review-g1019695-d1111437-Reviews-Hashoen_Yumotokan-Toki_Gifu_Prefecture_Chubu.html
Kakino Kanko Hotel Tsuruya,509-5312,Gifu Prefecture,"1673-4 Kakino, Tsurusato-cho Toki",,$$$,http://www.tripadvisor.com/Hotel_Review-g1019695-d1111447-Reviews-Kakino_Kanko_Hotel_Tsuruya-Toki_Gifu_Prefecture_Chubu.html
Toki Plaza Hotel,509-5142,Gifu Prefecture,2-6 Izumicho Kujiri Toki,,$,http://www.tripadvisor.com/Hotel_Review-g1019695-d1877103-Reviews-Toki_Plaza_Hotel-Toki_Gifu_Prefecture_Chubu.html
Asahiso,509-5312,Gifu Prefecture,1719-23 Tsurusatocho Kakino Toki,,$$$,http://www.tripadvisor.com/Hotel_Review-g1019695-d1877107-Reviews-Asahiso-Toki_Gifu_Prefecture_Chubu.html
Business Hotel PLENTY,509-5142,Gifu Prefecture,37-5 Hisajiri Izumi Toki,,$,http://www.tripadvisor.com/Hotel_Review-g1019695-d3433458-Reviews-Business_Hotel_PLENTY-Toki_Gifu_Prefecture_Chubu.html
Best Western Hotel Takayama,506-0026,Gifu Prefecture,6-6 Hanasatomachi Takayama,78,$$,http://www.tripadvisor.com/Hotel_Review-g298113-d299507-Reviews-Best_Western_Hotel_Takayama-Takayama_Gifu_Prefecture_Chubu.html
Sosuke,506-0054,Gifu Prefecture,1-64 Okamoto-cho Takayama,,$$,http://www.tripadvisor.com/Hotel_Review-g298113-d304241-Reviews-Sosuke-Takayama_Gifu_Prefecture_Chubu.html
Takayama City Hotel Four Seasons,506-0006 ,Gifu Prefecture,1-1 Kandamachi Takayama,46,$,http://www.tripadvisor.com/Hotel_Review-g298113-d320165-Reviews-Takayama_City_Hotel_Four_Seasons-Takayama_Gifu_Prefecture_Chubu.html
Oyado Hachibei,506-0055 ,Gifu Prefecture,1-388 Kami Okamotomachi Takayama,,$,http://www.tripadvisor.com/Hotel_Review-g298113-d320167-Reviews-Oyado_Hachibei-Takayama_Gifu_Prefecture_Chubu.html
Rickshaw Inn,506-0016,Gifu Prefecture,54 Suehirocho Takayama,11,$,http://www.tripadvisor.com/Hotel_Review-g298113-d320170-Reviews-Rickshaw_Inn-Takayama_Gifu_Prefecture_Chubu.html
Sumiyoshi Ryokan,506-0011,Gifu Prefecture,4 Hon-machi Takayama,8,$$,http://www.tripadvisor.com/Hotel_Review-g298113-d320172-Reviews-Sumiyoshi_Ryokan-Takayama_Gifu_Prefecture_Chubu.html
Oyado Yamakyu,506-0832,Gifu Prefecture,58 Tenshojimachi Takayama,20,$$,http://www.tripadvisor.com/Hotel_Review-g298113-d320173-Reviews-Oyado_Yamakyu-Takayama_Gifu_Prefecture_Chubu.html
Hida Hotel Plaza,506-0009,Gifu Prefecture,2-60 Hanaokacho Takayama,225,$$,http://www.tripadvisor.com/Hotel_Review-g298113-d325557-Reviews-Hida_Hotel_Plaza-Takayama_Gifu_Prefecture_Chubu.html
Hotel Associa Takayama Resort,506-0033,Gifu Prefecture,1134 Echigocho Takayama,290,$$,http://www.tripadvisor.com/Hotel_Review-g298113-d479500-Reviews-Hotel_Associa_Takayama_Resort-Takayama_Gifu_Prefecture_Chubu.html
Ryokan Seiryu,506-0003,Gifu Prefecture,6 Hanakawacho Takayama,,$$,http://www.tripadvisor.com/Hotel_Review-g298113-d547079-Reviews-Ryokan_Seiryu-Takayama_Gifu_Prefecture_Chubu.html
Yumoto Choza,506-1434,Gifu Prefecture,"786 Fukuji, Okuhida Onsenkyo Takayama",27,$$$$,http://www.tripadvisor.com/Hotel_Review-g298113-d558149-Reviews-Yumoto_Choza-Takayama_Gifu_Prefecture_Chubu.html
Kazeya,506-1421,Gifu Prefecture,440-1 Okuhida Onsen-go Kansaka Takayama,,,http://www.tripadvisor.com/Hotel_Review-g298113-d558234-Reviews-Kazeya-Takayama_Gifu_Prefecture_Chubu.html
Ryokan Tanabe,506-0014,Gifu Prefecture,58 Aioi-cho Takayama,,$$$,http://www.tripadvisor.com/Hotel_Review-g298113-d576959-Reviews-Ryokan_Tanabe-Takayama_Gifu_Prefecture_Chubu.html
Ryokan Asunaro,506-0008,Gifu Prefecture,2-96-2 Hatsuda-cho Takayama,18,$$,http://www.tripadvisor.com/Hotel_Review-g298113-d581432-Reviews-Ryokan_Asunaro-Takayama_Gifu_Prefecture_Chubu.html
Washington Hotel Plaza,506-0026,Gifu Prefecture,5-20 Hanasatomachi Takayama,175,$,http://www.tripadvisor.com/Hotel_Review-g298113-d583616-Reviews-Washington_Hotel_Plaza-Takayama_Gifu_Prefecture_Chubu.html
Minshuku Kuwataniya,506-0007,Gifu Prefecture,1-50-30 Sowamachi Takayama,9,$,http://www.tripadvisor.com/Hotel_Review-g298113-d621205-Reviews-Minshuku_Kuwataniya-Takayama_Gifu_Prefecture_Chubu.html
Hoshokaku,506-0838,Gifu Prefecture,1-88 Babacho Takayama,62,$$$,http://www.tripadvisor.com/Hotel_Review-g298113-d623520-Reviews-Hoshokaku-Takayama_Gifu_Prefecture_Chubu.html
Hotel Grantia Hida Takayama,506-0032,Gifu Prefecture,1070-1 Chishimamachi Takayama,140,$,http://www.tripadvisor.com/Hotel_Review-g298113-d674242-Reviews-Hotel_Grantia_Hida_Takayama-Takayama_Gifu_Prefecture_Chubu.html
Ryokan Kaminaka,506-0009 ,Gifu Prefecture,1-5 Hanaokacho Takayama,,$$,http://www.tripadvisor.com/Hotel_Review-g298113-d677051-Reviews-Ryokan_Kaminaka-Takayama_Gifu_Prefecture_Chubu.html
Hida Takayama Tenshoji,506-0832,Gifu Prefecture,83 Tenshoji-machi Takayama,,,http://www.tripadvisor.com/Hotel_Review-g298113-d736077-Reviews-Hida_Takayama_Tenshoji-Takayama_Gifu_Prefecture_Chubu.html
Wanosato,509-3505,Gifu Prefecture,1682 Ichinomiyacho Takayama,,$$$$,http://www.tripadvisor.com/Hotel_Review-g298113-d800084-Reviews-Wanosato-Takayama_Gifu_Prefecture_Chubu.html
Hodakaso Yamanoiori,506-0008,Gifu Prefecture,1-58 Hatsudamachi Takayama,23,$,http://www.tripadvisor.com/Hotel_Review-g298113-d1055101-Reviews-Hodakaso_Yamanoiori-Takayama_Gifu_Prefecture_Chubu.html
Iwatakiso,506-0814,Gifu Prefecture,245 Takimachi Takayama,,,http://www.tripadvisor.com/Hotel_Review-g298113-d1069767-Reviews-Iwatakiso-Takayama_Gifu_Prefecture_Chubu.html
Chalet Nakanishi,506-2114,Gifu Prefecture,48 Nyukawacho Hikage Takayama,,$,http://www.tripadvisor.com/Hotel_Review-g298113-d1069779-Reviews-Chalet_Nakanishi-Takayama_Gifu_Prefecture_Chubu.html
Hanaougi Bettei Iiyama,506-0003,Gifu Prefecture,262-2 Honobumachi Takayama,,$$$$,http://www.tripadvisor.com/Hotel_Review-g298113-d1069795-Reviews-Hanaougi_Bettei_Iiyama-Takayama_Gifu_Prefecture_Chubu.html
Petit Hotel shangrila,506-1422,Gifu Prefecture,76 Okuhidaonsengo Nakao Takayama,,,http://www.tripadvisor.com/Hotel_Review-g298113-d1069808-Reviews-Petit_Hotel_shangrila-Takayama_Gifu_Prefecture_Chubu.html
Iwatakan,506-0851,Gifu Prefecture,4-166-3 Oshinmachi Takayama,,$,http://www.tripadvisor.com/Hotel_Review-g298113-d1076202-Reviews-Iwatakan-Takayama_Gifu_Prefecture_Chubu.html
Matsunoi,506-1432,Gifu Prefecture,202-124 Hitoegane Okuhidaonsengo Takayama,19,$$$,http://www.tripadvisor.com/Hotel_Review-g298113-d1076205-Reviews-Matsunoi-Takayama_Gifu_Prefecture_Chubu.html
Hodakaso Sangetsu,506-1421,Gifu Prefecture,418 Kansaka Okuhidaonsengo Takayama,51,$$$,http://www.tripadvisor.com/Hotel_Review-g298113-d1076208-Reviews-Hodakaso_Sangetsu-Takayama_Gifu_Prefecture_Chubu.html
Honjinhiranoya Kachoan,506-0011,Gifu Prefecture,1-34 Honmachi Takayama,28,$$$$,http://www.tripadvisor.com/Hotel_Review-g298113-d1076210-Reviews-Honjinhiranoya_Kachoan-Takayama_Gifu_Prefecture_Chubu.html
Hotel Acty,506-0026,Gifu Prefecture,3-46 Hanasato-machi Takayama,34,$,http://www.tripadvisor.com/Hotel_Review-g298113-d1076506-Reviews-Hotel_Acty-Takayama_Gifu_Prefecture_Chubu.html
Hotel Alpha-One Takayama,506-0011,Gifu Prefecture,3-61 Honmachi Takayama,,$,http://www.tripadvisor.com/Hotel_Review-g298113-d1076507-Reviews-Hotel_Alpha_One_Takayama-Takayama_Gifu_Prefecture_Chubu.html
Hotel Alpha-One Takayama Bypass,506-0032,Gifu Prefecture,501-1 Chishimamachi Takayama,,$,http://www.tripadvisor.com/Hotel_Review-g298113-d1076513-Reviews-Hotel_Alpha_One_Takayama_Bypass-Takayama_Gifu_Prefecture_Chubu.html
Hotel Hotaka,506-1421,Gifu Prefecture,710-62 Kansaka Okuhidaonsengo Takayama,49,$$$,http://www.tripadvisor.com/Hotel_Review-g298113-d1076521-Reviews-Hotel_Hotaka-Takayama_Gifu_Prefecture_Chubu.html
Hotel Kamitakara,506-1432,Gifu Prefecture,"200-154 Hitoegane, Okuhidaonsengo Takayama",,,http://www.tripadvisor.com/Hotel_Review-g298113-d1076523-Reviews-Hotel_Kamitakara-Takayama_Gifu_Prefecture_Chubu.html
Kohokan,506-1432,Gifu Prefecture,1758 Hitoegane Okuhidaonsengo Takayama,,,http://www.tripadvisor.com/Hotel_Review-g298113-d1076525-Reviews-Kohokan-Takayama_Gifu_Prefecture_Chubu.html
Muraiya,506-0003,Gifu Prefecture,184 Honobumachi Takayama,,$$,http://www.tripadvisor.com/Hotel_Review-g298113-d1076527-Reviews-Muraiya-Takayama_Gifu_Prefecture_Chubu.html
Nakamurakan,506-1433,Gifu Prefecture,728 Hirayu Okuhidaonsengo Takayama,,$$,http://www.tripadvisor.com/Hotel_Review-g298113-d1076528-Reviews-Nakamurakan-Takayama_Gifu_Prefecture_Chubu.html
Ryu Resort &Spa,501-5413,Gifu Prefecture,892-11 Arabuchi Shokawacho Takayama,52,$$$,http://www.tripadvisor.com/Hotel_Review-g298113-d1076530-Reviews-Ryu_Resort_Spa-Takayama_Gifu_Prefecture_Chubu.html
Okada Ryokan Warakutei,506-1433,Gifu Prefecture,505 Hirayu Okuhidaonsengo Takayama,70,$$,http://www.tripadvisor.com/Hotel_Review-g298113-d1076531-Reviews-Okada_Ryokan_Warakutei-Takayama_Gifu_Prefecture_Chubu.html
Okuhida Garden Hotel Yakedake,506-1432,Gifu Prefecture,2498-1 Hitoegane Okuhidaonsengo Takayama,85,$$$,http://www.tripadvisor.com/Hotel_Review-g298113-d1076534-Reviews-Okuhida_Garden_Hotel_Yakedake-Takayama_Gifu_Prefecture_Chubu.html
Yakushinoyu Honjin,506-1432,Gifu Prefecture,208-48 Hitoegane Okuhidaonsengo Takayama,60,$$$,http://www.tripadvisor.com/Hotel_Review-g298113-d1076537-Reviews-Yakushinoyu_Honjin-Takayama_Gifu_Prefecture_Chubu.html
Muhyokan,506-0807,Gifu Prefecture,169 Sanfukujimachi Takayama,,$$,http://www.tripadvisor.com/Hotel_Review-g298113-d1076539-Reviews-Muhyokan-Takayama_Gifu_Prefecture_Chubu.html
Pension Hanatsubaki,506-0817,Gifu Prefecture,1384-8 Yamaguchimachi Takayama,,$,http://www.tripadvisor.com/Hotel_Review-g298113-d1076540-Reviews-Pension_Hanatsubaki-Takayama_Gifu_Prefecture_Chubu.html
Pension Hidanomori,506-0035,Gifu Prefecture,3349-1 Shingumachi Takayama,,$$,http://www.tripadvisor.com/Hotel_Review-g298113-d1076542-Reviews-Pension_Hidanomori-Takayama_Gifu_Prefecture_Chubu.html
Pension La Poul,506-1422,Gifu Prefecture,135-1 Nakao Okuhidaonsengo Takayama,,,http://www.tripadvisor.com/Hotel_Review-g298113-d1076543-Reviews-Pension_La_Poul-Takayama_Gifu_Prefecture_Chubu.html
Ryokan Murayama,506-0031,Gifu Prefecture,3-829 Nishinoisshikimachi Takayama,20,$,http://www.tripadvisor.com/Hotel_Review-g298113-d1076688-Reviews-Ryokan_Murayama-Takayama_Gifu_Prefecture_Chubu.html
Sugorokuso,506-1421,Gifu Prefecture,413-1 Kansaka Okuhidaonsengo Takayama,,,http://www.tripadvisor.com/Hotel_Review-g298113-d1076689-Reviews-Sugorokuso-Takayama_Gifu_Prefecture_Chubu.html
Takayama Green Hotel,506-0031,Gifu Prefecture,2-180 Nishinoisshikimachi Takayama,254,$$,http://www.tripadvisor.com/Hotel_Review-g298113-d1076691-Reviews-Takayama_Green_Hotel-Takayama_Gifu_Prefecture_Chubu.html
Country Hotel Takayama,506-0026,Gifu Prefecture,6-38 Hanasatomachi Takayama,133,$,http://www.tripadvisor.com/Hotel_Review-g298113-d1076693-Reviews-Country_Hotel_Takayama-Takayama_Gifu_Prefecture_Chubu.html
Abokan,506-1433 ,Gifu Prefecture,"681-1 Hirayu, Okuhidaonsengo Hirayu Takayama",,$$,http://www.tripadvisor.com/Hotel_Review-g298113-d1087986-Reviews-Abokan-Takayama_Gifu_Prefecture_Chubu.html
Aihokan,506-1433 ,Gifu Prefecture,"650 Hirayu, Okuhidaonsengo Takayama",,,http://www.tripadvisor.com/Hotel_Review-g298113-d1088470-Reviews-Aihokan-Takayama_Gifu_Prefecture_Chubu.html
Ajinoyado Kawase,506-2255 ,Gifu Prefecture,"232 Dayoshi, Nyukawacho Takayama",,$,http://www.tripadvisor.com/Hotel_Review-g298113-d1088478-Reviews-Ajinoyado_Kawase-Takayama_Gifu_Prefecture_Chubu.html
Hozanso Annex,506-1422 ,Gifu Prefecture,442-14 Nakao Okuhidaonsengo Takayama,,$$$,http://www.tripadvisor.com/Hotel_Review-g298113-d1088488-Reviews-Hozanso_Annex-Takayama_Gifu_Prefecture_Chubu.html
Annex Mahoroba,506-1422 ,Gifu Prefecture,"206 Nakao, Okuhidaonsengo Takayama",,$$,http://www.tripadvisor.com/Hotel_Review-g298113-d1088496-Reviews-Annex_Mahoroba-Takayama_Gifu_Prefecture_Chubu.html
Nakadaya,506-1432 ,Gifu Prefecture,"944 Hitoegane, Okuhidaonsengo Takayama",28,$$,http://www.tripadvisor.com/Hotel_Review-g298113-d1088501-Reviews-Nakadaya-Takayama_Gifu_Prefecture_Chubu.html
Hanagokoro Banki,506-1432 ,Gifu Prefecture,"781 Hitoegane, Okuhidaonsengo Takayama",,$$,http://www.tripadvisor.com/Hotel_Review-g298113-d1088509-Reviews-Hanagokoro_Banki-Takayama_Gifu_Prefecture_Chubu.html
Hida Gasshoen,506-0031 ,Gifu Prefecture,3-829-1 Nishinoisshikimachi Takayama,,$$,http://www.tripadvisor.com/Hotel_Review-g298113-d1088517-Reviews-Hida_Gasshoen-Takayama_Gifu_Prefecture_Chubu.html
Hakuun,506-0837 ,Gifu Prefecture,67 Horibatamachi Takayama,,$$,http://www.tripadvisor.com/Hotel_Review-g298113-d1088542-Reviews-Hakuun-Takayama_Gifu_Prefecture_Chubu.html
Oyado Iguchi,506-0851 ,Gifu Prefecture,3-15 Oshinmachi Takayama,,$,http://www.tripadvisor.com/Hotel_Review-g298113-d1088634-Reviews-Oyado_Iguchi-Takayama_Gifu_Prefecture_Chubu.html
Hidatei Hanaougi,506-0003 ,Gifu Prefecture,411-1 Honbumachi Takayama,48,$$$$,http://www.tripadvisor.com/Hotel_Review-g298113-d1088636-Reviews-Hidatei_Hanaougi-Takayama_Gifu_Prefecture_Chubu.html
Hiratakan,506-1433 ,Gifu Prefecture,"2-3 Hirayu, Okuhidaonsengo Takayama",18,$$,http://www.tripadvisor.com/Hotel_Review-g298113-d1088637-Reviews-Hiratakan-Takayama_Gifu_Prefecture_Chubu.html
Hirayukan,506-1498 ,Gifu Prefecture,"726 Hirayu, Okuhidaonsengo Takayama",,$$$,http://www.tripadvisor.com/Hotel_Review-g298113-d1088638-Reviews-Hirayukan-Takayama_Gifu_Prefecture_Chubu.html
Hirayu Onsen Hirayu no Mori,506-1433 ,Gifu Prefecture,"763-1 Hirayu, Okuhidaonsengo Takayama",32,,http://www.tripadvisor.com/Hotel_Review-g298113-d1088687-Reviews-Hirayu_Onsen_Hirayu_no_Mori-Takayama_Gifu_Prefecture_Chubu.html
Hirayu Prince Hotel,506-1433 ,Gifu Prefecture,"128-6 Hirayu, Okuhidaonsengo Takayama",,,http://www.tripadvisor.com/Hotel_Review-g298113-d1088694-Reviews-Hirayu_Prince_Hotel-Takayama_Gifu_Prefecture_Chubu.html
Hodakaso Sanganoyu,506-1433 ,Gifu Prefecture,"138 Hirayu, Okuhidaonsengo Takayama",57,$$,http://www.tripadvisor.com/Hotel_Review-g298113-d1088724-Reviews-Hodakaso_Sanganoyu-Takayama_Gifu_Prefecture_Chubu.html
Hotakaso Yamano Hotel,506-1421　,Gifu Prefecture,"577-13 Kansaka, Okuhidaonsengo Takayama",86,$$$,http://www.tripadvisor.com/Hotel_Review-g298113-d1088733-Reviews-Hotakaso_Yamano_Hotel-Takayama_Gifu_Prefecture_Chubu.html
Hotel Kotobuki,506-1432 ,Gifu Prefecture,947-1 Okuhidaonsengo Hitoegane Takayama,,$,http://www.tripadvisor.com/Hotel_Review-g298113-d1088737-Reviews-Hotel_Kotobuki-Takayama_Gifu_Prefecture_Chubu.html
Hotel Yamaichi,506-0825 ,Gifu Prefecture,2-181 Ishiuramachi Takayama,,,http://www.tripadvisor.com/Hotel_Review-g298113-d1088739-Reviews-Hotel_Yamaichi-Takayama_Gifu_Prefecture_Chubu.html
Hobaso,506-2115 ,Gifu Prefecture,"457-2 Kono, Newkawacho Takayama",,$,http://www.tripadvisor.com/Hotel_Review-g298113-d1088853-Reviews-Hobaso-Takayama_Gifu_Prefecture_Chubu.html
Hogakukan,506-1421 ,Gifu Prefecture,"399 Kansaka, Okuhidaonsengo Takayama",,$$,http://www.tripadvisor.com/Hotel_Review-g298113-d1088855-Reviews-Hogakukan-Takayama_Gifu_Prefecture_Chubu.html
Takayama Kanko Hotel,506-0852 ,Gifu Prefecture,280 Hachimanmachi Takayama,43,$$,http://www.tripadvisor.com/Hotel_Review-g298113-d1088856-Reviews-Takayama_Kanko_Hotel-Takayama_Gifu_Prefecture_Chubu.html
Irorinoyado Katsuraginosato,506-1434 ,Gifu Prefecture,"10 Fukuji, Okuhidaonsengo Takayama",,$$$$,http://www.tripadvisor.com/Hotel_Review-g298113-d1088863-Reviews-Irorinoyado_Katsuraginosato-Takayama_Gifu_Prefecture_Chubu.html
Kakurean Hidaji,506-1434 ,Gifu Prefecture,"687 Fukuji, Okuhidaonsengo Takayama",,$$$$,http://www.tripadvisor.com/Hotel_Review-g298113-d1088872-Reviews-Kakurean_Hidaji-Takayama_Gifu_Prefecture_Chubu.html
Kanko Ryokan Takayama,506-0008 ,Gifu Prefecture,2-55 Hatsudamachi Takayama,,$,http://www.tripadvisor.com/Hotel_Review-g298113-d1088873-Reviews-Kanko_Ryokan_Takayama-Takayama_Gifu_Prefecture_Chubu.html
Villa Okuhi Log House,506-1422 ,Gifu Prefecture,"4-7 Nakao, Okuhidaonsengo Takayama",,$$$$,http://www.tripadvisor.com/Hotel_Review-g298113-d1088875-Reviews-Villa_Okuhi_Log_House-Takayama_Gifu_Prefecture_Chubu.html
KKR Hirayu Takaraso,506-1433　,Gifu Prefecture,"763-12 Hirayu, Okuhidaonsengo Takayama",,$$$,http://www.tripadvisor.com/Hotel_Review-g298113-d1088878-Reviews-KKR_Hirayu_Takaraso-Takayama_Gifu_Prefecture_Chubu.html
Kutsuroginoya Yuu,506-1432 ,Gifu Prefecture,"200-228 Hitoegane, Okuhidaonsengo Takayama",,$$$,http://www.tripadvisor.com/Hotel_Review-g298113-d1088880-Reviews-Kutsuroginoya_Yuu-Takayama_Gifu_Prefecture_Chubu.html
Kyomunoyado Yamaboshi,506-1432 ,Gifu Prefecture,"832-1 Hitoegane, Okuhidaonsengo Takayama",,$$$$,http://www.tripadvisor.com/Hotel_Review-g298113-d1088883-Reviews-Kyomunoyado_Yamaboshi-Takayama_Gifu_Prefecture_Chubu.html
Miyamaso,506-1432 ,Gifu Prefecture,"622 Hitoegane, Okuhidaonsengo Takayama",,$,http://www.tripadvisor.com/Hotel_Review-g298113-d1088891-Reviews-Miyamaso-Takayama_Gifu_Prefecture_Chubu.html
Motoyu Magokuro,506-1434 ,Gifu Prefecture,"1005 Fukuji, Okuhidaonsengo Takayama",,$$$,http://www.tripadvisor.com/Hotel_Review-g298113-d1088894-Reviews-Motoyu_Magokuro-Takayama_Gifu_Prefecture_Chubu.html
Nakamotokan,506-1423 ,Gifu Prefecture,"448 Tochio, Okuhidaonsengo Takayama",,,http://www.tripadvisor.com/Hotel_Review-g298113-d1088898-Reviews-Nakamotokan-Takayama_Gifu_Prefecture_Chubu.html
Nakaokogen Hyutte,506-1422 ,Gifu Prefecture,"128 Nakao, Okuhidaonsengo Takayama",,,http://www.tripadvisor.com/Hotel_Review-g298113-d1088904-Reviews-Nakaokogen_Hyutte-Takayama_Gifu_Prefecture_Chubu.html
Nishihotaka View Lodge,506-1421 ,Gifu Prefecture,"98 Kansaka, Okuhidaonsengo Takayama",,$,http://www.tripadvisor.com/Hotel_Review-g298113-d1088906-Reviews-Nishihotaka_View_Lodge-Takayama_Gifu_Prefecture_Chubu.html
Hakuunso,506-1421 ,Gifu Prefecture,"400-1 Kansaka, Okuhidaonsengo Takayama",,$$,http://www.tripadvisor.com/Hotel_Review-g298113-d1088912-Reviews-Hakuunso-Takayama_Gifu_Prefecture_Chubu.html
Oak Hills,506-0101 ,Gifu Prefecture,"1025-2 Makigahora, Kiyomicho Takayama",,$,http://www.tripadvisor.com/Hotel_Review-g298113-d1088915-Reviews-Oak_Hills-Takayama_Gifu_Prefecture_Chubu.html
Ryokan Fujiya,506-1432 ,Gifu Prefecture,1757-1 Hitoegane Okuhida Onsengo Takayama,,$$,http://www.tripadvisor.com/Hotel_Review-g298113-d1088916-Reviews-Ryokan_Fujiya-Takayama_Gifu_Prefecture_Chubu.html
Kyoya,506-1432 ,Gifu Prefecture,212-84 Hitoegane Okuhidaonsengo Takayama,,$$$$,http://www.tripadvisor.com/Hotel_Review-g298113-d1089261-Reviews-Kyoya-Takayama_Gifu_Prefecture_Chubu.html
Onyado Hisui,506-1434 ,Gifu Prefecture,"65 Fukuji, Okuhidaonsengo Takayama",,$$,http://www.tripadvisor.com/Hotel_Review-g298113-d1089262-Reviews-Onyado_Hisui-Takayama_Gifu_Prefecture_Chubu.html
Oyado Ichida,506-1432 ,Gifu Prefecture,"207-5 Hitoegane, Okuhidaonsengo Takayama",,$$,http://www.tripadvisor.com/Hotel_Review-g298113-d1089266-Reviews-Oyado_Ichida-Takayama_Gifu_Prefecture_Chubu.html
Oyado Jinkuro,506-1432 ,Gifu Prefecture,"1112 Hitoegane, Okuhidaonsengo Takayama",,$$,http://www.tripadvisor.com/Hotel_Review-g298113-d1089268-Reviews-Oyado_Jinkuro-Takayama_Gifu_Prefecture_Chubu.html
Pension Good Luck Takayama,506-0035 ,Gifu Prefecture,4302-23 Shingumachi Takayama,,$$,http://www.tripadvisor.com/Hotel_Review-g298113-d1089270-Reviews-Pension_Good_Luck_Takayama-Takayama_Gifu_Prefecture_Chubu.html
Pension Honomitei,506-1422 ,Gifu Prefecture,"90 Nakao, Okuhidaonsengo Takayama",8,$$,http://www.tripadvisor.com/Hotel_Review-g298113-d1089271-Reviews-Pension_Honomitei-Takayama_Gifu_Prefecture_Chubu.html
Pension Kinoshita,506-1432 ,Gifu Prefecture,"1825-1 Hitoegane, Okuhidaonsengo Takayama",,$$,http://www.tripadvisor.com/Hotel_Review-g298113-d1089278-Reviews-Pension_Kinoshita-Takayama_Gifu_Prefecture_Chubu.html
Pension Cocotte,506-0035 ,Gifu Prefecture,3445 shingumachi Takayama,,,http://www.tripadvisor.com/Hotel_Review-g298113-d1089282-Reviews-Pension_Cocotte-Takayama_Gifu_Prefecture_Chubu.html
Pension Jodel,506-1422 ,Gifu Prefecture,214 Nakao Okuhidaonsengo Takayama,,$,http://www.tripadvisor.com/Hotel_Review-g298113-d1089352-Reviews-Pension_Jodel-Takayama_Gifu_Prefecture_Chubu.html
Resort Inn Chirorian,506-1422 ,Gifu Prefecture,60 Nakao Okuhidaonsengo Takayama,,$$$,http://www.tripadvisor.com/Hotel_Review-g298113-d1089359-Reviews-Resort_Inn_Chirorian-Takayama_Gifu_Prefecture_Chubu.html
Ryokan Alps,506-1433 ,Gifu Prefecture,"660 Hirayu, Okuhidaonsengo Takayama",,$$,http://www.tripadvisor.com/Hotel_Review-g298113-d1089362-Reviews-Ryokan_Alps-Takayama_Gifu_Prefecture_Chubu.html
Ryokan Hobikan,506-1432 ,Gifu Prefecture,"826 Hitoegane, Okuhidaonsengo Takayama",,$$$,http://www.tripadvisor.com/Hotel_Review-g298113-d1089367-Reviews-Ryokan_Hobikan-Takayama_Gifu_Prefecture_Chubu.html
Business Hotel Kangetsu,504-0911,Gifu Prefecture,2-46 Nakamonzencho Kakamigahara,,$,http://www.tripadvisor.com/Hotel_Review-g1019686-d1075704-Reviews-Business_Hotel_Kangetsu-Kakamigahara_Gifu_Prefecture_Chubu.html
Business Hotel Swallow,504-0908,Gifu Prefecture,1-121-2 Nakaodacho Kakamigahara,,$,http://www.tripadvisor.com/Hotel_Review-g1019686-d1075713-Reviews-Business_Hotel_Swallow-Kakamigahara_Gifu_Prefecture_Chubu.html
Hotel Route Inn Kagamigahara,504-0855 ,Gifu Prefecture,1-97-1 Sohara Shinsakaemachi Kakamigahara,155,$,http://www.tripadvisor.com/Hotel_Review-g1019686-d1087861-Reviews-Hotel_Route_Inn_Kagamigahara-Kakamigahara_Gifu_Prefecture_Chubu.html
Copin Kakamigahara,509-0106,Gifu Prefecture,"4-303-5 Nishimachi, Kakami Kakamigahara",53,$,http://www.tripadvisor.com/Hotel_Review-g1019686-d1111102-Reviews-Copin_Kakamigahara-Kakamigahara_Gifu_Prefecture_Chubu.html
Ryokan Yoshino,504-0964,Gifu Prefecture,"29 Motomachi, Naka Kakamigahara",,$,http://www.tripadvisor.com/Hotel_Review-g1019686-d1111150-Reviews-Ryokan_Yoshino-Kakamigahara_Gifu_Prefecture_Chubu.html
Hasshokaku Mizunowo,509-0125,Gifu Prefecture,6-264 Unumaminamimachi Kakamigahara,,$$,http://www.tripadvisor.com/Hotel_Review-g1019686-d1117981-Reviews-Hasshokaku_Mizunowo-Kakamigahara_Gifu_Prefecture_Chubu.html
Furusato,501-5627 ,Gifu Prefecture,588 Ogi-machi Shirakawa-mura,,,http://www.tripadvisor.com/Hotel_Review-g1119912-d324172-Reviews-Furusato-Shirakawa_mura_Ono_gun_Gifu_Prefecture_Chubu.html
Juemon,501-5627 ,Gifu Prefecture,2653 Ogi-machi Shirakawa-mura,,$$,http://www.tripadvisor.com/Hotel_Review-g1119912-d324175-Reviews-Juemon-Shirakawa_mura_Ono_gun_Gifu_Prefecture_Chubu.html
Nodaniya,501-5627,Gifu Prefecture,Shirakawa Mura Shirakawa-mura,,,http://www.tripadvisor.com/Hotel_Review-g1119912-d324176-Reviews-Nodaniya-Shirakawa_mura_Ono_gun_Gifu_Prefecture_Chubu.html
Shimizu,501-5627,Gifu Prefecture,2613 Ogi-machi Shirakawa-mura,,$$,http://www.tripadvisor.com/Hotel_Review-g1119912-d636848-Reviews-Shimizu-Shirakawa_mura_Ono_gun_Gifu_Prefecture_Chubu.html
Yokichi,501-5627,Gifu Prefecture,351 Ogi-machi Shirakawa-mura,,,http://www.tripadvisor.com/Hotel_Review-g1119912-d677882-Reviews-Yokichi-Shirakawa_mura_Ono_gun_Gifu_Prefecture_Chubu.html
Koemon,501-5627,Gifu Prefecture,456 Ogi-machi Shirakawa-mura,,,http://www.tripadvisor.com/Hotel_Review-g1119912-d800085-Reviews-Koemon-Shirakawa_mura_Ono_gun_Gifu_Prefecture_Chubu.html
Shirakawago no Yu,501-5627,Gifu Prefecture,337 Ogimachi Shirakawa-mura,,$$,http://www.tripadvisor.com/Hotel_Review-g1119912-d1124799-Reviews-Shirakawago_no_Yu-Shirakawa_mura_Ono_gun_Gifu_Prefecture_Chubu.html
Iimikan Yoshine,501-5621,Gifu Prefecture,447-1 Kojirakawa Shirakawa-mura,,$$,http://www.tripadvisor.com/Hotel_Review-g1119912-d1140210-Reviews-Iimikan_Yoshine-Shirakawa_mura_Ono_gun_Gifu_Prefecture_Chubu.html
Seishinan,501-5503,Gifu Prefecture,766-1 Nagase Shirakawa-mura,,,http://www.tripadvisor.com/Hotel_Review-g1119912-d1140213-Reviews-Seishinan-Shirakawa_mura_Ono_gun_Gifu_Prefecture_Chubu.html
Toyota Shirakawago Shizengakko,501-5620,Gifu Prefecture,223 Magari Shirakawa-mura,31,$$$,http://www.tripadvisor.com/Hotel_Review-g1119912-d1140462-Reviews-Toyota_Shirakawago_Shizengakko-Shirakawa_mura_Ono_gun_Gifu_Prefecture_Chubu.html
Shiroyamakan,501-5627,Gifu Prefecture,1168-1 Ogimachi Shirakawa-mura,,$,http://www.tripadvisor.com/Hotel_Review-g1119912-d1438977-Reviews-Shiroyamakan-Shirakawa_mura_Ono_gun_Gifu_Prefecture_Chubu.html
Minshuku Rihe,501-5627,Gifu Prefecture,103 Ogimachi Shirakawa-mura,,,http://www.tripadvisor.com/Hotel_Review-g1119912-d1438978-Reviews-Minshuku_Rihe-Shirakawa_mura_Ono_gun_Gifu_Prefecture_Chubu.html
Minshuku Gensaku,501-5627,Gifu Prefecture,221 Ogimachi Shirakawa-mura,,,http://www.tripadvisor.com/Hotel_Review-g1119912-d1438979-Reviews-Minshuku_Gensaku-Shirakawa_mura_Ono_gun_Gifu_Prefecture_Chubu.html
Kanjiya,501-5627,Gifu Prefecture,689 Ogimachi Shirakawa-mura,,$$$,http://www.tripadvisor.com/Hotel_Review-g1119912-d1443144-Reviews-Kanjiya-Shirakawa_mura_Ono_gun_Gifu_Prefecture_Chubu.html
Iccha,501-5627,Gifu Prefecture,425 Ogimachi Shirakawa-mura,,,http://www.tripadvisor.com/Hotel_Review-g1119912-d1522785-Reviews-Iccha-Shirakawa_mura_Ono_gun_Gifu_Prefecture_Chubu.html
Miboro Ryokan,501-5505,Gifu Prefecture,126-3 Maki Shirakawa-mura,,$$$,http://www.tripadvisor.com/Hotel_Review-g1119912-d1522787-Reviews-Miboro_Ryokan-Shirakawa_mura_Ono_gun_Gifu_Prefecture_Chubu.html
Gassho no Yado Magoemon,501-5627 ,Gifu Prefecture,360 Ogi-machi Shirakawa-mura,,,http://www.tripadvisor.com/Hotel_Review-g1119912-d1536991-Reviews-Gassho_no_Yado_Magoemon-Shirakawa_mura_Ono_gun_Gifu_Prefecture_Chubu.html
Tosukenoyu Fujiya,501-5507 ,Gifu Prefecture,325-1 Hirase Shirakawa-mura,,$$$$,http://www.tripadvisor.com/Hotel_Review-g1119912-d1785536-Reviews-Tosukenoyu_Fujiya-Shirakawa_mura_Ono_gun_Gifu_Prefecture_Chubu.html
Sumireso,501-5629,Gifu Prefecture,14 Hatogaya Shirakawa-mura,,,http://www.tripadvisor.com/Hotel_Review-g1119912-d1877117-Reviews-Sumireso-Shirakawa_mura_Ono_gun_Gifu_Prefecture_Chubu.html
Katsura,501-5502,Gifu Prefecture,522 Kidani Shirakawa-mura,,,http://www.tripadvisor.com/Hotel_Review-g1119912-d1877122-Reviews-Katsura-Shirakawa_mura_Ono_gun_Gifu_Prefecture_Chubu.html
Yunosato,501-5507,Gifu Prefecture,132-11 Hirase Shirakawa-mura,,$,http://www.tripadvisor.com/Hotel_Review-g1119912-d1877128-Reviews-Yunosato-Shirakawa_mura_Ono_gun_Gifu_Prefecture_Chubu.html
Minshuku Otaya,501-5627,Gifu Prefecture,1807 Ogimachi Shirakawa-mura,,,http://www.tripadvisor.com/Hotel_Review-g1119912-d1877129-Reviews-Minshuku_Otaya-Shirakawa_mura_Ono_gun_Gifu_Prefecture_Chubu.html
Hakusankan,501-5507,Gifu Prefecture,126-100 Hirase Shirakawa-mura,,$$$,http://www.tripadvisor.com/Hotel_Review-g1119912-d1926265-Reviews-Hakusankan-Shirakawa_mura_Ono_gun_Gifu_Prefecture_Chubu.html
Sansui,501-5507,Gifu Prefecture,353-32 Hirase Shirakawa-mura,,$,http://www.tripadvisor.com/Hotel_Review-g1119912-d1926266-Reviews-Sansui-Shirakawa_mura_Ono_gun_Gifu_Prefecture_Chubu.html
Warabi,501-5507,Gifu Prefecture,303-55 Hirase Shirakawa-mura,,$,http://www.tripadvisor.com/Hotel_Review-g1119912-d1926267-Reviews-Warabi-Shirakawa_mura_Ono_gun_Gifu_Prefecture_Chubu.html
Isaburo,501-5627,Gifu Prefecture,1982 Ogimachi Shirakawa-mura,,,http://www.tripadvisor.com/Hotel_Review-g1119912-d2005841-Reviews-Isaburo-Shirakawa_mura_Ono_gun_Gifu_Prefecture_Chubu.html
Kidoya,501-5627,Gifu Prefecture,Ogimachi Shirakawa-mura,,,http://www.tripadvisor.com/Hotel_Review-g1119912-d2237894-Reviews-Kidoya-Shirakawa_mura_Ono_gun_Gifu_Prefecture_Chubu.html
Yamayaso,501-5629,Gifu Prefecture,411 Hatogaya Shirakawa-mura,,,http://www.tripadvisor.com/Hotel_Review-g1119912-d2351514-Reviews-Yamayaso-Shirakawa_mura_Ono_gun_Gifu_Prefecture_Chubu.html
Hakuzanso,501-5507,Gifu Prefecture,87 Hirase Shirakawa-mura,,,http://www.tripadvisor.com/Hotel_Review-g1119912-d3310528-Reviews-Hakuzanso-Shirakawa_mura_Ono_gun_Gifu_Prefecture_Chubu.html
Yamamotoya,501-5627 ,Gifu Prefecture,775 Ogi-machi Shirakawa-mura,,,http://www.tripadvisor.com/Hotel_Review-g1119912-d3745725-Reviews-Yamamotoya-Shirakawa_mura_Ono_gun_Gifu_Prefecture_Chubu.html
Minshuku Wadaya,501-5627,Gifu Prefecture,1979 Ogimachi Shirakawa-mura,,,http://www.tripadvisor.com/Hotel_Review-g1119912-d4317242-Reviews-Minshuku_Wadaya-Shirakawa_mura_Ono_gun_Gifu_Prefecture_Chubu.html
Suimeikan,509-2206,Gifu Prefecture,1268 Koden Gero,246,$$,http://www.tripadvisor.com/Hotel_Review-g788306-d584914-Reviews-Suimeikan-Gero_Gifu_Prefecture_Chubu.html
Bosenkan,509-2207,Gifu Prefecture,190-1 Yunoshima Gero,76,$$,http://www.tripadvisor.com/Hotel_Review-g788306-d1075208-Reviews-Bosenkan-Gero_Gifu_Prefecture_Chubu.html
Gero Kanko Hotel,509-2206,Gifu Prefecture,1113 Koden Gero,47,$$,http://www.tripadvisor.com/Hotel_Review-g788306-d1075211-Reviews-Gero_Kanko_Hotel-Gero_Gifu_Prefecture_Chubu.html
Kisoya,509-2202,Gifu Prefecture,971-1 Mori Gero,,$$,http://www.tripadvisor.com/Hotel_Review-g788306-d1075213-Reviews-Kisoya-Gero_Gifu_Prefecture_Chubu.html
Yamagataya,509-2207,Gifu Prefecture,260-1 Yunoshima Gero,76,$$,http://www.tripadvisor.com/Hotel_Review-g788306-d1075215-Reviews-Yamagataya-Gero_Gifu_Prefecture_Chubu.html
Hotel Pastor,509-2202,Gifu Prefecture,1781 Mori Gero,98,$$,http://www.tripadvisor.com/Hotel_Review-g788306-d1075217-Reviews-Hotel_Pastor-Gero_Gifu_Prefecture_Chubu.html
Fukuzumi,509-1622,Gifu Prefecture,2132-1 Kanayama Kanayamacho Gero,,$,http://www.tripadvisor.com/Hotel_Review-g788306-d1075219-Reviews-Fukuzumi-Gero_Gifu_Prefecture_Chubu.html
Ogawaya,509-2207,Gifu Prefecture,570 Yunoshima Gero,85,$,http://www.tripadvisor.com/Hotel_Review-g788306-d1075221-Reviews-Ogawaya-Gero_Gifu_Prefecture_Chubu.html
Ontake,509-3111,Gifu Prefecture,"2376-1 Ochiai, Osakacho Gero",,$$,http://www.tripadvisor.com/Hotel_Review-g788306-d1075222-Reviews-Ontake-Gero_Gifu_Prefecture_Chubu.html
Sasara,509-2202,Gifu Prefecture,1412-1 Mori Gero,44,$$,http://www.tripadvisor.com/Hotel_Review-g788306-d1075224-Reviews-Sasara-Gero_Gifu_Prefecture_Chubu.html
Sengakukan,509-3113,Gifu Prefecture,"427-1 Yuya, Osakacho Gero",,$$,http://www.tripadvisor.com/Hotel_Review-g788306-d1075227-Reviews-Sengakukan-Gero_Gifu_Prefecture_Chubu.html
Shirakaba Hotel,509-2202,Gifu Prefecture,1089-1 Mori Gero,,$,http://www.tripadvisor.com/Hotel_Review-g788306-d1075233-Reviews-Shirakaba_Hotel-Gero_Gifu_Prefecture_Chubu.html
Yunoshimakan,509-2207,Gifu Prefecture,645 Yunoshima Gero,74,$$$,http://www.tripadvisor.com/Hotel_Review-g788306-d1075236-Reviews-Yunoshimakan-Gero_Gifu_Prefecture_Chubu.html
Hotel Kusakabe Armeria,509-2206,Gifu Prefecture,1811 Koden Gero,125,$$,http://www.tripadvisor.com/Hotel_Review-g788306-d1092355-Reviews-Hotel_Kusakabe_Armeria-Gero_Gifu_Prefecture_Chubu.html
Okudaya Happoen,509-2207,Gifu Prefecture,881 Yunoshima Gero,,$$,http://www.tripadvisor.com/Hotel_Review-g788306-d1092359-Reviews-Okudaya_Happoen-Gero_Gifu_Prefecture_Chubu.html
Gero Royal Hotel Miyabi-tei,509-2207,Gifu Prefecture,758-15 Yunoshima Gero,,$$,http://www.tripadvisor.com/Hotel_Review-g788306-d1092360-Reviews-Gero_Royal_Hotel_Miyabi_tei-Gero_Gifu_Prefecture_Chubu.html
Yumotokan,509-2206,Gifu Prefecture,1084 Koden Gero,,$$,http://www.tripadvisor.com/Hotel_Review-g788306-d1092362-Reviews-Yumotokan-Gero_Gifu_Prefecture_Chubu.html
Hotel Sansui,509-2207,Gifu Prefecture,181 Yunoshima Gero,,,http://www.tripadvisor.com/Hotel_Review-g788306-d1092364-Reviews-Hotel_Sansui-Gero_Gifu_Prefecture_Chubu.html
Hotel Shiroyuki,509-2207,Gifu Prefecture,571 Yunoshima Gero,,$,http://www.tripadvisor.com/Hotel_Review-g788306-d1094215-Reviews-Hotel_Shiroyuki-Gero_Gifu_Prefecture_Chubu.html
Kayama,509-3113,Gifu Prefecture,612 Osakachoyuya Gero,,,http://www.tripadvisor.com/Hotel_Review-g788306-d1094217-Reviews-Kayama-Gero_Gifu_Prefecture_Chubu.html
Hyutte Morino Nakama,509-3111,Gifu Prefecture,"2376-1 Ochiai, Osakacho Gero",,$$,http://www.tripadvisor.com/Hotel_Review-g788306-d1094225-Reviews-Hyutte_Morino_Nakama-Gero_Gifu_Prefecture_Chubu.html
Minoriso,509-2206,Gifu Prefecture,1550 Koden Gero,,$,http://www.tripadvisor.com/Hotel_Review-g788306-d1096975-Reviews-Minoriso-Gero_Gifu_Prefecture_Chubu.html
Hidasanso,509-2207 ,Gifu Prefecture,683-1 Yunoshima Gero,,$$,http://www.tripadvisor.com/Hotel_Review-g788306-d1096977-Reviews-Hidasanso-Gero_Gifu_Prefecture_Chubu.html
Shogetsu,509-2206 ,Gifu Prefecture,1113 Koden Gero,,$$$$,http://www.tripadvisor.com/Hotel_Review-g788306-d1096980-Reviews-Shogetsu-Gero_Gifu_Prefecture_Chubu.html
Hotel De Marronnier Gero-onsen,509-2503,Gifu Prefecture,"2259-9 Nishi Ueda, Hagiwaracho Gero",,$$,http://www.tripadvisor.com/Hotel_Review-g788306-d1096982-Reviews-Hotel_De_Marronnier_Gero_onsen-Gero_Gifu_Prefecture_Chubu.html
Senyukan,509-3111,Gifu Prefecture,"1686 Ochiai, Osakacho Gero",,$$,http://www.tripadvisor.com/Hotel_Review-g788306-d1096984-Reviews-Senyukan-Gero_Gifu_Prefecture_Chubu.html
Gero Onsen Fugaku,509-2207 ,Gifu Prefecture,898 Yunoshima Gero,22,$$,http://www.tripadvisor.com/Hotel_Review-g788306-d1096985-Reviews-Gero_Onsen_Fugaku-Gero_Gifu_Prefecture_Chubu.html
Shinmei Sanso,509-2312　,Gifu Prefecture,2941-142 Mimayano Gero,,$$$,http://www.tripadvisor.com/Hotel_Review-g788306-d1096988-Reviews-Shinmei_Sanso-Gero_Gifu_Prefecture_Chubu.html
Kawakamiya Kasuitei,509-2207 ,Gifu Prefecture,30 Yunoshima Gero,,$$$$,http://www.tripadvisor.com/Hotel_Review-g788306-d1096990-Reviews-Kawakamiya_Kasuitei-Gero_Gifu_Prefecture_Chubu.html
Oyado Hanaikada,509-2202,Gifu Prefecture,918-33 Mori Gero,,$,http://www.tripadvisor.com/Hotel_Review-g788306-d1097006-Reviews-Oyado_Hanaikada-Gero_Gifu_Prefecture_Chubu.html
Miyanoya,509-2207,Gifu Prefecture,291 Yunoshima Gero,,,http://www.tripadvisor.com/Hotel_Review-g788306-d1097009-Reviews-Miyanoya-Gero_Gifu_Prefecture_Chubu.html
Minshuku Akakabu,509-2518,Gifu Prefecture,"2141 Joro, Hagiwaracho Gero",,$,http://www.tripadvisor.com/Hotel_Review-g788306-d1097014-Reviews-Minshuku_Akakabu-Gero_Gifu_Prefecture_Chubu.html
Michiono Onsen-eki Karen,509-1622 ,Gifu Prefecture,"911-1 Kanayama, Kanayama-cho Gero",,$$,http://www.tripadvisor.com/Hotel_Review-g788306-d1097044-Reviews-Michiono_Onsen_eki_Karen-Gero_Gifu_Prefecture_Chubu.html
Hotel Miki,509-2615,Gifu Prefecture,"1695 Nishimura, Maze Gero",,$$,http://www.tripadvisor.com/Hotel_Review-g788306-d1097567-Reviews-Hotel_Miki-Gero_Gifu_Prefecture_Chubu.html
Uchiyu Asanoya,509-2207　,Gifu Prefecture,746-2 Yunoshima Gero,,$,http://www.tripadvisor.com/Hotel_Review-g788306-d1097571-Reviews-Uchiyu_Asanoya-Gero_Gifu_Prefecture_Chubu.html
Fujihara,509-2206,Gifu Prefecture,1009 Koden Gero,,$,http://www.tripadvisor.com/Hotel_Review-g788306-d1097573-Reviews-Fujihara-Gero_Gifu_Prefecture_Chubu.html
Ryokan Hyokin,509-2207,Gifu Prefecture,210 Yunoshima Gero,,$,http://www.tripadvisor.com/Hotel_Review-g788306-d1097574-Reviews-Ryokan_Hyokin-Gero_Gifu_Prefecture_Chubu.html
Hotel Juego,509-2203　,Gifu Prefecture,1800-1 Ogawa Gero,,$,http://www.tripadvisor.com/Hotel_Review-g788306-d1097575-Reviews-Hotel_Juego-Gero_Gifu_Prefecture_Chubu.html
Gero-onsen Sakuraya,509-2202　,Gifu Prefecture,1005-1 Mori Gero,,$,http://www.tripadvisor.com/Hotel_Review-g788306-d1097579-Reviews-Gero_onsen_Sakuraya-Gero_Gifu_Prefecture_Chubu.html
Izumiso,509-2207　,Gifu Prefecture,212 Yunoshima Gero,,$$,http://www.tripadvisor.com/Hotel_Review-g788306-d1097581-Reviews-Izumiso-Gero_Gifu_Prefecture_Chubu.html
Kappo Shoen,509-2206,Gifu Prefecture,1182-1 Koden Gero,,$,http://www.tripadvisor.com/Hotel_Review-g788306-d1097584-Reviews-Kappo_Shoen-Gero_Gifu_Prefecture_Chubu.html
Nikonikoso,509-3113 ,Gifu Prefecture,"475 Yuya, Osakacho Gero",,$,http://www.tripadvisor.com/Hotel_Review-g788306-d1097603-Reviews-Nikonikoso-Gero_Gifu_Prefecture_Chubu.html
Miyako,509-2202,Gifu Prefecture,2505 Mori Gero,20,$$$$,http://www.tripadvisor.com/Hotel_Review-g788306-d1097605-Reviews-Miyako-Gero_Gifu_Prefecture_Chubu.html
Kikuhan Ryokan,509-2207,Gifu Prefecture,281 Yunoshima Gero,,$$,http://www.tripadvisor.com/Hotel_Review-g788306-d1097730-Reviews-Kikuhan_Ryokan-Gero_Gifu_Prefecture_Chubu.html
Gero-onsen Masuya,509-2202　,Gifu Prefecture,966-8 Mori Gero,,$,http://www.tripadvisor.com/Hotel_Review-g788306-d1097744-Reviews-Gero_onsen_Masuya-Gero_Gifu_Prefecture_Chubu.html
KKR Gero Shirasagi,509-2202　,Gifu Prefecture,1209 Mori Gero,,$$,http://www.tripadvisor.com/Hotel_Review-g788306-d1097747-Reviews-KKR_Gero_Shirasagi-Gero_Gifu_Prefecture_Chubu.html
Onsenyado Hiroshi,509-2207　,Gifu Prefecture,521 Yunoshima Gero,,$,http://www.tripadvisor.com/Hotel_Review-g788306-d1097750-Reviews-Onsenyado_Hiroshi-Gero_Gifu_Prefecture_Chubu.html
Suihoen,509-2202　,Gifu Prefecture,2519-1 Mori Gero,,$$$$,http://www.tripadvisor.com/Hotel_Review-g788306-d1097751-Reviews-Suihoen-Gero_Gifu_Prefecture_Chubu.html
Kissenkan Chikusuitei,509-2206 ,Gifu Prefecture,1098 Koden Gero,,$$,http://www.tripadvisor.com/Hotel_Review-g788306-d1097753-Reviews-Kissenkan_Chikusuitei-Gero_Gifu_Prefecture_Chubu.html
Tsukinoakari,509-2207,Gifu Prefecture,758-15 Yunoshima Gero,,$$$$,http://www.tripadvisor.com/Hotel_Review-g788306-d1097756-Reviews-Tsukinoakari-Gero_Gifu_Prefecture_Chubu.html
Mutsumikan,509-2206,Gifu Prefecture,1167-1 Koden Gero,19,$,http://www.tripadvisor.com/Hotel_Review-g788306-d1112699-Reviews-Mutsumikan-Gero_Gifu_Prefecture_Chubu.html
Ramuneya,509-2206,Gifu Prefecture,1090-3 Koden Gero,,$,http://www.tripadvisor.com/Hotel_Review-g788306-d1112703-Reviews-Ramuneya-Gero_Gifu_Prefecture_Chubu.html
Matsumuraya,509-2202,Gifu Prefecture,1044-2-1 Mori Gero,,$,http://www.tripadvisor.com/Hotel_Review-g788306-d1112706-Reviews-Matsumuraya-Gero_Gifu_Prefecture_Chubu.html
Haginosato Annex,509-2517,Gifu Prefecture,"1747-2 Hagiwara, Hagiwaracho Gero",,$,http://www.tripadvisor.com/Hotel_Review-g788306-d1112744-Reviews-Haginosato_Annex-Gero_Gifu_Prefecture_Chubu.html
Tenryukaku,509-2202,Gifu Prefecture,971-30 Mori Gero,,$$$,http://www.tripadvisor.com/Hotel_Review-g788306-d1112761-Reviews-Tenryukaku-Gero_Gifu_Prefecture_Chubu.html
Yunotaniso,509-3111,Gifu Prefecture,"2376-1 Ochiai, Osakach Gero",,$$,http://www.tripadvisor.com/Hotel_Review-g788306-d1112766-Reviews-Yunotaniso-Gero_Gifu_Prefecture_Chubu.html
Haginosato,509-2517,Gifu Prefecture,"531-10 Hagiwara, Hagiwara-cho Gero",,$,http://www.tripadvisor.com/Hotel_Review-g788306-d1112775-Reviews-Haginosato-Gero_Gifu_Prefecture_Chubu.html
Hotel Gerokan,509-2202,Gifu Prefecture,1075 Mori Gero,,,http://www.tripadvisor.com/Hotel_Review-g788306-d1118022-Reviews-Hotel_Gerokan-Gero_Gifu_Prefecture_Chubu.html
Asahiso,509-3111,Gifu Prefecture,"2383 Ochiai, Osakacho Gero",,$$$,http://www.tripadvisor.com/Hotel_Review-g788306-d1128168-Reviews-Asahiso-Gero_Gifu_Prefecture_Chubu.html
Yumotokan,509-3111,Gifu Prefecture,"2382 Ochiai, Osakacho Gero",,$$,http://www.tripadvisor.com/Hotel_Review-g788306-d1128172-Reviews-Yumotokan-Gero_Gifu_Prefecture_Chubu.html
Okudaya,509-3113,Gifu Prefecture,572 Osakacho Yuya Gero,,$$$,http://www.tripadvisor.com/Hotel_Review-g788306-d1522873-Reviews-Okudaya-Gero_Gifu_Prefecture_Chubu.html
Minshuku Magobe,509-1605,Gifu Prefecture,3665-3 Kanayamacho Tobe Gero,,,http://www.tripadvisor.com/Hotel_Review-g788306-d1522875-Reviews-Minshuku_Magobe-Gero_Gifu_Prefecture_Chubu.html
Asamutsuso,509-3111,Gifu Prefecture,1751 Osakacho Ochiai Gero,,$,http://www.tripadvisor.com/Hotel_Review-g788306-d1522876-Reviews-Asamutsuso-Gero_Gifu_Prefecture_Chubu.html
Fukiya,509-2206,Gifu Prefecture,1185 Koden Gero,,$$,http://www.tripadvisor.com/Hotel_Review-g788306-d1522877-Reviews-Fukiya-Gero_Gifu_Prefecture_Chubu.html
Nigorigo Onsen Lodge,509-3111,Gifu Prefecture,2376-1 Osakacho Ochiai Gero,,$$,http://www.tripadvisor.com/Hotel_Review-g788306-d1878088-Reviews-Nigorigo_Onsen_Lodge-Gero_Gifu_Prefecture_Chubu.html
Hagiwaraso,509-2516,Gifu Prefecture,663-1 Hagiwaracho Uwamura Gero,,,http://www.tripadvisor.com/Hotel_Review-g788306-d1878092-Reviews-Hagiwaraso-Gero_Gifu_Prefecture_Chubu.html
Suzunami,509-2207,Gifu Prefecture,868-1 Yunoshima Gero,23,$,http://www.tripadvisor.com/Hotel_Review-g788306-d1878096-Reviews-Suzunami-Gero_Gifu_Prefecture_Chubu.html
Tsuriganeya Bekkan,509-2516,Gifu Prefecture,665-1 Hagiwaracho Uemura Gero,,,http://www.tripadvisor.com/Hotel_Review-g788306-d1878101-Reviews-Tsuriganeya_Bekkan-Gero_Gifu_Prefecture_Chubu.html
Wanpakutei,509-2207,Gifu Prefecture,544 Yunoshima Gero,,$,http://www.tripadvisor.com/Hotel_Review-g788306-d1878109-Reviews-Wanpakutei-Gero_Gifu_Prefecture_Chubu.html
Gero Saichoraku Bekkan,509-2207,Gifu Prefecture,535 Yunoshima Gero,,$$,http://www.tripadvisor.com/Hotel_Review-g788306-d1878130-Reviews-Gero_Saichoraku_Bekkan-Gero_Gifu_Prefecture_Chubu.html
Gero Saichoraku Honkan,509-2206,Gifu Prefecture,1605 Koden Gero,,$$,http://www.tripadvisor.com/Hotel_Review-g788306-d1878136-Reviews-Gero_Saichoraku_Honkan-Gero_Gifu_Prefecture_Chubu.html
Mitsukeya Ryokan,509-1606,Gifu Prefecture,222-11 Kanayamacho Soshino Gero,,,http://www.tripadvisor.com/Hotel_Review-g788306-d1878141-Reviews-Mitsukeya_Ryokan-Gero_Gifu_Prefecture_Chubu.html
Diamond Gero Onsen Society,509-2205,Gifu Prefecture,3-20 Shogano Gero,,$$,http://www.tripadvisor.com/Hotel_Review-g788306-d1913426-Reviews-Diamond_Gero_Onsen_Society-Gero_Gifu_Prefecture_Chubu.html
Yukyunohana,509-2207,Gifu Prefecture,898-1 Yunoshima Gero,6,$$$$,http://www.tripadvisor.com/Hotel_Review-g788306-d2483896-Reviews-Yukyunohana-Gero_Gifu_Prefecture_Chubu.html
Oedo Onsen monogatari Gero,509-2202,Gifu Prefecture,2458 Mori Gero,,$$,http://www.tripadvisor.com/Hotel_Review-g788306-d2529248-Reviews-Oedo_Onsen_monogatari_Gero-Gero_Gifu_Prefecture_Chubu.html
Hotel Route Inn Kani,509-0214,Gifu Prefecture,5-130-2 Hiromi Kani,133,$,http://www.tripadvisor.com/Hotel_Review-g1019687-d1075719-Reviews-Hotel_Route_Inn_Kani-Kani_Gifu_Prefecture_Chubu.html
Park Hotel Kani,509-0214,Gifu Prefecture,3-27 Hiromi Kani,,$,http://www.tripadvisor.com/Hotel_Review-g1019687-d1075722-Reviews-Park_Hotel_Kani-Kani_Gifu_Prefecture_Chubu.html
Hotel Sincerity,509-0214,Gifu Prefecture,2-55 Hiromi Kani,,$,http://www.tripadvisor.com/Hotel_Review-g1019687-d1111161-Reviews-Hotel_Sincerity-Kani_Gifu_Prefecture_Chubu.html
Business Inn Izumi,501-6017,Gifu Prefecture,1-103 Tokudanishi Ginan-cho,,,http://www.tripadvisor.com/Hotel_Review-g1121185-d1877854-Reviews-Business_Inn_Izumi-Ginan_cho_Hashima_gun_Gifu_Prefecture_Chubu.html
APA Hotel Ogaki-ekimae,503-0901,Gifu Prefecture,1-150 Takayacho Ogaki,252,$,http://www.tripadvisor.com/Hotel_Review-g788307-d639726-Reviews-APA_Hotel_Ogaki_ekimae-Ogaki_Gifu_Prefecture_Chubu.html
Hotel Goody Ogaki,503-0883,Gifu Prefecture,76-1 Shimizu-cho Ogaki,,$,http://www.tripadvisor.com/Hotel_Review-g788307-d640321-Reviews-Hotel_Goody_Ogaki-Ogaki_Gifu_Prefecture_Chubu.html
Loisir Hotel Ogaki,503-0905,Gifu Prefecture,1-13 Miyamachi Ogaki,98,$,http://www.tripadvisor.com/Hotel_Review-g788307-d846038-Reviews-Loisir_Hotel_Ogaki-Ogaki_Gifu_Prefecture_Chubu.html
Ogaki Forum Hotel,503-0812,Gifu Prefecture,2-31 Mangoku Ogaki,78,$,http://www.tripadvisor.com/Hotel_Review-g788307-d1075966-Reviews-Ogaki_Forum_Hotel-Ogaki_Gifu_Prefecture_Chubu.html
Buisiness Ryokan Maruyoshi,503-0865 ,Gifu Prefecture,4-127 Jinaicho Ogaki,,,http://www.tripadvisor.com/Hotel_Review-g788307-d1087951-Reviews-Buisiness_Ryokan_Maruyoshi-Ogaki_Gifu_Prefecture_Chubu.html
Fuku Ryokan,503-0102 ,Gifu Prefecture,"1055 Sunomata, Sunomatacho Ogaki",,$,http://www.tripadvisor.com/Hotel_Review-g788307-d1087953-Reviews-Fuku_Ryokan-Ogaki_Gifu_Prefecture_Chubu.html
Hotel Route Inn Ogaki Inter,503-0854 ,Gifu Prefecture,4-115-1 Tsukizutecho Ogaki,,$,http://www.tripadvisor.com/Hotel_Review-g788307-d1087954-Reviews-Hotel_Route_Inn_Ogaki_Inter-Ogaki_Gifu_Prefecture_Chubu.html
Kappo Ryokan Kikusui,503-0889 ,Gifu Prefecture,2-25 Takasagocho Ogaki,,$,http://www.tripadvisor.com/Hotel_Review-g788307-d1087956-Reviews-Kappo_Ryokan_Kikusui-Ogaki_Gifu_Prefecture_Chubu.html
Bird Green Hotel Ogaki,503-0864 ,Gifu Prefecture,1-159 Minaminokawa-cho Ogaki,,$,http://www.tripadvisor.com/Hotel_Review-g788307-d1087958-Reviews-Bird_Green_Hotel_Ogaki-Ogaki_Gifu_Prefecture_Chubu.html
Super Hotel Ogaki-ekimae,503-0905　,Gifu Prefecture,1-40 Miyamachi Ogaki,88,$,http://www.tripadvisor.com/Hotel_Review-g788307-d1108041-Reviews-Super_Hotel_Ogaki_ekimae-Ogaki_Gifu_Prefecture_Chubu.html
Business Hotel Shizusato Ryokan,503-0983,Gifu Prefecture,1759-2 Shizusato-cho Ogaki,,,http://www.tripadvisor.com/Hotel_Review-g788307-d1112788-Reviews-Business_Hotel_Shizusato_Ryokan-Ogaki_Gifu_Prefecture_Chubu.html
Tamagoya Annex Gyokushinro,503-0856,Gifu Prefecture,2-95 Shindencho Ogaki,,,http://www.tripadvisor.com/Hotel_Review-g788307-d1112793-Reviews-Tamagoya_Annex_Gyokushinro-Ogaki_Gifu_Prefecture_Chubu.html
Best Inn Ogaki,503-0015,Gifu Prefecture,5-11-3 Hayashi-machi Ogaki,,$,http://www.tripadvisor.com/Hotel_Review-g788307-d1863066-Reviews-Best_Inn_Ogaki-Ogaki_Gifu_Prefecture_Chubu.html
Kimimatsu Ryokan,503-0887,Gifu Prefecture,3-41 Kuruwamachi Ogaki,,$,http://www.tripadvisor.com/Hotel_Review-g788307-d1878146-Reviews-Kimimatsu_Ryokan-Ogaki_Gifu_Prefecture_Chubu.html
Taishokan,503-1622,Gifu Prefecture,1330-1 Kamiishizucho Uwahara Ogaki,,,http://www.tripadvisor.com/Hotel_Review-g788307-d1878150-Reviews-Taishokan-Ogaki_Gifu_Prefecture_Chubu.html
Kamiishizu Pension,503-1631,Gifu Prefecture,5-4 Kamiishizucho Maegase Ogaki,,,http://www.tripadvisor.com/Hotel_Review-g788307-d1878156-Reviews-Kamiishizu_Pension-Ogaki_Gifu_Prefecture_Chubu.html
Business Hotel Rainbow,503-0102,Gifu Prefecture,302 Sunomatachosunomata Ogaki,,,http://www.tripadvisor.com/Hotel_Review-g788307-d3342918-Reviews-Business_Hotel_Rainbow-Ogaki_Gifu_Prefecture_Chubu.html
Okasan Hotel,503-0824,Gifu Prefecture,1-5 Asahimachi Ogaki,,,http://www.tripadvisor.com/Hotel_Review-g788307-d6539175-Reviews-Okasan_Hotel-Ogaki_Gifu_Prefecture_Chubu.html
Izumiso,501-3717 ,Gifu Prefecture,31-5 Atage Mino,,$$,http://www.tripadvisor.com/Hotel_Review-g1019688-d1096955-Reviews-Izumiso-Mino_Gifu_Prefecture_Chubu.html
Mino Yumotokan,501-3705,Gifu Prefecture,520-2 Tachibana Mino,,$$,http://www.tripadvisor.com/Hotel_Review-g1019688-d1111168-Reviews-Mino_Yumotokan-Mino_Gifu_Prefecture_Chubu.html
Masunoie,501-3705,Gifu Prefecture,483-3 Tachibana Mino,,,http://www.tripadvisor.com/Hotel_Review-g1019688-d1111404-Reviews-Masunoie-Mino_Gifu_Prefecture_Chubu.html
Kajikaso,501-3741,Gifu Prefecture,3946 Minatomachi Mino,,$,http://www.tripadvisor.com/Hotel_Review-g1019688-d1522766-Reviews-Kajikaso-Mino_Gifu_Prefecture_Chubu.html
Mino Kanko Hotel,501-3753,Gifu Prefecture,333-1 Matsumori Mino,,,http://www.tripadvisor.com/Hotel_Review-g1019688-d1877074-Reviews-Mino_Kanko_Hotel-Mino_Gifu_Prefecture_Chubu.html
Guest House Warabi,501-3788,Gifu Prefecture,964 Warabi Mino,,$,http://www.tripadvisor.com/Hotel_Review-g1019688-d3340710-Reviews-Guest_House_Warabi-Mino_Gifu_Prefecture_Chubu.html
Seifuro,503-1254,Gifu Prefecture,1285 Yoro Koen Yoro-cho,,$$$$,http://www.tripadvisor.com/Hotel_Review-g1121187-d1124801-Reviews-Seifuro-Yoro_cho_Yoro_gun_Gifu_Prefecture_Chubu.html
Yuki no Sato,503-1254,Gifu Prefecture,1290-167 Yoro Koen Yoro-cho,11,$$$$,http://www.tripadvisor.com/Hotel_Review-g1121187-d1124802-Reviews-Yuki_no_Sato-Yoro_cho_Yoro_gun_Gifu_Prefecture_Chubu.html
Kikusui,503-1254,Gifu Prefecture,1286-1 Yorokoen Yoro-cho,,$$,http://www.tripadvisor.com/Hotel_Review-g1121187-d1140463-Reviews-Kikusui-Yoro_cho_Yoro_gun_Gifu_Prefecture_Chubu.html
Senzairo,503-1254,Gifu Prefecture,1079 Yorokoen Yoro-cho,,$$$$,http://www.tripadvisor.com/Hotel_Review-g1121187-d1140467-Reviews-Senzairo-Yoro_cho_Yoro_gun_Gifu_Prefecture_Chubu.html
Yorokan,503-1255 ,Gifu Prefecture,534 Yoro Yoro-cho,,,http://www.tripadvisor.com/Hotel_Review-g1121187-d1140469-Reviews-Yorokan-Yoro_cho_Yoro_gun_Gifu_Prefecture_Chubu.html
Yusennosato Hotel Nadeshiko,503-1316 ,Gifu Prefecture,1522-1 Oshikoshi Yoro-cho,36,$$,http://www.tripadvisor.com/Hotel_Review-g1121187-d1140473-Reviews-Yusennosato_Hotel_Nadeshiko-Yoro_cho_Yoro_gun_Gifu_Prefecture_Chubu.html
Eirakuya,503-1314,Gifu Prefecture,341-4 Takada Yoro-cho,,$,http://www.tripadvisor.com/Hotel_Review-g1121187-d1877855-Reviews-Eirakuya-Yoro_cho_Yoro_gun_Gifu_Prefecture_Chubu.html
Tajimaya,508-0502,Gifu Prefecture,4266 Magome Nakatsugawa,,$$,http://www.tripadvisor.com/Hotel_Review-g1015944-d324829-Reviews-Tajimaya-Nakatsugawa_Gifu_Prefecture_Chubu.html
Magomechaya,508-0502,Gifu Prefecture,4296 Magome Nakatsugawa,,$,http://www.tripadvisor.com/Hotel_Review-g1015944-d553994-Reviews-Magomechaya-Nakatsugawa_Gifu_Prefecture_Chubu.html
Hotel Route Inn Nakatsugawa Inter,508-0015,Gifu Prefecture,375-1 Tegano Nakatsugawa,126,$,http://www.tripadvisor.com/Hotel_Review-g1015944-d1075959-Reviews-Hotel_Route_Inn_Nakatsugawa_Inter-Nakatsugawa_Gifu_Prefecture_Chubu.html
Nakatsugawa Green Hotel,508-0033,Gifu Prefecture,2-6-34 Otamachi Nakatsugawa,,,http://www.tripadvisor.com/Hotel_Review-g1015944-d1075960-Reviews-Nakatsugawa_Green_Hotel-Nakatsugawa_Gifu_Prefecture_Chubu.html
Silk Hotel,508-0032,Gifu Prefecture,2-7 Sakaemachi Nakatsugawa,,$,http://www.tripadvisor.com/Hotel_Review-g1015944-d1075963-Reviews-Silk_Hotel-Nakatsugawa_Gifu_Prefecture_Chubu.html
Hotel Hanasarasa,508-0007 ,Gifu Prefecture,280 Misaka Nakatsugawa,,$$,http://www.tripadvisor.com/Hotel_Review-g1015944-d1087866-Reviews-Hotel_Hanasarasa-Nakatsugawa_Gifu_Prefecture_Chubu.html
Plaza Hotel Sakae,508-0032,Gifu Prefecture,3-5 Sakaemachi Nakatsugawa,,,http://www.tripadvisor.com/Hotel_Review-g1015944-d1093913-Reviews-Plaza_Hotel_Sakae-Nakatsugawa_Gifu_Prefecture_Chubu.html
Jorokuso,508-0101,Gifu Prefecture,2717 Naegi Nakatsugawa,,$,http://www.tripadvisor.com/Hotel_Review-g1015944-d1109919-Reviews-Jorokuso-Nakatsugawa_Gifu_Prefecture_Chubu.html
Nagataki,508-0011,Gifu Prefecture,1649 Komanba Nakatsugawa,,$$$$,http://www.tripadvisor.com/Hotel_Review-g1015944-d1109920-Reviews-Nagataki-Nakatsugawa_Gifu_Prefecture_Chubu.html
Yamashitaya Ryokan,508-0351,Gifu Prefecture,"5918-2 Sakuraya, Tsukechicho Nakatsugawa",,,http://www.tripadvisor.com/Hotel_Review-g1015944-d1109921-Reviews-Yamashitaya_Ryokan-Nakatsugawa_Gifu_Prefecture_Chubu.html
Minshuku Iroribata,508-0502,Gifu Prefecture,5335 Magome Nakatsugawa,,$,http://www.tripadvisor.com/Hotel_Review-g1015944-d1109925-Reviews-Minshuku_Iroribata-Nakatsugawa_Gifu_Prefecture_Chubu.html
Ryori Ryokan Tamayoshiya,508-0032,Gifu Prefecture,3-2 Sakaemachi Nakatsugawa,,$,http://www.tripadvisor.com/Hotel_Review-g1015944-d1109927-Reviews-Ryori_Ryokan_Tamayoshiya-Nakatsugawa_Gifu_Prefecture_Chubu.html
Kasumiso,508-0101,Gifu Prefecture,3775-10 Naegi Nakatsugawa,,$,http://www.tripadvisor.com/Hotel_Review-g1015944-d1109929-Reviews-Kasumiso-Nakatsugawa_Gifu_Prefecture_Chubu.html
Minshuku Umenoya,508-0502,Gifu Prefecture,5117 Magome Nakatsugawa,,,http://www.tripadvisor.com/Hotel_Review-g1015944-d1438916-Reviews-Minshuku_Umenoya-Nakatsugawa_Gifu_Prefecture_Chubu.html
Iwasu-so,509-8301 ,Gifu Prefecture,4467-4 Hirukawa Nakatsugawa,,$$,http://www.tripadvisor.com/Hotel_Review-g1015944-d1552264-Reviews-Iwasu_so-Nakatsugawa_Gifu_Prefecture_Chubu.html
Nakatsugawa Town Hotel,508-0037,Gifu Prefecture,1-12 Ebisu-cho Nakatsugawa,,,http://www.tripadvisor.com/Hotel_Review-g1015944-d1850787-Reviews-Nakatsugawa_Town_Hotel-Nakatsugawa_Gifu_Prefecture_Chubu.html
Fuji,508-0203,Gifu Prefecture,10-1 Fukuoka Nakatsugawa,,,http://www.tripadvisor.com/Hotel_Review-g1015944-d1876937-Reviews-Fuji-Nakatsugawa_Gifu_Prefecture_Chubu.html
Minshuku Higeta,508-0006,Gifu Prefecture,89-1 Ochiai Nakatsugawa,,$,http://www.tripadvisor.com/Hotel_Review-g1015944-d1876948-Reviews-Minshuku_Higeta-Nakatsugawa_Gifu_Prefecture_Chubu.html
Minshuku Yamakido,508-0421,Gifu Prefecture,778 Ogo Kashimo Nakatsugawa,,,http://www.tripadvisor.com/Hotel_Review-g1015944-d1876953-Reviews-Minshuku_Yamakido-Nakatsugawa_Gifu_Prefecture_Chubu.html
Junboike,508-0351,Gifu Prefecture,8593-24 Tsukechicho Nakatsugawa,,$$,http://www.tripadvisor.com/Hotel_Review-g1015944-d1876958-Reviews-Junboike-Nakatsugawa_Gifu_Prefecture_Chubu.html
Kisoji Furusato Youth Hostel,508-0006,Gifu Prefecture,1921 Ochiai Nakatsugawa,,,http://www.tripadvisor.com/Hotel_Review-g1015944-d1876962-Reviews-Kisoji_Furusato_Youth_Hostel-Nakatsugawa_Gifu_Prefecture_Chubu.html
Doai Onsen,508-0421,Gifu Prefecture,Kashimo Doai Nakatsugawa,,,http://www.tripadvisor.com/Hotel_Review-g1015944-d1876973-Reviews-Doai_Onsen-Nakatsugawa_Gifu_Prefecture_Chubu.html
Somabitonosato Hikiya,508-0421,Gifu Prefecture,6406 Kashimo Nakatsugawa,,$$$$,http://www.tripadvisor.com/Hotel_Review-g1015944-d2167448-Reviews-Somabitonosato_Hikiya-Nakatsugawa_Gifu_Prefecture_Chubu.html
Minshuku Shirokiya,508-0502,Gifu Prefecture,4568-3 Magome Nakatsugawa,,,http://www.tripadvisor.com/Hotel_Review-g1015944-d2243130-Reviews-Minshuku_Shirokiya-Nakatsugawa_Gifu_Prefecture_Chubu.html
Sinchaya,508－0502,Gifu Prefecture,5110 Magome Nakatsugawa,,,http://www.tripadvisor.com/Hotel_Review-g1015944-d3441865-Reviews-Sinchaya-Nakatsugawa_Gifu_Prefecture_Chubu.html
Magohachi,5097321,Gifu Prefecture,2664-230 Agi Nakatsugawa,,,http://www.tripadvisor.com/Hotel_Review-g1015944-d7008934-Reviews-Magohachi-Nakatsugawa_Gifu_Prefecture_Chubu.html
Business Hotel Sanwa,505-0044,Gifu Prefecture,3-11-5 Kamogawacho Minokamo,,$,http://www.tripadvisor.com/Hotel_Review-g1019689-d1075950-Reviews-Business_Hotel_Sanwa-Minokamo_Gifu_Prefecture_Chubu.html
Iroha Ryokan,505-0034,Gifu Prefecture,2973-1 Shimokobi Kobicho Minokamo,,$,http://www.tripadvisor.com/Hotel_Review-g1019689-d1075953-Reviews-Iroha_Ryokan-Minokamo_Gifu_Prefecture_Chubu.html
Hotel Route Inn Minokamo,505-0041,Gifu Prefecture,2449-1 Otacho Minokamo,103,$,http://www.tripadvisor.com/Hotel_Review-g1019689-d1075954-Reviews-Hotel_Route_Inn_Minokamo-Minokamo_Gifu_Prefecture_Chubu.html
Minokamo Station Hotel,505-0041,Gifu Prefecture,1764-1 Otacho Minokamo,,$,http://www.tripadvisor.com/Hotel_Review-g1019689-d1075955-Reviews-Minokamo_Station_Hotel-Minokamo_Gifu_Prefecture_Chubu.html
City Hotel Minokamo,505-0041,Gifu Prefecture,2565-1 Otacho Minokamo,,$,http://www.tripadvisor.com/Hotel_Review-g1019689-d1075957-Reviews-City_Hotel_Minokamo-Minokamo_Gifu_Prefecture_Chubu.html
MInokamo Minshuku Kawasajiki,505-0022,Gifu Prefecture,1-15-34 Kawaicho Minokamo,,$,http://www.tripadvisor.com/Hotel_Review-g1019689-d1093966-Reviews-MInokamo_Minshuku_Kawasajiki-Minokamo_Gifu_Prefecture_Chubu.html
Business Daiichi Hotel Minokamo,505-0034,Gifu Prefecture,"2975-16 Shimokobi, Kobicho Minokamo",,,http://www.tripadvisor.com/Hotel_Review-g1019689-d1111405-Reviews-Business_Daiichi_Hotel_Minokamo-Minokamo_Gifu_Prefecture_Chubu.html
Genrokuso,505-0041,Gifu Prefecture,4297 Otacho Minokamo,,,http://www.tripadvisor.com/Hotel_Review-g1019689-d1877079-Reviews-Genrokuso-Minokamo_Gifu_Prefecture_Chubu.html
Sakaeya,505-0034,Gifu Prefecture,505 Kobicho Shimokobi Minokamo,,$,http://www.tripadvisor.com/Hotel_Review-g1019689-d1877082-Reviews-Sakaeya-Minokamo_Gifu_Prefecture_Chubu.html
Monokamo,505-0022,Gifu Prefecture,2-7 Kawaicho Minokamo,,$,http://www.tripadvisor.com/Hotel_Review-g1019689-d1877085-Reviews-Monokamo-Minokamo_Gifu_Prefecture_Chubu.html
Inoshishitei,503-2122,Gifu Prefecture,693 Osa Tarui-cho,,$,http://www.tripadvisor.com/Hotel_Review-g1121188-d1522789-Reviews-Inoshishitei-Tarui_cho_Fuwa_gun_Gifu_Prefecture_Chubu.html
Sound Lodge Ibuki,503-1545,Gifu Prefecture,1565-6 Tama Sekigahara-cho,,,http://www.tripadvisor.com/Hotel_Review-g1121189-d1140521-Reviews-Sound_Lodge_Ibuki-Sekigahara_cho_Fuwa_gun_Gifu_Prefecture_Chubu.html
Ena Plaza Hotel,509-7201,Gifu Prefecture,637 Oicho Ena,,$,http://www.tripadvisor.com/Hotel_Review-g1019681-d1075201-Reviews-Ena_Plaza_Hotel-Ena_Gifu_Prefecture_Chubu.html
Enakyo Grand Hotel,509-7201,Gifu Prefecture,2709-77 Oicho Ena,60,$$,http://www.tripadvisor.com/Hotel_Review-g1019681-d1075204-Reviews-Enakyo_Grand_Hotel-Ena_Gifu_Prefecture_Chubu.html
Enakyo Kokusai Hotel,509-7201,Gifu Prefecture,2709-399 Oicho Ena,34,$$,http://www.tripadvisor.com/Hotel_Review-g1019681-d1075207-Reviews-Enakyo_Kokusai_Hotel-Ena_Gifu_Prefecture_Chubu.html
Hashimotoya,509-7201,Gifu Prefecture,2693-426 Oicho Ena,,,http://www.tripadvisor.com/Hotel_Review-g1019681-d1093916-Reviews-Hashimotoya-Ena_Gifu_Prefecture_Chubu.html
Kokumin Shukusha Enasanso,509-7202,Gifu Prefecture,2390-165 Higashino Ena,,$,http://www.tripadvisor.com/Hotel_Review-g1019681-d1109930-Reviews-Kokumin_Shukusha_Enasanso-Ena_Gifu_Prefecture_Chubu.html
Iwamurasanso,509-7402,Gifu Prefecture,"569-1 Tomida, Iwamuracho Ena",10,$$$,http://www.tripadvisor.com/Hotel_Review-g1019681-d1133997-Reviews-Iwamurasanso-Ena_Gifu_Prefecture_Chubu.html
Hotel Route Inn Ena,509-7205,Gifu Prefecture,2-7-12 Osashimacho Nakano Ena,153,$,http://www.tripadvisor.com/Hotel_Review-g1019681-d1368336-Reviews-Hotel_Route_Inn_Ena-Ena_Gifu_Prefecture_Chubu.html
Kanpo no Yado Ena,509-7201,Gifu Prefecture,2709 Oicho Ena,,$$,http://www.tripadvisor.com/Hotel_Review-g1019681-d1777668-Reviews-Kanpo_no_Yado_Ena-Ena_Gifu_Prefecture_Chubu.html
Ichikawa,509-7201,Gifu Prefecture,95-1 Oicho Ena,,$$$,http://www.tripadvisor.com/Hotel_Review-g1019681-d1876979-Reviews-Ichikawa-Ena_Gifu_Prefecture_Chubu.html
City Hotel Michi,509-7201,Gifu Prefecture,172-6 Oicho Ena,,$,http://www.tripadvisor.com/Hotel_Review-g1019681-d1876982-Reviews-City_Hotel_Michi-Ena_Gifu_Prefecture_Chubu.html
Okura,509-7201,Gifu Prefecture,2710-92 Oicho Ena,,$,http://www.tripadvisor.com/Hotel_Review-g1019681-d1876985-Reviews-Okura-Ena_Gifu_Prefecture_Chubu.html
Medallion Belgravia Resort,509-7800,Gifu Prefecture,3915 Kushihara Ena,,,http://www.tripadvisor.com/Hotel_Review-g1019681-d1879217-Reviews-Medallion_Belgravia_Resort-Ena_Gifu_Prefecture_Chubu.html
Minshuku Totaro,509-7201,Gifu Prefecture,2710-323 Oicho Ena,,,http://www.tripadvisor.com/Hotel_Review-g1019681-d1913497-Reviews-Minshuku_Totaro-Ena_Gifu_Prefecture_Chubu.html
Kaya no Yado Tomida,509-7402,Gifu Prefecture,2024 Iwamurachotomida Ena,,,http://www.tripadvisor.com/Hotel_Review-g1019681-d2271608-Reviews-Kaya_no_Yado_Tomida-Ena_Gifu_Prefecture_Chubu.html
Koshizawa Cottage,509-7511,Gifu Prefecture,1280-9 Kamiyahagichourushihara Ena,,,http://www.tripadvisor.com/Hotel_Review-g1019681-d3218500-Reviews-Koshizawa_Cottage-Ena_Gifu_Prefecture_Chubu.html
Wakafuku,509-8232,Gifu Prefecture,168-1 Iijicho Ena,,,http://www.tripadvisor.com/Hotel_Review-g1019681-d5504423-Reviews-Wakafuku-Ena_Gifu_Prefecture_Chubu.html
Akeyo Kangetsuso,509-6131,Gifu Prefecture,"493 Tsukiyoshi, Akiyocho Mizunami",,,http://www.tripadvisor.com/Hotel_Review-g1019691-d1111407-Reviews-Akeyo_Kangetsuso-Mizunami_Gifu_Prefecture_Chubu.html
Oniiwa Yumotokan,509-6251,Gifu Prefecture,9499-13 Hiyoshicho Mizunami,,,http://www.tripadvisor.com/Hotel_Review-g1019691-d1111408-Reviews-Oniiwa_Yumotokan-Mizunami_Gifu_Prefecture_Chubu.html
Iwamitei,509-6251,Gifu Prefecture,9500-5 Hiyoshicho Mizunami,,$$,http://www.tripadvisor.com/Hotel_Review-g1019691-d1140171-Reviews-Iwamitei-Mizunami_Gifu_Prefecture_Chubu.html
Mizunami Sun Hotel,509-6121,Gifu Prefecture,1195-3 Terakawadocho Mizunami,,,http://www.tripadvisor.com/Hotel_Review-g1019691-d1140202-Reviews-Mizunami_Sun_Hotel-Mizunami_Gifu_Prefecture_Chubu.html
Hotel Miyako,509-6121,Gifu Prefecture,812-1 Terakawadocho Mizunami,,,http://www.tripadvisor.com/Hotel_Review-g1019691-d1522774-Reviews-Hotel_Miyako-Mizunami_Gifu_Prefecture_Chubu.html
Lion Prince Hotel,509-6121,Gifu Prefecture,955-8 Terakawadocho Mizunami,,$,http://www.tripadvisor.com/Hotel_Review-g1019691-d1522776-Reviews-Lion_Prince_Hotel-Mizunami_Gifu_Prefecture_Chubu.html
Mizunami Olaza Hotel,509-6132,Gifu Prefecture,62-1 Akiyocho Yamanochi Mizunami,,$,http://www.tripadvisor.com/Hotel_Review-g1019691-d1522781-Reviews-Mizunami_Olaza_Hotel-Mizunami_Gifu_Prefecture_Chubu.html
Oniiwa Pension Passage,509-6251,Gifu Prefecture,9513-37 Hiyoshi-cho Mizunami,,,http://www.tripadvisor.com/Hotel_Review-g1019691-d5792058-Reviews-Oniiwa_Pension_Passage-Mizunami_Gifu_Prefecture_Chubu.html
Forest Mizunami Country Club,509-6472,Gifu Prefecture,4605 Kamado-cho Mizunami,,,http://www.tripadvisor.com/Hotel_Review-g1019691-d6456415-Reviews-Forest_Mizunami_Country_Club-Mizunami_Gifu_Prefecture_Chubu.html
Matsumotoya,501-1311 ,Gifu Prefecture,290 Tanigumitokuzumi Ibigawa-cho,,$$,http://www.tripadvisor.com/Hotel_Review-g1121193-d1140524-Reviews-Matsumotoya-Ibigawa_cho_Ibi_gun_Gifu_Prefecture_Chubu.html
Tachibanaya,501-1311,Gifu Prefecture,311 Tanigumi Tokuzumi Ibigawa-cho,,$,http://www.tripadvisor.com/Hotel_Review-g1121193-d1522790-Reviews-Tachibanaya-Ibigawa_cho_Ibi_gun_Gifu_Prefecture_Chubu.html
Ibigawa Kyuen,501-0601,Gifu Prefecture,2300 Kitagata Ibigawa-cho,,$$$,http://www.tripadvisor.com/Hotel_Review-g1121193-d1863045-Reviews-Ibigawa_Kyuen-Ibigawa_cho_Ibi_gun_Gifu_Prefecture_Chubu.html
Tsukiyodani Fureainosato,501-0701,Gifu Prefecture,987-1 Ozu Ibigawa-cho,,$$,http://www.tripadvisor.com/Hotel_Review-g1121193-d2666510-Reviews-Tsukiyodani_Fureainosato-Ibigawa_cho_Ibi_gun_Gifu_Prefecture_Chubu.html
Green Hotel Komatsuya,501-0521,Gifu Prefecture,1735-1 Kurono Ono-cho,,$,http://www.tripadvisor.com/Hotel_Review-g1121194-d1522792-Reviews-Green_Hotel_Komatsuya-Ono_cho_Ibi_gun_Gifu_Prefecture_Chubu.html
Hotel Gujo Hachiman,501-4206,Gifu Prefecture,200 Yoshino Hachimancho Gujo,49,$$$,http://www.tripadvisor.com/Hotel_Review-g1019682-d1075238-Reviews-Hotel_Gujo_Hachiman-Gujo_Gifu_Prefecture_Chubu.html
Vacance Mura Gujo Kogen Hotel,501-5302,Gifu Prefecture,"2363-395 Washimi, Takasucho Gujo",,$$,http://www.tripadvisor.com/Hotel_Review-g1019682-d1093925-Reviews-Vacance_Mura_Gujo_Kogen_Hotel-Gujo_Gifu_Prefecture_Chubu.html
Ork Hirugano,501-5302,Gifu Prefecture,"2363-988 Washimi, Takasucho Gujo",,$$,http://www.tripadvisor.com/Hotel_Review-g1019682-d1093937-Reviews-Ork_Hirugano-Gujo_Gifu_Prefecture_Chubu.html
Pension Bloom,501-5301,Gifu Prefecture,"4670-70 Hirugano, Takasucho Gujo",,$,http://www.tripadvisor.com/Hotel_Review-g1019682-d1096593-Reviews-Pension_Bloom-Gujo_Gifu_Prefecture_Chubu.html
Cycling Terminal Takao,501-4202,Gifu Prefecture,"945-1 Ichishima, Hachimancho Gujo",,$,http://www.tripadvisor.com/Hotel_Review-g1019682-d1096604-Reviews-Cycling_Terminal_Takao-Gujo_Gifu_Prefecture_Chubu.html
Miharaya Ryokan,501-4214,Gifu Prefecture,"266 Yanagimachi, Hachiman-cho Gujo",,$,http://www.tripadvisor.com/Hotel_Review-g1019682-d1096616-Reviews-Miharaya_Ryokan-Gujo_Gifu_Prefecture_Chubu.html
Asano Ryokan,501-4219,Gifu Prefecture,"817 Otemachi, Hachiman-cho Gujo",,$,http://www.tripadvisor.com/Hotel_Review-g1019682-d1096618-Reviews-Asano_Ryokan-Gujo_Gifu_Prefecture_Chubu.html
Nagomiya Hirugano,501-5301,Gifu Prefecture,"4670-1472 Hirugano, Takasucho Gujo",19,$$$,http://www.tripadvisor.com/Hotel_Review-g1019682-d1096622-Reviews-Nagomiya_Hirugano-Gujo_Gifu_Prefecture_Chubu.html
Sekisuien,501-4214 ,Gifu Prefecture,"511-2 Yanagimachi, Hachiman-cho Gujo",,$$,http://www.tripadvisor.com/Hotel_Review-g1019682-d1096627-Reviews-Sekisuien-Gujo_Gifu_Prefecture_Chubu.html
Shiratori Kogen Hotel,501-5231　,Gifu Prefecture,"133 Hinoki-toge Itoshiro, Shirotori-cho Gujo",,$$,http://www.tripadvisor.com/Hotel_Review-g1019682-d1096647-Reviews-Shiratori_Kogen_Hotel-Gujo_Gifu_Prefecture_Chubu.html
Resort Pension Shikisai,501-4304 ,Gifu Prefecture,"3447-114 Okuzumi, Meiho Gujo",,$$$,http://www.tripadvisor.com/Hotel_Review-g1019682-d1096653-Reviews-Resort_Pension_Shikisai-Gujo_Gifu_Prefecture_Chubu.html
Hotel Villa Mont Saint,501-5305,Gifu Prefecture,"3067-1 Nishibora, Takasucho Gujo",,$$,http://www.tripadvisor.com/Hotel_Review-g1019682-d1096656-Reviews-Hotel_Villa_Mont_Saint-Gujo_Gifu_Prefecture_Chubu.html
Onoso,501-4221 ,Gifu Prefecture,"8-8-1 Ono, Hachiman-cho Gujo",,$,http://www.tripadvisor.com/Hotel_Review-g1019682-d1096658-Reviews-Onoso-Gujo_Gifu_Prefecture_Chubu.html
Pension Little Pine,501-5112　　,Gifu Prefecture,"1256-1 Rokunori, Shirotori-cho Gujo",,$,http://www.tripadvisor.com/Hotel_Review-g1019682-d1096661-Reviews-Pension_Little_Pine-Gujo_Gifu_Prefecture_Chubu.html
Minshuku Iyoji,501-5122 ,Gifu Prefecture,"188-20 Tamezani, Shirotori-cho Gujo",,$,http://www.tripadvisor.com/Hotel_Review-g1019682-d1096667-Reviews-Minshuku_Iyoji-Gujo_Gifu_Prefecture_Chubu.html
Kadochu Ryokan,501-5121 ,Gifu Prefecture,"1044-5 Shirotori, Shirotori-cho Gujo",,$,http://www.tripadvisor.com/Hotel_Review-g1019682-d1096713-Reviews-Kadochu_Ryokan-Gujo_Gifu_Prefecture_Chubu.html
Hartpia Shiki,501-5101,Gifu Prefecture,"1080-1 Maedani, Shirotori-cho Gujo",,$$,http://www.tripadvisor.com/Hotel_Review-g1019682-d1096716-Reviews-Hartpia_Shiki-Gujo_Gifu_Prefecture_Chubu.html
Rental Log Cottage West Village,501-5301 ,Gifu Prefecture,"4670-4060 Hirugano, Takasucho Gujo",,$$,http://www.tripadvisor.com/Hotel_Review-g1019682-d1096730-Reviews-Rental_Log_Cottage_West_Village-Gujo_Gifu_Prefecture_Chubu.html
Albergo Sannow,501-5126　　,Gifu Prefecture,"1051 Mukaikodara, Shirotori-cho Gujo",,,http://www.tripadvisor.com/Hotel_Review-g1019682-d1096737-Reviews-Albergo_Sannow-Gujo_Gifu_Prefecture_Chubu.html
Culvilla Itoshiro,501-5231,Gifu Prefecture,"57-100 Itoshiro, Shirotori-cho Gujo",,$$,http://www.tripadvisor.com/Hotel_Review-g1019682-d1096744-Reviews-Culvilla_Itoshiro-Gujo_Gifu_Prefecture_Chubu.html
Minshuku Kanshiro,501-5126,Gifu Prefecture,"978 Mukaikodara, Shirotori-cho Gujo",,$,http://www.tripadvisor.com/Hotel_Review-g1019682-d1096762-Reviews-Minshuku_Kanshiro-Gujo_Gifu_Prefecture_Chubu.html
Chez-soi Wakamiya,501-5301,Gifu Prefecture,"4670-1149 Hirugano, Takasucho Gujo",,$$,http://www.tripadvisor.com/Hotel_Review-g1019682-d1109933-Reviews-Chez_soi_Wakamiya-Gujo_Gifu_Prefecture_Chubu.html
Hirugano Hope Lodge,501-5301,Gifu Prefecture,"4670-3654 Hirugano, Takasucho Gujo",,,http://www.tripadvisor.com/Hotel_Review-g1019682-d1109934-Reviews-Hirugano_Hope_Lodge-Gujo_Gifu_Prefecture_Chubu.html
Meiho Berg Cottage,501-4305,Gifu Prefecture,"3435-6 Okuzumi, Meiho Gujo",,$$,http://www.tripadvisor.com/Hotel_Review-g1019682-d1109937-Reviews-Meiho_Berg_Cottage-Gujo_Gifu_Prefecture_Chubu.html
Minshuku Kamideya,501-4305,Gifu Prefecture,"1112-1 Ogawa, Meiho Gujo",,,http://www.tripadvisor.com/Hotel_Review-g1019682-d1109938-Reviews-Minshuku_Kamideya-Gujo_Gifu_Prefecture_Chubu.html
Stropen House,501-4304,Gifu Prefecture,"1962 Okuzumi, Meiho Gujo",,$$,http://www.tripadvisor.com/Hotel_Review-g1019682-d1109942-Reviews-Stropen_House-Gujo_Gifu_Prefecture_Chubu.html
Sashin,501-5126,Gifu Prefecture,"725-1 Mukaikodara, Shirotori-cho Gujo",,,http://www.tripadvisor.com/Hotel_Review-g1019682-d1110119-Reviews-Sashin-Gujo_Gifu_Prefecture_Chubu.html
Motai Onsen,501-4603,Gifu Prefecture,"1728 Kurisu, Yamatocho Gujo",,,http://www.tripadvisor.com/Hotel_Review-g1019682-d1110156-Reviews-Motai_Onsen-Gujo_Gifu_Prefecture_Chubu.html
Asanoya Ryori Ryokan,501-5121,Gifu Prefecture,"925 Shirotori, Shirotoricho Gujo",,$,http://www.tripadvisor.com/Hotel_Review-g1019682-d1110171-Reviews-Asanoya_Ryori_Ryokan-Gujo_Gifu_Prefecture_Chubu.html
Pension Shirotori,501-5116,Gifu Prefecture,"151-5 Nakanishi, Shirotoricho Gujo",,,http://www.tripadvisor.com/Hotel_Review-g1019682-d1110182-Reviews-Pension_Shirotori-Gujo_Gifu_Prefecture_Chubu.html
Rest Hotel Hodumi,501-5301,Gifu Prefecture,"4670-656 Hirugano, Takasucho Gujo",,$,http://www.tripadvisor.com/Hotel_Review-g1019682-d1110191-Reviews-Rest_Hotel_Hodumi-Gujo_Gifu_Prefecture_Chubu.html
Kinshokan,501-4615,Gifu Prefecture,"7016 Shima, Yamatocho Gujo",,$$,http://www.tripadvisor.com/Hotel_Review-g1019682-d1110206-Reviews-Kinshokan-Gujo_Gifu_Prefecture_Chubu.html
Okuminoen,501-5104,Gifu Prefecture,"351 Nagataki, Shirotoricho Gujo",,$,http://www.tripadvisor.com/Hotel_Review-g1019682-d1110232-Reviews-Okuminoen-Gujo_Gifu_Prefecture_Chubu.html
Pension Green Lake,501-5301,Gifu Prefecture,"4672-704 Hirugano, Takasucho Gujo",,$$,http://www.tripadvisor.com/Hotel_Review-g1019682-d1110242-Reviews-Pension_Green_Lake-Gujo_Gifu_Prefecture_Chubu.html
Pension Milky House,501-5301,Gifu Prefecture,"4670 Hirugano, Takasucho Gujo",,$$,http://www.tripadvisor.com/Hotel_Review-g1019682-d1110957-Reviews-Pension_Milky_House-Gujo_Gifu_Prefecture_Chubu.html
Minshuku Okuraya,501-5301,Gifu Prefecture,"4670-1301 Hirugano, Takasucho Gujo",,$$,http://www.tripadvisor.com/Hotel_Review-g1019682-d1110965-Reviews-Minshuku_Okuraya-Gujo_Gifu_Prefecture_Chubu.html
Minshuku Ikoiso,501-5126,Gifu Prefecture,"1064-1 Mukaikodara, Shirotoricho Gujo",,$,http://www.tripadvisor.com/Hotel_Review-g1019682-d1110970-Reviews-Minshuku_Ikoiso-Gujo_Gifu_Prefecture_Chubu.html
Ryokan Mifuku,501-4222,Gifu Prefecture,"808 Shimadani, Hachiman-cho Gujo",,$$,http://www.tripadvisor.com/Hotel_Review-g1019682-d1110974-Reviews-Ryokan_Mifuku-Gujo_Gifu_Prefecture_Chubu.html
Ryokan Kugo,501-4303,Gifu Prefecture,"440 Kera, Meiho Gujo",,,http://www.tripadvisor.com/Hotel_Review-g1019682-d1110985-Reviews-Ryokan_Kugo-Gujo_Gifu_Prefecture_Chubu.html
Business Hotel Gujohachiman Inter,501-4234 ,Gifu Prefecture,"3-1-15 Gocho, Hachimancho Gujo",40,$,http://www.tripadvisor.com/Hotel_Review-g1019682-d1134003-Reviews-Business_Hotel_Gujohachiman_Inter-Gujo_Gifu_Prefecture_Chubu.html
Minshuku Sato,501-5126　,Gifu Prefecture,"772-1 Mukaikodara, Shirotoricho Gujo",,$,http://www.tripadvisor.com/Hotel_Review-g1019682-d1134008-Reviews-Minshuku_Sato-Gujo_Gifu_Prefecture_Chubu.html
Pension St. Moritz,501-5303,Gifu Prefecture,"1461-1 Owashi, Takasucho Gujo",,,http://www.tripadvisor.com/Hotel_Review-g1019682-d1134012-Reviews-Pension_St_Moritz-Gujo_Gifu_Prefecture_Chubu.html
Ryokan Nakashimaya,501-4226　,Gifu Prefecture,"940 Shinmachi, Hachimancho Gujo",,,http://www.tripadvisor.com/Hotel_Review-g1019682-d1134029-Reviews-Ryokan_Nakashimaya-Gujo_Gifu_Prefecture_Chubu.html
Ryokan Surusumi,501-4213 ,Gifu Prefecture,"1 Tonomachi, Hachimancho Gujo",,$$,http://www.tripadvisor.com/Hotel_Review-g1019682-d1134032-Reviews-Ryokan_Surusumi-Gujo_Gifu_Prefecture_Chubu.html
Airi,501-4306,Gifu Prefecture,1008 Meihohatasa Gujo,,,http://www.tripadvisor.com/Hotel_Review-g1019682-d1134036-Reviews-Airi-Gujo_Gifu_Prefecture_Chubu.html
Hotel Rainbow,501-5303,Gifu Prefecture,"3262-1 Owashi, Takasucho Gujo",,,http://www.tripadvisor.com/Hotel_Review-g1019682-d1134041-Reviews-Hotel_Rainbow-Gujo_Gifu_Prefecture_Chubu.html
Yoshidaya,501-4213　,Gifu Prefecture,"160 Tonomachi, Hachimancho Gujo",,$,http://www.tripadvisor.com/Hotel_Review-g1019682-d1134332-Reviews-Yoshidaya-Gujo_Gifu_Prefecture_Chubu.html
Minshuku Shimoda,501-4303　,Gifu Prefecture,1794 Meihokera Gujo,,,http://www.tripadvisor.com/Hotel_Review-g1019682-d1134333-Reviews-Minshuku_Shimoda-Gujo_Gifu_Prefecture_Chubu.html
Manshuya Ryokan,501-4213,Gifu Prefecture,1-8 Hachimancho Tonomachi Gujo,,,http://www.tripadvisor.com/Hotel_Review-g1019682-d1141040-Reviews-Manshuya_Ryokan-Gujo_Gifu_Prefecture_Chubu.html
Ryokan Jinemon,501-5301,Gifu Prefecture,4671-295 Takasucho Hirugano Gujo,,,http://www.tripadvisor.com/Hotel_Review-g1019682-d1520495-Reviews-Ryokan_Jinemon-Gujo_Gifu_Prefecture_Chubu.html
Pension Venus,501-5301,Gifu Prefecture,4670-2080 Takasucho Hirugano Gujo,,,http://www.tripadvisor.com/Hotel_Review-g1019682-d1520497-Reviews-Pension_Venus-Gujo_Gifu_Prefecture_Chubu.html
Yunosato Seseragi,501-4304,Gifu Prefecture,3447-80 Meiho Okuzumi Gujo,,$$,http://www.tripadvisor.com/Hotel_Review-g1019682-d1520498-Reviews-Yunosato_Seseragi-Gujo_Gifu_Prefecture_Chubu.html
Holiday House GREEN GARDEN,501-5301,Gifu Prefecture,4670-427 Takasucho Hirugano Gujo,14,$$,http://www.tripadvisor.com/Hotel_Review-g1019682-d1520500-Reviews-Holiday_House_GREEN_GARDEN-Gujo_Gifu_Prefecture_Chubu.html
Azumaya Ryokan,501-5121,Gifu Prefecture,859-1 Shirotoricho Shirotori Gujo,,,http://www.tripadvisor.com/Hotel_Review-g1019682-d1520501-Reviews-Azumaya_Ryokan-Gujo_Gifu_Prefecture_Chubu.html
Hatago Azumaya,501-4224,Gifu Prefecture,293-1 Hachimancho Jonancho Gujo,,,http://www.tripadvisor.com/Hotel_Review-g1019682-d1876989-Reviews-Hatago_Azumaya-Gujo_Gifu_Prefecture_Chubu.html
Bizenya,501-4214,Gifu Prefecture,264 Hachimancho Yanagimachi Gujo,,$,http://www.tripadvisor.com/Hotel_Review-g1019682-d1876991-Reviews-Bizenya-Gujo_Gifu_Prefecture_Chubu.html
Nature Allied Oasis,501-5304,Gifu Prefecture,5434 Takasucho Ayutate Gujo,,$$$$,http://www.tripadvisor.com/Hotel_Review-g1019682-d1876997-Reviews-Nature_Allied_Oasis-Gujo_Gifu_Prefecture_Chubu.html
Minshuku Knabe,501-5126,Gifu Prefecture,753-4 Shirotoricho Mukaikodara Gujo,,$,http://www.tripadvisor.com/Hotel_Review-g1019682-d1877001-Reviews-Minshuku_Knabe-Gujo_Gifu_Prefecture_Chubu.html
Karamatsuso,501-5301,Gifu Prefecture,4670-318 Takasucho Hirugano Gujo,,,http://www.tripadvisor.com/Hotel_Review-g1019682-d1877015-Reviews-Karamatsuso-Gujo_Gifu_Prefecture_Chubu.html
La Foret Marutaka,501-5303,Gifu Prefecture,56-1 Takasucho Owashi Gujo,,,http://www.tripadvisor.com/Hotel_Review-g1019682-d1877018-Reviews-La_Foret_Marutaka-Gujo_Gifu_Prefecture_Chubu.html
Dainichiso,501-5305,Gifu Prefecture,3171 Takasucho Nishibora Gujo,,,http://www.tripadvisor.com/Hotel_Review-g1019682-d1877023-Reviews-Dainichiso-Gujo_Gifu_Prefecture_Chubu.html
Hirashita,501-5301,Gifu Prefecture,4670-240 Takasucho Hirugano Gujo,,,http://www.tripadvisor.com/Hotel_Review-g1019682-d1877030-Reviews-Hirashita-Gujo_Gifu_Prefecture_Chubu.html
Nishiborakan,501-5305,Gifu Prefecture,3109 Takasucho_Nishiborakan Gujo,,,http://www.tripadvisor.com/Hotel_Review-g1019682-d1877034-Reviews-Nishiborakan-Gujo_Gifu_Prefecture_Chubu.html
Ponta House,501-5303,Gifu Prefecture,3262-47 Takasucho Owashi Hirasawa Gujo,,,http://www.tripadvisor.com/Hotel_Review-g1019682-d1877041-Reviews-Ponta_House-Gujo_Gifu_Prefecture_Chubu.html
Hirugano Kogen,501-5301,Gifu Prefecture,4673-158 Takasucho Hirugano Gujo,,$$,http://www.tripadvisor.com/Hotel_Review-g1019682-d1913498-Reviews-Hirugano_Kogen-Gujo_Gifu_Prefecture_Chubu.html
Morisora no Ie,501-5304,Gifu Prefecture,6010-3 Takasucho Ayutate Gujo,,$$,http://www.tripadvisor.com/Hotel_Review-g1019682-d1913501-Reviews-Morisora_no_Ie-Gujo_Gifu_Prefecture_Chubu.html
Pension Watasuge,501-5301,Gifu Prefecture,"4671-373, Hirugano, Takasucho Gujo",,,http://www.tripadvisor.com/Hotel_Review-g1019682-d2025063-Reviews-Pension_Watasuge-Gujo_Gifu_Prefecture_Chubu.html
Minshuku Morohashi,501-4304 ,Gifu Prefecture,2442 Meiho Okuzumi Gujo,,$,http://www.tripadvisor.com/Hotel_Review-g1019682-d2035939-Reviews-Minshuku_Morohashi-Gujo_Gifu_Prefecture_Chubu.html
Sun Members Hirigano,501-5301,Gifu Prefecture,4670-362 Takasucho Hirugano Gujo,,$$$,http://www.tripadvisor.com/Hotel_Review-g1019682-d2227542-Reviews-Sun_Members_Hirigano-Gujo_Gifu_Prefecture_Chubu.html
Petit Pension Toreno,501－5303,Gifu Prefecture,"2051-10 Owashi, Takasucho Gujo",,,http://www.tripadvisor.com/Hotel_Review-g1019682-d3202359-Reviews-Petit_Pension_Toreno-Gujo_Gifu_Prefecture_Chubu.html
Furusato,501-4236,Gifu Prefecture,2313 Hachimancho Aioi Gujo,,,http://www.tripadvisor.com/Hotel_Review-g1019682-d3366750-Reviews-Furusato-Gujo_Gifu_Prefecture_Chubu.html
Minshuku Onoso,501-4221,Gifu Prefecture,574 Hachiman-cho Ono Gujo,,$$,http://www.tripadvisor.com/Hotel_Review-g1019682-d3479413-Reviews-Minshuku_Onoso-Gujo_Gifu_Prefecture_Chubu.html
Hotel Villa Wing,501-5231,Gifu Prefecture,1-1 Shiratoricho Ishitoro Gujo,,,http://www.tripadvisor.com/Hotel_Review-g1019682-d4886804-Reviews-Hotel_Villa_Wing-Gujo_Gifu_Prefecture_Chubu.html
Coju Takawashi,501-5302,Gifu Prefecture,48-1 Washimi Takasucho Gujo,,,http://www.tripadvisor.com/Hotel_Review-g1019682-d4945325-Reviews-Coju_Takawashi-Gujo_Gifu_Prefecture_Chubu.html
Youth Hostel Gujo Tosenji,501-4217 ,Gifu Prefecture,417 Hachimancho Osakicho Gujo,,,http://www.tripadvisor.com/Hotel_Review-g1019682-d6022447-Reviews-Youth_Hostel_Gujo_Tosenji-Gujo_Gifu_Prefecture_Chubu.html
White Station,501-5302,Gifu Prefecture,"512 Washimi, Takasu-cho Gujo",,,http://www.tripadvisor.com/Hotel_Review-g1019682-d6456388-Reviews-White_Station-Gujo_Gifu_Prefecture_Chubu.html
Ogawa Kinosato,501-4305,Gifu Prefecture,346 Meiho Ogawa Gujo,,,http://www.tripadvisor.com/Hotel_Review-g1019682-d6467752-Reviews-Ogawa_Kinosato-Gujo_Gifu_Prefecture_Chubu.html
Yamazakiya Ryokan,501-4517,Gifu Prefecture,745-3 Waracho Sawa Gujo,,,http://www.tripadvisor.com/Hotel_Review-g1019682-d6725984-Reviews-Yamazakiya_Ryokan-Gujo_Gifu_Prefecture_Chubu.html
Machiyado,501-4222,Gifu Prefecture,674 Shimadani Hachimancho Gujo,3,,http://www.tripadvisor.com/Hotel_Review-g1019682-d6726176-Reviews-Machiyado-Gujo_Gifu_Prefecture_Chubu.html
NEO Camping Park,501-1512,Gifu Prefecture,"1428-1 Shimoosu, Neo Motosu",,,http://www.tripadvisor.com/Hotel_Review-g1019692-d1111409-Reviews-NEO_Camping_Park-Motosu_Gifu_Prefecture_Chubu.html
Neo Sumiyoshiya,501-1521,Gifu Prefecture,"127 Ichiba, Neo Motosu",,$,http://www.tripadvisor.com/Hotel_Review-g1019692-d1111411-Reviews-Neo_Sumiyoshiya-Motosu_Gifu_Prefecture_Chubu.html
Hotel Shikisaikan,501-1531,Gifu Prefecture,422 Neokadowaki Motosu,,$$,http://www.tripadvisor.com/Hotel_Review-g1019692-d1140204-Reviews-Hotel_Shikisaikan-Motosu_Gifu_Prefecture_Chubu.html
Hanaya Ryokan,501-0431,Gifu Prefecture,101-1 Kitagata Kitagata-cho,,,http://www.tripadvisor.com/Hotel_Review-g1121196-d1877856-Reviews-Hanaya_Ryokan-Kitagata_cho_Motosu_gun_Gifu_Prefecture_Chubu.html
Weekly-Sho Gifu Hashima Hostel,501-6302,Gifu Prefecture,8-17 Funabashi-cho Hashima,,$,http://www.tripadvisor.com/Hotel_Review-g1019683-d623920-Reviews-Weekly_Sho_Gifu_Hashima_Hostel-Hashima_Gifu_Prefecture_Chubu.html
San Hotel Gifu Hashima,501-6255,Gifu Prefecture,1-72 Asahira Fukujucho Hashima,144,$,http://www.tripadvisor.com/Hotel_Review-g1019683-d1075242-Reviews-San_Hotel_Gifu_Hashima-Hashima_Gifu_Prefecture_Chubu.html
Weekly Sho Hashima,501-6257,Gifu Prefecture,4-10-1 Fukujuchohirakata Hashima,,$,http://www.tripadvisor.com/Hotel_Review-g1019683-d1093952-Reviews-Weekly_Sho_Hashima-Hashima_Gifu_Prefecture_Chubu.html
Kanponoyado Gifu Hashima,501-6323,Gifu Prefecture,"1041 Umaminami, Kuwabara-cho Hashima",,$,http://www.tripadvisor.com/Hotel_Review-g1019683-d1096768-Reviews-Kanponoyado_Gifu_Hashima-Hashima_Gifu_Prefecture_Chubu.html
Andiamo Partenza Hotel,501-6255,Gifu Prefecture,1-44 Fukujuchoasahira Hashima,69,$,http://www.tripadvisor.com/Hotel_Review-g1019683-d1096776-Reviews-Andiamo_Partenza_Hotel-Hashima_Gifu_Prefecture_Chubu.html
Hotel Route Inn Gifuhasima Ekimae,501-6255,Gifu Prefecture,"71-1 Asahira, Fukujyucho Hashima",184,$,http://www.tripadvisor.com/Hotel_Review-g1019683-d1368401-Reviews-Hotel_Route_Inn_Gifuhasima_Ekimae-Hashima_Gifu_Prefecture_Chubu.html
Toyoko Inn Gifu Hashimaeki shingansen minamiguchi,501-6302,Gifu Prefecture,2-27 Funabashicho Hashima,,$,http://www.tripadvisor.com/Hotel_Review-g1019683-d1497119-Reviews-Toyoko_Inn_Gifu_Hashimaeki_shingansen_minamiguchi-Hashima_Gifu_Prefecture_Chubu.html
Asuka,501-6244,Gifu Prefecture,10-73 Takehanacho Marunochi Hashima,,,http://www.tripadvisor.com/Hotel_Review-g1019683-d1877048-Reviews-Asuka-Hashima_Gifu_Prefecture_Chubu.html
Sugishima,501-2905,Gifu Prefecture,4838 Itadori Seki,,$$$$,http://www.tripadvisor.com/Hotel_Review-g1019693-d1096958-Reviews-Sugishima-Seki_Gifu_Prefecture_Chubu.html
Seki Kanko Hotel,501-3264　,Gifu Prefecture,91-2 Ikejiri Seki,,$,http://www.tripadvisor.com/Hotel_Review-g1019693-d1096959-Reviews-Seki_Kanko_Hotel-Seki_Gifu_Prefecture_Chubu.html
City Hotel Seki,501-3217,Gifu Prefecture,124-12 Shimouchi Seki,,,http://www.tripadvisor.com/Hotel_Review-g1019693-d1111416-Reviews-City_Hotel_Seki-Seki_Gifu_Prefecture_Chubu.html
Yasudaya Ryokan Gifu,501-3845,Gifu Prefecture,1 Azumacho Seki,,,http://www.tripadvisor.com/Hotel_Review-g1019693-d1111420-Reviews-Yasudaya_Ryokan_Gifu-Seki_Gifu_Prefecture_Chubu.html
Hotel Route Inn Seki,501-3803,Gifu Prefecture,4-3-30 Nishihongo-dori Seki,134,$,http://www.tripadvisor.com/Hotel_Review-g1019693-d1758678-Reviews-Hotel_Route_Inn_Seki-Seki_Gifu_Prefecture_Chubu.html
Yamamoyado Hiokio,501-2901,Gifu Prefecture,"3752-1, Itadori Seki",5,$,http://www.tripadvisor.com/Hotel_Review-g1019693-d2037631-Reviews-Yamamoyado_Hiokio-Seki_Gifu_Prefecture_Chubu.html
Itadori River Mitsuishi Auto-camping,501-2901,Gifu Prefecture,Itadori Iwamoto Seki,,$,http://www.tripadvisor.com/Hotel_Review-g1019693-d6706021-Reviews-Itadori_River_Mitsuishi_Auto_camping-Seki_Gifu_Prefecture_Chubu.html
Katsuya,509-0304,Gifu Prefecture,63 Nakakawabe Kawabe-cho,,,http://www.tripadvisor.com/Hotel_Review-g1121199-d1522793-Reviews-Katsuya-Kawabe_cho_Kamo_gun_Gifu_Prefecture_Chubu.html
Shirakawa Grand Hotel,509-1112,Gifu Prefecture,531 Ako Shirakawa-cho,,$$,http://www.tripadvisor.com/Hotel_Review-g1121202-d1140527-Reviews-Shirakawa_Grand_Hotel-Shirakawa_cho_Kamo_gun_Gifu_Prefecture_Chubu.html
Hisuikan,509-1105,Gifu Prefecture,492-4 Kawamata Shirakawa-cho,,$$,http://www.tripadvisor.com/Hotel_Review-g1121202-d1140533-Reviews-Hisuikan-Shirakawa_cho_Kamo_gun_Gifu_Prefecture_Chubu.html
Tanakaya Ryokan,509-1111,Gifu Prefecture,1209-2 Kirii Shirakawa-cho,,$$$,http://www.tripadvisor.com/Hotel_Review-g1121202-d1877861-Reviews-Tanakaya_Ryokan-Shirakawa_cho_Kamo_gun_Gifu_Prefecture_Chubu.html
Coure Fureainosato,509-1104,Gifu Prefecture,181-1 Izumi Shirakawa-cho,,,http://www.tripadvisor.com/Hotel_Review-g1121202-d1877865-Reviews-Coure_Fureainosato-Shirakawa_cho_Kamo_gun_Gifu_Prefecture_Chubu.html
Ryori Ryokan Yoshimuraya,509-1302,Gifu Prefecture,570 Kando Higashishirakawa-mura,,$$,http://www.tripadvisor.com/Hotel_Review-g1121203-d1124803-Reviews-Ryori_Ryokan_Yoshimuraya-Higashishirakawa_mura_Kamo_gun_Gifu_Prefecture_Chubu.html
Nakanoya,509-1302　,Gifu Prefecture,581-4 Kando Higashishirakawa-mura,,$,http://www.tripadvisor.com/Hotel_Review-g1121203-d1140534-Reviews-Nakanoya-Higashishirakawa_mura_Kamo_gun_Gifu_Prefecture_Chubu.html
Komorebino Yakata,509-1302,Gifu Prefecture,"606, Kando Higashishirakawa-mura",,,http://www.tripadvisor.com/Hotel_Review-g1121203-d2024025-Reviews-Komorebino_Yakata-Higashishirakawa_mura_Kamo_gun_Gifu_Prefecture_Chubu.html
Yugafu Akane,505-0422,Gifu Prefecture,1223 Kutami Yaotsu-cho,,,http://www.tripadvisor.com/Hotel_Review-g1121201-d1877858-Reviews-Yugafu_Akane-Yaotsu_cho_Kamo_gun_Gifu_Prefecture_Chubu.html
Hida Tomoe Hotel,509-4225,Gifu Prefecture,"10-27 Kanamori-cho, Furukawacho Hida",,$$,http://www.tripadvisor.com/Hotel_Review-g1019684-d1075243-Reviews-Hida_Tomoe_Hotel-Hida_Gifu_Prefecture_Chubu.html
Yatsusankan,509-4241,Gifu Prefecture,1-8-27 Furukawachomukaimachi Hida,21,$$$$,http://www.tripadvisor.com/Hotel_Review-g1019684-d1075244-Reviews-Yatsusankan-Hida_Gifu_Prefecture_Chubu.html
Hida Highland Hotel,509-4201,Gifu Prefecture,"80-1 Sugo, Furukawacho Hida",,,http://www.tripadvisor.com/Hotel_Review-g1019684-d1093957-Reviews-Hida_Highland_Hotel-Hida_Gifu_Prefecture_Chubu.html
Hotel Kikori,509-4275 ,Gifu Prefecture,"1400-1 Kurouchi, Furukawacho Hida",27,$$,http://www.tripadvisor.com/Hotel_Review-g1019684-d1096945-Reviews-Hotel_Kikori-Hida_Gifu_Prefecture_Chubu.html
Hida Furukawa Speranza Hotel,509-4225,Gifu Prefecture,"10-33 Kanamori-cho, Furukawacho Hida",,$,http://www.tripadvisor.com/Hotel_Review-g1019684-d1096946-Reviews-Hida_Furukawa_Speranza_Hotel-Hida_Gifu_Prefecture_Chubu.html
Lodge Kobayashiso,506-1155,Gifu Prefecture,"1893 Nishi, Kamiokacho Hida",,,http://www.tripadvisor.com/Hotel_Review-g1019684-d1111064-Reviews-Lodge_Kobayashiso-Hida_Gifu_Prefecture_Chubu.html
Kokumin Shukusha Shimodeso,506-1154,Gifu Prefecture,"281 Fusegata, Kamiokacho Hida",,$,http://www.tripadvisor.com/Hotel_Review-g1019684-d1111068-Reviews-Kokumin_Shukusha_Shimodeso-Hida_Gifu_Prefecture_Chubu.html
Renge Sanso,509-4201,Gifu Prefecture,"62 Sugo, Furukawacho Hida",,,http://www.tripadvisor.com/Hotel_Review-g1019684-d1111091-Reviews-Renge_Sanso-Hida_Gifu_Prefecture_Chubu.html
Hida Mangaokoku,509-4542　,Gifu Prefecture,"116 Sugihara, Miyagawacho Hida",,$$,http://www.tripadvisor.com/Hotel_Review-g1019684-d1134337-Reviews-Hida_Mangaokoku-Hida_Gifu_Prefecture_Chubu.html
Nagareha Sanso,506-1155 ,Gifu Prefecture,1209-2 Kamiokachonishi Hida,,,http://www.tripadvisor.com/Hotel_Review-g1019684-d1134341-Reviews-Nagareha_Sanso-Hida_Gifu_Prefecture_Chubu.html
Lodge Shigeri,506-1155,Gifu Prefecture,973 Kamiokachonishi Hida,,$,http://www.tripadvisor.com/Hotel_Review-g1019684-d1134343-Reviews-Lodge_Shigeri-Hida_Gifu_Prefecture_Chubu.html
Lodge Seizanso,506-1155,Gifu Prefecture,850 Kamiokacho Nishi Hida,,,http://www.tripadvisor.com/Hotel_Review-g1019684-d1438917-Reviews-Lodge_Seizanso-Hida_Gifu_Prefecture_Chubu.html
Tamahime Kogen Lodge,506-1155,Gifu Prefecture,858 Kamiokacho Nishi Hida,,,http://www.tripadvisor.com/Hotel_Review-g1019684-d1438919-Reviews-Tamahime_Kogen_Lodge-Hida_Gifu_Prefecture_Chubu.html
Lodge Tonny Max,506-1155,Gifu Prefecture,757 Kamiokacho Nishi Hida,,,http://www.tripadvisor.com/Hotel_Review-g1019684-d1438921-Reviews-Lodge_Tonny_Max-Hida_Gifu_Prefecture_Chubu.html
Lodge Sendaiya,506-1155,Gifu Prefecture,1765 Kamiokacho Nishi Hida,,$$,http://www.tripadvisor.com/Hotel_Review-g1019684-d1522760-Reviews-Lodge_Sendaiya-Hida_Gifu_Prefecture_Chubu.html
Minshuku Hora,509-4542,Gifu Prefecture,388 Miyagawacho Sugihara Hida,,$$,http://www.tripadvisor.com/Hotel_Review-g1019684-d1522763-Reviews-Minshuku_Hora-Hida_Gifu_Prefecture_Chubu.html
Kogen Lodge Oiwaso,506-1154,Gifu Prefecture,"487 Fusegata, Kamioka-cho Hida",,$,http://www.tripadvisor.com/Hotel_Review-g1019684-d1863048-Reviews-Kogen_Lodge_Oiwaso-Hida_Gifu_Prefecture_Chubu.html
Ikedaso,509-4201,Gifu Prefecture,836 Furukawachosugo Hida,,,http://www.tripadvisor.com/Hotel_Review-g1019684-d1877052-Reviews-Ikedaso-Hida_Gifu_Prefecture_Chubu.html
Natur Miyagawa,509-4422,Gifu Prefecture,135 Miyagawacho Nishishinobi Hida,,,http://www.tripadvisor.com/Hotel_Review-g1019684-d1877054-Reviews-Natur_Miyagawa-Hida_Gifu_Prefecture_Chubu.html
Lodge White,506-1154,Gifu Prefecture,759-1 Kamiokachonishi Hida,,,http://www.tripadvisor.com/Hotel_Review-g1019684-d1877057-Reviews-Lodge_White-Hida_Gifu_Prefecture_Chubu.html
Pension Yamadori,509-4201,Gifu Prefecture,3982-339 Furukawacho Sugo Hida,,$,http://www.tripadvisor.com/Hotel_Review-g1019684-d1877060-Reviews-Pension_Yamadori-Hida_Gifu_Prefecture_Chubu.html
Shintaniso,506-1154,Gifu Prefecture,239 Kamiokacho Fusegata Hida,,$$,http://www.tripadvisor.com/Hotel_Review-g1019684-d1877061-Reviews-Shintaniso-Hida_Gifu_Prefecture_Chubu.html
Busuitei,509-4241,Gifu Prefecture,3-8-1 Furukawacho Mukaimachi Hida,,$$$,http://www.tripadvisor.com/Hotel_Review-g1019684-d1877063-Reviews-Busuitei-Hida_Gifu_Prefecture_Chubu.html
Tanekura,509-4402,Gifu Prefecture,37-2 Miyagawacho Tanekura Hida,,$$,http://www.tripadvisor.com/Hotel_Review-g1019684-d1913507-Reviews-Tanekura-Hida_Gifu_Prefecture_Chubu.html
Stella Fellice,506-1154,Gifu Prefecture,160-1 Kamiokacho Fusegata Hida,,,http://www.tripadvisor.com/Hotel_Review-g1019684-d1913509-Reviews-Stella_Fellice-Hida_Gifu_Prefecture_Chubu.html
Pension Yuki,509-4201 ,Gifu Prefecture,8-17 Furukawacho Sugo Hida,,$,http://www.tripadvisor.com/Hotel_Review-g1019684-d2035942-Reviews-Pension_Yuki-Hida_Gifu_Prefecture_Chubu.html
Shutokan,509-4201,Gifu Prefecture,863 Furukawachosugo Hida,,,http://www.tripadvisor.com/Hotel_Review-g1019684-d2351548-Reviews-Shutokan-Hida_Gifu_Prefecture_Chubu.html
Yamanomura Camp Site,506-1104,Gifu Prefecture,194 Kamiokacho Morishige Hida,,,http://www.tripadvisor.com/Hotel_Review-g1019684-d4028678-Reviews-Yamanomura_Camp_Site-Hida_Gifu_Prefecture_Chubu.html
Hida Furukawa Youth Hostel,509-4272 ,Gifu Prefecture,180 Furukawacho Nobuka Hida,,,http://www.tripadvisor.com/Hotel_Review-g1019684-d6022612-Reviews-Hida_Furukawa_Youth_Hostel-Hida_Gifu_Prefecture_Chubu.html
Stella Fellice Sugo Honakan,509-4201,Gifu Prefecture,"3897-10, Sugo, Furukawacho Hida",,$$,http://www.tripadvisor.com/Hotel_Review-g1019684-d6434668-Reviews-Stella_Fellice_Sugo_Honakan-Hida_Gifu_Prefecture_Chubu.html
Hotel Route Inn Tajimi-inter,507-0053,Gifu Prefecture,4-1-30 Wakamatsu-cho Tajimi,126,$,http://www.tripadvisor.com/Hotel_Review-g1019694-d1076090-Reviews-Hotel_Route_Inn_Tajimi_inter-Tajimi_Gifu_Prefecture_Chubu.html
Hotel Tono,507-0033,Gifu Prefecture,1-46 Hon-machi Tajimi,,$,http://www.tripadvisor.com/Hotel_Review-g1019694-d1076092-Reviews-Hotel_Tono-Tajimi_Gifu_Prefecture_Chubu.html
Oustat Kokusai Hotel Tajimi,507-0038,Gifu Prefecture,4-14-1 Hakusan-cho Tajimi,,$,http://www.tripadvisor.com/Hotel_Review-g1019694-d1076095-Reviews-Oustat_Kokusai_Hotel_Tajimi-Tajimi_Gifu_Prefecture_Chubu.html
Business Hotel Riverside Koyoh,507-0054 ,Gifu Prefecture,7-49 Takaramachi Tajimi,,$,http://www.tripadvisor.com/Hotel_Review-g1019694-d1087869-Reviews-Business_Hotel_Riverside_Koyoh-Tajimi_Gifu_Prefecture_Chubu.html
Business Hotel My Room Koyoh,507-0039 ,Gifu Prefecture,1-54 Jukutacho Tajimi,,$,http://www.tripadvisor.com/Hotel_Review-g1019694-d1087872-Reviews-Business_Hotel_My_Room_Koyoh-Tajimi_Gifu_Prefecture_Chubu.html
Tajimi Sun Hotel,507-0033 ,Gifu Prefecture,1-67 Honmachi Tajimi,,$,http://www.tripadvisor.com/Hotel_Review-g1019694-d1087947-Reviews-Tajimi_Sun_Hotel-Tajimi_Gifu_Prefecture_Chubu.html
Northern Valley Tajimi,507-0016,Gifu Prefecture,4-53-1 Kanaokacho Tajimi,,$,http://www.tripadvisor.com/Hotel_Review-g1019694-d1093968-Reviews-Northern_Valley_Tajimi-Tajimi_Gifu_Prefecture_Chubu.html
Business Ryokan Seiraku,507-0834,Gifu Prefecture,2-26 Miyukimachi Tajimi,,$,http://www.tripadvisor.com/Hotel_Review-g1019694-d1111422-Reviews-Business_Ryokan_Seiraku-Tajimi_Gifu_Prefecture_Chubu.html
Ryozan,505-0111 ,Gifu Prefecture,3420-7 Shizuki Mitake-cho,,$$$$,http://www.tripadvisor.com/Hotel_Review-g1121204-d1140536-Reviews-Ryozan-Mitake_cho_Kani_gun_Gifu_Prefecture_Chubu.html
