President Hotel Mito,310-0803,Ibaraki Prefecture,2-2-2 Jonan Mito,133,$,http://www.tripadvisor.com/Hotel_Review-g298166-d299140-Reviews-President_Hotel_Mito-Mito_Ibaraki_Prefecture_Kanto.html
Mito Plaza Hotel,310-0851,Ibaraki Prefecture,2078-1 Senbacho Mito,85,$$,http://www.tripadvisor.com/Hotel_Review-g298166-d506010-Reviews-Mito_Plaza_Hotel-Mito_Ibaraki_Prefecture_Kanto.html
Hotel Mets Mito,310-0015,Ibaraki Prefecture,1-1-1 Miyamachi Mito,,$,http://www.tripadvisor.com/Hotel_Review-g298166-d603343-Reviews-Hotel_Mets_Mito-Mito_Ibaraki_Prefecture_Kanto.html
Mito Grand Hotel,310-0024 ,Ibaraki Prefecture,7-31 Bizenmachi Mito,,,http://www.tripadvisor.com/Hotel_Review-g298166-d628458-Reviews-Mito_Grand_Hotel-Mito_Ibaraki_Prefecture_Kanto.html
Mito Daiichi Hotel Shinkan,310-0805,Ibaraki Prefecture,2-3-19 Chuo Mito,,$,http://www.tripadvisor.com/Hotel_Review-g298166-d1057415-Reviews-Mito_Daiichi_Hotel_Shinkan-Mito_Ibaraki_Prefecture_Kanto.html
Hotel Sealuck Pal Mito,310-0852,Ibaraki Prefecture,600-60 Kasaharacho Mito,161,$,http://www.tripadvisor.com/Hotel_Review-g298166-d1057418-Reviews-Hotel_Sealuck_Pal_Mito-Mito_Ibaraki_Prefecture_Kanto.html
Hotel Primo,310-0803,Ibaraki Prefecture,2-6-1 Jonan Mito,60,$,http://www.tripadvisor.com/Hotel_Review-g298166-d1057429-Reviews-Hotel_Primo-Mito_Ibaraki_Prefecture_Kanto.html
Izumiso,310-0022,Ibaraki Prefecture,1-3-30 Baiko Mito,,,http://www.tripadvisor.com/Hotel_Review-g298166-d1057439-Reviews-Izumiso-Mito_Ibaraki_Prefecture_Kanto.html
Mito Silver Inn,310-0015,Ibaraki Prefecture,2-3-38 Miyamachi Mito,,$,http://www.tripadvisor.com/Hotel_Review-g298166-d1057443-Reviews-Mito_Silver_Inn-Mito_Ibaraki_Prefecture_Kanto.html
Urban Business Hotel,310-0022,Ibaraki Prefecture,1-2-5 Baiko Mito,,$,http://www.tripadvisor.com/Hotel_Review-g298166-d1057449-Reviews-Urban_Business_Hotel-Mito_Ibaraki_Prefecture_Kanto.html
Hotel Season,310-0801,Ibaraki Prefecture,1-9-6 Sakuragawa Mito,96,$,http://www.tripadvisor.com/Hotel_Review-g298166-d1057458-Reviews-Hotel_Season-Mito_Ibaraki_Prefecture_Kanto.html
Izumiya,310-0033,Ibaraki Prefecture,2-4-26 Tokiwacho Mito,,,http://www.tripadvisor.com/Hotel_Review-g298166-d1057468-Reviews-Izumiya-Mito_Ibaraki_Prefecture_Kanto.html
Mimatsu Annex,310-0015,Ibaraki Prefecture,3-2-14 Miyamachi Mito,56,$,http://www.tripadvisor.com/Hotel_Review-g298166-d1057472-Reviews-Mimatsu_Annex-Mito_Ibaraki_Prefecture_Kanto.html
Nishikiya,310-0851,Ibaraki Prefecture,780-1 Senbacho Mito,,,http://www.tripadvisor.com/Hotel_Review-g298166-d1057484-Reviews-Nishikiya-Mito_Ibaraki_Prefecture_Kanto.html
Daiwa Roynet Hotel Mito,310-0015,Ibaraki Prefecture,1-7-44 Miyamachi Mito,215,$,http://www.tripadvisor.com/Hotel_Review-g298166-d1057492-Reviews-Daiwa_Roynet_Hotel_Mito-Mito_Ibaraki_Prefecture_Kanto.html
Mito Daiichi Hotel Annex,310-0805,Ibaraki Prefecture,2-3-23 Chuo Mito,,$,http://www.tripadvisor.com/Hotel_Review-g298166-d1057494-Reviews-Mito_Daiichi_Hotel_Annex-Mito_Ibaraki_Prefecture_Kanto.html
Hotel Arc Business,310-0803,Ibaraki Prefecture,2-5-28 Jonan Mito,,$,http://www.tripadvisor.com/Hotel_Review-g298166-d1057496-Reviews-Hotel_Arc_Business-Mito_Ibaraki_Prefecture_Kanto.html
APA Hotel Mito Eki Kita,310-0021,Ibaraki Prefecture,1-3-18 Minamimachi Mito,,$,http://www.tripadvisor.com/Hotel_Review-g298166-d1057502-Reviews-APA_Hotel_Mito_Eki_Kita-Mito_Ibaraki_Prefecture_Kanto.html
Mito Prince Hotel,310-0801,Ibaraki Prefecture,2-2-11 Sakuragawa Mito,159,$,http://www.tripadvisor.com/Hotel_Review-g298166-d1057503-Reviews-Mito_Prince_Hotel-Mito_Ibaraki_Prefecture_Kanto.html
Sannomaru Hotel,310-0011,Ibaraki Prefecture,2-1-1 Sannomaru Mito,,$,http://www.tripadvisor.com/Hotel_Review-g298166-d1057505-Reviews-Sannomaru_Hotel-Mito_Ibaraki_Prefecture_Kanto.html
Smile Hotel Mito,310-0801,Ibaraki Prefecture,1-5-6 Sakuragawa Mito,96,$,http://www.tripadvisor.com/Hotel_Review-g298166-d1057509-Reviews-Smile_Hotel_Mito-Mito_Ibaraki_Prefecture_Kanto.html
Michi no Yado,311-1133,Ibaraki Prefecture,1416 Kurisakicho Mito,,,http://www.tripadvisor.com/Hotel_Review-g298166-d1057521-Reviews-Michi_no_Yado-Mito_Ibaraki_Prefecture_Kanto.html
Mito River Side Hotel,310-0805,Ibaraki Prefecture,2-3-4 Chuo Mito,70,$,http://www.tripadvisor.com/Hotel_Review-g298166-d1057524-Reviews-Mito_River_Side_Hotel-Mito_Ibaraki_Prefecture_Kanto.html
Kairakuen Youth Hostel,310-0034,Ibaraki Prefecture,1-1-18 Midoricho Mito,,,http://www.tripadvisor.com/Hotel_Review-g298166-d1057529-Reviews-Kairakuen_Youth_Hostel-Mito_Ibaraki_Prefecture_Kanto.html
Family Lodge Hatagoya MIto Oaraiten,311-1121,Ibaraki Prefecture,3404 Shimadacho Mito,,$,http://www.tripadvisor.com/Hotel_Review-g298166-d1057532-Reviews-Family_Lodge_Hatagoya_MIto_Oaraiten-Mito_Ibaraki_Prefecture_Kanto.html
Mito Keisei Hotel,310-0011,Ibaraki Prefecture,1-4-73 Sannomaru Mito,52,$,http://www.tripadvisor.com/Hotel_Review-g298166-d1057537-Reviews-Mito_Keisei_Hotel-Mito_Ibaraki_Prefecture_Kanto.html
Hotel Lake View Mito,310-0015,Ibaraki Prefecture,1-6-1 Miyamachi Mito,43,,http://www.tripadvisor.com/Hotel_Review-g298166-d1057540-Reviews-Hotel_Lake_View_Mito-Mito_Ibaraki_Prefecture_Kanto.html
Hotel Terrace The Garden Mito,310-0015,Ibaraki Prefecture,1-7 Miyamachi Mito,120,$,http://www.tripadvisor.com/Hotel_Review-g298166-d1057543-Reviews-Hotel_Terrace_The_Garden_Mito-Mito_Ibaraki_Prefecture_Kanto.html
Mito Station Hotel,310-0801,Ibaraki Prefecture,1-1-6 Sakuragawa Mito,,$,http://www.tripadvisor.com/Hotel_Review-g298166-d1057544-Reviews-Mito_Station_Hotel-Mito_Ibaraki_Prefecture_Kanto.html
Hotel Kameya,310-0021,Ibaraki Prefecture,1-3-19 Minamimachi Mito,,,http://www.tripadvisor.com/Hotel_Review-g298166-d1057547-Reviews-Hotel_Kameya-Mito_Ibaraki_Prefecture_Kanto.html
Mito Daiichi Hotel Honkan,310-0021,Ibaraki Prefecture,3-2-39 Minamimachi Mito,,$,http://www.tripadvisor.com/Hotel_Review-g298166-d1057551-Reviews-Mito_Daiichi_Hotel_Honkan-Mito_Ibaraki_Prefecture_Kanto.html
Toyoko Inn Mitoeki Minamiguchi,310-0801,Ibaraki Prefecture,2-3-40 Sakuragawa Mito,216,$,http://www.tripadvisor.com/Hotel_Review-g298166-d1057554-Reviews-Toyoko_Inn_Mitoeki_Minamiguchi-Mito_Ibaraki_Prefecture_Kanto.html
Mimatsu Hotel,310-0015,Ibaraki Prefecture,2-4-26 Miyamachi Mito,,$,http://www.tripadvisor.com/Hotel_Review-g298166-d1057557-Reviews-Mimatsu_Hotel-Mito_Ibaraki_Prefecture_Kanto.html
Hotel New Seiko,310-0036,Ibaraki Prefecture,2-6-48 Shinso Mito,,$,http://www.tripadvisor.com/Hotel_Review-g298166-d1057566-Reviews-Hotel_New_Seiko-Mito_Ibaraki_Prefecture_Kanto.html
Hotel Satoh Mito,310-0021,Ibaraki Prefecture,3-4-50 Minamimachi Mito,,$,http://www.tripadvisor.com/Hotel_Review-g298166-d1062804-Reviews-Hotel_Satoh_Mito-Mito_Ibaraki_Prefecture_Kanto.html
Court Hotel Mito,310-0803,Ibaraki Prefecture,2-8-22 Jonan Mito,236,$,http://www.tripadvisor.com/Hotel_Review-g298166-d1075232-Reviews-Court_Hotel_Mito-Mito_Ibaraki_Prefecture_Kanto.html
Business Hotel Kamoshita,310-0011,Ibaraki Prefecture,2-1-29 Sannomaru Mito,,$,http://www.tripadvisor.com/Hotel_Review-g298166-d1086601-Reviews-Business_Hotel_Kamoshita-Mito_Ibaraki_Prefecture_Kanto.html
Yamashiroya Ryokan,310-0815 ,Ibaraki Prefecture,2-13-45 Honmachi Mito,,,http://www.tripadvisor.com/Hotel_Review-g298166-d1086613-Reviews-Yamashiroya_Ryokan-Mito_Ibaraki_Prefecture_Kanto.html
Super Hotel Mito,310-0026 ,Ibaraki Prefecture,3-7-24 Izumicho Mito,,$,http://www.tripadvisor.com/Hotel_Review-g298166-d1086620-Reviews-Super_Hotel_Mito-Mito_Ibaraki_Prefecture_Kanto.html
Hotel Route Inn Mitokenchomae,310-0851,Ibaraki Prefecture,1953-1 Senbacho Mito,243,$,http://www.tripadvisor.com/Hotel_Review-g298166-d1114899-Reviews-Hotel_Route_Inn_Mitokenchomae-Mito_Ibaraki_Prefecture_Kanto.html
Ryokan Umemoto,310-0803,Ibaraki Prefecture,2-9-10 Jonan Mito,,$,http://www.tripadvisor.com/Hotel_Review-g298166-d1909183-Reviews-Ryokan_Umemoto-Mito_Ibaraki_Prefecture_Kanto.html
Yusenso,319-0316,Ibaraki Prefecture,1105 Miyucho Mito,,,http://www.tripadvisor.com/Hotel_Review-g298166-d1957623-Reviews-Yusenso-Mito_Ibaraki_Prefecture_Kanto.html
Hotel The Westhills Mito,310-0031,Ibaraki Prefecture,1-2-1 Daikumachi Mito,161,$,http://www.tripadvisor.com/Hotel_Review-g298166-d4261387-Reviews-Hotel_The_Westhills_Mito-Mito_Ibaraki_Prefecture_Kanto.html
Nakanoya Ryokan,311-0506,Ibaraki Prefecture,1404 Orihashicho Hitachiota,,$,http://www.tripadvisor.com/Hotel_Review-g1021212-d1058953-Reviews-Nakanoya_Ryokan-Hitachiota_Ibaraki_Prefecture_Kanto.html
Gokurakuso,313-0033,Ibaraki Prefecture,751 Omecho Hitachiota,,,http://www.tripadvisor.com/Hotel_Review-g1021212-d1058954-Reviews-Gokurakuso-Hitachiota_Ibaraki_Prefecture_Kanto.html
Choshiya Ryokan,313-0056,Ibaraki Prefecture,2339 Nishiichicho Hitachiota,,$,http://www.tripadvisor.com/Hotel_Review-g1021212-d1058957-Reviews-Choshiya_Ryokan-Hitachiota_Ibaraki_Prefecture_Kanto.html
Kuji,313-0112,Ibaraki Prefecture,1398 Iwatecho Hitachiota,,,http://www.tripadvisor.com/Hotel_Review-g1021212-d1058963-Reviews-Kuji-Hitachiota_Ibaraki_Prefecture_Kanto.html
Business Hotel Shiobara,313-0016,Ibaraki Prefecture,2923 Kanaicho Hitachiota,13,$,http://www.tripadvisor.com/Hotel_Review-g1021212-d1058968-Reviews-Business_Hotel_Shiobara-Hitachiota_Ibaraki_Prefecture_Kanto.html
Tokyoan,313-0005,Ibaraki Prefecture,2462 Sakaecho Hitachiota,,,http://www.tripadvisor.com/Hotel_Review-g1021212-d1058977-Reviews-Tokyoan-Hitachiota_Ibaraki_Prefecture_Kanto.html
Mandaraji Ryokan,313-0007,Ibaraki Prefecture,330 Arajukucho Hitachiota,,,http://www.tripadvisor.com/Hotel_Review-g1021212-d1075210-Reviews-Mandaraji_Ryokan-Hitachiota_Ibaraki_Prefecture_Kanto.html
Business Hotel Takakura,313-0013,Ibaraki Prefecture,856 Yamashitacho Hitachiota,,$,http://www.tripadvisor.com/Hotel_Review-g1021212-d1086532-Reviews-Business_Hotel_Takakura-Hitachiota_Ibaraki_Prefecture_Kanto.html
Tokiwaji,313-0008,Ibaraki Prefecture,1800 Mashiicho Hitachiota,,$$,http://www.tripadvisor.com/Hotel_Review-g1021212-d1114846-Reviews-Tokiwaji-Hitachiota_Ibaraki_Prefecture_Kanto.html
Yamadaya Ryokan,311-0506,Ibaraki Prefecture,1409 Orihashicho Hitachiota,,$$,http://www.tripadvisor.com/Hotel_Review-g1021212-d1506815-Reviews-Yamadaya_Ryokan-Hitachiota_Ibaraki_Prefecture_Kanto.html
Shin Seizansou Country Club,313-0002,Ibaraki Prefecture,1063 Shimookadocho _ Hitachiota,,,http://www.tripadvisor.com/Hotel_Review-g1021212-d2588871-Reviews-Shin_Seizansou_Country_Club-Hitachiota_Ibaraki_Prefecture_Kanto.html
St. Fields Golf Club,313-0104,Ibaraki Prefecture,2399 Kamitoshikazucho Hitachiota,,,http://www.tripadvisor.com/Hotel_Review-g1021212-d6496926-Reviews-St_Fields_Golf_Club-Hitachiota_Ibaraki_Prefecture_Kanto.html
Kasumigaura Garden Hotel,311-3505,Ibaraki Prefecture,1812 Hama Namegata,,$,http://www.tripadvisor.com/Hotel_Review-g1021229-d1057103-Reviews-Kasumigaura_Garden_Hotel-Namegata_Ibaraki_Prefecture_Kanto.html
Hanjo Bekkan,311-1712,Ibaraki Prefecture,1249-1 Hanjo Namegata,,,http://www.tripadvisor.com/Hotel_Review-g1021229-d1057107-Reviews-Hanjo_Bekkan-Namegata_Ibaraki_Prefecture_Kanto.html
Kitaurakohanso,311-1704,Ibaraki Prefecture,3969 Yamada Namegata,,,http://www.tripadvisor.com/Hotel_Review-g1021229-d1057113-Reviews-Kitaurakohanso-Namegata_Ibaraki_Prefecture_Kanto.html
Kitaura Park Hotel Uofuku,311-1704,Ibaraki Prefecture,2856-1 Yamada Namegata,,$,http://www.tripadvisor.com/Hotel_Review-g1021229-d1057115-Reviews-Kitaura_Park_Hotel_Uofuku-Namegata_Ibaraki_Prefecture_Kanto.html
Kogetsu,311-3832,Ibaraki Prefecture,194 Aso Namegata,10,,http://www.tripadvisor.com/Hotel_Review-g1021229-d1530220-Reviews-Kogetsu-Namegata_Ibaraki_Prefecture_Kanto.html
Okura Frontier Hotel Tsukuba Epochal,305-0032,Ibaraki Prefecture,2-20-1 Takezono Tsukuba,174,$,http://www.tripadvisor.com/Hotel_Review-g298167-d301719-Reviews-Okura_Frontier_Hotel_Tsukuba_Epochal-Tsukuba_Ibaraki_Prefecture_Kanto.html
Okura Frontier Hotel Tsukuba,305-0031,Ibaraki Prefecture,1-1364-1 Azuma Tsukuba,164,$,http://www.tripadvisor.com/Hotel_Review-g298167-d301720-Reviews-Okura_Frontier_Hotel_Tsukuba-Tsukuba_Ibaraki_Prefecture_Kanto.html
Tsukuba Sky Hotel,305-0034,Ibaraki Prefecture,283-1 Onozaki Tsukuba,76,$,http://www.tripadvisor.com/Hotel_Review-g298167-d628240-Reviews-Tsukuba_Sky_Hotel-Tsukuba_Ibaraki_Prefecture_Kanto.html
Tsukuba Daily Inn,305-0047,Ibaraki Prefecture,1-12-4 Sengen Tsukuba,90,$,http://www.tripadvisor.com/Hotel_Review-g298167-d628241-Reviews-Tsukuba_Daily_Inn-Tsukuba_Ibaraki_Prefecture_Kanto.html
Edoya,300-4352,Ibaraki Prefecture,728 Tsukuba Tsukuba,,$$,http://www.tripadvisor.com/Hotel_Review-g298167-d1056990-Reviews-Edoya-Tsukuba_Ibaraki_Prefecture_Kanto.html
Hotel Route Tsukuba,305-0025,Ibaraki Prefecture,1145-3 Hanamuro Tsukuba,78,$,http://www.tripadvisor.com/Hotel_Review-g298167-d1056996-Reviews-Hotel_Route_Tsukuba-Tsukuba_Ibaraki_Prefecture_Kanto.html
Hotel Toko,300-2635,Ibaraki Prefecture,3-7-7 Tokodai Tsukuba,36,$$,http://www.tripadvisor.com/Hotel_Review-g298167-d1057001-Reviews-Hotel_Toko-Tsukuba_Ibaraki_Prefecture_Kanto.html
Hotel New Umeya,305-0861,Ibaraki Prefecture,5650-1 Yatabe Tsukuba,,$,http://www.tripadvisor.com/Hotel_Review-g298167-d1057003-Reviews-Hotel_New_Umeya-Tsukuba_Ibaraki_Prefecture_Kanto.html
Hotel Lake Side Tsukuba,300-1273,Ibaraki Prefecture,708-1 Shimoiwasaki Tsukuba,,$$,http://www.tripadvisor.com/Hotel_Review-g298167-d1057006-Reviews-Hotel_Lake_Side_Tsukuba-Tsukuba_Ibaraki_Prefecture_Kanto.html
Keisei Hotel,300-4352,Ibaraki Prefecture,1 Tsukuba Tsukuba,,$,http://www.tripadvisor.com/Hotel_Review-g298167-d1057009-Reviews-Keisei_Hotel-Tsukuba_Ibaraki_Prefecture_Kanto.html
Hotel New Taka,305-0045,Ibaraki Prefecture,2-1-19 Umezono Tsukuba,,,http://www.tripadvisor.com/Hotel_Review-g298167-d1057014-Reviews-Hotel_New_Taka-Tsukuba_Ibaraki_Prefecture_Kanto.html
Urban Hotel,300-3257,Ibaraki Prefecture,2-1-2 Tsukuho Tsukuba,80,$,http://www.tripadvisor.com/Hotel_Review-g298167-d1057017-Reviews-Urban_Hotel-Tsukuba_Ibaraki_Prefecture_Kanto.html
Furusato,305-0023,Ibaraki Prefecture,1763 Uenomuro Tsukuba,,,http://www.tripadvisor.com/Hotel_Review-g298167-d1057019-Reviews-Furusato-Tsukuba_Ibaraki_Prefecture_Kanto.html
Ichibo,300-4352,Ibaraki Prefecture,64-2 Tsukuba Tsukuba,,$$,http://www.tripadvisor.com/Hotel_Review-g298167-d1057022-Reviews-Ichibo-Tsukuba_Ibaraki_Prefecture_Kanto.html
Woody Hotel Suwa,305-0854,Ibaraki Prefecture,436-7 Kamiyokoba Tsukuba,76,$,http://www.tripadvisor.com/Hotel_Review-g298167-d1057025-Reviews-Woody_Hotel_Suwa-Tsukuba_Ibaraki_Prefecture_Kanto.html
Tsukuba Grand Hotel,300-4352,Ibaraki Prefecture,1050-1 Tsukuba Tsukuba,,$$$,http://www.tripadvisor.com/Hotel_Review-g298167-d1057027-Reviews-Tsukuba_Grand_Hotel-Tsukuba_Ibaraki_Prefecture_Kanto.html
Hotel Best Land,305-0817,Ibaraki Prefecture,D17-3 Kenkyugakuen Tsukuba,109,$,http://www.tripadvisor.com/Hotel_Review-g298167-d1057052-Reviews-Hotel_Best_Land-Tsukuba_Ibaraki_Prefecture_Kanto.html
Aokiya,300-4352,Ibaraki Prefecture,753-1 Tsukuba Tsukuba,,$$,http://www.tripadvisor.com/Hotel_Review-g298167-d1057054-Reviews-Aokiya-Tsukuba_Ibaraki_Prefecture_Kanto.html
Hotel Tsukuba Hills,305-0033,Ibaraki Prefecture,8-7 Higashiarai Tsukuba,,$,http://www.tripadvisor.com/Hotel_Review-g298167-d1057057-Reviews-Hotel_Tsukuba_Hills-Tsukuba_Ibaraki_Prefecture_Kanto.html
Hotel Globe Town,305-0834,Ibaraki Prefecture,302 Teshirogi Tsukuba,88,,http://www.tripadvisor.com/Hotel_Review-g298167-d1057061-Reviews-Hotel_Globe_Town-Tsukuba_Ibaraki_Prefecture_Kanto.html
Kazuki Ryokan,300-4231,Ibaraki Prefecture,4372-7 Hojo Tsukuba,,$,http://www.tripadvisor.com/Hotel_Review-g298167-d1057065-Reviews-Kazuki_Ryokan-Tsukuba_Ibaraki_Prefecture_Kanto.html
Hitachino,300-4211,Ibaraki Prefecture,2103-5 Usui Tsukuba,,,http://www.tripadvisor.com/Hotel_Review-g298167-d1057078-Reviews-Hitachino-Tsukuba_Ibaraki_Prefecture_Kanto.html
Hotel New Takahashi Takezonoten,305-0032,Ibaraki Prefecture,2-10-3 Takezono Tsukuba,,$,http://www.tripadvisor.com/Hotel_Review-g298167-d1057082-Reviews-Hotel_New_Takahashi_Takezonoten-Tsukuba_Ibaraki_Prefecture_Kanto.html
Hotel Matsushima,305-0034,Ibaraki Prefecture,35 Onozaki Tsukuba,,$,http://www.tripadvisor.com/Hotel_Review-g298167-d1075247-Reviews-Hotel_Matsushima-Tsukuba_Ibaraki_Prefecture_Kanto.html
Hotel New Takahashi in Kouyadai,305-0074,Ibaraki Prefecture,3-18-5 Koyadai Tsukuba,,$,http://www.tripadvisor.com/Hotel_Review-g298167-d1075249-Reviews-Hotel_New_Takahashi_in_Kouyadai-Tsukuba_Ibaraki_Prefecture_Kanto.html
Hotel Grand Shinonome,305-0034,Ibaraki Prefecture,488-1 Onozaki Tsukuba,,$,http://www.tripadvisor.com/Hotel_Review-g298167-d1086888-Reviews-Hotel_Grand_Shinonome-Tsukuba_Ibaraki_Prefecture_Kanto.html
Hotel Sankyu,305-0034,Ibaraki Prefecture,1 Onozaki Tsukuba,,$,http://www.tripadvisor.com/Hotel_Review-g298167-d1087026-Reviews-Hotel_Sankyu-Tsukuba_Ibaraki_Prefecture_Kanto.html
Central Hotel,305-0035,Ibaraki Prefecture,2-14-4 Matsushiro Tsukuba,,,http://www.tripadvisor.com/Hotel_Review-g298167-d1087035-Reviews-Central_Hotel-Tsukuba_Ibaraki_Prefecture_Kanto.html
Tsukuba Maruni Hotel,305-0051,Ibaraki Prefecture,3-24-12 Ninomiya Tsukuba,,$,http://www.tripadvisor.com/Hotel_Review-g298167-d1087040-Reviews-Tsukuba_Maruni_Hotel-Tsukuba_Ibaraki_Prefecture_Kanto.html
Tsukuba Onsen Hotel,300-4352 ,Ibaraki Prefecture,395 Tsukuba Tsukuba,,$$,http://www.tripadvisor.com/Hotel_Review-g298167-d1139360-Reviews-Tsukuba_Onsen_Hotel-Tsukuba_Ibaraki_Prefecture_Kanto.html
Daiwa Roynet Hotel Tsukuba,305-0031,Ibaraki Prefecture,1-5-7 Azuma Tsukuba,240,$,http://www.tripadvisor.com/Hotel_Review-g298167-d1426154-Reviews-Daiwa_Roynet_Hotel_Tsukuba-Tsukuba_Ibaraki_Prefecture_Kanto.html
Toyoko Inn Tsukuba Express Kenkyugakuen-eki Kita-guchi,305-0817,Ibaraki Prefecture,"7 D3 Town Districts, Kenkyugakuen Tsukuba",,$,http://www.tripadvisor.com/Hotel_Review-g298167-d1863813-Reviews-Toyoko_Inn_Tsukuba_Express_Kenkyugakuen_eki_Kita_guchi-Tsukuba_Ibaraki_Prefecture_Kant.html
Hotel Mark-1 Tsukuba,305-0817,Ibaraki Prefecture,D3 5 Kenkyugakuen Tsukuba,161,$,http://www.tripadvisor.com/Hotel_Review-g298167-d1909184-Reviews-Hotel_Mark_1_Tsukuba-Tsukuba_Ibaraki_Prefecture_Kanto.html
Business Hotel Vingt Cinq Ans,318-0002,Ibaraki Prefecture,387-12 Takado Takahagi,,$,http://www.tripadvisor.com/Hotel_Review-g1021213-d1086737-Reviews-Business_Hotel_Vingt_Cinq_Ans-Takahagi_Ibaraki_Prefecture_Kanto.html
Central Hotel Takahagi,318-0003,Ibaraki Prefecture,1473 Shimotezuna Takahagi,,$,http://www.tripadvisor.com/Hotel_Review-g1021213-d1105541-Reviews-Central_Hotel_Takahagi-Takahagi_Ibaraki_Prefecture_Kanto.html
Shirokiya Ryokan,318-0033,Ibaraki Prefecture,1-89 Honcho Takahagi,,,http://www.tripadvisor.com/Hotel_Review-g1021213-d1114901-Reviews-Shirokiya_Ryokan-Takahagi_Ibaraki_Prefecture_Kanto.html
Yamanoyu,318-0004,Ibaraki Prefecture,3028 Kamitezuna Takahagi,,,http://www.tripadvisor.com/Hotel_Review-g1021213-d1858523-Reviews-Yamanoyu-Takahagi_Ibaraki_Prefecture_Kanto.html
Izumiya,318-0002,Ibaraki Prefecture,306-2 Takado Takahagi,,,http://www.tripadvisor.com/Hotel_Review-g1021213-d1914932-Reviews-Izumiya-Takahagi_Ibaraki_Prefecture_Kanto.html
Hotel Hoyu,318-0001 ,Ibaraki Prefecture,1268-3 Akahama Takahagi,,,http://www.tripadvisor.com/Hotel_Review-g1021213-d2025095-Reviews-Hotel_Hoyu-Takahagi_Ibaraki_Prefecture_Kanto.html
Takahagi Hotel Crest,318-0031,Ibaraki Prefecture,2-25 Kasugacho Takahagi,,,http://www.tripadvisor.com/Hotel_Review-g1021213-d2315975-Reviews-Takahagi_Hotel_Crest-Takahagi_Ibaraki_Prefecture_Kanto.html
Hotel Sansui,306-0033,Ibaraki Prefecture,1-8-32 Chuocho Koga,,$,http://www.tripadvisor.com/Hotel_Review-g1021230-d1057306-Reviews-Hotel_Sansui-Koga_Ibaraki_Prefecture_Kanto.html
Suginoi,306-0233,Ibaraki Prefecture,504 Nishiushigaya Koga,,,http://www.tripadvisor.com/Hotel_Review-g1021230-d1057307-Reviews-Suginoi-Koga_Ibaraki_Prefecture_Kanto.html
Hotel Sunshine,306-0012,Ibaraki Prefecture,1-13-26 Asahicho Koga,,$,http://www.tripadvisor.com/Hotel_Review-g1021230-d1057308-Reviews-Hotel_Sunshine-Koga_Ibaraki_Prefecture_Kanto.html
Hotel Ark21 Koga,306-0011,Ibaraki Prefecture,2-19-36 Higashi Koga,,$,http://www.tripadvisor.com/Hotel_Review-g1021230-d1057311-Reviews-Hotel_Ark21_Koga-Koga_Ibaraki_Prefecture_Kanto.html
Koga Green Hotel,306-0011,Ibaraki Prefecture,1-13-2 Higashi Koga,,,http://www.tripadvisor.com/Hotel_Review-g1021230-d1057312-Reviews-Koga_Green_Hotel-Koga_Ibaraki_Prefecture_Kanto.html
Hotel Route-Inn Kogaekimae,306-0011,Ibaraki Prefecture,1-12-7 Higashi Koga,153,$,http://www.tripadvisor.com/Hotel_Review-g1021230-d1057314-Reviews-Hotel_Route_Inn_Kogaekimae-Koga_Ibaraki_Prefecture_Kanto.html
Wakamatsu Ryokan,306-0022,Ibaraki Prefecture,1-5-29 Yokoyamacho Koga,,$,http://www.tripadvisor.com/Hotel_Review-g1021230-d1057317-Reviews-Wakamatsu_Ryokan-Koga_Ibaraki_Prefecture_Kanto.html
Otani Ryokan,306-0101,Ibaraki Prefecture,2369-2 Osaki Koga,,,http://www.tripadvisor.com/Hotel_Review-g1021230-d1057321-Reviews-Otani_Ryokan-Koga_Ibaraki_Prefecture_Kanto.html
Koga Central Hotel,306-0011,Ibaraki Prefecture,1-6-30 Higashi Koga,,$,http://www.tripadvisor.com/Hotel_Review-g1021230-d1858524-Reviews-Koga_Central_Hotel-Koga_Ibaraki_Prefecture_Kanto.html
Hotel Tsugaya,306-0023,Ibaraki Prefecture,2-1-8 Honcho Koga,,,http://www.tripadvisor.com/Hotel_Review-g1021230-d2584370-Reviews-Hotel_Tsugaya-Koga_Ibaraki_Prefecture_Kanto.html
Ushiku City Hotel,300-1221,Ibaraki Prefecture,885-1 Ushikucho Ushiku,,$,http://www.tripadvisor.com/Hotel_Review-g303153-d1056978-Reviews-Ushiku_City_Hotel-Ushiku_Ibaraki_Prefecture_Kanto.html
Ushiku City Hotel Annex,300-1221,Ibaraki Prefecture,954-1 Ushikucho Ushiku,44,$,http://www.tripadvisor.com/Hotel_Review-g303153-d1056982-Reviews-Ushiku_City_Hotel_Annex-Ushiku_Ibaraki_Prefecture_Kanto.html
Grandir,300-1237,Ibaraki Prefecture,3-10-20 Tagu Ushiku,,$,http://www.tripadvisor.com/Hotel_Review-g303153-d1056985-Reviews-Grandir-Ushiku_Ibaraki_Prefecture_Kanto.html
Onoya Ryokan,300-1206,Ibaraki Prefecture,3-29-19 Hitachinonishi Ushiku,,,http://www.tripadvisor.com/Hotel_Review-g303153-d2307728-Reviews-Onoya_Ryokan-Ushiku_Ibaraki_Prefecture_Kanto.html
Ushiku Station Hotel 2,300-1234,Ibaraki Prefecture,5-15-7 Chuo Ushiku,,,http://www.tripadvisor.com/Hotel_Review-g303153-d2588885-Reviews-Ushiku_Station_Hotel_2-Ushiku_Ibaraki_Prefecture_Kanto.html
Life Tree Hitachino Ushiku,300-1207,Ibaraki Prefecture,1-33-5 Hitachino Higashi Ushiku,,$,http://www.tripadvisor.com/Hotel_Review-g303153-d5861482-Reviews-Life_Tree_Hitachino_Ushiku-Ushiku_Ibaraki_Prefecture_Kanto.html
Central Hotel Toride,302-0000,Ibaraki Prefecture,2-4-3 Toride Toride,,$,http://www.tripadvisor.com/Hotel_Review-g1021214-d1075241-Reviews-Central_Hotel_Toride-Toride_Ibaraki_Prefecture_Kanto.html
Kurumazushi Business Hotel,302-0035,Ibaraki Prefecture,353 Kamitakai Toride,,$,http://www.tripadvisor.com/Hotel_Review-g1021214-d1086751-Reviews-Kurumazushi_Business_Hotel-Toride_Ibaraki_Prefecture_Kanto.html
Business Hotel Shobuntei,302-0035,Ibaraki Prefecture,452 Kamitakai Toride,,,http://www.tripadvisor.com/Hotel_Review-g1021214-d1114908-Reviews-Business_Hotel_Shobuntei-Toride_Ibaraki_Prefecture_Kanto.html
Hashimoto Ryokan,271-0092,Ibaraki Prefecture,410 Makabecho Makabe Sakuragawa,,,http://www.tripadvisor.com/Hotel_Review-g1021231-d1139123-Reviews-Hashimoto_Ryokan-Sakuragawa_Ibaraki_Prefecture_Kanto.html
Sakuraikan,300-4408,Ibaraki Prefecture,1074-26 Makabecho Sakurai Sakuragawa,,,http://www.tripadvisor.com/Hotel_Review-g1021231-d1139124-Reviews-Sakuraikan-Sakuragawa_Ibaraki_Prefecture_Kanto.html
Youth Hostel Kaba Sanso,300-4403,Ibaraki Prefecture,891 Makabecho Nagaoka Sakuragawa,,,http://www.tripadvisor.com/Hotel_Review-g1021231-d6012863-Reviews-Youth_Hostel_Kaba_Sanso-Sakuragawa_Ibaraki_Prefecture_Kanto.html
Hotel Terrace the square Hitachi,317-0073,Ibaraki Prefecture,1-20-3 Saiwaicho Hitachi,121,$$,http://www.tripadvisor.com/Hotel_Review-g303154-d319525-Reviews-Hotel_Terrace_the_square_Hitachi-Hitachi_Ibaraki_Prefecture_Kanto.html
Toyoko Inn Hitachiekimae,317-0073,Ibaraki Prefecture,1-3-5 Saiwaicho Hitachi,,$,http://www.tripadvisor.com/Hotel_Review-g303154-d1059408-Reviews-Toyoko_Inn_Hitachiekimae-Hitachi_Ibaraki_Prefecture_Kanto.html
Hotel Rapallo,319-1221,Ibaraki Prefecture,1-16-11 Omikacho Hitachi,,$,http://www.tripadvisor.com/Hotel_Review-g303154-d1059413-Reviews-Hotel_Rapallo-Hitachi_Ibaraki_Prefecture_Kanto.html
Minshuku Sakurai,319-1301,Ibaraki Prefecture,736-31 Juochoishi Hitachi,,,http://www.tripadvisor.com/Hotel_Review-g303154-d1059416-Reviews-Minshuku_Sakurai-Hitachi_Ibaraki_Prefecture_Kanto.html
Hitachi Hotel Crain,319-1221,Ibaraki Prefecture,2-1-22 Omikacho Hitachi,,$,http://www.tripadvisor.com/Hotel_Review-g303154-d1059417-Reviews-Hitachi_Hotel_Crain-Hitachi_Ibaraki_Prefecture_Kanto.html
Hanaguruma,319-1413,Ibaraki Prefecture,5-5-1 Ogitsucho Hitachi,,,http://www.tripadvisor.com/Hotel_Review-g303154-d1059421-Reviews-Hanaguruma-Hitachi_Ibaraki_Prefecture_Kanto.html
Hotel Amimoto,317-0071,Ibaraki Prefecture,1-15-13 Kashimacho Hitachi,22,$,http://www.tripadvisor.com/Hotel_Review-g303154-d1059551-Reviews-Hotel_Amimoto-Hitachi_Ibaraki_Prefecture_Kanto.html
Yamaki,316-0002,Ibaraki Prefecture,1-3-18 Sakuragawacho Hitachi,,,http://www.tripadvisor.com/Hotel_Review-g303154-d1059552-Reviews-Yamaki-Hitachi_Ibaraki_Prefecture_Kanto.html
Chojyu no Yu,317-0052,Ibaraki Prefecture,3-11-17 Higashinamekawacho Hitachi,,,http://www.tripadvisor.com/Hotel_Review-g303154-d1059555-Reviews-Chojyu_no_Yu-Hitachi_Ibaraki_Prefecture_Kanto.html
Tourist Hotel Hitachi,317-0071,Ibaraki Prefecture,1-20-2 Kashimacho Hitachi,,$,http://www.tripadvisor.com/Hotel_Review-g303154-d1059556-Reviews-Tourist_Hotel_Hitachi-Hitachi_Ibaraki_Prefecture_Kanto.html
Seaside Hotel Azumakan,316-0005,Ibaraki Prefecture,2-21-7 Kawaragocho Hitachi,,$$,http://www.tripadvisor.com/Hotel_Review-g303154-d1059557-Reviews-Seaside_Hotel_Azumakan-Hitachi_Ibaraki_Prefecture_Kanto.html
Chidoriya,316-0005,Ibaraki Prefecture,2-2-18 Kawaragocho Hitachi,,,http://www.tripadvisor.com/Hotel_Review-g303154-d1059558-Reviews-Chidoriya-Hitachi_Ibaraki_Prefecture_Kanto.html
Hotel Hitachi Plaza,317-0073,Ibaraki Prefecture,2-3-25 Saiwaicho Hitachi,,$,http://www.tripadvisor.com/Hotel_Review-g303154-d1059559-Reviews-Hotel_Hitachi_Plaza-Hitachi_Ibaraki_Prefecture_Kanto.html
Hotel Magnolia,319-1413,Ibaraki Prefecture,771-1 Ogitsucho Hitachi,,,http://www.tripadvisor.com/Hotel_Review-g303154-d1059560-Reviews-Hotel_Magnolia-Hitachi_Ibaraki_Prefecture_Kanto.html
Hotel Hitachi Hills,317-0071,Ibaraki Prefecture,1-10-3 Kashimacho Hitachi,45,$,http://www.tripadvisor.com/Hotel_Review-g303154-d1059641-Reviews-Hotel_Hitachi_Hills-Hitachi_Ibaraki_Prefecture_Kanto.html
Hotel Wing International Hitachi,317-0073,Ibaraki Prefecture,1-5-12 Saiwaicho Hitachi,67,$,http://www.tripadvisor.com/Hotel_Review-g303154-d1059645-Reviews-Hotel_Wing_International_Hitachi-Hitachi_Ibaraki_Prefecture_Kanto.html
Hotel Tenchikaku,317-0074,Ibaraki Prefecture,2-6-13 Asahicho Hitachi,,$,http://www.tripadvisor.com/Hotel_Review-g303154-d1059648-Reviews-Hotel_Tenchikaku-Hitachi_Ibaraki_Prefecture_Kanto.html
Hotel Sankoen,316-0002,Ibaraki Prefecture,1-2-14 Sakuragawacho Hitachi,,$,http://www.tripadvisor.com/Hotel_Review-g303154-d1059651-Reviews-Hotel_Sankoen-Hitachi_Ibaraki_Prefecture_Kanto.html
Taga Station Hotel,316-0013,Ibaraki Prefecture,1-2-13 Chikokucho Hitachi,,$,http://www.tripadvisor.com/Hotel_Review-g303154-d1059655-Reviews-Taga_Station_Hotel-Hitachi_Ibaraki_Prefecture_Kanto.html
Business Hotel Hitachi Omikakan-Omikabekkan,319-1221,Ibaraki Prefecture,2-22-24 Omikacho Hitachi,,,http://www.tripadvisor.com/Hotel_Review-g303154-d1059658-Reviews-Business_Hotel_Hitachi_Omikakan_Omikabekkan-Hitachi_Ibaraki_Prefecture_Kanto.html
Business Hotel Omika,319-1221,Ibaraki Prefecture,1-17-15 Omikacho Hitachi,,$,http://www.tripadvisor.com/Hotel_Review-g303154-d1059662-Reviews-Business_Hotel_Omika-Hitachi_Ibaraki_Prefecture_Kanto.html
Azumakan,317-0073,Ibaraki Prefecture,1-9-1 Saiwaicho Hitachi,,,http://www.tripadvisor.com/Hotel_Review-g303154-d1059665-Reviews-Azumakan-Hitachi_Ibaraki_Prefecture_Kanto.html
Unoshima Onsen Ryokan,317-0052,Ibaraki Prefecture,5-10-1 Higashinamekawacho Hitachi,,,http://www.tripadvisor.com/Hotel_Review-g303154-d1059676-Reviews-Unoshima_Onsen_Ryokan-Hitachi_Ibaraki_Prefecture_Kanto.html
Iriboshi Ryokan,316-0005,Ibaraki Prefecture,3-28-10 Kawaragocho Hitachi,,,http://www.tripadvisor.com/Hotel_Review-g303154-d1059682-Reviews-Iriboshi_Ryokan-Hitachi_Ibaraki_Prefecture_Kanto.html
Hotel Route-Inn Hitachitaga,316-0003,Ibaraki Prefecture,2-15-11 Tagacho Hitachi,,$,http://www.tripadvisor.com/Hotel_Review-g303154-d1059684-Reviews-Hotel_Route_Inn_Hitachitaga-Hitachi_Ibaraki_Prefecture_Kanto.html
Marinkan,316-0013,Ibaraki Prefecture,1-11-28 Chikokucho Hitachi,,$,http://www.tripadvisor.com/Hotel_Review-g303154-d1059685-Reviews-Marinkan-Hitachi_Ibaraki_Prefecture_Kanto.html
Hagiya Ryokan,316-0024,Ibaraki Prefecture,1-1-15 Mizukicho Hitachi,,$,http://www.tripadvisor.com/Hotel_Review-g303154-d1059687-Reviews-Hagiya_Ryokan-Hitachi_Ibaraki_Prefecture_Kanto.html
Kashiwaya Ryokan,317-0072,Ibaraki Prefecture,1-14-9 Bentencho Hitachi,,,http://www.tripadvisor.com/Hotel_Review-g303154-d1059688-Reviews-Kashiwaya_Ryokan-Hitachi_Ibaraki_Prefecture_Kanto.html
City Hotel Ogitsu,319-1414,Ibaraki Prefecture,1-28-6 Hitakacho Hitachi,,,http://www.tripadvisor.com/Hotel_Review-g303154-d1140308-Reviews-City_Hotel_Ogitsu-Hitachi_Ibaraki_Prefecture_Kanto.html
Unomisaki,319-1301,Ibaraki Prefecture,640 Ishi Juocho Hitachi,,,http://www.tripadvisor.com/Hotel_Review-g303154-d1718679-Reviews-Unomisaki-Hitachi_Ibaraki_Prefecture_Kanto.html
Kuji Sunpia Hitachi,319-1223,Ibaraki Prefecture,6-1 Minatocho Hitachi,25,$,http://www.tripadvisor.com/Hotel_Review-g303154-d1912441-Reviews-Kuji_Sunpia_Hitachi-Hitachi_Ibaraki_Prefecture_Kanto.html
Hotel Naganoya,316-0005,Ibaraki Prefecture,3-28-8 Kawaragocho Hitachi,,$,http://www.tripadvisor.com/Hotel_Review-g303154-d2526830-Reviews-Hotel_Naganoya-Hitachi_Ibaraki_Prefecture_Kanto.html
Minshuku Mihamaso,316-0005,Ibaraki Prefecture,2-1-11 Kawaragocho Hitachi,,,http://www.tripadvisor.com/Hotel_Review-g303154-d2529241-Reviews-Minshuku_Mihamaso-Hitachi_Ibaraki_Prefecture_Kanto.html
Ryokan Toyokan,316-0005,Ibaraki Prefecture,3-8-3 Kawaragocho Hitachi,,,http://www.tripadvisor.com/Hotel_Review-g303154-d2529242-Reviews-Ryokan_Toyokan-Hitachi_Ibaraki_Prefecture_Kanto.html
Satton Hills Contry Club & Olive Spa Resort,319-1305,Ibaraki Prefecture,1411-1 Juochotakahara Hitachi,,,http://www.tripadvisor.com/Hotel_Review-g303154-d2583819-Reviews-Satton_Hills_Contry_Club_Olive_Spa_Resort-Hitachi_Ibaraki_Prefecture_Kanto.html
Business Ryokan Asahikan,316-0013,Ibaraki Prefecture,1-11-25 Chikokucho Hitachi,,,http://www.tripadvisor.com/Hotel_Review-g303154-d2584077-Reviews-Business_Ryokan_Asahikan-Hitachi_Ibaraki_Prefecture_Kanto.html
Ryokan Suzukiya,316-0005,Ibaraki Prefecture,3-1-7 Kawaragocho Hitachi,,$,http://www.tripadvisor.com/Hotel_Review-g303154-d2588875-Reviews-Ryokan_Suzukiya-Hitachi_Ibaraki_Prefecture_Kanto.html
Hotel Ganke,314-0031,Ibaraki Prefecture,1-3-6 Kyuchu Kashima,,,http://www.tripadvisor.com/Hotel_Review-g1021215-d1057323-Reviews-Hotel_Ganke-Kashima_Ibaraki_Prefecture_Kanto.html
Ryokan Mikasayama,314-0031,Ibaraki Prefecture,5176-10 Kyuchu Kashima,,,http://www.tripadvisor.com/Hotel_Review-g1021215-d1057325-Reviews-Ryokan_Mikasayama-Kashima_Ibaraki_Prefecture_Kanto.html
Ryokan Horiguchi,314-0012,Ibaraki Prefecture,1102-7 Hirai Kashima,,,http://www.tripadvisor.com/Hotel_Review-g1021215-d1057328-Reviews-Ryokan_Horiguchi-Kashima_Ibaraki_Prefecture_Kanto.html
Yoshimiya Ryokan,314-0031,Ibaraki Prefecture,1-2-5 Kyuchu Kashima,,$,http://www.tripadvisor.com/Hotel_Review-g1021215-d1057329-Reviews-Yoshimiya_Ryokan-Kashima_Ibaraki_Prefecture_Kanto.html
Business Hotel Suzushou,314-0032 ,Ibaraki Prefecture,2-12-26 Miyashita Kashima,,$,http://www.tripadvisor.com/Hotel_Review-g1021215-d1086590-Reviews-Business_Hotel_Suzushou-Kashima_Ibaraki_Prefecture_Kanto.html
Ryokan Jonouchi,314-0004,Ibaraki Prefecture,331-3 Oritsu Kashima,,,http://www.tripadvisor.com/Hotel_Review-g1021215-d1914946-Reviews-Ryokan_Jonouchi-Kashima_Ibaraki_Prefecture_Kanto.html
Kashima Heights Sports Plaza,314-0042,Ibaraki Prefecture,659 Tanobe Kashima,,,http://www.tripadvisor.com/Hotel_Review-g1021215-d2349253-Reviews-Kashima_Heights_Sports_Plaza-Kashima_Ibaraki_Prefecture_Kanto.html
Kurumiya,311-1415,Ibaraki Prefecture,605 Tsukuriya Hokota,,$$,http://www.tripadvisor.com/Hotel_Review-g1021232-d1058936-Reviews-Kurumiya-Hokota_Ibaraki_Prefecture_Kanto.html
Hotel 2001,311-2111,Ibaraki Prefecture,1558-2 Kamizawa Hokota,,$,http://www.tripadvisor.com/Hotel_Review-g1021232-d1058942-Reviews-Hotel_2001-Hokota_Ibaraki_Prefecture_Kanto.html
Sawaya,311-1517,Ibaraki Prefecture,1583-2 Hokota Hokota,,$$,http://www.tripadvisor.com/Hotel_Review-g1021232-d1058944-Reviews-Sawaya-Hokota_Ibaraki_Prefecture_Kanto.html
Ryokan Sapporo,311-1517,Ibaraki Prefecture,2460 Hokota Hokota,,,http://www.tripadvisor.com/Hotel_Review-g1021232-d1058948-Reviews-Ryokan_Sapporo-Hokota_Ibaraki_Prefecture_Kanto.html
Suiheisen,311-1411,Ibaraki Prefecture,475-273 Araji Hokota,,$$$$,http://www.tripadvisor.com/Hotel_Review-g1021232-d1058950-Reviews-Suiheisen-Hokota_Ibaraki_Prefecture_Kanto.html
Business Ryokan Hitachi,300-0012,Ibaraki Prefecture,2-11-2 Kandatsuhigashi Tsuchiura,,$,http://www.tripadvisor.com/Hotel_Review-g303155-d572260-Reviews-Business_Ryokan_Hitachi-Tsuchiura_Ibaraki_Prefecture_Kanto.html
Business Ryokan Tsuchiura,300-0813,Ibaraki Prefecture,1-4-34 Fujisaki Tsuchiura,,,http://www.tripadvisor.com/Hotel_Review-g303155-d1058959-Reviews-Business_Ryokan_Tsuchiura-Tsuchiura_Ibaraki_Prefecture_Kanto.html
Hotel Marroad Tsukuba,300-0042,Ibaraki Prefecture,2-24 Johokumachi Tsuchiura,,$,http://www.tripadvisor.com/Hotel_Review-g303155-d1075245-Reviews-Hotel_Marroad_Tsukuba-Tsuchiura_Ibaraki_Prefecture_Kanto.html
Hotel Touko,300-0031,Ibaraki Prefecture,6-28 Tozakimachi Tsuchiura,,,http://www.tripadvisor.com/Hotel_Review-g303155-d1075246-Reviews-Hotel_Touko-Tsuchiura_Ibaraki_Prefecture_Kanto.html
Bells' Inn Tsuchiura,300-0036,Ibaraki Prefecture,6-5 Yamatocho Tsuchiura,,$,http://www.tripadvisor.com/Hotel_Review-g303155-d1086762-Reviews-Bells_Inn_Tsuchiura-Tsuchiura_Ibaraki_Prefecture_Kanto.html
Hotel Alpha The Tsuchiura,300-0034,Ibaraki Prefecture,1-4-26 Minatomachi Tsuchiura,,$,http://www.tripadvisor.com/Hotel_Review-g303155-d1086780-Reviews-Hotel_Alpha_The_Tsuchiura-Tsuchiura_Ibaraki_Prefecture_Kanto.html
Hotel Iyashinosato,300-4102 ,Ibaraki Prefecture,2141-2 Hongo Tsuchiura,,$,http://www.tripadvisor.com/Hotel_Review-g303155-d1086788-Reviews-Hotel_Iyashinosato-Tsuchiura_Ibaraki_Prefecture_Kanto.html
Hotel Cankoh,300-0033,Ibaraki Prefecture,2-11-31 Kawaguchi Tsuchiura,,,http://www.tripadvisor.com/Hotel_Review-g303155-d1086796-Reviews-Hotel_Cankoh-Tsuchiura_Ibaraki_Prefecture_Kanto.html
Life Inn Tsuchiura Satation East,300-0034,Ibaraki Prefecture,1-5-5 Minatomachi Tsuchiura,,$,http://www.tripadvisor.com/Hotel_Review-g303155-d1086807-Reviews-Life_Inn_Tsuchiura_Satation_East-Tsuchiura_Ibaraki_Prefecture_Kanto.html
River Side Ebisuya,300-0813 ,Ibaraki Prefecture,1-18-16 Fujisaki Tsuchiura,,$,http://www.tripadvisor.com/Hotel_Review-g303155-d1086820-Reviews-River_Side_Ebisuya-Tsuchiura_Ibaraki_Prefecture_Kanto.html
Ryokan Someya,300-0033,Ibaraki Prefecture,1-10-5 Kawaguchi Tsuchiura,,,http://www.tripadvisor.com/Hotel_Review-g303155-d1086826-Reviews-Ryokan_Someya-Tsuchiura_Ibaraki_Prefecture_Kanto.html
Tsuchiura City Hotel,300-0051,Ibaraki Prefecture,1-15-13 Manabe Tsuchiura,,$,http://www.tripadvisor.com/Hotel_Review-g303155-d1086836-Reviews-Tsuchiura_City_Hotel-Tsuchiura_Ibaraki_Prefecture_Kanto.html
Business Hotel Tsukushi,300-0052,Ibaraki Prefecture,1-38 Higashi Manabe-cho Tsuchiura,,,http://www.tripadvisor.com/Hotel_Review-g303155-d1086846-Reviews-Business_Hotel_Tsukushi-Tsuchiura_Ibaraki_Prefecture_Kanto.html
Business Hotel Season,300-0016,Ibaraki Prefecture,2-15 Nakakandatsumachi Tsuchiura,,$,http://www.tripadvisor.com/Hotel_Review-g303155-d1086865-Reviews-Business_Hotel_Season-Tsuchiura_Ibaraki_Prefecture_Kanto.html
Business Ryokan Shinkiraku,300-0037,Ibaraki Prefecture,Sakuramachi 2-2-1 Tsuchiura,,$,http://www.tripadvisor.com/Hotel_Review-g303155-d1086879-Reviews-Business_Ryokan_Shinkiraku-Tsuchiura_Ibaraki_Prefecture_Kanto.html
Business Hotel Wakafuji,300-0037,Ibaraki Prefecture,2-11-4 Sakuramachi Tsuchiura,,$,http://www.tripadvisor.com/Hotel_Review-g303155-d1105546-Reviews-Business_Hotel_Wakafuji-Tsuchiura_Ibaraki_Prefecture_Kanto.html
Business Hotel Kozakurakan,300-0037,Ibaraki Prefecture,4-5-1 Sakuramachi Tsuchiura,,$,http://www.tripadvisor.com/Hotel_Review-g303155-d1105550-Reviews-Business_Hotel_Kozakurakan-Tsuchiura_Ibaraki_Prefecture_Kanto.html
Business Hotel Tokiwa,300-0821,Ibaraki Prefecture,3-12 HasukawaraShinmachi Tsuchiura,,$,http://www.tripadvisor.com/Hotel_Review-g303155-d1114909-Reviews-Business_Hotel_Tokiwa-Tsuchiura_Ibaraki_Prefecture_Kanto.html
Business Hotel Kohoku,300-0032,Ibaraki Prefecture,1-1-8 Kohoku Tsuchiura,,$,http://www.tripadvisor.com/Hotel_Review-g303155-d1114912-Reviews-Business_Hotel_Kohoku-Tsuchiura_Ibaraki_Prefecture_Kanto.html
Hotel Meiken,300-0823,Ibaraki Prefecture,1-11-2 Komatsu Tsuchiura,,$,http://www.tripadvisor.com/Hotel_Review-g303155-d1114915-Reviews-Hotel_Meiken-Tsuchiura_Ibaraki_Prefecture_Kanto.html
Yoshikiri,300-0023,Ibaraki Prefecture,785-1 Okijukumachi Tsuchiura,,,http://www.tripadvisor.com/Hotel_Review-g303155-d1114917-Reviews-Yoshikiri-Tsuchiura_Ibaraki_Prefecture_Kanto.html
Business Hotel Wako,300-0048,Ibaraki Prefecture,2-11-3 Tanaka Tsuchiura,,,http://www.tripadvisor.com/Hotel_Review-g303155-d1114919-Reviews-Business_Hotel_Wako-Tsuchiura_Ibaraki_Prefecture_Kanto.html
Edagawa,300-0874,Ibaraki Prefecture,2-3-6 Arakawaokinishi Tsuchiura,,,http://www.tripadvisor.com/Hotel_Review-g303155-d1114920-Reviews-Edagawa-Tsuchiura_Ibaraki_Prefecture_Kanto.html
Toyoko Inn Tsuchiuraeki higashiguchi,300-0034,Ibaraki Prefecture,1-3-17 Minato machi Tsuchiura,,$,http://www.tripadvisor.com/Hotel_Review-g303155-d1497095-Reviews-Toyoko_Inn_Tsuchiuraeki_higashiguchi-Tsuchiura_Ibaraki_Prefecture_Kanto.html
Suigo,300-0835,Ibaraki Prefecture,255 Oiwata Tsuchiura,,,http://www.tripadvisor.com/Hotel_Review-g303155-d1884644-Reviews-Suigo-Tsuchiura_Ibaraki_Prefecture_Kanto.html
Plaza Arakawaoki,300-0875,Ibaraki Prefecture,3-4 Nakaarakawaokimachi Tsuchiura,73,$,http://www.tripadvisor.com/Hotel_Review-g303155-d1884647-Reviews-Plaza_Arakawaoki-Tsuchiura_Ibaraki_Prefecture_Kanto.html
Ohara Ryokan,300-0037,Ibaraki Prefecture,1-2-9 Sakuramachi Tsuchiura,,$,http://www.tripadvisor.com/Hotel_Review-g303155-d1912444-Reviews-Ohara_Ryokan-Tsuchiura_Ibaraki_Prefecture_Kanto.html
Hotel Green Core Tsuchiura,300-0034,Ibaraki Prefecture,1-8-26 Minatomachi Tsuchiura,,$,http://www.tripadvisor.com/Hotel_Review-g303155-d2007508-Reviews-Hotel_Green_Core_Tsuchiura-Tsuchiura_Ibaraki_Prefecture_Kanto.html
Nipon Suigo Centre,311-2424,Ibaraki Prefecture,166 Itako Itako,,$,http://www.tripadvisor.com/Hotel_Review-g1021216-d1058651-Reviews-Nipon_Suigo_Centre-Itako_Ibaraki_Prefecture_Kanto.html
Misaki Ryokan,311-2424,Ibaraki Prefecture,107-18 Itako Itako,,,http://www.tripadvisor.com/Hotel_Review-g1021216-d1058655-Reviews-Misaki_Ryokan-Itako_Ibaraki_Prefecture_Kanto.html
Business Hotel Annex,311-2425,Ibaraki Prefecture,2-19-1 Ayame Itako,,$,http://www.tripadvisor.com/Hotel_Review-g1021216-d1058660-Reviews-Business_Hotel_Annex-Itako_Ibaraki_Prefecture_Kanto.html
Itako Hotel,311-2425,Ibaraki Prefecture,1-10-7 Ayame Itako,,$$,http://www.tripadvisor.com/Hotel_Review-g1021216-d1058664-Reviews-Itako_Hotel-Itako_Ibaraki_Prefecture_Kanto.html
Itako Station Hotel,311-2425,Ibaraki Prefecture,1-13-9 Ayame Itako,46,$,http://www.tripadvisor.com/Hotel_Review-g1021216-d1058672-Reviews-Itako_Station_Hotel-Itako_Ibaraki_Prefecture_Kanto.html
Takeya Ryokan,311-2424,Ibaraki Prefecture,100-18 Itako Itako,,$,http://www.tripadvisor.com/Hotel_Review-g1021216-d1058678-Reviews-Takeya_Ryokan-Itako_Ibaraki_Prefecture_Kanto.html
Hotel Shin Makomo,311-2424,Ibaraki Prefecture,100-15 Itako Itako,,$,http://www.tripadvisor.com/Hotel_Review-g1021216-d1058683-Reviews-Hotel_Shin_Makomo-Itako_Ibaraki_Prefecture_Kanto.html
Suikanso,311-2425,Ibaraki Prefecture,1-8-7 Ayame Itako,,$,http://www.tripadvisor.com/Hotel_Review-g1021216-d1058689-Reviews-Suikanso-Itako_Ibaraki_Prefecture_Kanto.html
Choshiya,311-2437,Ibaraki Prefecture,2614 Nagayama Itako,,$,http://www.tripadvisor.com/Hotel_Review-g1021216-d1058691-Reviews-Choshiya-Itako_Ibaraki_Prefecture_Kanto.html
Hotel Shibata,311-2443,Ibaraki Prefecture,1516 Shingu Minami Itako,,$,http://www.tripadvisor.com/Hotel_Review-g1021216-d1058694-Reviews-Hotel_Shibata-Itako_Ibaraki_Prefecture_Kanto.html
Itako Fujiya Hotel,311-2424,Ibaraki Prefecture,102 Itako Itako,,$,http://www.tripadvisor.com/Hotel_Review-g1021216-d1058701-Reviews-Itako_Fujiya_Hotel-Itako_Ibaraki_Prefecture_Kanto.html
Ayame Ryokan,311-2424,Ibaraki Prefecture,108-24 Itako Itako,,$$,http://www.tripadvisor.com/Hotel_Review-g1021216-d1094214-Reviews-Ayame_Ryokan-Itako_Ibaraki_Prefecture_Kanto.html
Suigo Ryokan,311-2424 ,Ibaraki Prefecture,104-3 Itako Itako,,,http://www.tripadvisor.com/Hotel_Review-g1021216-d1128633-Reviews-Suigo_Ryokan-Itako_Ibaraki_Prefecture_Kanto.html
Kanpo no Yado Itako,311-2404 ,Ibaraki Prefecture,1830-1 Mizuhara Itako,,$$,http://www.tripadvisor.com/Hotel_Review-g1021216-d1551077-Reviews-Kanpo_no_Yado_Itako-Itako_Ibaraki_Prefecture_Kanto.html
Youth Hostel Itakoso,311-2435 ,Ibaraki Prefecture,2031-3 Uwato Itako,,,http://www.tripadvisor.com/Hotel_Review-g1021216-d6012864-Reviews-Youth_Hostel_Itakoso-Itako_Ibaraki_Prefecture_Kanto.html
Hotel Itsutsuya,309-1611,Ibaraki Prefecture,987 Kasama Kasama,,,http://www.tripadvisor.com/Hotel_Review-g1021233-d1057572-Reviews-Hotel_Itsutsuya-Kasama_Ibaraki_Prefecture_Kanto.html
Asahi,309-1735,Ibaraki Prefecture,3-14 Tomobeekimae Kasama,,$,http://www.tripadvisor.com/Hotel_Review-g1021233-d1057580-Reviews-Asahi-Kasama_Ibaraki_Prefecture_Kanto.html
City Hotel Tomobe,309-1717,Ibaraki Prefecture,303-3 Asahimachi Kasama,,$,http://www.tripadvisor.com/Hotel_Review-g1021233-d1057584-Reviews-City_Hotel_Tomobe-Kasama_Ibaraki_Prefecture_Kanto.html
Shiroyama,309-1611,Ibaraki Prefecture,14-1 Kasama Kasama,,$$$,http://www.tripadvisor.com/Hotel_Review-g1021233-d1057586-Reviews-Shiroyama-Kasama_Ibaraki_Prefecture_Kanto.html
Yamanoso,309-1611,Ibaraki Prefecture,975-2 Kasama Kasama,32,,http://www.tripadvisor.com/Hotel_Review-g1021233-d1057593-Reviews-Yamanoso-Kasama_Ibaraki_Prefecture_Kanto.html
Bunbuku-no Yu,309-1604,Ibaraki Prefecture,532 Obuchi Kasama,,$,http://www.tripadvisor.com/Hotel_Review-g1021233-d1057601-Reviews-Bunbuku_no_Yu-Kasama_Ibaraki_Prefecture_Kanto.html
Hotel Io Alpheratz,309-1611,Ibaraki Prefecture,2517-1 Kasama Kasama,,$,http://www.tripadvisor.com/Hotel_Review-g1021233-d1123362-Reviews-Hotel_Io_Alpheratz-Kasama_Ibaraki_Prefecture_Kanto.html
Atago Tengu no Mori Sky Lodge,319-0201,Ibaraki Prefecture,2775-7 Kamigo Kasama,,,http://www.tripadvisor.com/Hotel_Review-g1021233-d1914992-Reviews-Atago_Tengu_no_Mori_Sky_Lodge-Kasama_Ibaraki_Prefecture_Kanto.html
Business Hotel Fujinuma,309-1736,Ibaraki Prefecture,2-1-1 Yakumo Kasama,,$,http://www.tripadvisor.com/Hotel_Review-g1021233-d2260343-Reviews-Business_Hotel_Fujinuma-Kasama_Ibaraki_Prefecture_Kanto.html
Iseya Ryokan,309-1735,Ibaraki Prefecture,3-2 Tomobeekimae Kasama,,,http://www.tripadvisor.com/Hotel_Review-g1021233-d2588851-Reviews-Iseya_Ryokan-Kasama_Ibaraki_Prefecture_Kanto.html
Mansyuya,311-1202,Ibaraki Prefecture,4625-2 Isozakicho Hitachinaka,,$,http://www.tripadvisor.com/Hotel_Review-g780841-d1059145-Reviews-Mansyuya-Hitachinaka_Ibaraki_Prefecture_Kanto.html
Yamagataya,311-1201,Ibaraki Prefecture,117 Ajigauracho Hitachinaka,,,http://www.tripadvisor.com/Hotel_Review-g780841-d1059155-Reviews-Yamagataya-Hitachinaka_Ibaraki_Prefecture_Kanto.html
Ebitake,311-1229,Ibaraki Prefecture,1-4-14 Minatochuo Hitachinaka,,,http://www.tripadvisor.com/Hotel_Review-g780841-d1059159-Reviews-Ebitake-Hitachinaka_Ibaraki_Prefecture_Kanto.html
Marutoku Ryokan,311-1202,Ibaraki Prefecture,4318 Isozakicho Hitachinaka,,$$,http://www.tripadvisor.com/Hotel_Review-g780841-d1059162-Reviews-Marutoku_Ryokan-Hitachinaka_Ibaraki_Prefecture_Kanto.html
New Central Hotel,312-0047,Ibaraki Prefecture,20-3 Omotecho Hitachinaka,,$,http://www.tripadvisor.com/Hotel_Review-g780841-d1059164-Reviews-New_Central_Hotel-Hitachinaka_Ibaraki_Prefecture_Kanto.html
Takaraya Ryokan,311-1201,Ibaraki Prefecture,3 Ajigauracho Hitachinaka,,,http://www.tripadvisor.com/Hotel_Review-g780841-d1059166-Reviews-Takaraya_Ryokan-Hitachinaka_Ibaraki_Prefecture_Kanto.html
Daitoshi,311-1201,Ibaraki Prefecture,68 Ajigauracho Hitachinaka,,$$$,http://www.tripadvisor.com/Hotel_Review-g780841-d1059173-Reviews-Daitoshi-Hitachinaka_Ibaraki_Prefecture_Kanto.html
Hotel Crystal Palace,312-0023,Ibaraki Prefecture,1-22-1 Odaira Hitachinaka,,$,http://www.tripadvisor.com/Hotel_Review-g780841-d1059179-Reviews-Hotel_Crystal_Palace-Hitachinaka_Ibaraki_Prefecture_Kanto.html
Hiranoya Honten,311-1203,Ibaraki Prefecture,1-245 Hiraisocho Hitachinaka,,$$$,http://www.tripadvisor.com/Hotel_Review-g780841-d1059186-Reviews-Hiranoya_Honten-Hitachinaka_Ibaraki_Prefecture_Kanto.html
Sakana no Yado,312-0012,Ibaraki Prefecture,1563-21 Hiraisocho Hitachinaka,,,http://www.tripadvisor.com/Hotel_Review-g780841-d1059188-Reviews-Sakana_no_Yado-Hitachinaka_Ibaraki_Prefecture_Kanto.html
Fujiya Hotel,311-1221,Ibaraki Prefecture,1-32 Minatohoncho Hitachinaka,,$,http://www.tripadvisor.com/Hotel_Review-g780841-d1059191-Reviews-Fujiya_Hotel-Hitachinaka_Ibaraki_Prefecture_Kanto.html
Sun City Katsuta,312-0045,Ibaraki Prefecture,7-6 Katsutachuo Hitachinaka,,,http://www.tripadvisor.com/Hotel_Review-g780841-d1059263-Reviews-Sun_City_Katsuta-Hitachinaka_Ibaraki_Prefecture_Kanto.html
Asahiya,311-1201,Ibaraki Prefecture,166 Ajigauracho Hitachinaka,,,http://www.tripadvisor.com/Hotel_Review-g780841-d1059270-Reviews-Asahiya-Hitachinaka_Ibaraki_Prefecture_Kanto.html
Kiyomiso,311-1201,Ibaraki Prefecture,21 Ajigauracho Hitachinaka,,$$,http://www.tripadvisor.com/Hotel_Review-g780841-d1059280-Reviews-Kiyomiso-Hitachinaka_Ibaraki_Prefecture_Kanto.html
Ebinoya,311-1202,Ibaraki Prefecture,4640 Isozakicho Hitachinaka,,,http://www.tripadvisor.com/Hotel_Review-g780841-d1059284-Reviews-Ebinoya-Hitachinaka_Ibaraki_Prefecture_Kanto.html
Hiraisokan,311-1203,Ibaraki Prefecture,1001 Hiraisocho Hitachinaka,,$$,http://www.tripadvisor.com/Hotel_Review-g780841-d1059289-Reviews-Hiraisokan-Hitachinaka_Ibaraki_Prefecture_Kanto.html
Keisuke,311-1201,Ibaraki Prefecture,184-9 Ajigauracho Hitachinaka,,,http://www.tripadvisor.com/Hotel_Review-g780841-d1059292-Reviews-Keisuke-Hitachinaka_Ibaraki_Prefecture_Kanto.html
Haraya,311-1201,Ibaraki Prefecture,148-4 Ajigauracho Hitachinaka,,,http://www.tripadvisor.com/Hotel_Review-g780841-d1059296-Reviews-Haraya-Hitachinaka_Ibaraki_Prefecture_Kanto.html
Hotel New Hakuaki,311-1202,Ibaraki Prefecture,4604 Isozakicho Hitachinaka,,,http://www.tripadvisor.com/Hotel_Review-g780841-d1059299-Reviews-Hotel_New_Hakuaki-Hitachinaka_Ibaraki_Prefecture_Kanto.html
Tsuruya Ryokan,311-1201,Ibaraki Prefecture,5 Ajigauracho Hitachinaka,,,http://www.tripadvisor.com/Hotel_Review-g780841-d1059301-Reviews-Tsuruya_Ryokan-Hitachinaka_Ibaraki_Prefecture_Kanto.html
Minshuku Shirato Bekkan Marin House San,311-1203,Ibaraki Prefecture,1020 Hiraisocho Hitachinaka,,,http://www.tripadvisor.com/Hotel_Review-g780841-d1059305-Reviews-Minshuku_Shirato_Bekkan_Marin_House_San-Hitachinaka_Ibaraki_Prefecture_Kanto.html
Toraya Ryokan,311-1202,Ibaraki Prefecture,4647-1 Isozakicho Hitachinaka,,,http://www.tripadvisor.com/Hotel_Review-g780841-d1059307-Reviews-Toraya_Ryokan-Hitachinaka_Ibaraki_Prefecture_Kanto.html
Hinodeso,311-1201,Ibaraki Prefecture,170 Ajigauracho Hitachinaka,,,http://www.tripadvisor.com/Hotel_Review-g780841-d1059309-Reviews-Hinodeso-Hitachinaka_Ibaraki_Prefecture_Kanto.html
Business Hotel Hitachinaka,312-0024,Ibaraki Prefecture,2907-5 Katsukura Hitachinaka,,$,http://www.tripadvisor.com/Hotel_Review-g780841-d1086472-Reviews-Business_Hotel_Hitachinaka-Hitachinaka_Ibaraki_Prefecture_Kanto.html
Hotel Crystal Plaza,312-0045,Ibaraki Prefecture,3-4 Katsudachuo Hitachinaka,,$,http://www.tripadvisor.com/Hotel_Review-g780841-d1086514-Reviews-Hotel_Crystal_Plaza-Hitachinaka_Ibaraki_Prefecture_Kanto.html
Ryokan Kagayaki Sou,312-0052,Ibaraki Prefecture,1-4-13 Higashiishikawa Hitachinaka,,,http://www.tripadvisor.com/Hotel_Review-g780841-d1086520-Reviews-Ryokan_Kagayaki_Sou-Hitachinaka_Ibaraki_Prefecture_Kanto.html
Hamadakan,311-1201,Ibaraki Prefecture,4 Ajigauracho Hitachinaka,,,http://www.tripadvisor.com/Hotel_Review-g780841-d1123380-Reviews-Hamadakan-Hitachinaka_Ibaraki_Prefecture_Kanto.html
Kasuga Hotel,311-1221 ,Ibaraki Prefecture,11-4 Minatohoncho Hitachinaka,10,$$,http://www.tripadvisor.com/Hotel_Review-g780841-d1123381-Reviews-Kasuga_Hotel-Hitachinaka_Ibaraki_Prefecture_Kanto.html
Daikokuya,311-1201 ,Ibaraki Prefecture,6 Ajigaura-cho Hitachinaka,,,http://www.tripadvisor.com/Hotel_Review-g780841-d1123383-Reviews-Daikokuya-Hitachinaka_Ibaraki_Prefecture_Kanto.html
Furusato,311-1201 ,Ibaraki Prefecture,663 Ajigaura-cho Hitachinaka,,$,http://www.tripadvisor.com/Hotel_Review-g780841-d1123384-Reviews-Furusato-Hitachinaka_Ibaraki_Prefecture_Kanto.html
Chisun Inn Hitachinaka,312-0063,Ibaraki Prefecture,950-11 Tabiko Hitachinaka,92,$,http://www.tripadvisor.com/Hotel_Review-g780841-d1506884-Reviews-Chisun_Inn_Hitachinaka-Hitachinaka_Ibaraki_Prefecture_Kanto.html
Hotel Crown Hills Katsuta,312-0047,Ibaraki Prefecture,11-6 Omotecho Hitachinaka,,$,http://www.tripadvisor.com/Hotel_Review-g780841-d1506885-Reviews-Hotel_Crown_Hills_Katsuta-Hitachinaka_Ibaraki_Prefecture_Kanto.html
Life Inn Katsuta-eki Nishi,312-0025,Ibaraki Prefecture,1118-3 Takeda Hitachinaka,126,$,http://www.tripadvisor.com/Hotel_Review-g780841-d1506887-Reviews-Life_Inn_Katsuta_eki_Nishi-Hitachinaka_Ibaraki_Prefecture_Kanto.html
Katsuta Plaza Business Hotel,312-0044,Ibaraki Prefecture,9-13 Motomachi Hitachinaka,,$,http://www.tripadvisor.com/Hotel_Review-g780841-d1878189-Reviews-Katsuta_Plaza_Business_Hotel-Hitachinaka_Ibaraki_Prefecture_Kanto.html
Tsuruya Hotel,311-1201,Ibaraki Prefecture,2229-20 Ajigauracho Hitachinaka,,,http://www.tripadvisor.com/Hotel_Review-g780841-d1912540-Reviews-Tsuruya_Hotel-Hitachinaka_Ibaraki_Prefecture_Kanto.html
Kurosesushi,311-1202,Ibaraki Prefecture,4100-2 Isozakicho Hitachinaka,,$,http://www.tripadvisor.com/Hotel_Review-g780841-d1912542-Reviews-Kurosesushi-Hitachinaka_Ibaraki_Prefecture_Kanto.html
Brighten Hotel Mimaruya,312-0046,Ibaraki Prefecture,1-14 Katsutaizumicho Hitachinaka,,$,http://www.tripadvisor.com/Hotel_Review-g780841-d1912545-Reviews-Brighten_Hotel_Mimaruya-Hitachinaka_Ibaraki_Prefecture_Kanto.html
Minatokanko Hotel,311-1221,Ibaraki Prefecture,18-25 Minatohoncho Hitachinaka,,,http://www.tripadvisor.com/Hotel_Review-g780841-d2583512-Reviews-Minatokanko_Hotel-Hitachinaka_Ibaraki_Prefecture_Kanto.html
Hakoya Ryokan,312-0011,Ibaraki Prefecture,3484 Nakane Hitachinaka,,,http://www.tripadvisor.com/Hotel_Review-g780841-d2583630-Reviews-Hakoya_Ryokan-Hitachinaka_Ibaraki_Prefecture_Kanto.html
Grandhotel Takeda,312-0046,Ibaraki Prefecture,4-17 Katsutaizumicho Hitachinaka,,,http://www.tripadvisor.com/Hotel_Review-g780841-d2583711-Reviews-Grandhotel_Takeda-Hitachinaka_Ibaraki_Prefecture_Kanto.html
Terrace Inn Katsuta,312-0045,Ibaraki Prefecture,1-3 Katsutachuo Hitachinaka,,$,http://www.tripadvisor.com/Hotel_Review-g780841-d2583852-Reviews-Terrace_Inn_Katsuta-Hitachinaka_Ibaraki_Prefecture_Kanto.html
Ajigaura Club,311-1201,Ibaraki Prefecture,9 Ajigauracho Hitachinaka,,,http://www.tripadvisor.com/Hotel_Review-g780841-d2588892-Reviews-Ajigaura_Club-Hitachinaka_Ibaraki_Prefecture_Kanto.html
Ajigauraryokan Shoueikan,311-1201,Ibaraki Prefecture,58 Ajigauracho Hitachinaka,,,http://www.tripadvisor.com/Hotel_Review-g780841-d2588894-Reviews-Ajigauraryokan_Shoueikan-Hitachinaka_Ibaraki_Prefecture_Kanto.html
Crany Hotel Ohtani,312-0046,Ibaraki Prefecture,5-1 Katsutaizumicho Hitachinaka,,$,http://www.tripadvisor.com/Hotel_Review-g780841-d3405821-Reviews-Crany_Hotel_Ohtani-Hitachinaka_Ibaraki_Prefecture_Kanto.html
Yoshiharu,302-0107,Ibaraki Prefecture,670 Oki Moriya,,$,http://www.tripadvisor.com/Hotel_Review-g1021218-d1057128-Reviews-Yoshiharu-Moriya_Ibaraki_Prefecture_Kanto.html
Toyoko Inn Tsukuba Express Moriya ekimae,302-0115,Ibaraki Prefecture,2-16-9 Chuo Moriya,,$,http://www.tripadvisor.com/Hotel_Review-g1021218-d1497097-Reviews-Toyoko_Inn_Tsukuba_Express_Moriya_ekimae-Moriya_Ibaraki_Prefecture_Kanto.html
Duplex Seminar Hotel,302-0119,Ibaraki Prefecture,4-3-1 Goshogaoka Moriya,,,http://www.tripadvisor.com/Hotel_Review-g1021218-d2583944-Reviews-Duplex_Seminar_Hotel-Moriya_Ibaraki_Prefecture_Kanto.html
Businesshotel Rokugo,319-0107,Ibaraki Prefecture,1796-10 Koiwato Omitama,,$,http://www.tripadvisor.com/Hotel_Review-g1021235-d1884617-Reviews-Businesshotel_Rokugo-Omitama_Ibaraki_Prefecture_Kanto.html
Futatsushima Kankou Hotel,319-1541,Ibaraki Prefecture,2553 Isoharacho Isohara Kitaibaraki,,$$,http://www.tripadvisor.com/Hotel_Review-g780842-d1075223-Reviews-Futatsushima_Kankou_Hotel-Kitaibaraki_Ibaraki_Prefecture_Kanto.html
Jouban Uguisudani Onsen,319-1541,Ibaraki Prefecture,2275 Isoharacho Isohara Kitaibaraki,,$$$,http://www.tripadvisor.com/Hotel_Review-g780842-d1075225-Reviews-Jouban_Uguisudani_Onsen-Kitaibaraki_Ibaraki_Prefecture_Kanto.html
Marutaka Kanko Ryokan,319-1701,Ibaraki Prefecture,243 Hirakatacho Kitaibaraki,,$,http://www.tripadvisor.com/Hotel_Review-g780842-d1075226-Reviews-Marutaka_Kanko_Ryokan-Kitaibaraki_Ibaraki_Prefecture_Kanto.html
Marumitsu,319-1701,Ibaraki Prefecture,235 Hirakatacho Kitaibaraki,,$,http://www.tripadvisor.com/Hotel_Review-g780842-d1075228-Reviews-Marumitsu-Kitaibaraki_Ibaraki_Prefecture_Kanto.html
Central Hotel Isohara,319-1541,Ibaraki Prefecture,"1-242 Isohara, Isohara-cho Kitaibaraki",,$,http://www.tripadvisor.com/Hotel_Review-g780842-d1105565-Reviews-Central_Hotel_Isohara-Kitaibaraki_Ibaraki_Prefecture_Kanto.html
Masuya,319-1701,Ibaraki Prefecture,706 Hirakatacho Kitaibaraki,,,http://www.tripadvisor.com/Hotel_Review-g780842-d1114921-Reviews-Masuya-Kitaibaraki_Ibaraki_Prefecture_Kanto.html
Kanki,319-1701,Ibaraki Prefecture,563-1 Hirakatacho Kitaibaraki,,,http://www.tripadvisor.com/Hotel_Review-g780842-d1114923-Reviews-Kanki-Kitaibaraki_Ibaraki_Prefecture_Kanto.html
Yamani Gosaku,319-1701,Ibaraki Prefecture,273 Hirakata-cho Kitaibaraki,,,http://www.tripadvisor.com/Hotel_Review-g780842-d1114925-Reviews-Yamani_Gosaku-Kitaibaraki_Ibaraki_Prefecture_Kanto.html
Daikanso,319-1703,Ibaraki Prefecture,722 Otsucho Kitaibaraki,,$$$,http://www.tripadvisor.com/Hotel_Review-g780842-d1114927-Reviews-Daikanso-Kitaibaraki_Ibaraki_Prefecture_Kanto.html
Izura,319-1702,Ibaraki Prefecture,726 Otsucho Kitaibaraki,,,http://www.tripadvisor.com/Hotel_Review-g780842-d1114929-Reviews-Izura-Kitaibaraki_Ibaraki_Prefecture_Kanto.html
Minshuku Shizuka,319-1541,Ibaraki Prefecture,198 Isoharacho Isohara Kitaibaraki,,,http://www.tripadvisor.com/Hotel_Review-g780842-d1114931-Reviews-Minshuku_Shizuka-Kitaibaraki_Ibaraki_Prefecture_Kanto.html
Kanposo,319-1702,Ibaraki Prefecture,1839-10 Otsucho Kitaibaraki,,,http://www.tripadvisor.com/Hotel_Review-g780842-d1114953-Reviews-Kanposo-Kitaibaraki_Ibaraki_Prefecture_Kanto.html
Shinohara,319-1701,Ibaraki Prefecture,1061-31 Hirakatacho Kitaibaraki,,,http://www.tripadvisor.com/Hotel_Review-g780842-d1114991-Reviews-Shinohara-Kitaibaraki_Ibaraki_Prefecture_Kanto.html
Shinohara Bekkan,319-1701,Ibaraki Prefecture,552-2 Hirakatacho Kitaibaraki,,,http://www.tripadvisor.com/Hotel_Review-g780842-d1114993-Reviews-Shinohara_Bekkan-Kitaibaraki_Ibaraki_Prefecture_Kanto.html
Hoyokan,319-1701,Ibaraki Prefecture,552 Hirakatacho Kitaibaraki,,,http://www.tripadvisor.com/Hotel_Review-g780842-d1114994-Reviews-Hoyokan-Kitaibaraki_Ibaraki_Prefecture_Kanto.html
Tomonoyu Ryokan,319-1701,Ibaraki Prefecture,493 Hirakatacho Kitaibaraki,,,http://www.tripadvisor.com/Hotel_Review-g780842-d1114997-Reviews-Tomonoyu_Ryokan-Kitaibaraki_Ibaraki_Prefecture_Kanto.html
Isohara Seaside Hotel,319-1541,Ibaraki Prefecture,2550-1 Isohara-cho Isohara Kitaibaraki,29,$$,http://www.tripadvisor.com/Hotel_Review-g780842-d1115000-Reviews-Isohara_Seaside_Hotel-Kitaibaraki_Ibaraki_Prefecture_Kanto.html
Green Park Hotel,319-1714,Ibaraki Prefecture,1113 Sekinami-cho Kamiokakami Kitaibaraki,,,http://www.tripadvisor.com/Hotel_Review-g780842-d1115002-Reviews-Green_Park_Hotel-Kitaibaraki_Ibaraki_Prefecture_Kanto.html
Minshuku Akatsukien,319-1701,Ibaraki Prefecture,1538-1 Hirakatacho Kitaibaraki,,,http://www.tripadvisor.com/Hotel_Review-g780842-d1115003-Reviews-Minshuku_Akatsukien-Kitaibaraki_Ibaraki_Prefecture_Kanto.html
Hamasho,319-1701,Ibaraki Prefecture,1482-2 Hirakatacho Kitaibaraki,,$$,http://www.tripadvisor.com/Hotel_Review-g780842-d1115007-Reviews-Hamasho-Kitaibaraki_Ibaraki_Prefecture_Kanto.html
Nagahamaso,319-1703,Ibaraki Prefecture,2082 Otsucho Kitaibaraki,,$$,http://www.tripadvisor.com/Hotel_Review-g780842-d1115009-Reviews-Nagahamaso-Kitaibaraki_Ibaraki_Prefecture_Kanto.html
Fudomaru,319-1702,Ibaraki Prefecture,856-1 Otsucho Kitaibaraki,,,http://www.tripadvisor.com/Hotel_Review-g780842-d1115011-Reviews-Fudomaru-Kitaibaraki_Ibaraki_Prefecture_Kanto.html
Isoharakan,319-1541,Ibaraki Prefecture,190 Isoharachoisohara Kitaibaraki,,,http://www.tripadvisor.com/Hotel_Review-g780842-d1115017-Reviews-Isoharakan-Kitaibaraki_Ibaraki_Prefecture_Kanto.html
Tsukihama-no-Yu,319-1541,Ibaraki Prefecture,200-3 Isohara-cho Isohara Kitaibaraki,20,$$$,http://www.tripadvisor.com/Hotel_Review-g780842-d1115019-Reviews-Tsukihama_no_Yu-Kitaibaraki_Ibaraki_Prefecture_Kanto.html
Mount Akane,319-1538,Ibaraki Prefecture,2747 Hanakawa-cho Azuhata Kitaibaraki,,$$,http://www.tripadvisor.com/Hotel_Review-g780842-d1115022-Reviews-Mount_Akane-Kitaibaraki_Ibaraki_Prefecture_Kanto.html
Shikanoyu Matsuya,319-1715,Ibaraki Prefecture,1435 Sekinami-cho Kamioka Shimo Kitaibaraki,,$,http://www.tripadvisor.com/Hotel_Review-g780842-d1123548-Reviews-Shikanoyu_Matsuya-Kitaibaraki_Ibaraki_Prefecture_Kanto.html
Sankaikan,319-1541 ,Ibaraki Prefecture,196 Isoharacho Isohara Kitaibaraki,20,,http://www.tripadvisor.com/Hotel_Review-g780842-d1140311-Reviews-Sankaikan-Kitaibaraki_Ibaraki_Prefecture_Kanto.html
Minshuku Komatsu,319-1701,Ibaraki Prefecture,1582-1 Hirakatacho Kitaibaraki,,,http://www.tripadvisor.com/Hotel_Review-g780842-d1878173-Reviews-Minshuku_Komatsu-Kitaibaraki_Ibaraki_Prefecture_Kanto.html
Higashihama,319-1555,Ibaraki Prefecture,83-22 Nakagocho Onoyasashi Kitaibaraki,,,http://www.tripadvisor.com/Hotel_Review-g780842-d1912547-Reviews-Higashihama-Kitaibaraki_Ibaraki_Prefecture_Kanto.html
Itsuura Kanko Hotel,319-1702,Ibaraki Prefecture,722 Otsucho Kitaibaraki,,$$$,http://www.tripadvisor.com/Hotel_Review-g780842-d1989104-Reviews-Itsuura_Kanko_Hotel-Kitaibaraki_Ibaraki_Prefecture_Kanto.html
Minshuku Shiokazesou,319-1702,Ibaraki Prefecture,718-8 Otsucho Kitaibaraki,,,http://www.tripadvisor.com/Hotel_Review-g780842-d2588878-Reviews-Minshuku_Shiokazesou-Kitaibaraki_Ibaraki_Prefecture_Kanto.html
Kanehisa,319-1701,Ibaraki Prefecture,1576-3 Hirakatacho Kitaibaraki,,,http://www.tripadvisor.com/Hotel_Review-g780842-d6592729-Reviews-Kanehisa-Kitaibaraki_Ibaraki_Prefecture_Kanto.html
Kujigawa Green Hotel,319-3111,Ibaraki Prefecture,4933 Yamagata Hitachiomiya,,,http://www.tripadvisor.com/Hotel_Review-g1021219-d1138939-Reviews-Kujigawa_Green_Hotel-Hitachiomiya_Ibaraki_Prefecture_Kanto.html
Rock Hill Golf Club,319-2401,Ibaraki Prefecture,"5374-5, Kamiose Hitachiomiya",,,http://www.tripadvisor.com/Hotel_Review-g1021219-d1884611-Reviews-Rock_Hill_Golf_Club-Hitachiomiya_Ibaraki_Prefecture_Kanto.html
Hotel Ayutei,319-3112,Ibaraki Prefecture,4-2 Onuki Hitachiomiya,,,http://www.tripadvisor.com/Hotel_Review-g1021219-d2034855-Reviews-Hotel_Ayutei-Hitachiomiya_Ibaraki_Prefecture_Kanto.html
Mana Hotel,319-2225,Ibaraki Prefecture,168 Nishishiogo Hitachiomiya,,,http://www.tripadvisor.com/Hotel_Review-g1021219-d2584457-Reviews-Mana_Hotel-Hitachiomiya_Ibaraki_Prefecture_Kanto.html
Yunosawakousen,319-3111,Ibaraki Prefecture,4849 Yamagata Hitachiomiya,,$,http://www.tripadvisor.com/Hotel_Review-g1021219-d2588881-Reviews-Yunosawakousen-Hitachiomiya_Ibaraki_Prefecture_Kanto.html
Kobayashi Ryokan,319-2254,Ibaraki Prefecture,15 Kitacho Hitachiomiya,,,http://www.tripadvisor.com/Hotel_Review-g1021219-d3154541-Reviews-Kobayashi_Ryokan-Hitachiomiya_Ibaraki_Prefecture_Kanto.html
Shoya Yamaguchi,311-3112,Ibaraki Prefecture,473 Tokoi Ibaraki-machi,,$$,http://www.tripadvisor.com/Hotel_Review-g1121030-d1139142-Reviews-Shoya_Yamaguchi-Ibaraki_machi_Higashiibaraki_gun_Ibaraki_Prefecture_Kanto.html
Nakataya Ryokan,311-3107,Ibaraki Prefecture,100 Kozuru Ibaraki-machi,,$,http://www.tripadvisor.com/Hotel_Review-g1121030-d1506824-Reviews-Nakataya_Ryokan-Ibaraki_machi_Higashiibaraki_gun_Ibaraki_Prefecture_Kanto.html
Minshuku Hamanoyu,311-1301,Ibaraki Prefecture,1026 Isohama-cho Oarai-machi,,$,http://www.tripadvisor.com/Hotel_Review-g1121031-d1139296-Reviews-Minshuku_Hamanoyu-Oarai_machi_Higashiibaraki_gun_Ibaraki_Prefecture_Kanto.html
Hinojiri Ryokan,311-1301,Ibaraki Prefecture,6879-6 Isohama-cho Oarai-machi,,$$$,http://www.tripadvisor.com/Hotel_Review-g1121031-d1139298-Reviews-Hinojiri_Ryokan-Oarai_machi_Higashiibaraki_gun_Ibaraki_Prefecture_Kanto.html
Hotel Oarai Marine-kan,311-1311,Ibaraki Prefecture,357 Onukicho Oarai-machi,,$,http://www.tripadvisor.com/Hotel_Review-g1121031-d1139299-Reviews-Hotel_Oarai_Marine_kan-Oarai_machi_Higashiibaraki_gun_Ibaraki_Prefecture_Kanto.html
Kanpo no Yado Oarai,311-1301,Ibaraki Prefecture,7986-2 Isohama-cho Oarai-machi,,$$,http://www.tripadvisor.com/Hotel_Review-g1121031-d1139301-Reviews-Kanpo_no_Yado_Oarai-Oarai_machi_Higashiibaraki_gun_Ibaraki_Prefecture_Kanto.html
Sakanaya Honten,311-1301,Ibaraki Prefecture,715 Isohama-cho Oarai-machi,,$,http://www.tripadvisor.com/Hotel_Review-g1121031-d1139302-Reviews-Sakanaya_Honten-Oarai_machi_Higashiibaraki_gun_Ibaraki_Prefecture_Kanto.html
Sakanaya Inkyo,311-1301,Ibaraki Prefecture,675 Isohama-cho Oarai-machi,,,http://www.tripadvisor.com/Hotel_Review-g1121031-d1139309-Reviews-Sakanaya_Inkyo-Oarai_machi_Higashiibaraki_gun_Ibaraki_Prefecture_Kanto.html
Minshuku Tobitaso,311-1301 ,Ibaraki Prefecture,8226 Isohama-cho Oarai-machi,,,http://www.tripadvisor.com/Hotel_Review-g1121031-d1139322-Reviews-Minshuku_Tobitaso-Oarai_machi_Higashiibaraki_gun_Ibaraki_Prefecture_Kanto.html
Oarai Hotel,311-1301,Ibaraki Prefecture,6881 Isohama-cho Oarai-machi,99,$$$,http://www.tripadvisor.com/Hotel_Review-g1121031-d1139324-Reviews-Oarai_Hotel-Oarai_machi_Higashiibaraki_gun_Ibaraki_Prefecture_Kanto.html
Oarai Park Hotel,311-1301,Ibaraki Prefecture,8249-7 Isohama-cho Oarai-machi,,$,http://www.tripadvisor.com/Hotel_Review-g1121031-d1139325-Reviews-Oarai_Park_Hotel-Oarai_machi_Higashiibaraki_gun_Ibaraki_Prefecture_Kanto.html
Oarai Seaside Hotel,311-1301,Ibaraki Prefecture,6881 Isohama-cho Oarai-machi,48,$$$,http://www.tripadvisor.com/Hotel_Review-g1121031-d1139326-Reviews-Oarai_Seaside_Hotel-Oarai_machi_Higashiibaraki_gun_Ibaraki_Prefecture_Kanto.html
Pension Celeb,311-1301,Ibaraki Prefecture,8226-6 Isohama-cho Oarai-machi,,,http://www.tripadvisor.com/Hotel_Review-g1121031-d1139330-Reviews-Pension_Celeb-Oarai_machi_Higashiibaraki_gun_Ibaraki_Prefecture_Kanto.html
Resort Oarai Matsumoto,311-1311,Ibaraki Prefecture,64-83 Onuki-cho Oarai-machi,,$$,http://www.tripadvisor.com/Hotel_Review-g1121031-d1139338-Reviews-Resort_Oarai_Matsumoto-Oarai_machi_Higashiibaraki_gun_Ibaraki_Prefecture_Kanto.html
Ryokan Minamiso,311-1307,Ibaraki Prefecture,445 Sakuramichi Oarai-machi,,$,http://www.tripadvisor.com/Hotel_Review-g1121031-d1139341-Reviews-Ryokan_Minamiso-Oarai_machi_Higashiibaraki_gun_Ibaraki_Prefecture_Kanto.html
Sailers,311-1311,Ibaraki Prefecture,163-6 Onukicho Oarai-machi,,$,http://www.tripadvisor.com/Hotel_Review-g1121031-d1139342-Reviews-Sailers-Oarai_machi_Higashiibaraki_gun_Ibaraki_Prefecture_Kanto.html
Shirahamaso,311-1301,Ibaraki Prefecture,6863 Isohama-cho Oarai-machi,,$$,http://www.tripadvisor.com/Hotel_Review-g1121031-d1139343-Reviews-Shirahamaso-Oarai_machi_Higashiibaraki_gun_Ibaraki_Prefecture_Kanto.html
Sawaya,311-1311,Ibaraki Prefecture,64 Onukicho Oarai-machi,,$,http://www.tripadvisor.com/Hotel_Review-g1121031-d1506863-Reviews-Sawaya-Oarai_machi_Higashiibaraki_gun_Ibaraki_Prefecture_Kanto.html
Unzen,311-1303,Ibaraki Prefecture,17-2 Tokodai Oarai-machi,,,http://www.tripadvisor.com/Hotel_Review-g1121031-d1506864-Reviews-Unzen-Oarai_machi_Higashiibaraki_gun_Ibaraki_Prefecture_Kanto.html
Oarai Kanko Hotel,311-1301,Ibaraki Prefecture,1015 Isohamacho Oarai-machi,,,http://www.tripadvisor.com/Hotel_Review-g1121031-d1506866-Reviews-Oarai_Kanko_Hotel-Oarai_machi_Higashiibaraki_gun_Ibaraki_Prefecture_Kanto.html
Hotel Hashimoto,311-1311,Ibaraki Prefecture,256-3 Onukicho Oarai-machi,,,http://www.tripadvisor.com/Hotel_Review-g1121031-d1506869-Reviews-Hotel_Hashimoto-Oarai_machi_Higashiibaraki_gun_Ibaraki_Prefecture_Kanto.html
Fukumotorou,311-1301,Ibaraki Prefecture,836 Isohamacho Oarai-machi,,,http://www.tripadvisor.com/Hotel_Review-g1121031-d1506870-Reviews-Fukumotorou-Oarai_machi_Higashiibaraki_gun_Ibaraki_Prefecture_Kanto.html
Minshuku Yogoro,311-1311,Ibaraki Prefecture,3 Onukicho Oarai-machi,,,http://www.tripadvisor.com/Hotel_Review-g1121031-d1506871-Reviews-Minshuku_Yogoro-Oarai_machi_Higashiibaraki_gun_Ibaraki_Prefecture_Kanto.html
Pension Fujimoto,311-1313,Ibaraki Prefecture,4286 Naritacho Oarai-machi,,,http://www.tripadvisor.com/Hotel_Review-g1121031-d1506873-Reviews-Pension_Fujimoto-Oarai_machi_Higashiibaraki_gun_Ibaraki_Prefecture_Kanto.html
Tokoen,311-1301,Ibaraki Prefecture,"8244-7, Isohama Oarai-machi",,,http://www.tripadvisor.com/Hotel_Review-g1121031-d1884621-Reviews-Tokoen-Oarai_machi_Higashiibaraki_gun_Ibaraki_Prefecture_Kanto.html
New Sakaeya,311-1311,Ibaraki Prefecture,"64-371, Onukicho Oarai-machi",,$,http://www.tripadvisor.com/Hotel_Review-g1121031-d1884625-Reviews-New_Sakaeya-Oarai_machi_Higashiibaraki_gun_Ibaraki_Prefecture_Kanto.html
Oarai Yamaguchiro,311-1301,Ibaraki Prefecture,"8249-4, Isohamacho Oarai-machi",,,http://www.tripadvisor.com/Hotel_Review-g1121031-d1884628-Reviews-Oarai_Yamaguchiro-Oarai_machi_Higashiibaraki_gun_Ibaraki_Prefecture_Kanto.html
Oarai Golf Club Lodge,311-1301,Ibaraki Prefecture,8231-1 Isohamacho Oarai-machi,,,http://www.tripadvisor.com/Hotel_Review-g1121031-d1898752-Reviews-Oarai_Golf_Club_Lodge-Oarai_machi_Higashiibaraki_gun_Ibaraki_Prefecture_Kanto.html
Irifune,311-1301,Ibaraki Prefecture,8252-9 Isohamacho Oarai-machi,,$,http://www.tripadvisor.com/Hotel_Review-g1121031-d1924101-Reviews-Irifune-Oarai_machi_Higashiibaraki_gun_Ibaraki_Prefecture_Kanto.html
Ryokan minsyuku daikansou,311-1311,Ibaraki Prefecture,27 Onukicho Oarai-machi,,$$,http://www.tripadvisor.com/Hotel_Review-g1121031-d1924103-Reviews-Ryokan_minsyuku_daikansou-Oarai_machi_Higashiibaraki_gun_Ibaraki_Prefecture_Kanto.html
Ryikanminsyuku tabitoyo,311-1301,Ibaraki Prefecture,518 Isohamacho Oarai-machi,,$,http://www.tripadvisor.com/Hotel_Review-g1121031-d1924104-Reviews-Ryikanminsyuku_tabitoyo-Oarai_machi_Higashiibaraki_gun_Ibaraki_Prefecture_Kanto.html
Minsyukuryukan isoya,311-1301,Ibaraki Prefecture,6888 Isohamacho Oarai-machi,,$$,http://www.tripadvisor.com/Hotel_Review-g1121031-d1924105-Reviews-Minsyukuryukan_isoya-Oarai_machi_Higashiibaraki_gun_Ibaraki_Prefecture_Kanto.html
Gyoraian,311-1301,Ibaraki Prefecture,6885 Isohamacho Oarai-machi,,,http://www.tripadvisor.com/Hotel_Review-g1121031-d2019806-Reviews-Gyoraian-Oarai_machi_Higashiibaraki_gun_Ibaraki_Prefecture_Kanto.html
Oshotei, 311-1301,Ibaraki Prefecture,"8179-5, Isohamacho Oarai-machi",,,http://www.tripadvisor.com/Hotel_Review-g1121031-d2101587-Reviews-Oshotei-Oarai_machi_Higashiibaraki_gun_Ibaraki_Prefecture_Kanto.html
Ryokan Kobayashiro,311-1301,Ibaraki Prefecture,6880 Isohamacho Oarai-machi,,$$,http://www.tripadvisor.com/Hotel_Review-g1121031-d2260344-Reviews-Ryokan_Kobayashiro-Oarai_machi_Higashiibaraki_gun_Ibaraki_Prefecture_Kanto.html
Satomitei Kinparo Hontei,311-1301,Ibaraki Prefecture,6883 Isohamacho Oarai-machi,8,$$$$,http://www.tripadvisor.com/Hotel_Review-g1121031-d2526833-Reviews-Satomitei_Kinparo_Hontei-Oarai_machi_Higashiibaraki_gun_Ibaraki_Prefecture_Kanto.html
Minshuku Shoeiso,311-1311,Ibaraki Prefecture,256-7 Onukicho Oarai-machi,,,http://www.tripadvisor.com/Hotel_Review-g1121031-d2527441-Reviews-Minshuku_Shoeiso-Oarai_machi_Higashiibaraki_gun_Ibaraki_Prefecture_Kanto.html
Ocean view Oarai,311-1303,Ibaraki Prefecture,8234-1 Tokodai Oarai-machi,,,http://www.tripadvisor.com/Hotel_Review-g1121031-d2527447-Reviews-Ocean_view_Oarai-Oarai_machi_Higashiibaraki_gun_Ibaraki_Prefecture_Kanto.html
Minshuku Hamanoya,311-1311,Ibaraki Prefecture,78 Onukicho Oarai-machi,,$,http://www.tripadvisor.com/Hotel_Review-g1121031-d4341833-Reviews-Minshuku_Hamanoya-Oarai_machi_Higashiibaraki_gun_Ibaraki_Prefecture_Kanto.html
Ryokan Ayame,311-4303,Ibaraki Prefecture,1168 Ishitsuka Shirosato-machi,,,http://www.tripadvisor.com/Hotel_Review-g1121032-d1884632-Reviews-Ryokan_Ayame-Shirosato_machi_Higashiibaraki_gun_Ibaraki_Prefecture_Kanto.html
Hotel Castle Village,311-4407,Ibaraki Prefecture,"436-1, Tokura Shirosato-machi",,$$,http://www.tripadvisor.com/Hotel_Review-g1121032-d1884634-Reviews-Hotel_Castle_Village-Shirosato_machi_Higashiibaraki_gun_Ibaraki_Prefecture_Kanto.html
Hotel Oyamajyou,311-4344,Ibaraki Prefecture,2305-2 Awayama Shirosato-machi,,,http://www.tripadvisor.com/Hotel_Review-g1121032-d2584280-Reviews-Hotel_Oyamajyou-Shirosato_machi_Higashiibaraki_gun_Ibaraki_Prefecture_Kanto.html
Ishioka Plaza Hotel,315-0014,Ibaraki Prefecture,1-6-33 Kokufu Ishioka,,$,http://www.tripadvisor.com/Hotel_Review-g780844-d1058707-Reviews-Ishioka_Plaza_Hotel-Ishioka_Ibaraki_Prefecture_Kanto.html
Hotel Hashimotoro,315-0013,Ibaraki Prefecture,2-1-29 Fuchu Ishioka,,$,http://www.tripadvisor.com/Hotel_Review-g780844-d1058709-Reviews-Hotel_Hashimotoro-Ishioka_Ibaraki_Prefecture_Kanto.html
Hotel Grand Mariage,315-0014 ,Ibaraki Prefecture,1-1 Kokuhu Ishioka,,,http://www.tripadvisor.com/Hotel_Review-g780844-d1086554-Reviews-Hotel_Grand_Mariage-Ishioka_Ibaraki_Prefecture_Kanto.html
Ryokan Harumi,315-0014 ,Ibaraki Prefecture,1-3-14 Kokuhu Ishioka,,,http://www.tripadvisor.com/Hotel_Review-g780844-d1086568-Reviews-Ryokan_Harumi-Ishioka_Ibaraki_Prefecture_Kanto.html
Tsukubane,315-0155 ,Ibaraki Prefecture,2132-50 Obata Ishioka,,,http://www.tripadvisor.com/Hotel_Review-g780844-d4044617-Reviews-Tsukubane-Ishioka_Ibaraki_Prefecture_Kanto.html
Shizu Hills Resort Hotel,319-2106,Ibaraki Prefecture,1678 Shizu Naka,,$,http://www.tripadvisor.com/Hotel_Review-g1021220-d1057124-Reviews-Shizu_Hills_Resort_Hotel-Naka_Ibaraki_Prefecture_Kanto.html
Makiba,319-2102,Ibaraki Prefecture,1723-2 Uruzura Naka,,,http://www.tripadvisor.com/Hotel_Review-g1021220-d1841164-Reviews-Makiba-Naka_Ibaraki_Prefecture_Kanto.html
Park Hotel Azuma,319-1112,Ibaraki Prefecture,661 Muramatsu Tokai-mura,,$,http://www.tripadvisor.com/Hotel_Review-g1121033-d1139351-Reviews-Park_Hotel_Azuma-Tokai_mura_Naka_gun_Ibaraki_Prefecture_Kanto.html
Ryokan Seigetsu,319-1112,Ibaraki Prefecture,9-2 Muramatsu Tokai-mura,,,http://www.tripadvisor.com/Hotel_Review-g1121033-d1139352-Reviews-Ryokan_Seigetsu-Tokai_mura_Naka_gun_Ibaraki_Prefecture_Kanto.html
Tokai Royal Hotel,319-1106,Ibaraki Prefecture,1752-36 Shirakata Tokai-mura,,,http://www.tripadvisor.com/Hotel_Review-g1121033-d1439245-Reviews-Tokai_Royal_Hotel-Tokai_mura_Naka_gun_Ibaraki_Prefecture_Kanto.html
Sakuraya Ryokan,319-1112,Ibaraki Prefecture,31-1 Muramatsu Tokai-mura,,,http://www.tripadvisor.com/Hotel_Review-g1121033-d1506874-Reviews-Sakuraya_Ryokan-Tokai_mura_Naka_gun_Ibaraki_Prefecture_Kanto.html
Umeharayaryokan,319-1112,Ibaraki Prefecture,"25-1, Muramatsu Tokai-mura",,,http://www.tripadvisor.com/Hotel_Review-g1121033-d1884638-Reviews-Umeharayaryokan-Tokai_mura_Naka_gun_Ibaraki_Prefecture_Kanto.html
Business Kurata,319-1111,Ibaraki Prefecture,"336-1, Funaishikawa Tokai-mura",,,http://www.tripadvisor.com/Hotel_Review-g1121033-d2026562-Reviews-Business_Kurata-Tokai_mura_Naka_gun_Ibaraki_Prefecture_Kanto.html
Yuki Daiichi Hotel,307-0001,Ibaraki Prefecture,13508-1 Yuki Yuki,110,$,http://www.tripadvisor.com/Hotel_Review-g1021207-d1056972-Reviews-Yuki_Daiichi_Hotel-Yuki_Ibaraki_Prefecture_Kanto.html
Hotel Route-Inn Yuki,307-0052,Ibaraki Prefecture,1-1-9 Chuocho Yuki,,$,http://www.tripadvisor.com/Hotel_Review-g1021207-d1056973-Reviews-Hotel_Route_Inn_Yuki-Yuki_Ibaraki_Prefecture_Kanto.html
Yuki Garden,307-0001,Ibaraki Prefecture,12389 Yuki Yuki,,$$,http://www.tripadvisor.com/Hotel_Review-g1021207-d1056975-Reviews-Yuki_Garden-Yuki_Ibaraki_Prefecture_Kanto.html
Yukikan,307-0001,Ibaraki Prefecture,7584 Yuki Yuki,,$,http://www.tripadvisor.com/Hotel_Review-g1021207-d1056977-Reviews-Yukikan-Yuki_Ibaraki_Prefecture_Kanto.html
Kakureya,300-1415,Ibaraki Prefecture,1645 Nakayama Inashiki,,$$,http://www.tripadvisor.com/Hotel_Review-g1021222-d1058717-Reviews-Kakureya-Inashiki_Ibaraki_Prefecture_Kanto.html
Omoide Romankan,319-3523,Ibaraki Prefecture,978 Fukuroda Daigo-machi,,$$,http://www.tripadvisor.com/Hotel_Review-g1121034-d1125971-Reviews-Omoide_Romankan-Daigo_machi_Kuji_gun_Ibaraki_Prefecture_Kanto.html
Hotel Village,319-3512,Ibaraki Prefecture,3090 Konamase Daigo-machi,,$$,http://www.tripadvisor.com/Hotel_Review-g1121034-d1139354-Reviews-Hotel_Village-Daigo_machi_Kuji_gun_Ibaraki_Prefecture_Kanto.html
Hotel Okukujikan,319-3551,Ibaraki Prefecture,2369-3 Ikeda Daigo-machi,,$,http://www.tripadvisor.com/Hotel_Review-g1121034-d1139355-Reviews-Hotel_Okukujikan-Daigo_machi_Kuji_gun_Ibaraki_Prefecture_Kanto.html
Kamiogawa Leisure Pension,319-3361,Ibaraki Prefecture,4368 Korofuji Daigo-machi,,$,http://www.tripadvisor.com/Hotel_Review-g1121034-d1139357-Reviews-Kamiogawa_Leisure_Pension-Daigo_machi_Kuji_gun_Ibaraki_Prefecture_Kanto.html
Honen Mansaku,319-3523,Ibaraki Prefecture,169-3 Fukuroda Daigo-machi,,$$$,http://www.tripadvisor.com/Hotel_Review-g1121034-d1139358-Reviews-Honen_Mansaku-Daigo_machi_Kuji_gun_Ibaraki_Prefecture_Kanto.html
Takimikan,319-3523,Ibaraki Prefecture,21-2 Fukuroda Daigo-machi,,$,http://www.tripadvisor.com/Hotel_Review-g1121034-d1506875-Reviews-Takimikan-Daigo_machi_Kuji_gun_Ibaraki_Prefecture_Kanto.html
Hotel Kajikaen,319-3523,Ibaraki Prefecture,2129 Fukuroda Daigo-machi,,,http://www.tripadvisor.com/Hotel_Review-g1121034-d1506876-Reviews-Hotel_Kajikaen-Daigo_machi_Kuji_gun_Ibaraki_Prefecture_Kanto.html
Tamaya Ryokan,319-3526,Ibaraki Prefecture,718 Daigo Daigo-machi,,,http://www.tripadvisor.com/Hotel_Review-g1121034-d1790936-Reviews-Tamaya_Ryokan-Daigo_machi_Kuji_gun_Ibaraki_Prefecture_Kanto.html
River Side Okukuji Fukujuso,319-3551,Ibaraki Prefecture,2694 Ikeda Daigo-machi,,,http://www.tripadvisor.com/Hotel_Review-g1121034-d1878203-Reviews-River_Side_Okukuji_Fukujuso-Daigo_machi_Kuji_gun_Ibaraki_Prefecture_Kanto.html
Sakaeya Ryokan,319-3523 ,Ibaraki Prefecture,2073-1 Fukuroda Daigo-machi,,,http://www.tripadvisor.com/Hotel_Review-g1121034-d2034856-Reviews-Sakaeya_Ryokan-Daigo_machi_Kuji_gun_Ibaraki_Prefecture_Kanto.html
Logterrace Wanigafuchi,319-3524,Ibaraki Prefecture,1471 Shimotsuhara Daigo-machi,,$$,http://www.tripadvisor.com/Hotel_Review-g1121034-d2584524-Reviews-Logterrace_Wanigafuchi-Daigo_machi_Kuji_gun_Ibaraki_Prefecture_Kanto.html
Suzukiya Ryokan,319-3555,Ibaraki Prefecture,2252 Shimonomiya Daigo-machi,,$,http://www.tripadvisor.com/Hotel_Review-g1121034-d2588887-Reviews-Suzukiya_Ryokan-Daigo_machi_Kuji_gun_Ibaraki_Prefecture_Kanto.html
Yamizo,319-3552,Ibaraki Prefecture,524-2 Yada Daigo-machi,,,http://www.tripadvisor.com/Hotel_Review-g1121034-d6916023-Reviews-Yamizo-Daigo_machi_Kuji_gun_Ibaraki_Prefecture_Kanto.html
Business Sanuki Daiichi Hotel,301-0032,Ibaraki Prefecture,3-20-4 Sanuki Ryugasaki,,$,http://www.tripadvisor.com/Hotel_Review-g1021208-d1057086-Reviews-Business_Sanuki_Daiichi_Hotel-Ryugasaki_Ibaraki_Prefecture_Kanto.html
Sunrise Hotel,301-0012,Ibaraki Prefecture,2911 Kamimachi Ryugasaki,,$,http://www.tripadvisor.com/Hotel_Review-g1021208-d1057088-Reviews-Sunrise_Hotel-Ryugasaki_Ibaraki_Prefecture_Kanto.html
Ryugasaki Plaza Hotel,301-0032,Ibaraki Prefecture,3-6-2 Sanuki Ryugasaki,41,$,http://www.tripadvisor.com/Hotel_Review-g1021208-d1057091-Reviews-Ryugasaki_Plaza_Hotel-Ryugasaki_Ibaraki_Prefecture_Kanto.html
Business Hotel Daikyo,301-0032,Ibaraki Prefecture,4-1-15 Sanuki Ryugasaki,,$,http://www.tripadvisor.com/Hotel_Review-g1021208-d1057098-Reviews-Business_Hotel_Daikyo-Ryugasaki_Ibaraki_Prefecture_Kanto.html
Kisen,301-0824,Ibaraki Prefecture,2981 Shitamachi Ryugasaki,,,http://www.tripadvisor.com/Hotel_Review-g1021208-d1086656-Reviews-Kisen-Ryugasaki_Ibaraki_Prefecture_Kanto.html
Sanuki City Hotel,301-0032,Ibaraki Prefecture,1-8-9 Sanuki Ryugasaki,,$,http://www.tripadvisor.com/Hotel_Review-g1021208-d1086696-Reviews-Sanuki_City_Hotel-Ryugasaki_Ibaraki_Prefecture_Kanto.html
Ryugasaki Plaza Hotel Shin-kan,301-0033,Ibaraki Prefecture,645-1 Sanukimachi Ryugasaki,,$,http://www.tripadvisor.com/Hotel_Review-g1021208-d1506803-Reviews-Ryugasaki_Plaza_Hotel_Shin_kan-Ryugasaki_Ibaraki_Prefecture_Kanto.html
Hotel Shinto,308-0041,Ibaraki Prefecture,834 Otsu Chikusei,,$,http://www.tripadvisor.com/Hotel_Review-g1021223-d1048877-Reviews-Hotel_Shinto-Chikusei_Ibaraki_Prefecture_Kanto.html
Business Hotel Santa,308-0041,Ibaraki Prefecture,1022 Otsu Chikusei,,$,http://www.tripadvisor.com/Hotel_Review-g1021223-d1048881-Reviews-Business_Hotel_Santa-Chikusei_Ibaraki_Prefecture_Kanto.html
Heisei Hotel,308-0856,Ibaraki Prefecture,160-8 Isayama Chikusei,,$,http://www.tripadvisor.com/Hotel_Review-g1021223-d1048885-Reviews-Heisei_Hotel-Chikusei_Ibaraki_Prefecture_Kanto.html
Yanome Ryokan,308-0031,Ibaraki Prefecture,195 Hei Chikusei,,,http://www.tripadvisor.com/Hotel_Review-g1021223-d1048886-Reviews-Yanome_Ryokan-Chikusei_Ibaraki_Prefecture_Kanto.html
Hotel Route-Inn Shimodate,308-0054,Ibaraki Prefecture,360-1 Nishiyagai Chikusei,127,$,http://www.tripadvisor.com/Hotel_Review-g1021223-d1048892-Reviews-Hotel_Route_Inn_Shimodate-Chikusei_Ibaraki_Prefecture_Kanto.html
Prince Hotel Takamatsu,308-0054,Ibaraki Prefecture,638 Nishiyagai Chikusei,,,http://www.tripadvisor.com/Hotel_Review-g1021223-d1048896-Reviews-Prince_Hotel_Takamatsu-Chikusei_Ibaraki_Prefecture_Kanto.html
Hotel New Tsutaya,308-0041,Ibaraki Prefecture,907-1 Otsu Chikusei,,,http://www.tripadvisor.com/Hotel_Review-g1021223-d1048902-Reviews-Hotel_New_Tsutaya-Chikusei_Ibaraki_Prefecture_Kanto.html
Ryokan New Home,308-0021,Ibaraki Prefecture,727 Ko Chikusei,,,http://www.tripadvisor.com/Hotel_Review-g1021223-d1048906-Reviews-Ryokan_New_Home-Chikusei_Ibaraki_Prefecture_Kanto.html
Family Hotel Kappo Setsue,308-0826,Ibaraki Prefecture,1-2-4 Shimokazaki Chikusei,,,http://www.tripadvisor.com/Hotel_Review-g1021223-d1048923-Reviews-Family_Hotel_Kappo_Setsue-Chikusei_Ibaraki_Prefecture_Kanto.html
Business Ryokan Sansui,308-0856,Ibaraki Prefecture,155-2 Isayama Chikusei,,,http://www.tripadvisor.com/Hotel_Review-g1021223-d1086449-Reviews-Business_Ryokan_Sansui-Chikusei_Ibaraki_Prefecture_Kanto.html
Ryokan Mimasuya,308-0021,Ibaraki Prefecture,851 Ko Chikusei,,,http://www.tripadvisor.com/Hotel_Review-g1021223-d2588874-Reviews-Ryokan_Mimasuya-Chikusei_Ibaraki_Prefecture_Kanto.html
Chisun Inn Tsuchiura Ami,300-0331,Ibaraki Prefecture,3-1-1 Nishigo Ami-machi,92,$,http://www.tripadvisor.com/Hotel_Review-g1121036-d1506880-Reviews-Chisun_Inn_Tsuchiura_Ami-Ami_machi_Inashiki_gun_Ibaraki_Prefecture_Kanto.html
Nakaya Ryokan,304-0067 ,Ibaraki Prefecture,382-1 Shimotsumaotsu Shimotsuma,,,http://www.tripadvisor.com/Hotel_Review-g1021209-d1086710-Reviews-Nakaya_Ryokan-Shimotsuma_Ibaraki_Prefecture_Kanto.html
New Kanan,314-0341,Ibaraki Prefecture,11307-3 Yatabe Kamisu,,,http://www.tripadvisor.com/Hotel_Review-g1021226-d1057629-Reviews-New_Kanan-Kamisu_Ibaraki_Prefecture_Kanto.html
Hotel Journey Road,314-0408,Ibaraki Prefecture,8614 Hasaki Kamisu,,,http://www.tripadvisor.com/Hotel_Review-g1021226-d1057632-Reviews-Hotel_Journey_Road-Kamisu_Ibaraki_Prefecture_Kanto.html
Kashima Central Hotel,314-0144,Ibaraki Prefecture,4-7-11 Onohara Kamisu,,$$,http://www.tripadvisor.com/Hotel_Review-g1021226-d1057637-Reviews-Kashima_Central_Hotel-Kamisu_Ibaraki_Prefecture_Kanto.html
Yokohamaya,314-0112,Ibaraki Prefecture,1-4-18 Shitsutechuo Kamisu,,$,http://www.tripadvisor.com/Hotel_Review-g1021226-d1057838-Reviews-Yokohamaya-Kamisu_Ibaraki_Prefecture_Kanto.html
Kashima Port Hotel,314-0112,Ibaraki Prefecture,1-9-1 Shitsutechuo Kamisu,,$,http://www.tripadvisor.com/Hotel_Review-g1021226-d1057840-Reviews-Kashima_Port_Hotel-Kamisu_Ibaraki_Prefecture_Kanto.html
Kashima Park Hotel,314-0144,Ibaraki Prefecture,4-1-2 Onohara Kamisu,120,$,http://www.tripadvisor.com/Hotel_Review-g1021226-d1057841-Reviews-Kashima_Park_Hotel-Kamisu_Ibaraki_Prefecture_Kanto.html
Kikuya,314-0112,Ibaraki Prefecture,9-9-18 Shitsutechuo Kamisu,,,http://www.tripadvisor.com/Hotel_Review-g1021226-d1057842-Reviews-Kikuya-Kamisu_Ibaraki_Prefecture_Kanto.html
Tosaya,314-0408,Ibaraki Prefecture,9572-108 Hasaki Kamisu,,,http://www.tripadvisor.com/Hotel_Review-g1021226-d1057843-Reviews-Tosaya-Kamisu_Ibaraki_Prefecture_Kanto.html
Takagi,314-0112,Ibaraki Prefecture,10-9-18 Shitsutechuo Kamisu,,,http://www.tripadvisor.com/Hotel_Review-g1021226-d1057844-Reviews-Takagi-Kamisu_Ibaraki_Prefecture_Kanto.html
Okura,314-0144,Ibaraki Prefecture,2-1-17 Onohara Kamisu,,,http://www.tripadvisor.com/Hotel_Review-g1021226-d1058550-Reviews-Okura-Kamisu_Ibaraki_Prefecture_Kanto.html
Shineikan,314-0112,Ibaraki Prefecture,1-4-23 Shitsutechuo Kamisu,,,http://www.tripadvisor.com/Hotel_Review-g1021226-d1058558-Reviews-Shineikan-Kamisu_Ibaraki_Prefecture_Kanto.html
Ogiya,314-0112,Ibaraki Prefecture,10-3-19 Shitsutechuo Kamisu,,$,http://www.tripadvisor.com/Hotel_Review-g1021226-d1058562-Reviews-Ogiya-Kamisu_Ibaraki_Prefecture_Kanto.html
Hotel Wing International Kashima,314-0144,Ibaraki Prefecture,1-24-1 Onohara Kamisu,,$,http://www.tripadvisor.com/Hotel_Review-g1021226-d1058563-Reviews-Hotel_Wing_International_Kashima-Kamisu_Ibaraki_Prefecture_Kanto.html
Best Inn Kashima,314-0135,Ibaraki Prefecture,2-1-23 Horiwari Kamisu,,$,http://www.tripadvisor.com/Hotel_Review-g1021226-d1058565-Reviews-Best_Inn_Kashima-Kamisu_Ibaraki_Prefecture_Kanto.html
Atonpalace Hotel,314-0144,Ibaraki Prefecture,1-12-1 Onohara Kamisu,,$,http://www.tripadvisor.com/Hotel_Review-g1021226-d1058567-Reviews-Atonpalace_Hotel-Kamisu_Ibaraki_Prefecture_Kanto.html
Kashima Central Hotel Shinkan,314-0144,Ibaraki Prefecture,4-7-11 Onohara Kamisu,,$$,http://www.tripadvisor.com/Hotel_Review-g1021226-d1058571-Reviews-Kashima_Central_Hotel_Shinkan-Kamisu_Ibaraki_Prefecture_Kanto.html
Minsyon Yamazaki,314-0408,Ibaraki Prefecture,9573 Hasaki Kamisu,,,http://www.tripadvisor.com/Hotel_Review-g1021226-d1138953-Reviews-Minsyon_Yamazaki-Kamisu_Ibaraki_Prefecture_Kanto.html
Saryo Sunano Sumika,314-0144,Ibaraki Prefecture,1-12-1 Onohara Kamisu,,,http://www.tripadvisor.com/Hotel_Review-g1021226-d1379327-Reviews-Saryo_Sunano_Sumika-Kamisu_Ibaraki_Prefecture_Kanto.html
Kashima Ivy Hotel,314-0132,Ibaraki Prefecture,1666 Tsutsui Kamisu,,$,http://www.tripadvisor.com/Hotel_Review-g1021226-d1506820-Reviews-Kashima_Ivy_Hotel-Kamisu_Ibaraki_Prefecture_Kanto.html
Ryokan Famino,314-0114,Ibaraki Prefecture,1963-23 Nikkawa Kamisu,,,http://www.tripadvisor.com/Hotel_Review-g1021226-d1506821-Reviews-Ryokan_Famino-Kamisu_Ibaraki_Prefecture_Kanto.html
Mini minshuku Uochu,314-0413,Ibaraki Prefecture,8915 Hasaki Kamisu,,,http://www.tripadvisor.com/Hotel_Review-g1021226-d1883880-Reviews-Mini_minshuku_Uochu-Kamisu_Ibaraki_Prefecture_Kanto.html
Kashima Port Hotel Business kan,314-0127,Ibaraki Prefecture,2406-354 Kisaki Kamisu,,,http://www.tripadvisor.com/Hotel_Review-g1021226-d1883881-Reviews-Kashima_Port_Hotel_Business_kan-Kamisu_Ibaraki_Prefecture_Kanto.html
Hatsumiryokan,314-0112,Ibaraki Prefecture,"4-14-11, Shitsutechuo Kamisu",,,http://www.tripadvisor.com/Hotel_Review-g1021226-d1884615-Reviews-Hatsumiryokan-Kamisu_Ibaraki_Prefecture_Kanto.html
Osakaya,314-0112,Ibaraki Prefecture,2-1-38 Shitsute Chuo Kamisu,,$,http://www.tripadvisor.com/Hotel_Review-g1021226-d1914979-Reviews-Osakaya-Kamisu_Ibaraki_Prefecture_Kanto.html
Flat Three Sakaeya,314-0408 ,Ibaraki Prefecture,9572-1 Hasaki Kamisu,,,http://www.tripadvisor.com/Hotel_Review-g1021226-d2034843-Reviews-Flat_Three_Sakaeya-Kamisu_Ibaraki_Prefecture_Kanto.html
Business Ryokan Shinyou,314-0116,Ibaraki Prefecture,6140-10 Okunoya Kamisu,,,http://www.tripadvisor.com/Hotel_Review-g1021226-d2584134-Reviews-Business_Ryokan_Shinyou-Kamisu_Ibaraki_Prefecture_Kanto.html
Ryokan Horiguchi,314-0115,Ibaraki Prefecture,2342-1 Shitte_ Kamisu,,,http://www.tripadvisor.com/Hotel_Review-g1021226-d2588873-Reviews-Ryokan_Horiguchi-Kamisu_Ibaraki_Prefecture_Kanto.html
Resort Inn Aono,314-0408,Ibaraki Prefecture,9102 Hasaki Kamisu,,,http://www.tripadvisor.com/Hotel_Review-g1021226-d4163479-Reviews-Resort_Inn_Aono-Kamisu_Ibaraki_Prefecture_Kanto.html
Oceanfield,314-0252,Ibaraki Prefecture,3889 Yanagawa Kamisu,,,http://www.tripadvisor.com/Hotel_Review-g1021226-d6988027-Reviews-Oceanfield-Kamisu_Ibaraki_Prefecture_Kanto.html
Business Hotel Miyako,306-0431,Ibaraki Prefecture,1137-2 Nishiizumida Sakai-machi,,,http://www.tripadvisor.com/Hotel_Review-g1121040-d1506882-Reviews-Business_Hotel_Miyako-Sakai_machi_Sashima_gun_Ibaraki_Prefecture_Kanto.html
Tonegawa Ryokan,306-0433,Ibaraki Prefecture,Sakai-machi,,$,http://www.tripadvisor.com/Hotel_Review-g1121040-d2588852-Reviews-Tonegawa_Ryokan-Sakai_machi_Sashima_gun_Ibaraki_Prefecture_Kanto.html
Kapporyokan Suzukiya,306-0433,Ibaraki Prefecture,Sakai-machi,,$$,http://www.tripadvisor.com/Hotel_Review-g1121040-d2588853-Reviews-Kapporyokan_Suzukiya-Sakai_machi_Sashima_gun_Ibaraki_Prefecture_Kanto.html
Hotel Route-Inn Mitsukaidoekimae,303-0023,Ibaraki Prefecture,1555-2 Mitsukaidotakara-machi Joso,153,$,http://www.tripadvisor.com/Hotel_Review-g1021211-d1058582-Reviews-Hotel_Route_Inn_Mitsukaidoekimae-Joso_Ibaraki_Prefecture_Kanto.html
Mitsukaido Sky Hotel in Tsukuba,303-0031,Ibaraki Prefecture,1076-2 Mitsukaido Yamadamachi Joso,,$,http://www.tripadvisor.com/Hotel_Review-g1021211-d1058590-Reviews-Mitsukaido_Sky_Hotel_in_Tsukuba-Joso_Ibaraki_Prefecture_Kanto.html
Ishige Sky Hotel in Tsukuba,300-2707,Ibaraki Prefecture,3790 Motoishige Joso,,$,http://www.tripadvisor.com/Hotel_Review-g1021211-d1058594-Reviews-Ishige_Sky_Hotel_in_Tsukuba-Joso_Ibaraki_Prefecture_Kanto.html
Mitsukaido Daichi Hotel,303-0023,Ibaraki Prefecture,2718 Mitsukaidotakaramachi Joso,,$,http://www.tripadvisor.com/Hotel_Review-g1021211-d1058596-Reviews-Mitsukaido_Daichi_Hotel-Joso_Ibaraki_Prefecture_Kanto.html
Koujiya,303-0021,Ibaraki Prefecture,3254-1 Mitsukaidosuwamachi Joso,,$,http://www.tripadvisor.com/Hotel_Review-g1021211-d1058607-Reviews-Koujiya-Joso_Ibaraki_Prefecture_Kanto.html
Kamasen Ryokan,300-2706,Ibaraki Prefecture,210 Shinishige Joso,,$,http://www.tripadvisor.com/Hotel_Review-g1021211-d1058615-Reviews-Kamasen_Ryokan-Joso_Ibaraki_Prefecture_Kanto.html
Business Hotel Mitsukaido,303-0031,Ibaraki Prefecture,1543-3 Mitsukaidoyamada-machi Joso,,,http://www.tripadvisor.com/Hotel_Review-g1021211-d1058620-Reviews-Business_Hotel_Mitsukaido-Joso_Ibaraki_Prefecture_Kanto.html
Nomuraya Ryokan,303-0023,Ibaraki Prefecture,2856 Mitsukaidotakaramachi Joso,,$,http://www.tripadvisor.com/Hotel_Review-g1021211-d1075220-Reviews-Nomuraya_Ryokan-Joso_Ibaraki_Prefecture_Kanto.html
Tsukuba Town Hotel,300-2706,Ibaraki Prefecture,563 Shinishige Joso,,$,http://www.tripadvisor.com/Hotel_Review-g1021211-d1105535-Reviews-Tsukuba_Town_Hotel-Joso_Ibaraki_Prefecture_Kanto.html
Business Hotel Miya,303-0033,Ibaraki Prefecture,2310 Mitsukaidokoyamachi _ Joso,,,http://www.tripadvisor.com/Hotel_Review-g1021211-d2583994-Reviews-Business_Hotel_Miya-Joso_Ibaraki_Prefecture_Kanto.html
