Hotel Nikko Kanazawa,920-0853,Ishikawa Prefecture,2-15-1 Honmachi Kanazawa,254,$$,http://www.tripadvisor.com/Hotel_Review-g298115-d301965-Reviews-Hotel_Nikko_Kanazawa-Kanazawa_Ishikawa_Prefecture_Chubu.html
Kanazawa Excel Hotel Tokyu,920-0961,Ishikawa Prefecture,2-1-1 Korinbo Kanazawa,236,$$,http://www.tripadvisor.com/Hotel_Review-g298115-d305978-Reviews-Kanazawa_Excel_Hotel_Tokyu-Kanazawa_Ishikawa_Prefecture_Chubu.html
APA Hotel Kanazawa Station Square,920-0031,Ishikawa Prefecture,"1-9-28, Hiro'oka Kanazawa",456,$,http://www.tripadvisor.com/Hotel_Review-g298115-d324889-Reviews-APA_Hotel_Kanazawa_Station_Square-Kanazawa_Ishikawa_Prefecture_Chubu.html
Kanazawa City Monde Hotel,920-0911 ,Ishikawa Prefecture,2-10 Hashiba-cho Kanazawa,,$,http://www.tripadvisor.com/Hotel_Review-g298115-d324893-Reviews-Kanazawa_City_Monde_Hotel-Kanazawa_Ishikawa_Prefecture_Chubu.html
Kanazawa Miyako Hotel,920-0852,Ishikawa Prefecture,"6-10, Konohana-cho Kanazawa",193,$,http://www.tripadvisor.com/Hotel_Review-g298115-d324894-Reviews-Kanazawa_Miyako_Hotel-Kanazawa_Ishikawa_Prefecture_Chubu.html
Murataya Ryokan,920-0981,Ishikawa Prefecture,1-5-2 Kata-machi Kanazawa,,$,http://www.tripadvisor.com/Hotel_Review-g298115-d324896-Reviews-Murataya_Ryokan-Kanazawa_Ishikawa_Prefecture_Chubu.html
Yogetsu,920-0831,Ishikawa Prefecture,1-13-22 Higashiyama Kanazawa,,$,http://www.tripadvisor.com/Hotel_Review-g298115-d324897-Reviews-Yogetsu-Kanazawa_Ishikawa_Prefecture_Chubu.html
Holiday Inn ANA Kanazawa Sky,920-0855,Ishikawa Prefecture,15-1 Musashimachi Kanazawa,101,$,http://www.tripadvisor.com/Hotel_Review-g298115-d479499-Reviews-Holiday_Inn_ANA_Kanazawa_Sky-Kanazawa_Ishikawa_Prefecture_Chubu.html
Kanazawa Kokusai Hotel,921-8565,Ishikawa Prefecture,Ru-8 Onuka-machi Kanazawa,100,$,http://www.tripadvisor.com/Hotel_Review-g298115-d479527-Reviews-Kanazawa_Kokusai_Hotel-Kanazawa_Ishikawa_Prefecture_Chubu.html
Castle Inn Kanazawa,920-0852,Ishikawa Prefecture,10-17 Konohana-cho Kanazawa,195,$,http://www.tripadvisor.com/Hotel_Review-g298115-d583201-Reviews-Castle_Inn_Kanazawa-Kanazawa_Ishikawa_Prefecture_Chubu.html
Toyoko Inn Kanazawa Kenrokuen Korinbo,920-0961,Ishikawa Prefecture,2-4-28 Korinbo Kanazawa,422,$,http://www.tripadvisor.com/Hotel_Review-g298115-d604798-Reviews-Toyoko_Inn_Kanazawa_Kenrokuen_Korinbo-Kanazawa_Ishikawa_Prefecture_Chubu.html
APA Hotel Kanazawa Chuo,920-0981,Ishikawa Prefecture,1-5-24 Katamachi Kanazawa,513,$,http://www.tripadvisor.com/Hotel_Review-g298115-d613511-Reviews-APA_Hotel_Kanazawa_Chuo-Kanazawa_Ishikawa_Prefecture_Chubu.html
APA Hotel Kanazawa Katamachi,920-0984,Ishikawa Prefecture,2-21-1 Ikedamachi Kanazawa,132,$,http://www.tripadvisor.com/Hotel_Review-g298115-d628287-Reviews-APA_Hotel_Kanazawa_Katamachi-Kanazawa_Ishikawa_Prefecture_Chubu.html
APA Villa Hotel - Kanazawa Katamachi,920-0981,Ishikawa Prefecture,2-2-13 Kata-machi Kanazawa,42,$,http://www.tripadvisor.com/Hotel_Review-g298115-d628289-Reviews-APA_Villa_Hotel_Kanazawa_Katamachi-Kanazawa_Ishikawa_Prefecture_Chubu.html
APA Hotel Kanazawa Nomachi,921-8031,Ishikawa Prefecture,2-4-22 Nomachi Kanazawa,100,$,http://www.tripadvisor.com/Hotel_Review-g298115-d628290-Reviews-APA_Hotel_Kanazawa_Nomachi-Kanazawa_Ishikawa_Prefecture_Chubu.html
APA Hotel Kanazawa West,920-0362,Ishikawa Prefecture,3-127 Kobu Kanazawa,200,$,http://www.tripadvisor.com/Hotel_Review-g298115-d628291-Reviews-APA_Hotel_Kanazawa_West-Kanazawa_Ishikawa_Prefecture_Chubu.html
Kanazawa Central Hotel,920-0847,Ishikawa Prefecture,4-4 Horikawa-cho Kanazawa,61,$,http://www.tripadvisor.com/Hotel_Review-g298115-d628292-Reviews-Kanazawa_Central_Hotel-Kanazawa_Ishikawa_Prefecture_Chubu.html
Garden Hotel Kanazawa,920-0853,Ishikawa Prefecture,2-16-16 Honmachi Kanazawa,160,$,http://www.tripadvisor.com/Hotel_Review-g298115-d628293-Reviews-Garden_Hotel_Kanazawa-Kanazawa_Ishikawa_Prefecture_Chubu.html
Dormy Inn Kanazawa,920-0849,Ishikawa Prefecture,2-25 Horikawa Shinmachi Kanazawa,304,$,http://www.tripadvisor.com/Hotel_Review-g298115-d1074136-Reviews-Dormy_Inn_Kanazawa-Kanazawa_Ishikawa_Prefecture_Chubu.html
R&B Hotel Kanazawaeki Nishi,920-0031,Ishikawa Prefecture,1-3-31 Hiroka Kanazawa,,$,http://www.tripadvisor.com/Hotel_Review-g298115-d1083012-Reviews-R_B_Hotel_Kanazawaeki_Nishi-Kanazawa_Ishikawa_Prefecture_Chubu.html
Business Hotel Kawaguchi,920-0853,Ishikawa Prefecture,2-6-23 Honmachi Kanazawa,,$,http://www.tripadvisor.com/Hotel_Review-g298115-d1083020-Reviews-Business_Hotel_Kawaguchi-Kanazawa_Ishikawa_Prefecture_Chubu.html
Business Hotel Toraku,921-8013,Ishikawa Prefecture,2-12-16 Shinkanda Kanazawa,,$,http://www.tripadvisor.com/Hotel_Review-g298115-d1083024-Reviews-Business_Hotel_Toraku-Kanazawa_Ishikawa_Prefecture_Chubu.html
Business Hotel Tsutaya,920-0331,Ishikawa Prefecture,Onomachi 5-7 Kanazawa,,,http://www.tripadvisor.com/Hotel_Review-g298115-d1083026-Reviews-Business_Hotel_Tsutaya-Kanazawa_Ishikawa_Prefecture_Chubu.html
Business Kanko Kagaji Hotel,920-0852,Ishikawa Prefecture,4-12 Konohanamachi Kanazawa,,,http://www.tripadvisor.com/Hotel_Review-g298115-d1083027-Reviews-Business_Kanko_Kagaji_Hotel-Kanazawa_Ishikawa_Prefecture_Chubu.html
Kanazawa Chaya,920-0853,Ishikawa Prefecture,2-17-21 Honmachi Kanazawa,,$$,http://www.tripadvisor.com/Hotel_Review-g298115-d1083028-Reviews-Kanazawa_Chaya-Kanazawa_Ishikawa_Prefecture_Chubu.html
Daiwa Roynet Hotel Kanazawa,920-0847,Ishikawa Prefecture,2-20 Horikawashinmachi Kanazawa,208,$,http://www.tripadvisor.com/Hotel_Review-g298115-d1083029-Reviews-Daiwa_Roynet_Hotel_Kanazawa-Kanazawa_Ishikawa_Prefecture_Chubu.html
Crown Hills Kanazawa,920-0981,Ishikawa Prefecture,1-2-44 Katamachi Kanazawa,,$,http://www.tripadvisor.com/Hotel_Review-g298115-d1083030-Reviews-Crown_Hills_Kanazawa-Kanazawa_Ishikawa_Prefecture_Chubu.html
Hotel Econo Higashikanazawa,920-0805,Ishikawa Prefecture,3-28 Koganemachi Kanazawa,,$,http://www.tripadvisor.com/Hotel_Review-g298115-d1083031-Reviews-Hotel_Econo_Higashikanazawa-Kanazawa_Ishikawa_Prefecture_Chubu.html
Hotel Econo Kanawaza Asper,920-0981,Ishikawa Prefecture,2-24-13 Katamachi Kanazawa,,$,http://www.tripadvisor.com/Hotel_Review-g298115-d1083032-Reviews-Hotel_Econo_Kanawaza_Asper-Kanazawa_Ishikawa_Prefecture_Chubu.html
Hotel Econo Kanazawa Ekimae,920-0852,Ishikawa Prefecture,8-8 Konohanamachi Kanazawa,105,$,http://www.tripadvisor.com/Hotel_Review-g298115-d1083033-Reviews-Hotel_Econo_Kanazawa_Ekimae-Kanazawa_Ishikawa_Prefecture_Chubu.html
Hotel Econo Kanazawakatamachi,920-0981,Ishikawa Prefecture,2-23-7 Katamachi Kanazawa,,$,http://www.tripadvisor.com/Hotel_Review-g298115-d1083034-Reviews-Hotel_Econo_Kanazawakatamachi-Kanazawa_Ishikawa_Prefecture_Chubu.html
Hotel Forest Inn Kanazawa,921-8033,Ishikawa Prefecture,5-5-6 Teramachi Kanazawa,32,$,http://www.tripadvisor.com/Hotel_Review-g298115-d1083035-Reviews-Hotel_Forest_Inn_Kanazawa-Kanazawa_Ishikawa_Prefecture_Chubu.html
Hotel Kenrokuso,920-0918,Ishikawa Prefecture,6-40 Oyamamachi Kanazawa,62,$,http://www.tripadvisor.com/Hotel_Review-g298115-d1083036-Reviews-Hotel_Kenrokuso-Kanazawa_Ishikawa_Prefecture_Chubu.html
Hotel New Kitagawa,920-0031,Ishikawa Prefecture,2-7-26 Hiroka Kanazawa,,,http://www.tripadvisor.com/Hotel_Review-g298115-d1083037-Reviews-Hotel_New_Kitagawa-Kanazawa_Ishikawa_Prefecture_Chubu.html
Kanaya,920-1123,Ishikawa Prefecture,56 I Yuwakumachi Kanazawa,,$$,http://www.tripadvisor.com/Hotel_Review-g298115-d1083038-Reviews-Kanaya-Kanazawa_Ishikawa_Prefecture_Chubu.html
Kanazawa Urban Hotel,920-0022,Ishikawa Prefecture,1-14-1 Kitayasue Kanazawa,,,http://www.tripadvisor.com/Hotel_Review-g298115-d1083039-Reviews-Kanazawa_Urban_Hotel-Kanazawa_Ishikawa_Prefecture_Chubu.html
Kanazawa Manten Hotel,920-0022,Ishikawa Prefecture,1-6-1 Kitayasue Kanazawa,509,$,http://www.tripadvisor.com/Hotel_Review-g298115-d1083040-Reviews-Kanazawa_Manten_Hotel-Kanazawa_Ishikawa_Prefecture_Chubu.html
Kanazawa New Grand Hotel,920-0864,Ishikawa Prefecture,4-1 Minamicho Kanazawa,100,$,http://www.tripadvisor.com/Hotel_Review-g298115-d1083041-Reviews-Kanazawa_New_Grand_Hotel-Kanazawa_Ishikawa_Prefecture_Chubu.html
Kanazawa City Hotel,920-0856,Ishikawa Prefecture,6-8 Showamachi Kanazawa,153,$,http://www.tripadvisor.com/Hotel_Review-g298115-d1083042-Reviews-Kanazawa_City_Hotel-Kanazawa_Ishikawa_Prefecture_Chubu.html
Katamachi Tour Hotel,920-0988,Ishikawa Prefecture,2-11 Kiguramachi Kanazawa,,$,http://www.tripadvisor.com/Hotel_Review-g298115-d1083044-Reviews-Katamachi_Tour_Hotel-Kanazawa_Ishikawa_Prefecture_Chubu.html
KKR Hotel Kanazawa,920-0912,Ishikawa Prefecture,2-32 Otemachi Kanazawa,100,$,http://www.tripadvisor.com/Hotel_Review-g298115-d1083045-Reviews-KKR_Hotel_Kanazawa-Kanazawa_Ishikawa_Prefecture_Chubu.html
Nakayasu Ryokan,920-0902,Ishikawa Prefecture,1-10-31 Owaricho Kanazawa,,$$,http://www.tripadvisor.com/Hotel_Review-g298115-d1083046-Reviews-Nakayasu_Ryokan-Kanazawa_Ishikawa_Prefecture_Chubu.html
Kanazawa New Grand Hotel Annex,920-0916,Ishikawa Prefecture,4-1 Minamimachi Kanazawa,115,$,http://www.tripadvisor.com/Hotel_Review-g298115-d1083055-Reviews-Kanazawa_New_Grand_Hotel_Annex-Kanazawa_Ishikawa_Prefecture_Chubu.html
Oka Hotel,920-0847,Ishikawa Prefecture,5-2 Horikawamachi Kanazawa,51,$,http://www.tripadvisor.com/Hotel_Review-g298115-d1083056-Reviews-Oka_Hotel-Kanazawa_Ishikawa_Prefecture_Chubu.html
Renaiss Resort Lodge,920-0013,Ishikawa Prefecture,Takayanagimachi 70-1 Kanazawa,,,http://www.tripadvisor.com/Hotel_Review-g298115-d1083057-Reviews-Renaiss_Resort_Lodge-Kanazawa_Ishikawa_Prefecture_Chubu.html
Ryokan Omori,920-0855,Ishikawa Prefecture,16-31 Musashimachi Kanazawa,,,http://www.tripadvisor.com/Hotel_Review-g298115-d1083058-Reviews-Ryokan_Omori-Kanazawa_Ishikawa_Prefecture_Chubu.html
Ryokan Hashimotoya,921-8106,Ishikawa Prefecture,3-30 Juichiyamachi Kanazawa,,$$,http://www.tripadvisor.com/Hotel_Review-g298115-d1083060-Reviews-Ryokan_Hashimotoya-Kanazawa_Ishikawa_Prefecture_Chubu.html
City Inn Kobayashi,920-0863,Ishikawa Prefecture,11-1 Tamagawacho Kanazawa,,$,http://www.tripadvisor.com/Hotel_Review-g298115-d1083061-Reviews-City_Inn_Kobayashi-Kanazawa_Ishikawa_Prefecture_Chubu.html
Weekly & Business Hotel Asanokawa,920-0911,Ishikawa Prefecture,12-8 Hashibacho Kanazawa,,,http://www.tripadvisor.com/Hotel_Review-g298115-d1083062-Reviews-Weekly_Business_Hotel_Asanokawa-Kanazawa_Ishikawa_Prefecture_Chubu.html
Asadaya,920-0906,Ishikawa Prefecture,23 Jitsuken-machi Kanazawa,5,$$$$,http://www.tripadvisor.com/Hotel_Review-g298115-d1089323-Reviews-Asadaya-Kanazawa_Ishikawa_Prefecture_Chubu.html
Atarashiya,920-1122,Ishikawa Prefecture,89-2 Yuwaku Araya-machi Kanazawa,,$$$,http://www.tripadvisor.com/Hotel_Review-g298115-d1089325-Reviews-Atarashiya-Kanazawa_Ishikawa_Prefecture_Chubu.html
Via Inn Kanazawa,920-0858,Ishikawa Prefecture,1-1 Kinosinbo-machi Kanazawa,206,$,http://www.tripadvisor.com/Hotel_Review-g298115-d1089326-Reviews-Via_Inn_Kanazawa-Kanazawa_Ishikawa_Prefecture_Chubu.html
Hotel Route Inn Kanazawa Ekimae,920-0856,Ishikawa Prefecture,22-5 Showa-machi Kanazawa,294,$,http://www.tripadvisor.com/Hotel_Review-g298115-d1089330-Reviews-Hotel_Route_Inn_Kanazawa_Ekimae-Kanazawa_Ishikawa_Prefecture_Chubu.html
Todaya,920-1122,Ishikawa Prefecture,67-1 Yuwaku Arayamachi Kanazawa,,$$$,http://www.tripadvisor.com/Hotel_Review-g298115-d1089334-Reviews-Todaya-Kanazawa_Ishikawa_Prefecture_Chubu.html
Camellia Inn Yukitsubaki,920-0932,Ishikawa Prefecture,4-17 Koshomachi Kanazawa,6,$$,http://www.tripadvisor.com/Hotel_Review-g298115-d1089377-Reviews-Camellia_Inn_Yukitsubaki-Kanazawa_Ishikawa_Prefecture_Chubu.html
Kanazawa Hakuchoro Hotel,920-0937,Ishikawa Prefecture,6-3 Marunouchi Kanazawa,85,$$,http://www.tripadvisor.com/Hotel_Review-g298115-d1089381-Reviews-Kanazawa_Hakuchoro_Hotel-Kanazawa_Ishikawa_Prefecture_Chubu.html
Takitei,920-1302,Ishikawa Prefecture,23-10 Suemachi Kanazawa,,$$$$,http://www.tripadvisor.com/Hotel_Review-g298115-d1089387-Reviews-Takitei-Kanazawa_Ishikawa_Prefecture_Chubu.html
Kasuga Shinboya,920-0817,Ishikawa Prefecture,9-3 Kasuga-machi Kanazawa,,$,http://www.tripadvisor.com/Hotel_Review-g298115-d1089390-Reviews-Kasuga_Shinboya-Kanazawa_Ishikawa_Prefecture_Chubu.html
Kizuya Inn,920-0908,Ishikawa Prefecture,3-8 Kazue-machi Kanazawa,,,http://www.tripadvisor.com/Hotel_Review-g298115-d1089400-Reviews-Kizuya_Inn-Kanazawa_Ishikawa_Prefecture_Chubu.html
Kikunoya Inn,920-0962,Ishikawa Prefecture,1-1-27 Hirosaka Kanazawa,,$,http://www.tripadvisor.com/Hotel_Review-g298115-d1089522-Reviews-Kikunoya_Inn-Kanazawa_Ishikawa_Prefecture_Chubu.html
Kinjoro,920-0911,Ishikawa Prefecture,2-23 Hashiba-cho Kanazawa,3,$$$$,http://www.tripadvisor.com/Hotel_Review-g298115-d1089523-Reviews-Kinjoro-Kanazawa_Ishikawa_Prefecture_Chubu.html
Ishiya,920-0165,Ishikawa Prefecture,"95- Chi, Fukatanimachi Kanazawa",,$$,http://www.tripadvisor.com/Hotel_Review-g298115-d1090032-Reviews-Ishiya-Kanazawa_Ishikawa_Prefecture_Chubu.html
Pension Sarara-kan,920-0967,Ishikawa Prefecture,1-1-8 Kikugawa Kanazawa,,$$,http://www.tripadvisor.com/Hotel_Review-g298115-d1090037-Reviews-Pension_Sarara_kan-Kanazawa_Ishikawa_Prefecture_Chubu.html
Matsumoto,920-0902,Ishikawa Prefecture,1-7-2 Owaricho Kanazawa,,,http://www.tripadvisor.com/Hotel_Review-g298115-d1090041-Reviews-Matsumoto-Kanazawa_Ishikawa_Prefecture_Chubu.html
Inn Shibaya,920-0853,Ishikawa Prefecture,2-19-7 Honmachi Kanazawa,,$,http://www.tripadvisor.com/Hotel_Review-g298115-d1090043-Reviews-Inn_Shibaya-Kanazawa_Ishikawa_Prefecture_Chubu.html
Hotel Hinodeya,920-0853,Ishikawa Prefecture,2-17-25 Hon-machi Kanazawa,,$,http://www.tripadvisor.com/Hotel_Review-g298115-d1092022-Reviews-Hotel_Hinodeya-Kanazawa_Ishikawa_Prefecture_Chubu.html
Hotel Kanazawa,920-0849,Ishikawa Prefecture,1-1 Horikawa Shinmachi Kanazawa,165,$,http://www.tripadvisor.com/Hotel_Review-g298115-d1094085-Reviews-Hotel_Kanazawa-Kanazawa_Ishikawa_Prefecture_Chubu.html
Hotel Kibayashi,920-0852,Ishikawa Prefecture,4-10 Konohana-machi Kanazawa,,,http://www.tripadvisor.com/Hotel_Review-g298115-d1094472-Reviews-Hotel_Kibayashi-Kanazawa_Ishikawa_Prefecture_Chubu.html
Ryokan Yamamuro,920-0902,Ishikawa Prefecture,1-2-19 Owari-cho Kanazawa,,$,http://www.tripadvisor.com/Hotel_Review-g298115-d1094477-Reviews-Ryokan_Yamamuro-Kanazawa_Ishikawa_Prefecture_Chubu.html
Shuhokaku,920-1122,Ishikawa Prefecture,92-3 Yuwaku Araya-machi Kanazawa,,$,http://www.tripadvisor.com/Hotel_Review-g298115-d1094628-Reviews-Shuhokaku-Kanazawa_Ishikawa_Prefecture_Chubu.html
Takinoso,920-1302,Ishikawa Prefecture,44-4 Suemachi Wo Kanazawa,,,http://www.tripadvisor.com/Hotel_Review-g298115-d1094631-Reviews-Takinoso-Kanazawa_Ishikawa_Prefecture_Chubu.html
Wel City Kanazawa,920-0935,Ishikawa Prefecture,4-17-1 Ishibiki Kanazawa,,,http://www.tripadvisor.com/Hotel_Review-g298115-d1094637-Reviews-Wel_City_Kanazawa-Kanazawa_Ishikawa_Prefecture_Chubu.html
Yunode,920-1122,Ishikawa Prefecture,77-2 Yuwaku Araya-machi Kanazawa,,$$,http://www.tripadvisor.com/Hotel_Review-g298115-d1094646-Reviews-Yunode-Kanazawa_Ishikawa_Prefecture_Chubu.html
Business Hotel R-Side,920-0856,Ishikawa Prefecture,12-3 Showamachi Kanazawa,,$,http://www.tripadvisor.com/Hotel_Review-g298115-d1094647-Reviews-Business_Hotel_R_Side-Kanazawa_Ishikawa_Prefecture_Chubu.html
Business Hotel Minami,920-0847,Ishikawa Prefecture,23-50 Horikawa-machi Kanazawa,,,http://www.tripadvisor.com/Hotel_Review-g298115-d1094648-Reviews-Business_Hotel_Minami-Kanazawa_Ishikawa_Prefecture_Chubu.html
Business Hotel Nakada,920-0853,Ishikawa Prefecture,2-18-26 Honmachi Kanazawa,,,http://www.tripadvisor.com/Hotel_Review-g298115-d1094649-Reviews-Business_Hotel_Nakada-Kanazawa_Ishikawa_Prefecture_Chubu.html
Smile Hotel Kanazawa,920-0981,Ishikawa Prefecture,1-10-18 Katamachi Kanazawa,201,$,http://www.tripadvisor.com/Hotel_Review-g298115-d1094652-Reviews-Smile_Hotel_Kanazawa-Kanazawa_Ishikawa_Prefecture_Chubu.html
Hotel Mikage,921-8021,Ishikawa Prefecture,2-11 Mikagemachi Kanazawa,,,http://www.tripadvisor.com/Hotel_Review-g298115-d1098512-Reviews-Hotel_Mikage-Kanazawa_Ishikawa_Prefecture_Chubu.html
Hotel GrandOne Hokkoku,920-0906,Ishikawa Prefecture,46 Jikkenmachi Kanazawa,,,http://www.tripadvisor.com/Hotel_Review-g298115-d1098517-Reviews-Hotel_GrandOne_Hokkoku-Kanazawa_Ishikawa_Prefecture_Chubu.html
Business Hotel Reman,921-0845,Ishikawa Prefecture,3-167 Toriki Kanazawa,,$,http://www.tripadvisor.com/Hotel_Review-g298115-d1098518-Reviews-Business_Hotel_Reman-Kanazawa_Ishikawa_Prefecture_Chubu.html
Hotel Cent Inn Kanazawa,920-0902,Ishikawa Prefecture,2-5-32 Owaricho Kanazawa,,,http://www.tripadvisor.com/Hotel_Review-g298115-d1098530-Reviews-Hotel_Cent_Inn_Kanazawa-Kanazawa_Ishikawa_Prefecture_Chubu.html
Business Hotel Suzuki,920-0852,Ishikawa Prefecture,2-24 Konohanamachi Kanazawa,,,http://www.tripadvisor.com/Hotel_Review-g298115-d1098535-Reviews-Business_Hotel_Suzuki-Kanazawa_Ishikawa_Prefecture_Chubu.html
Petit Hotel Ivy,921-8022,Ishikawa Prefecture,31-50 Nakamuramachi Kanazawa,12,$$,http://www.tripadvisor.com/Hotel_Review-g298115-d1098536-Reviews-Petit_Hotel_Ivy-Kanazawa_Ishikawa_Prefecture_Chubu.html
Sumiyoshiya,920-0906,Ishikawa Prefecture,54 Jitsukenmachi Kanazawa,13,$,http://www.tripadvisor.com/Hotel_Review-g298115-d1110304-Reviews-Sumiyoshiya-Kanazawa_Ishikawa_Prefecture_Chubu.html
Kashimaya Inn,920-0853,Ishikawa Prefecture,2-19-13 Honmachi Kanazawa,,,http://www.tripadvisor.com/Hotel_Review-g298115-d1110307-Reviews-Kashimaya_Inn-Kanazawa_Ishikawa_Prefecture_Chubu.html
Kanazawa Youth Hostel,920-0833,Ishikawa Prefecture,37 Suehiromachi Kanazawa,,$$,http://www.tripadvisor.com/Hotel_Review-g298115-d1110309-Reviews-Kanazawa_Youth_Hostel-Kanazawa_Ishikawa_Prefecture_Chubu.html
Minshuku Ginmatsu,920-0831,Ishikawa Prefecture,1-17-18 Higashiyama Kanazawa,,$,http://www.tripadvisor.com/Hotel_Review-g298115-d1110314-Reviews-Minshuku_Ginmatsu-Kanazawa_Ishikawa_Prefecture_Chubu.html
Yuyarurusaisai,921-8032,Ishikawa Prefecture,7-1 Kiyokawamachi Kanazawa,,$$,http://www.tripadvisor.com/Hotel_Review-g298115-d1110327-Reviews-Yuyarurusaisai-Kanazawa_Ishikawa_Prefecture_Chubu.html
Toyoko Inn Kanazawaeki Higashiguchi,920-0856,Ishikawa Prefecture,13-23 Showamachi Kanazawa,240,$,http://www.tripadvisor.com/Hotel_Review-g298115-d1110332-Reviews-Toyoko_Inn_Kanazawaeki_Higashiguchi-Kanazawa_Ishikawa_Prefecture_Chubu.html
Kanazawa Minato Hotel,920-8217,Ishikawa Prefecture,808 Chikaokamachi Kanazawa,,$,http://www.tripadvisor.com/Hotel_Review-g298115-d1110342-Reviews-Kanazawa_Minato_Hotel-Kanazawa_Ishikawa_Prefecture_Chubu.html
Saigawaso,921-8032,Ishikawa Prefecture,10-10 Kiyokawamachi Kanazawa,,,http://www.tripadvisor.com/Hotel_Review-g298115-d1110354-Reviews-Saigawaso-Kanazawa_Ishikawa_Prefecture_Chubu.html
Yamanoo,920-0831,Ishikawa Prefecture,1-31-25 Higashiyama Kanazawa,,,http://www.tripadvisor.com/Hotel_Review-g298115-d1110364-Reviews-Yamanoo-Kanazawa_Ishikawa_Prefecture_Chubu.html
Nakanoyu Shimizu Ryokan,920-0165,Ishikawa Prefecture,75 Fukatanimachi Kanazawa,,,http://www.tripadvisor.com/Hotel_Review-g298115-d1118027-Reviews-Nakanoyu_Shimizu_Ryokan-Kanazawa_Ishikawa_Prefecture_Chubu.html
ANA Crowne Plaza Hotel Kanazawa,920-8518,Ishikawa Prefecture,16-3 Showamachi Kanazawa,249,$,http://www.tripadvisor.com/Hotel_Review-g298115-d1155441-Reviews-ANA_Crowne_Plaza_Hotel_Kanazawa-Kanazawa_Ishikawa_Prefecture_Chubu.html
Yuwaku,920-1123 ,Ishikawa Prefecture,1 Yuwakumachi Kanazawa,,,http://www.tripadvisor.com/Hotel_Review-g298115-d1390822-Reviews-Yuwaku-Kanazawa_Ishikawa_Prefecture_Chubu.html
Kanazawa Central Hotel East Building,920-0847,Ishikawa Prefecture,5-3 Horikawa-machi Kanazawa,163,$,http://www.tripadvisor.com/Hotel_Review-g298115-d1456801-Reviews-Kanazawa_Central_Hotel_East_Building-Kanazawa_Ishikawa_Prefecture_Chubu.html
Mukashi-Chaya Issui,920-0831,Ishikawa Prefecture,1-13-4 Higashiyama Kanazawa,,,http://www.tripadvisor.com/Hotel_Review-g298115-d1480557-Reviews-Mukashi_Chaya_Issui-Kanazawa_Ishikawa_Prefecture_Chubu.html
Kanazawa Guest house Pongyi,920-0868,Ishikawa Prefecture,2-22 Rokumaimachi Kanazawa,3,$,http://www.tripadvisor.com/Hotel_Review-g298115-d1500929-Reviews-Kanazawa_Guest_house_Pongyi-Kanazawa_Ishikawa_Prefecture_Chubu.html
Hotel Resol Trinity Kanazawa,920-0855 ,Ishikawa Prefecture,1-18 Musashimachi Kanazawa,123,$,http://www.tripadvisor.com/Hotel_Review-g298115-d1502023-Reviews-Hotel_Resol_Trinity_Kanazawa-Kanazawa_Ishikawa_Prefecture_Chubu.html
Machiya Kanazawa Kikunoya,920-0908 ,Ishikawa Prefecture,3-22 Kazuemachi Kanazawa,,$$$,http://www.tripadvisor.com/Hotel_Review-g298115-d1511961-Reviews-Machiya_Kanazawa_Kikunoya-Kanazawa_Ishikawa_Prefecture_Chubu.html
Hotel Yubana,925-0054,Ishikawa Prefecture,1-26 Chirihama-machi Yu Hakui,24,$,http://www.tripadvisor.com/Hotel_Review-g1021238-d1087873-Reviews-Hotel_Yubana-Hakui_Ishikawa_Prefecture_Chubu.html
Iwaki,925-0001,Ishikawa Prefecture,19-78-2 Shibagakimachi Hakui,,$,http://www.tripadvisor.com/Hotel_Review-g1021238-d1087874-Reviews-Iwaki-Hakui_Ishikawa_Prefecture_Chubu.html
Qkamura Noto-chirihama,925-8525,Ishikawa Prefecture,70 Hakui-machi O Hakui,,$$,http://www.tripadvisor.com/Hotel_Review-g1021238-d1087875-Reviews-Qkamura_Noto_chirihama-Hakui_Ishikawa_Prefecture_Chubu.html
Chiayaso,925-0001,Ishikawa Prefecture,18-51 Shibagaki-machi Hakui,,,http://www.tripadvisor.com/Hotel_Review-g1021238-d1087878-Reviews-Chiayaso-Hakui_Ishikawa_Prefecture_Chubu.html
Hamanasu,925-0051,Ishikawa Prefecture,1-21 Shimademachi Kami Hakui,,,http://www.tripadvisor.com/Hotel_Review-g1021238-d1087879-Reviews-Hamanasu-Hakui_Ishikawa_Prefecture_Chubu.html
Shimizu,925-0054,Ishikawa Prefecture,326 Chirihama-machi Ri Hakui,,$,http://www.tripadvisor.com/Hotel_Review-g1021238-d1087882-Reviews-Shimizu-Hakui_Ishikawa_Prefecture_Chubu.html
Hotel Nagisa Garden,925-0046,Ishikawa Prefecture,1-3 Hyogomachi Tori Hakui,,$,http://www.tripadvisor.com/Hotel_Review-g1021238-d1087888-Reviews-Hotel_Nagisa_Garden-Hakui_Ishikawa_Prefecture_Chubu.html
Taisha-an,925-0001,Ishikawa Prefecture,8-35 Shibagaki-machi Hakui,,$$,http://www.tripadvisor.com/Hotel_Review-g1021238-d1087889-Reviews-Taisha_an-Hakui_Ishikawa_Prefecture_Chubu.html
Ohmori,925-0001,Ishikawa Prefecture,92-22 Shibagaki-machi Hakui,,,http://www.tripadvisor.com/Hotel_Review-g1021238-d1087890-Reviews-Ohmori-Hakui_Ishikawa_Prefecture_Chubu.html
Sankaiso,925-0052,Ishikawa Prefecture,162 Chuo-machi Fu Hakui,,,http://www.tripadvisor.com/Hotel_Review-g1021238-d1087891-Reviews-Sankaiso-Hakui_Ishikawa_Prefecture_Chubu.html
Kitai,925-0001,Ishikawa Prefecture,19-97 Shibagakimachi Hakui,,,http://www.tripadvisor.com/Hotel_Review-g1021238-d1110056-Reviews-Kitai-Hakui_Ishikawa_Prefecture_Chubu.html
Silk Beach,925-0054,Ishikawa Prefecture,234-4 Chirihamamachi Hakui,,,http://www.tripadvisor.com/Hotel_Review-g1021238-d1110064-Reviews-Silk_Beach-Hakui_Ishikawa_Prefecture_Chubu.html
Business Ryokan Ishiguro,925-0052,Ishikawa Prefecture,44-1 Chuomachi Hakui,,$,http://www.tripadvisor.com/Hotel_Review-g1021238-d1110085-Reviews-Business_Ryokan_Ishiguro-Hakui_Ishikawa_Prefecture_Chubu.html
Nagisa,925-0001,Ishikawa Prefecture,19-122 Shibagakimachi Hakui,,,http://www.tripadvisor.com/Hotel_Review-g1021238-d1110096-Reviews-Nagisa-Hakui_Ishikawa_Prefecture_Chubu.html
Daikaiso,925-0054,Ishikawa Prefecture,234-4 Chirihamamachi Hakui,,,http://www.tripadvisor.com/Hotel_Review-g1021238-d1110111-Reviews-Daikaiso-Hakui_Ishikawa_Prefecture_Chubu.html
Pension Beach Noto,925-0001,Ishikawa Prefecture,92-2-1 Shibagakimachi Hakui,,,http://www.tripadvisor.com/Hotel_Review-g1021238-d1110114-Reviews-Pension_Beach_Noto-Hakui_Ishikawa_Prefecture_Chubu.html
Umenoya,925-0065,Ishikawa Prefecture,27-21 Te Kawahara Hakui,,$$,http://www.tripadvisor.com/Hotel_Review-g1021238-d1878171-Reviews-Umenoya-Hakui_Ishikawa_Prefecture_Chubu.html
Minshuku Yamadaya,925-0054,Ishikawa Prefecture,He 22 Chirihamamachi Hakui,,,http://www.tripadvisor.com/Hotel_Review-g1021238-d2067974-Reviews-Minshuku_Yamadaya-Hakui_Ishikawa_Prefecture_Chubu.html
Kahan Pension,925-0015 ,Ishikawa Prefecture,1-1 Okawamachi Hakui,,,http://www.tripadvisor.com/Hotel_Review-g1021238-d2645261-Reviews-Kahan_Pension-Hakui_Ishikawa_Prefecture_Chubu.html
Yashiki Ryokan,928-0001,Ishikawa Prefecture,15-13 Kawai-machi Wajima,,$$,http://www.tripadvisor.com/Hotel_Review-g1021242-d573575-Reviews-Yashiki_Ryokan-Wajima_Ishikawa_Prefecture_Chubu.html
Fukasan,928-0001,Ishikawa Prefecture,4-4 Kawai-machi Wajima,,$,http://www.tripadvisor.com/Hotel_Review-g1021242-d573576-Reviews-Fukasan-Wajima_Ishikawa_Prefecture_Chubu.html
Azumaya,928-0001,Ishikawa Prefecture,17-60 Kawaimachi Wajima,,,http://www.tripadvisor.com/Hotel_Review-g1021242-d1075118-Reviews-Azumaya-Wajima_Ishikawa_Prefecture_Chubu.html
Hotel Koshuen,928-0003,Ishikawa Prefecture,2-31-6 Tsukadamachi Wajima,,$$,http://www.tripadvisor.com/Hotel_Review-g1021242-d1075119-Reviews-Hotel_Koshuen-Wajima_Ishikawa_Prefecture_Chubu.html
Hotel Route Inn Wajima,928-0008,Ishikawa Prefecture,1-2 Marintaun Wajima,120,$$,http://www.tripadvisor.com/Hotel_Review-g1021242-d1075120-Reviews-Hotel_Route_Inn_Wajima-Wajima_Ishikawa_Prefecture_Chubu.html
Notonosho,928-0005,Ishikawa Prefecture,Nebuta Onsen Onomachi Wajima,,$$$$,http://www.tripadvisor.com/Hotel_Review-g1021242-d1075122-Reviews-Notonosho-Wajima_Ishikawa_Prefecture_Chubu.html
Umibe,928-0001,Ishikawa Prefecture,6-136-7 Kawaimachi Wajima,,$,http://www.tripadvisor.com/Hotel_Review-g1021242-d1075130-Reviews-Umibe-Wajima_Ishikawa_Prefecture_Chubu.html
Pension Madoiwa,928-0206,Ishikawa Prefecture,6-3 Machinomachisosogi Wajima,,$,http://www.tripadvisor.com/Hotel_Review-g1021242-d1075131-Reviews-Pension_Madoiwa-Wajima_Ishikawa_Prefecture_Chubu.html
Yonekyu,928-0001,Ishikawa Prefecture,6-8-6 Kawaimachi Wajima,,,http://www.tripadvisor.com/Hotel_Review-g1021242-d1075133-Reviews-Yonekyu-Wajima_Ishikawa_Prefecture_Chubu.html
Wajima Yashio,928-0073,Ishikawa Prefecture,1 Sodegahama Fugeshimachi Wajima,39,$$,http://www.tripadvisor.com/Hotel_Review-g1021242-d1075135-Reviews-Wajima_Yashio-Wajima_Ishikawa_Prefecture_Chubu.html
Hotel Mercato Wajima,928-0011,Ishikawa Prefecture,2 Sugihira-machi Yata Wajima,,$,http://www.tripadvisor.com/Hotel_Review-g1021242-d1088141-Reviews-Hotel_Mercato_Wajima-Wajima_Ishikawa_Prefecture_Chubu.html
Sosogiso,928-0206,Ishikawa Prefecture,57 Machino-machi Sosogi Shi Wajima,,,http://www.tripadvisor.com/Hotel_Review-g1021242-d1088149-Reviews-Sosogiso-Wajima_Ishikawa_Prefecture_Chubu.html
Noto-Wajima Pension Croissant,928-0076,Ishikawa Prefecture,43-7 Fugeshimachi Ishiuramachi Wajima,,$,http://www.tripadvisor.com/Hotel_Review-g1021242-d1088156-Reviews-Noto_Wajima_Pension_Croissant-Wajima_Ishikawa_Prefecture_Chubu.html
Hakutoen,928-0001,Ishikawa Prefecture,18-42 Kawaimachi Wajima,,$,http://www.tripadvisor.com/Hotel_Review-g1021242-d1088171-Reviews-Hakutoen-Wajima_Ishikawa_Prefecture_Chubu.html
Pension Hatoya,928-0001,Ishikawa Prefecture,6-53 Kawaimachi Wajima,,,http://www.tripadvisor.com/Hotel_Review-g1021242-d1088182-Reviews-Pension_Hatoya-Wajima_Ishikawa_Prefecture_Chubu.html
Shirogane,928-0005,Ishikawa Prefecture,5 Onomachi Shirogane Wajima,,$$$,http://www.tripadvisor.com/Hotel_Review-g1021242-d1088185-Reviews-Shirogane-Wajima_Ishikawa_Prefecture_Chubu.html
Shinbashi Inn,928-0061,Ishikawa Prefecture,8-4-5 Shinbashi-dori Wajima,,$,http://www.tripadvisor.com/Hotel_Review-g1021242-d1088192-Reviews-Shinbashi_Inn-Wajima_Ishikawa_Prefecture_Chubu.html
Sosogi Kaihin Hotel,928-0206,Ishikawa Prefecture,10 Machino-machi Sosogi O Wajima,,,http://www.tripadvisor.com/Hotel_Review-g1021242-d1088201-Reviews-Sosogi_Kaihin_Hotel-Wajima_Ishikawa_Prefecture_Chubu.html
Tanakaya Inn,928-0054,Ishikawa Prefecture,73-3 Osawamachi Wajima,,$,http://www.tripadvisor.com/Hotel_Review-g1021242-d1088214-Reviews-Tanakaya_Inn-Wajima_Ishikawa_Prefecture_Chubu.html
Toneya,928-0206,Ishikawa Prefecture,9-1 Machino-machi Sosogi Sa Wajima,,,http://www.tripadvisor.com/Hotel_Review-g1021242-d1088216-Reviews-Toneya-Wajima_Ishikawa_Prefecture_Chubu.html
Mangetsu,928-0001,Ishikawa Prefecture,20-1-44 Kawaimachi Wajima,,$$,http://www.tripadvisor.com/Hotel_Review-g1021242-d1088429-Reviews-Mangetsu-Wajima_Ishikawa_Prefecture_Chubu.html
Wajimaso,928-0067,Ishikawa Prefecture,49-21 Hikariura-machi Wajima,,,http://www.tripadvisor.com/Hotel_Review-g1021242-d1088430-Reviews-Wajimaso-Wajima_Ishikawa_Prefecture_Chubu.html
Wajima Station Hotel,928-0001,Ishikawa Prefecture,19-1-50 Kawaimachi Wajima,,,http://www.tripadvisor.com/Hotel_Review-g1021242-d1088437-Reviews-Wajima_Station_Hotel-Wajima_Ishikawa_Prefecture_Chubu.html
Madoiwa Hotel,928-0206,Ishikawa Prefecture,1 Machino-machi Sosogi E Wajima,,,http://www.tripadvisor.com/Hotel_Review-g1021242-d1088440-Reviews-Madoiwa_Hotel-Wajima_Ishikawa_Prefecture_Chubu.html
Hamano,928-0206,Ishikawa Prefecture,21 Machino-machi Sosogi Ka Wajima,,$,http://www.tripadvisor.com/Hotel_Review-g1021242-d1088444-Reviews-Hamano-Wajima_Ishikawa_Prefecture_Chubu.html
Kaigan-dori,928-0001,Ishikawa Prefecture,4-110 Kawaimachi Wajima,,$,http://www.tripadvisor.com/Hotel_Review-g1021242-d1088446-Reviews-Kaigan_dori-Wajima_Ishikawa_Prefecture_Chubu.html
Yokoiwaya,928-0206,Ishikawa Prefecture,2 Machino-machi Sosogi Ku Wajima,,,http://www.tripadvisor.com/Hotel_Review-g1021242-d1088463-Reviews-Yokoiwaya-Wajima_Ishikawa_Prefecture_Chubu.html
Minshuku Nosyu,928-0021,Ishikawa Prefecture,4-1-6 Futatsuyamachi Wajima,,,http://www.tripadvisor.com/Hotel_Review-g1021242-d1110268-Reviews-Minshuku_Nosyu-Wajima_Ishikawa_Prefecture_Chubu.html
Yamashitaso,928-0021,Ishikawa Prefecture,7-15 Futatsuyamachi Wajima,,,http://www.tripadvisor.com/Hotel_Review-g1021242-d1110272-Reviews-Yamashitaso-Wajima_Ishikawa_Prefecture_Chubu.html
Kotobuki,928-0061,Ishikawa Prefecture,7-12-26 Shinbashidori Wajima,,$,http://www.tripadvisor.com/Hotel_Review-g1021242-d1110274-Reviews-Kotobuki-Wajima_Ishikawa_Prefecture_Chubu.html
Ebisuya,928-0001,Ishikawa Prefecture,18-42 Kawaimachi Wajima,,$,http://www.tripadvisor.com/Hotel_Review-g1021242-d1110278-Reviews-Ebisuya-Wajima_Ishikawa_Prefecture_Chubu.html
Pension Kamome,928-0001,Ishikawa Prefecture,3-117 Kawaimachi Wajima,,$,http://www.tripadvisor.com/Hotel_Review-g1021242-d1110283-Reviews-Pension_Kamome-Wajima_Ishikawa_Prefecture_Chubu.html
Kitanoya,928-0206,Ishikawa Prefecture,7-24 Machinomachisosogi Wajima,,,http://www.tripadvisor.com/Hotel_Review-g1021242-d1110287-Reviews-Kitanoya-Wajima_Ishikawa_Prefecture_Chubu.html
Nakamichi,928-0021,Ishikawa Prefecture,4-17-1 Futatsuyamachi Wajima,,$,http://www.tripadvisor.com/Hotel_Review-g1021242-d1110292-Reviews-Nakamichi-Wajima_Ishikawa_Prefecture_Chubu.html
Yoshitakeso,928-0206,Ishikawa Prefecture,44-4 Machinomachisosogi Wajima,,,http://www.tripadvisor.com/Hotel_Review-g1021242-d1110296-Reviews-Yoshitakeso-Wajima_Ishikawa_Prefecture_Chubu.html
Tanaka,928-0001,Ishikawa Prefecture,22-38 Kawaimachi Wajima,,,http://www.tripadvisor.com/Hotel_Review-g1021242-d1110300-Reviews-Tanaka-Wajima_Ishikawa_Prefecture_Chubu.html
View Sunset,927-2351,Ishikawa Prefecture,"29-58 Sendai, Monzenmachi Wajima",,$$,http://www.tripadvisor.com/Hotel_Review-g1021242-d1128175-Reviews-View_Sunset-Wajima_Ishikawa_Prefecture_Chubu.html
Nishihanaryokan,928-0001,Ishikawa Prefecture,4-12 Kawaimachi Wajima,,,http://www.tripadvisor.com/Hotel_Review-g1021242-d1879220-Reviews-Nishihanaryokan-Wajima_Ishikawa_Prefecture_Chubu.html
Pension Bessel,928-0067,Ishikawa Prefecture,43-1 Hikariuramachi Wajima,,$,http://www.tripadvisor.com/Hotel_Review-g1021242-d1914998-Reviews-Pension_Bessel-Wajima_Ishikawa_Prefecture_Chubu.html
Minshuku Wajima,928-0021,Ishikawa Prefecture,2-5-1 Futatsuyamachi Wajima,,$,http://www.tripadvisor.com/Hotel_Review-g1021242-d2067971-Reviews-Minshuku_Wajima-Wajima_Ishikawa_Prefecture_Chubu.html
Minshuku Sakashita,928-0001,Ishikawa Prefecture,19-1-72 Kawaimachi Wajima,,,http://www.tripadvisor.com/Hotel_Review-g1021242-d2642152-Reviews-Minshuku_Sakashita-Wajima_Ishikawa_Prefecture_Chubu.html
Minshuku Taiho,928-0206,Ishikawa Prefecture,13-1 Machinomachisosogisabu Wajima,,,http://www.tripadvisor.com/Hotel_Review-g1021242-d2645252-Reviews-Minshuku_Taiho-Wajima_Ishikawa_Prefecture_Chubu.html
Minshuku Isaribi,928-0051,Ishikawa Prefecture,Ta-4 Unyumachikonyu Wajima,,,http://www.tripadvisor.com/Hotel_Review-g1021242-d2645265-Reviews-Minshuku_Isaribi-Wajima_Ishikawa_Prefecture_Chubu.html
Irorian Toroku,928-0201 ,Ishikawa Prefecture,1-33 Machinomachi Hiroe Wajima,,,http://www.tripadvisor.com/Hotel_Review-g1021242-d4063922-Reviews-Irorian_Toroku-Wajima_Ishikawa_Prefecture_Chubu.html
Noto Minazukiwan Youth Hostel,927-2271,Ishikawa Prefecture,Monsemmachi Minazuki Wajima,,,http://www.tripadvisor.com/Hotel_Review-g1021242-d6022207-Reviews-Noto_Minazukiwan_Youth_Hostel-Wajima_Ishikawa_Prefecture_Chubu.html
Sunroute Hotel Komatsu,923-0868,Ishikawa Prefecture,4-93 Hinode-cho Komatsu,69,$,http://www.tripadvisor.com/Hotel_Review-g298116-d583158-Reviews-Sunroute_Hotel_Komatsu-Komatsu_Ishikawa_Prefecture_Chubu.html
Komatsu Grand Hotel,923-0957,Ishikawa Prefecture,33 Moto'orimachi Komatsu,121,$,http://www.tripadvisor.com/Hotel_Review-g298116-d628434-Reviews-Komatsu_Grand_Hotel-Komatsu_Ishikawa_Prefecture_Chubu.html
APA Hotel Komatsu,923-0922,Ishikawa Prefecture,53 Ameya-machi Komatsu,144,$,http://www.tripadvisor.com/Hotel_Review-g298116-d628445-Reviews-APA_Hotel_Komatsu-Komatsu_Ishikawa_Prefecture_Chubu.html
Business Hotel Daichi,923-0921,Ishikawa Prefecture,348 Doiharamachi Komatsu,,$,http://www.tripadvisor.com/Hotel_Review-g298116-d1074630-Reviews-Business_Hotel_Daichi-Komatsu_Ishikawa_Prefecture_Chubu.html
Hyper Hotel Komatsu,923-0921,Ishikawa Prefecture,716 Doiharamachi Komatsu,,$,http://www.tripadvisor.com/Hotel_Review-g298116-d1074631-Reviews-Hyper_Hotel_Komatsu-Komatsu_Ishikawa_Prefecture_Chubu.html
Kametani,923-0326,Ishikawa Prefecture,Wa 40 Awazumachi Komatsu,,$,http://www.tripadvisor.com/Hotel_Review-g298116-d1074632-Reviews-Kametani-Komatsu_Ishikawa_Prefecture_Chubu.html
Kitahachi,923-0316,Ishikawa Prefecture,13 He Inoguchicho Komatsu,,$,http://www.tripadvisor.com/Hotel_Review-g298116-d1074633-Reviews-Kitahachi-Komatsu_Ishikawa_Prefecture_Chubu.html
Komatsu Green Hotel,923-0002,Ishikawa Prefecture,20-1 Ru Kojimamachi Komatsu,42,$,http://www.tripadvisor.com/Hotel_Review-g298116-d1074634-Reviews-Komatsu_Green_Hotel-Komatsu_Ishikawa_Prefecture_Chubu.html
Komatsu Plaza Hotel,923-0921,Ishikawa Prefecture,148 Doiharamachi Komatsu,,,http://www.tripadvisor.com/Hotel_Review-g298116-d1074635-Reviews-Komatsu_Plaza_Hotel-Komatsu_Ishikawa_Prefecture_Chubu.html
Comfort Hotel Komatsu,923-0004,Ishikawa Prefecture,2-60 Nagasakimachi Komatsu,78,$,http://www.tripadvisor.com/Hotel_Review-g298116-d1074636-Reviews-Comfort_Hotel_Komatsu-Komatsu_Ishikawa_Prefecture_Chubu.html
Notoya,923-0326,Ishikawa Prefecture,"85 Wa, Awazumachi Komatsu",55,$$,http://www.tripadvisor.com/Hotel_Review-g298116-d1074637-Reviews-Notoya-Komatsu_Ishikawa_Prefecture_Chubu.html
Tsujinoya Hananosho,923-0332,Ishikawa Prefecture,I 18 Yunokamimachi Komatsu,,$$$,http://www.tripadvisor.com/Hotel_Review-g298116-d1074638-Reviews-Tsujinoya_Hananosho-Komatsu_Ishikawa_Prefecture_Chubu.html
Yumoto Kamiya,923-0326,Ishikawa Prefecture,Awazu Onsen Komatsu,,,http://www.tripadvisor.com/Hotel_Review-g298116-d1074639-Reviews-Yumoto_Kamiya-Komatsu_Ishikawa_Prefecture_Chubu.html
Matsuya Ryokan,923-0921,Ishikawa Prefecture,200 Doiharamachi Komatsu,,$,http://www.tripadvisor.com/Hotel_Review-g298116-d1082518-Reviews-Matsuya_Ryokan-Komatsu_Ishikawa_Prefecture_Chubu.html
Akahodani Onsen,923-0071,Ishikawa Prefecture,19 Nakaumi-machi Ro Komatsu,,$$,http://www.tripadvisor.com/Hotel_Review-g298116-d1087892-Reviews-Akahodani_Onsen-Komatsu_Ishikawa_Prefecture_Chubu.html
Awazu Kamenoi Hotel,923-0332,Ishikawa Prefecture,7 Yunokami-machi I Komatsu,,$,http://www.tripadvisor.com/Hotel_Review-g298116-d1087894-Reviews-Awazu_Kamenoi_Hotel-Komatsu_Ishikawa_Prefecture_Chubu.html
Hotel Grantia Komatsu Airport,923-0004,Ishikawa Prefecture,4-116-1 Nagasaki-machi Komatsu,,$$,http://www.tripadvisor.com/Hotel_Review-g298116-d1087895-Reviews-Hotel_Grantia_Komatsu_Airport-Komatsu_Ishikawa_Prefecture_Chubu.html
Hoshi,923-0326,Ishikawa Prefecture,Wa-46 Awazu-machi Komatsu,,$$,http://www.tripadvisor.com/Hotel_Review-g298116-d1087898-Reviews-Hoshi-Komatsu_Ishikawa_Prefecture_Chubu.html
Katayama Ryokukaen,923-0326,Ishikawa Prefecture,47 Awazu-machi Wa Komatsu,,$,http://www.tripadvisor.com/Hotel_Review-g298116-d1087900-Reviews-Katayama_Ryokukaen-Komatsu_Ishikawa_Prefecture_Chubu.html
Komatsu Century Hotel,923-0002,Ishikawa Prefecture,"32-1 Ru, Kojima-machi Komatsu",,,http://www.tripadvisor.com/Hotel_Review-g298116-d1087903-Reviews-Komatsu_Century_Hotel-Komatsu_Ishikawa_Prefecture_Chubu.html
Okubo,923-0302,Ishikawa Prefecture,31 Futsumachi Ra Komatsu,,,http://www.tripadvisor.com/Hotel_Review-g298116-d1087904-Reviews-Okubo-Komatsu_Ishikawa_Prefecture_Chubu.html
Yusenji Onsen Hotel,923-0072,Ishikawa Prefecture,2-18 Midoricho Komatsu,,,http://www.tripadvisor.com/Hotel_Review-g298116-d1087907-Reviews-Yusenji_Onsen_Hotel-Komatsu_Ishikawa_Prefecture_Chubu.html
Hotel Airport Komatsu,923-0921,Ishikawa Prefecture,282 Doiharamachi Komatsu,,,http://www.tripadvisor.com/Hotel_Review-g298116-d1094019-Reviews-Hotel_Airport_Komatsu-Komatsu_Ishikawa_Prefecture_Chubu.html
Hakusankan,923-0326,Ishikawa Prefecture,735 Awazumachi Komatsu,,,http://www.tripadvisor.com/Hotel_Review-g298116-d1110514-Reviews-Hakusankan-Komatsu_Ishikawa_Prefecture_Chubu.html
Kinkaku,923-0326,Ishikawa Prefecture,14 Awazuonsen Komatsu,,$$,http://www.tripadvisor.com/Hotel_Review-g298116-d1110521-Reviews-Kinkaku-Komatsu_Ishikawa_Prefecture_Chubu.html
Business Hotel Osugiya,923-0923,Ishikawa Prefecture,105-2 Higashicho Komatsu,,$,http://www.tripadvisor.com/Hotel_Review-g298116-d1110526-Reviews-Business_Hotel_Osugiya-Komatsu_Ishikawa_Prefecture_Chubu.html
Oimatsu,923-0953,Ishikawa Prefecture,11-2 Asahimachi Komatsu,,,http://www.tripadvisor.com/Hotel_Review-g298116-d1110532-Reviews-Oimatsu-Komatsu_Ishikawa_Prefecture_Chubu.html
Ikumo,923-0336,Ishikawa Prefecture,20-13-14 Natamachi Komatsu,,,http://www.tripadvisor.com/Hotel_Review-g298116-d1110538-Reviews-Ikumo-Komatsu_Ishikawa_Prefecture_Chubu.html
Segawaya Ryokan,923-0336,Ishikawa Prefecture,31 Ki Natamachi Komatsu,,,http://www.tripadvisor.com/Hotel_Review-g298116-d1522889-Reviews-Segawaya_Ryokan-Komatsu_Ishikawa_Prefecture_Chubu.html
Yukai Resort Awazu Grand Hotel,923-0326 ,Ishikawa Prefecture,"Wa-36, Awazu-machi Komatsu",,$$,http://www.tripadvisor.com/Hotel_Review-g298116-d1545995-Reviews-Yukai_Resort_Awazu_Grand_Hotel-Komatsu_Ishikawa_Prefecture_Chubu.html
Awazu Grand Hotel Bekkan,923-0326,Ishikawa Prefecture,I-35 Awazumachi Komatsu,68,$$,http://www.tripadvisor.com/Hotel_Review-g298116-d2258814-Reviews-Awazu_Grand_Hotel_Bekkan-Komatsu_Ishikawa_Prefecture_Chubu.html
Obishiso,923-0316,Ishikawa Prefecture,Ho_51 Iguchicho Komatsu,,,http://www.tripadvisor.com/Hotel_Review-g298116-d6698232-Reviews-Obishiso-Komatsu_Ishikawa_Prefecture_Chubu.html
Minsyuku Yamaju,929-1174,Ishikawa Prefecture,20-1 Hamakita Ha Kahoku,,,http://www.tripadvisor.com/Hotel_Review-g1021239-d1141094-Reviews-Minsyuku_Yamaju-Kahoku_Ishikawa_Prefecture_Chubu.html
Kahokutei,929-1215,Ishikawa Prefecture,13 Takamatsu Na Kahoku,,,http://www.tripadvisor.com/Hotel_Review-g1021239-d1141098-Reviews-Kahokutei-Kahoku_Ishikawa_Prefecture_Chubu.html
Darumaya Ryokan,929-0342,Ishikawa Prefecture,38-10 Kitachujo Ra Tsubata-machi,,,http://www.tripadvisor.com/Hotel_Review-g1121160-d1141112-Reviews-Darumaya_Ryokan-Tsubata_machi_Kahoku_gun_Ishikawa_Prefecture_Chubu.html
Kurikarajuku,929-0426,Ishikawa Prefecture,270 Takehashi Nishi Tsubata-machi,,$,http://www.tripadvisor.com/Hotel_Review-g1121160-d1141121-Reviews-Kurikarajuku-Tsubata_machi_Kahoku_gun_Ishikawa_Prefecture_Chubu.html
Katsuzakikan,929-0327,Ishikawa Prefecture,2-1 I Sho Tsubata-machi,,,http://www.tripadvisor.com/Hotel_Review-g1121160-d1522882-Reviews-Katsuzakikan-Tsubata_machi_Kahoku_gun_Ishikawa_Prefecture_Chubu.html
Hatagoya Kanazawauchinadaten,920-0277,Ishikawa Prefecture,4-2-2 Chidoridai Uchinada-machi,,$,http://www.tripadvisor.com/Hotel_Review-g1121161-d1141125-Reviews-Hatagoya_Kanazawauchinadaten-Uchinada_machi_Kahoku_gun_Ishikawa_Prefecture_Chubu.html
Hotel Sun Lake,920-0265,Ishikawa Prefecture,2-216 Daigaku Uchinada-machi,,$,http://www.tripadvisor.com/Hotel_Review-g1121161-d2037583-Reviews-Hotel_Sun_Lake-Uchinada_machi_Kahoku_gun_Ishikawa_Prefecture_Chubu.html
Kajikaso Royal Hotel,922-0126,Ishikawa Prefecture,Ho-100 Yamanakaonsen Kajikamachi Kaga,120,$,http://www.tripadvisor.com/Hotel_Review-g651648-d505417-Reviews-Kajikaso_Royal_Hotel-Kaga_Ishikawa_Prefecture_Chubu.html
APA Hotel Kaga Daisyoji-Ekimae,922-0842,Ishikawa Prefecture,I 226-4 Kumasakamachi Kaga,136,$,http://www.tripadvisor.com/Hotel_Review-g651648-d643707-Reviews-APA_Hotel_Kaga_Daisyoji_Ekimae-Kaga_Ishikawa_Prefecture_Chubu.html
Hotel Arrowle,922-0402,Ishikawa Prefecture,Shibayamamachi To 5-1 Kaga,130,$,http://www.tripadvisor.com/Hotel_Review-g651648-d775715-Reviews-Hotel_Arrowle-Kaga_Ishikawa_Prefecture_Chubu.html
Hoshino Resort Kai Kaga,922-0242,Ishikawa Prefecture,18-47 Yamashiroonsen Kaga,23,,http://www.tripadvisor.com/Hotel_Review-g651648-d1023967-Reviews-Hoshino_Resort_Kai_Kaga-Kaga_Ishikawa_Prefecture_Chubu.html
Kagaraku,922-0242,Ishikawa Prefecture,14-27 Yamashiro Onsen Kaga,,$$$$,http://www.tripadvisor.com/Hotel_Review-g651648-d1074498-Reviews-Kagaraku-Kaga_Ishikawa_Prefecture_Chubu.html
Hanamurasaki,922-0114,Ishikawa Prefecture,1-ho17-1 Yamanakaonsenhigashimachi Kaga,,$$$$,http://www.tripadvisor.com/Hotel_Review-g651648-d1074500-Reviews-Hanamurasaki-Kaga_Ishikawa_Prefecture_Chubu.html
Hatori,922-0254,Ishikawa Prefecture,17 Yamashironsenonsendori Kaga,,$$,http://www.tripadvisor.com/Hotel_Review-g651648-d1074501-Reviews-Hatori-Kaga_Ishikawa_Prefecture_Chubu.html
Hotel Hokuriku Koganoi,922-0412,Ishikawa Prefecture,A-5 Katayamazuonsen Kaga,,$,http://www.tripadvisor.com/Hotel_Review-g651648-d1074502-Reviews-Hotel_Hokuriku_Koganoi-Kaga_Ishikawa_Prefecture_Chubu.html
Hotel Morimoto,922-0412,Ishikawa Prefecture,63-1 Otsu Katayamazuonsen Kaga,,$,http://www.tripadvisor.com/Hotel_Review-g651648-d1074503-Reviews-Hotel_Morimoto-Kaga_Ishikawa_Prefecture_Chubu.html
Hotel Onoya,922-0242,Ishikawa Prefecture,18-117 Yamashironsen Kaga,,$$,http://www.tripadvisor.com/Hotel_Review-g651648-d1074505-Reviews-Hotel_Onoya-Kaga_Ishikawa_Prefecture_Chubu.html
Kaga Kanko Hotel,922-0412,Ishikawa Prefecture,41 Katayamazuonsen U Kaga,,$$,http://www.tripadvisor.com/Hotel_Review-g651648-d1074511-Reviews-Kaga_Kanko_Hotel-Kaga_Ishikawa_Prefecture_Chubu.html
Kaga Kanko Hotel Annex Tokigasane,922-0412,Ishikawa Prefecture,30-1 Otsu Katayamazuonsen Kaga,,$,http://www.tripadvisor.com/Hotel_Review-g651648-d1074513-Reviews-Kaga_Kanko_Hotel_Annex_Tokigasane-Kaga_Ishikawa_Prefecture_Chubu.html
Kasuikyo,922-0411,Ishikawa Prefecture,72-1 I Ushiozumachi Kaga,100,$$,http://www.tripadvisor.com/Hotel_Review-g651648-d1074516-Reviews-Kasuikyo-Kaga_Ishikawa_Prefecture_Chubu.html
Hoshotei,922-0257,Ishikawa Prefecture,1-80-1 Kikyogaoka Yamashironsen Kaga,,$$,http://www.tripadvisor.com/Hotel_Review-g651648-d1074519-Reviews-Hoshotei-Kaga_Ishikawa_Prefecture_Chubu.html
Kanoya Korakuen,922-0412,Ishikawa Prefecture,64-1 Otsu Katayamazuonsen Kaga,,$,http://www.tripadvisor.com/Hotel_Review-g651648-d1074522-Reviews-Kanoya_Korakuen-Kaga_Ishikawa_Prefecture_Chubu.html
Kocho,922-0126,Ishikawa Prefecture,Ho-1 Yamanakaonsen Kajikamachi Kaga,,$$$$,http://www.tripadvisor.com/Hotel_Review-g651648-d1074527-Reviews-Kocho-Kaga_Ishikawa_Prefecture_Chubu.html
Kuriya Yasohachi,922-0139,Ishikawa Prefecture,62 Ro Yamanakaonsen Sugatanimachi Kaga,,$$$$,http://www.tripadvisor.com/Hotel_Review-g651648-d1074528-Reviews-Kuriya_Yasohachi-Kaga_Ishikawa_Prefecture_Chubu.html
Midorinoyado Banshokaku,922-0253,Ishikawa Prefecture,3 Higashiyamacho Yamashironsen Kaga,,$$,http://www.tripadvisor.com/Hotel_Review-g651648-d1074529-Reviews-Midorinoyado_Banshokaku-Kaga_Ishikawa_Prefecture_Chubu.html
Minshuku Suzumeno Oyado,922-0411,Ishikawa Prefecture,11-1 Ro Ushiozumachi Kaga,,,http://www.tripadvisor.com/Hotel_Review-g651648-d1074530-Reviews-Minshuku_Suzumeno_Oyado-Kaga_Ishikawa_Prefecture_Chubu.html
Ohanami Kyubei,922-0127,Ishikawa Prefecture,138-1 Ni Shimotanimachi Yamanakaonsen Kaga,,$$,http://www.tripadvisor.com/Hotel_Review-g651648-d1074531-Reviews-Ohanami_Kyubei-Kaga_Ishikawa_Prefecture_Chubu.html
Pension Baden Baden,922-0242,Ishikawa Prefecture,10-106 Yamashironsen Kaga,,$,http://www.tripadvisor.com/Hotel_Review-g651648-d1074611-Reviews-Pension_Baden_Baden-Kaga_Ishikawa_Prefecture_Chubu.html
Sun City Hotel Yamashiro,922-0257,Ishikawa Prefecture,4-33 Kikyogaoka Yamashironsen Kaga,,$,http://www.tripadvisor.com/Hotel_Review-g651648-d1074612-Reviews-Sun_City_Hotel_Yamashiro-Kaga_Ishikawa_Prefecture_Chubu.html
Sekiya,922-0412,Ishikawa Prefecture,6-1-3 Mo Katayamazuonsen Kaga,,,http://www.tripadvisor.com/Hotel_Review-g651648-d1074613-Reviews-Sekiya-Kaga_Ishikawa_Prefecture_Chubu.html
Shirasagiyu Tawaraya,922-0114,Ishikawa Prefecture,2-he-1 Yamanakaonsenhigashimachi Kaga,,$$,http://www.tripadvisor.com/Hotel_Review-g651648-d1074621-Reviews-Shirasagiyu_Tawaraya-Kaga_Ishikawa_Prefecture_Chubu.html
Studio Plus Baden-2,922-0242,Ishikawa Prefecture,3-24-3 Kikyogaoka Yamashironsen Kaga,,,http://www.tripadvisor.com/Hotel_Review-g651648-d1074622-Reviews-Studio_Plus_Baden_2-Kaga_Ishikawa_Prefecture_Chubu.html
Tachibana Shikitei,922-0256,Ishikawa Prefecture,16 Banshoen dori Yamashironsen Kaga,,$$$$,http://www.tripadvisor.com/Hotel_Review-g651648-d1074624-Reviews-Tachibana_Shikitei-Kaga_Ishikawa_Prefecture_Chubu.html
Yamashitaya,922-0242,Ishikawa Prefecture,18-124 Yamashironsen Kaga,,$,http://www.tripadvisor.com/Hotel_Review-g651648-d1074625-Reviews-Yamashitaya-Kaga_Ishikawa_Prefecture_Chubu.html
Yoshidaya Sannokaku,922-0242,Ishikawa Prefecture,13-1 Yamashironsen Kaga,,$$,http://www.tripadvisor.com/Hotel_Review-g651648-d1074626-Reviews-Yoshidaya_Sannokaku-Kaga_Ishikawa_Prefecture_Chubu.html
Yuyunoyado Hakusan Shobutei,922-0257,Ishikawa Prefecture,4-34-1 Kikyogaoka Yamashironsen Kaga,,$$$,http://www.tripadvisor.com/Hotel_Review-g651648-d1074628-Reviews-Yuyunoyado_Hakusan_Shobutei-Kaga_Ishikawa_Prefecture_Chubu.html
Yuzankaku,922-0253,Ishikawa Prefecture,Higashiyamacho Yamashironsen Kaga,,$$,http://www.tripadvisor.com/Hotel_Review-g651648-d1074629-Reviews-Yuzankaku-Kaga_Ishikawa_Prefecture_Chubu.html
Shima,922-0406,Ishikawa Prefecture,Ni161 Ikirimachi Kaga,,$$,http://www.tripadvisor.com/Hotel_Review-g651648-d1094226-Reviews-Shima-Kaga_Ishikawa_Prefecture_Chubu.html
Hotel Alpha,922-0423,Ishikawa Prefecture,5 Sakumimachi_wa Kaga,,$,http://www.tripadvisor.com/Hotel_Review-g651648-d1094228-Reviews-Hotel_Alpha-Kaga_Ishikawa_Prefecture_Chubu.html
Hotel Hyakumanryo,922-0247,Ishikawa Prefecture,1-5 Yamashironsen ohirayama Kaga,,,http://www.tripadvisor.com/Hotel_Review-g651648-d1094240-Reviews-Hotel_Hyakumanryo-Kaga_Ishikawa_Prefecture_Chubu.html
Hanatsubaki,922-0138,Ishikawa Prefecture,"36 Ha, Kayanomachi, Yamanaka-onsen_ Kaga",50,$$$,http://www.tripadvisor.com/Hotel_Review-g651648-d1094252-Reviews-Hanatsubaki-Kaga_Ishikawa_Prefecture_Chubu.html
Araya Totoan,922-0242　,Ishikawa Prefecture,18-119 Yamashiro Onsen Kaga,,$$$$,http://www.tripadvisor.com/Hotel_Review-g651648-d1094658-Reviews-Araya_Totoan-Kaga_Ishikawa_Prefecture_Chubu.html
Beniya Mukayu,922-0242,Ishikawa Prefecture,55-1-3 Yamashiro Onsen Kaga,17,$$$$,http://www.tripadvisor.com/Hotel_Review-g651648-d1094660-Reviews-Beniya_Mukayu-Kaga_Ishikawa_Prefecture_Chubu.html
Koshiso,922-0242,Ishikawa Prefecture,17-128 Yamashiro Onsen Kaga,,$$,http://www.tripadvisor.com/Hotel_Review-g651648-d1094662-Reviews-Koshiso-Kaga_Ishikawa_Prefecture_Chubu.html
Hakuunkaku,922-0116,Ishikawa Prefecture,37 Yamanaka Onsen Hakusan-machi Ri Kaga,,$,http://www.tripadvisor.com/Hotel_Review-g651648-d1094664-Reviews-Hakuunkaku-Kaga_Ishikawa_Prefecture_Chubu.html
Kikyo,922-0242 ,Ishikawa Prefecture,16-162-5 Yamashiro Onsen Kaga,,$,http://www.tripadvisor.com/Hotel_Review-g651648-d1094669-Reviews-Kikyo-Kaga_Ishikawa_Prefecture_Chubu.html
NEW MARUYA HOTEL,922-0412,Ishikawa Prefecture,2-1 Katayamazu Onsen Kaga,82,$$,http://www.tripadvisor.com/Hotel_Review-g651648-d1094670-Reviews-NEW_MARUYA_HOTEL-Kaga_Ishikawa_Prefecture_Chubu.html
Kagari Kisshotei,922-0128,Ishikawa Prefecture,1-1 Yamanaka Onsen Korogi-machi Ni Kaga,,$$,http://www.tripadvisor.com/Hotel_Review-g651648-d1094671-Reviews-Kagari_Kisshotei-Kaga_Ishikawa_Prefecture_Chubu.html
Kagayashio,922-0412 ,Ishikawa Prefecture,A99-2 Katayamazu Onsen Kaga,,$,http://www.tripadvisor.com/Hotel_Review-g651648-d1094673-Reviews-Kagayashio-Kaga_Ishikawa_Prefecture_Chubu.html
Kayotei,922-0114,Ishikawa Prefecture,1-Ho 20 Yamanaka Onsen Higashi-machi Kaga,,$$$$,http://www.tripadvisor.com/Hotel_Review-g651648-d1094678-Reviews-Kayotei-Kaga_Ishikawa_Prefecture_Chubu.html
Kissho Yamanaka,922-0114,Ishikawa Prefecture,"1-14-3 Ho, Higashi-machi, Yamanaka Onsen Kaga",,$$,http://www.tripadvisor.com/Hotel_Review-g651648-d1094679-Reviews-Kissho_Yamanaka-Kaga_Ishikawa_Prefecture_Chubu.html
Kitagawa,922-0673,Ishikawa Prefecture,48 Shioya-machi I Kaga,,,http://www.tripadvisor.com/Hotel_Review-g651648-d1094680-Reviews-Kitagawa-Kaga_Ishikawa_Prefecture_Chubu.html
Korogiro,922-0128　,Ishikawa Prefecture,140 Yamanaka Onsen Korogi-machi Kaga,,$$$$,http://www.tripadvisor.com/Hotel_Review-g651648-d1094681-Reviews-Korogiro-Kaga_Ishikawa_Prefecture_Chubu.html
Fujiya,922-0257,Ishikawa Prefecture,2-121-3 Yamashiro Onsen Kikyogaoka Kaga,,$$,http://www.tripadvisor.com/Hotel_Review-g651648-d1094683-Reviews-Fujiya-Kaga_Ishikawa_Prefecture_Chubu.html
Rurikoh,922-0295,Ishikawa Prefecture,19-58-1 Yamashiro Onsen Kaga,99,$$,http://www.tripadvisor.com/Hotel_Review-g651648-d1094684-Reviews-Rurikoh-Kaga_Ishikawa_Prefecture_Chubu.html
Tatami,922-0257,Ishikawa Prefecture,3-41 Yamashiro Onsen Kikyogaoka Kaga,,$,http://www.tripadvisor.com/Hotel_Review-g651648-d1094687-Reviews-Tatami-Kaga_Ishikawa_Prefecture_Chubu.html
Suimei,922-0114,Ishikawa Prefecture,1-Ho10 Yamanaka Onsen Higashi-machi Kaga,,$$$,http://www.tripadvisor.com/Hotel_Review-g651648-d1094689-Reviews-Suimei-Kaga_Ishikawa_Prefecture_Chubu.html
Suzuya Konnichiro,922-0127,Ishikawa Prefecture,340 Ni Yamanaka Onsen Shimotani-machi Kaga,,$$,http://www.tripadvisor.com/Hotel_Review-g651648-d1094690-Reviews-Suzuya_Konnichiro-Kaga_Ishikawa_Prefecture_Chubu.html
Yataya Shotoen,922-0412,Ishikawa Prefecture,1-1 Katayamazu Onsen Se Kaga,36,$$,http://www.tripadvisor.com/Hotel_Review-g651648-d1094692-Reviews-Yataya_Shotoen-Kaga_Ishikawa_Prefecture_Chubu.html
Yoshinoya Irokuen,922-0129 ,Ishikawa Prefecture,5 Yamanaka Onsen Minami-machi Kaga,,$$,http://www.tripadvisor.com/Hotel_Review-g651648-d1094693-Reviews-Yoshinoya_Irokuen-Kaga_Ishikawa_Prefecture_Chubu.html
Yunokuni Tensyo,922-0298 ,Ishikawa Prefecture,19-49-1 Yamashiro Onsen Kaga,159,$,http://www.tripadvisor.com/Hotel_Review-g651648-d1094694-Reviews-Yunokuni_Tensyo-Kaga_Ishikawa_Prefecture_Chubu.html
Hotel Koyo,922-0411,Ishikawa Prefecture,1 Ushiozumachi Kaga,,,http://www.tripadvisor.com/Hotel_Review-g651648-d1110549-Reviews-Hotel_Koyo-Kaga_Ishikawa_Prefecture_Chubu.html
Echigoya,922-0124,Ishikawa Prefecture,16 Yamanakaonsen Yunodemachi Kaga,,,http://www.tripadvisor.com/Hotel_Review-g651648-d1110561-Reviews-Echigoya-Kaga_Ishikawa_Prefecture_Chubu.html
Kyuubei,922-0406,Ishikawa Prefecture,Ta-5 Ikirimachi Kaga,,$$,http://www.tripadvisor.com/Hotel_Review-g651648-d1110571-Reviews-Kyuubei-Kaga_Ishikawa_Prefecture_Chubu.html
Tokiwakan,922-0115,Ishikawa Prefecture,2-So-11 Yamanakaonsen Honmachi Kaga,,,http://www.tripadvisor.com/Hotel_Review-g651648-d1110576-Reviews-Tokiwakan-Kaga_Ishikawa_Prefecture_Chubu.html
MInshuku Kitamaebune,922-0554,Ishikawa Prefecture,17-1 Hashitatemachi Kaga,,$,http://www.tripadvisor.com/Hotel_Review-g651648-d1110583-Reviews-MInshuku_Kitamaebune-Kaga_Ishikawa_Prefecture_Chubu.html
Tokugetsuso,922-0825,Ishikawa Prefecture,Ka-140 Sosorimachi Kaga,,,http://www.tripadvisor.com/Hotel_Review-g651648-d1110589-Reviews-Tokugetsuso-Kaga_Ishikawa_Prefecture_Chubu.html
First Members Hotel Kaga,922-0412,Ishikawa Prefecture,24 Katayamazuonsen Kaga,,,http://www.tripadvisor.com/Hotel_Review-g651648-d1110592-Reviews-First_Members_Hotel_Kaga-Kaga_Ishikawa_Prefecture_Chubu.html
Satsuki,922-0411,Ishikawa Prefecture,U-106-1 Ushiozumachi Kaga,,$,http://www.tripadvisor.com/Hotel_Review-g651648-d1110594-Reviews-Satsuki-Kaga_Ishikawa_Prefecture_Chubu.html
Yamanoyu,922-0139,Ishikawa Prefecture,i-10 Yamanakaonsen Sugatanimachi Kaga,,,http://www.tripadvisor.com/Hotel_Review-g651648-d1110602-Reviews-Yamanoyu-Kaga_Ishikawa_Prefecture_Chubu.html
Haiya Pension,922-0117,Ishikawa Prefecture,40-1 Yamanakaonsen Uenomachi Ke Kaga,,,http://www.tripadvisor.com/Hotel_Review-g651648-d1110605-Reviews-Haiya_Pension-Kaga_Ishikawa_Prefecture_Chubu.html
Hakurei,922-0405,Ishikawa Prefecture,Se-47 Tezukamachi Kaga,,,http://www.tripadvisor.com/Hotel_Review-g651648-d1110612-Reviews-Hakurei-Kaga_Ishikawa_Prefecture_Chubu.html
Hotel Suiko,922-0402,Ishikawa Prefecture,50 Shibayamamachi Kaga,,$$,http://www.tripadvisor.com/Hotel_Review-g651648-d1110616-Reviews-Hotel_Suiko-Kaga_Ishikawa_Prefecture_Chubu.html
Oedo-onsen Monogatari Nagayama,922-0414,Ishikawa Prefecture,"16 Mu, Katayamazu-machi Kaga",,$$,http://www.tripadvisor.com/Hotel_Review-g651648-d1168397-Reviews-Oedo_onsen_Monogatari_Nagayama-Kaga_Ishikawa_Prefecture_Chubu.html
Saichoraku,922-0257 ,Ishikawa Prefecture,"2-10-3 Kikyogaoka, Yamashiro-onsen Kaga",,$,http://www.tripadvisor.com/Hotel_Review-g651648-d1380294-Reviews-Saichoraku-Kaga_Ishikawa_Prefecture_Chubu.html
Diamond Katayamazu Onsen Society,922-0306,Ishikawa Prefecture,4-5 Yo Nakajimamachi Kaga,,$$,http://www.tripadvisor.com/Hotel_Review-g651648-d1522892-Reviews-Diamond_Katayamazu_Onsen_Society-Kaga_Ishikawa_Prefecture_Chubu.html
Hotel Shibaraku,922-0411,Ishikawa Prefecture,I-1 Ushiozumachi Kaga,,,http://www.tripadvisor.com/Hotel_Review-g651648-d1522893-Reviews-Hotel_Shibaraku-Kaga_Ishikawa_Prefecture_Chubu.html
Yukai Resort Yamanaka Grand Hotel,922-0117 ,Ishikawa Prefecture,"Ru-15-4, Ueno-machi, Yamanaka-Onsen Kaga",,$$,http://www.tripadvisor.com/Hotel_Review-g651648-d1545997-Reviews-Yukai_Resort_Yamanaka_Grand_Hotel-Kaga_Ishikawa_Prefecture_Chubu.html
Hana Saichoraku,922-0412,Ishikawa Prefecture,1-2 Dogo Katayamazu Onsen Kaga,,$$,http://www.tripadvisor.com/Hotel_Review-g651648-d1657226-Reviews-Hana_Saichoraku-Kaga_Ishikawa_Prefecture_Chubu.html
Yamanaka Onsen Oguro Seseragi-tei,922-0128,Ishikawa Prefecture,"I-93, Koorogi-cho, Yamanaka onsen Kaga",,$,http://www.tripadvisor.com/Hotel_Review-g651648-d1831065-Reviews-Yamanaka_Onsen_Oguro_Seseragi_tei-Kaga_Ishikawa_Prefecture_Chubu.html
Hoseinoyu,922-0423,Ishikawa Prefecture,1-1 Sakumimachi Kaga,,,http://www.tripadvisor.com/Hotel_Review-g651648-d1879325-Reviews-Hoseinoyu-Kaga_Ishikawa_Prefecture_Chubu.html
Kakusenan,922-0114,Ishikawa Prefecture,"1-To-75, Yamanakaonsen Higashimachi Kaga",,$$,http://www.tripadvisor.com/Hotel_Review-g651648-d2258803-Reviews-Kakusenan-Kaga_Ishikawa_Prefecture_Chubu.html
Hotel Ebina,922-0257,Ishikawa Prefecture,2-86 Yamashironsen Kikyogaoka Kaga,,,http://www.tripadvisor.com/Hotel_Review-g651648-d2349100-Reviews-Hotel_Ebina-Kaga_Ishikawa_Prefecture_Chubu.html
Select Grant Kagayamanaka,922-0139,Ishikawa Prefecture,"110-1 Sugatani-machi, Yamanaka Onsen Kaga",,,http://www.tripadvisor.com/Hotel_Review-g651648-d6456424-Reviews-Select_Grant_Kagayamanaka-Kaga_Ishikawa_Prefecture_Chubu.html
Ichirinokogen Hotel,920-2333,Ishikawa Prefecture,_70-4 Ozo Hakusan,,$$,http://www.tripadvisor.com/Hotel_Review-g1021240-d1074486-Reviews-Ichirinokogen_Hotel-Hakusan_Ishikawa_Prefecture_Chubu.html
Kerrie Sanso,920-2333,Ishikawa Prefecture,71-3 Ozochi Hakusan,,$$$,http://www.tripadvisor.com/Hotel_Review-g1021240-d1074487-Reviews-Kerrie_Sanso-Hakusan_Ishikawa_Prefecture_Chubu.html
Iwamasanso,920-2333,Ishikawa Prefecture,81-3 Ozochi Hakusan,,$,http://www.tripadvisor.com/Hotel_Review-g1021240-d1074489-Reviews-Iwamasanso-Hakusan_Ishikawa_Prefecture_Chubu.html
Kanpo no Sato Hakusanoguchi,920-2331,Ishikawa Prefecture,43-3 Seto Hakusan,,$$,http://www.tripadvisor.com/Hotel_Review-g1021240-d1074494-Reviews-Kanpo_no_Sato_Hakusanoguchi-Hakusan_Ishikawa_Prefecture_Chubu.html
Matsuto Terminal Hotel,924-0887,Ishikawa Prefecture,28 Higashisanbancho Hakusan,,$,http://www.tripadvisor.com/Hotel_Review-g1021240-d1074495-Reviews-Matsuto_Terminal_Hotel-Hakusan_Ishikawa_Prefecture_Chubu.html
Sanrokuso,920-2333,Ishikawa Prefecture,65-10 Ri Ozo Hakusan,,,http://www.tripadvisor.com/Hotel_Review-g1021240-d1074496-Reviews-Sanrokuso-Hakusan_Ishikawa_Prefecture_Chubu.html
Seaside Matto,924-0027,Ishikawa Prefecture,2462 Sogomachi Hakusan,,$,http://www.tripadvisor.com/Hotel_Review-g1021240-d1074497-Reviews-Seaside_Matto-Hakusan_Ishikawa_Prefecture_Chubu.html
Roan,920-2333,Ishikawa Prefecture,70-4 Ozo Chi Hakusan,30,$$,http://www.tripadvisor.com/Hotel_Review-g1021240-d1092373-Reviews-Roan-Hakusan_Ishikawa_Prefecture_Chubu.html
Grand Hotel Hakusan,924-0871,Ishikawa Prefecture,152-7 Nishishinmachi Hakusan,,$,http://www.tripadvisor.com/Hotel_Review-g1021240-d1094038-Reviews-Grand_Hotel_Hakusan-Hakusan_Ishikawa_Prefecture_Chubu.html
Pension Country Dream,920-2333,Ishikawa Prefecture,Ichirinonsen Hakusan,,,http://www.tripadvisor.com/Hotel_Review-g1021240-d1094042-Reviews-Pension_Country_Dream-Hakusan_Ishikawa_Prefecture_Chubu.html
Pension Okanomori,920-2333,Ishikawa Prefecture,35 Ozo Hakusan,,$$$,http://www.tripadvisor.com/Hotel_Review-g1021240-d1094050-Reviews-Pension_Okanomori-Hakusan_Ishikawa_Prefecture_Chubu.html
Hotel Route Inn Mikawa Inter,929-0201,Ishikawa Prefecture,2-1 Kashimamachi Hakusan,126,$,http://www.tripadvisor.com/Hotel_Review-g1021240-d1096018-Reviews-Hotel_Route_Inn_Mikawa_Inter-Hakusan_Ishikawa_Prefecture_Chubu.html
Gozenso,920-2501,Ishikawa Prefecture,112-3 Shiramine Tsu Hakusan,,$,http://www.tripadvisor.com/Hotel_Review-g1021240-d1096041-Reviews-Gozenso-Hakusan_Ishikawa_Prefecture_Chubu.html
Hotel Happo,920-2502,Ishikawa Prefecture,10-1-52 Kuwajima Hakusan,,$$,http://www.tripadvisor.com/Hotel_Review-g1021240-d1096091-Reviews-Hotel_Happo-Hakusan_Ishikawa_Prefecture_Chubu.html
Hanakurumi,920-2333,Ishikawa Prefecture,78-11 Ozo Ri Hakusan,,$,http://www.tripadvisor.com/Hotel_Review-g1021240-d1096109-Reviews-Hanakurumi-Hakusan_Ishikawa_Prefecture_Chubu.html
Hotel Gooin,920-2333,Ishikawa Prefecture,60-12 Ozo Ri Hakusan,,$,http://www.tripadvisor.com/Hotel_Review-g1021240-d1096126-Reviews-Hotel_Gooin-Hakusan_Ishikawa_Prefecture_Chubu.html
Business Hotel Tedorigawa,920-2123,Ishikawa Prefecture,100 Tsurugihizumecho ka Hakusan,,,http://www.tripadvisor.com/Hotel_Review-g1021240-d1097151-Reviews-Business_Hotel_Tedorigawa-Hakusan_Ishikawa_Prefecture_Chubu.html
Manjusho Sawada Ryokan,920-2423,Ishikawa Prefecture,135 Ka Tsurugi Hizumecho Hakusan,,$$,http://www.tripadvisor.com/Hotel_Review-g1021240-d1097163-Reviews-Manjusho_Sawada_Ryokan-Hakusan_Ishikawa_Prefecture_Chubu.html
Hakureiso,920-2501,Ishikawa Prefecture,He 34 Shiramine Hakusan,,$,http://www.tripadvisor.com/Hotel_Review-g1021240-d1110152-Reviews-Hakureiso-Hakusan_Ishikawa_Prefecture_Chubu.html
Harukaze,920-2501,Ishikawa Prefecture,7 Shiramine Hakusan,,$$,http://www.tripadvisor.com/Hotel_Review-g1021240-d1110162-Reviews-Harukaze-Hakusan_Ishikawa_Prefecture_Chubu.html
Seiryu,920-2318,Ishikawa Prefecture,65 Kawachimachi Utsuo Hakusan,,$,http://www.tripadvisor.com/Hotel_Review-g1021240-d1110172-Reviews-Seiryu-Hakusan_Ishikawa_Prefecture_Chubu.html
Tsurunoya,920-2333,Ishikawa Prefecture,34-5 Ozo Hakusan,,$$,http://www.tripadvisor.com/Hotel_Review-g1021240-d1110179-Reviews-Tsurunoya-Hakusan_Ishikawa_Prefecture_Chubu.html
Bird Humming Torigoe,920-2375,Ishikawa Prefecture,74 Kaminomachi Hakusan,,,http://www.tripadvisor.com/Hotel_Review-g1021240-d1110185-Reviews-Bird_Humming_Torigoe-Hakusan_Ishikawa_Prefecture_Chubu.html
Inter City Hotel Hakusan,924-0804,Ishikawa Prefecture,335-2 Tokumarumachi Hakusan,,,http://www.tripadvisor.com/Hotel_Review-g1021240-d1110192-Reviews-Inter_City_Hotel_Hakusan-Hakusan_Ishikawa_Prefecture_Chubu.html
Pension Seizan,920-2318,Ishikawa Prefecture,5-1 Kawachimachiutsuo Hakusan,,,http://www.tripadvisor.com/Hotel_Review-g1021240-d1110196-Reviews-Pension_Seizan-Hakusan_Ishikawa_Prefecture_Chubu.html
Mikawa Inter Hotel,929-0204,Ishikawa Prefecture,76-2 Hirakamachi Hakusan,,,http://www.tripadvisor.com/Hotel_Review-g1021240-d1110200-Reviews-Mikawa_Inter_Hotel-Hakusan_Ishikawa_Prefecture_Chubu.html
Hakusanen,920-2501,Ishikawa Prefecture,158-4 Shiramineguchi Hakusan,,$,http://www.tripadvisor.com/Hotel_Review-g1021240-d1110208-Reviews-Hakusanen-Hakusan_Ishikawa_Prefecture_Chubu.html
Kido Ryokan,920-2324,Ishikawa Prefecture,5-1-11 Chugu Hakusan,,,http://www.tripadvisor.com/Hotel_Review-g1021240-d1110236-Reviews-Kido_Ryokan-Hakusan_Ishikawa_Prefecture_Chubu.html
Yamabikoso,920-2333,Ishikawa Prefecture,193-1 Nu Ozo Hakusan,,$$,http://www.tripadvisor.com/Hotel_Review-g1021240-d1110247-Reviews-Yamabikoso-Hakusan_Ishikawa_Prefecture_Chubu.html
Hotel New Hakusan,920-2333,Ishikawa Prefecture,60-10 Ozo Hakusan,,,http://www.tripadvisor.com/Hotel_Review-g1021240-d1110252-Reviews-Hotel_New_Hakusan-Hakusan_Ishikawa_Prefecture_Chubu.html
Wataya,920-2114,Ishikawa Prefecture,55-2 Sannomiyamachi Hakusan,,,http://www.tripadvisor.com/Hotel_Review-g1021240-d1110263-Reviews-Wataya-Hakusan_Ishikawa_Prefecture_Chubu.html
Kuroyuriso,920-2324,Ishikawa Prefecture,5-32 Chugu Hakusan,,,http://www.tripadvisor.com/Hotel_Review-g1021240-d1111444-Reviews-Kuroyuriso-Hakusan_Ishikawa_Prefecture_Chubu.html
Nishiyama Ryokan,920-2324,Ishikawa Prefecture,"5-1-12 Ku, Chugu Hakusan",,,http://www.tripadvisor.com/Hotel_Review-g1021240-d1438981-Reviews-Nishiyama_Ryokan-Hakusan_Ishikawa_Prefecture_Chubu.html
Miyamura Ryokan,920-2324,Ishikawa Prefecture,Ku 5-1-10 Chugu Onsen Hakusan,,,http://www.tripadvisor.com/Hotel_Review-g1021240-d1438983-Reviews-Miyamura_Ryokan-Hakusan_Ishikawa_Prefecture_Chubu.html
Hotel Maruo Village,920-2333,Ishikawa Prefecture,"70-6 Chi, Ozo Hakusan",,,http://www.tripadvisor.com/Hotel_Review-g1021240-d1438984-Reviews-Hotel_Maruo_Village-Hakusan_Ishikawa_Prefecture_Chubu.html
Ryokan Kogen,920-2501,Ishikawa Prefecture,9-2 He Shiramine Hakusan,,,http://www.tripadvisor.com/Hotel_Review-g1021240-d1878197-Reviews-Ryokan_Kogen-Hakusan_Ishikawa_Prefecture_Chubu.html
Yamamoto Ryokan,920-2341,Ishikawa Prefecture,121 He Kamashimizumachi Hakusan,,,http://www.tripadvisor.com/Hotel_Review-g1021240-d1878202-Reviews-Yamamoto_Ryokan-Hakusan_Ishikawa_Prefecture_Chubu.html
Nagai Ryokan,920-2501,Ishikawa Prefecture,No 38 Shiramine Hakusan,,$,http://www.tripadvisor.com/Hotel_Review-g1021240-d2258798-Reviews-Nagai_Ryokan-Hakusan_Ishikawa_Prefecture_Chubu.html
Furari,920-2347,Ishikawa Prefecture,55 Bushiganomachiotsu Hakusan,,,http://www.tripadvisor.com/Hotel_Review-g1021240-d2642110-Reviews-Furari-Hakusan_Ishikawa_Prefecture_Chubu.html
Morishige,920-2114,Ishikawa Prefecture,I-65 Sannomiyamachi Hakusan,,,http://www.tripadvisor.com/Hotel_Review-g1021240-d2642136-Reviews-Morishige-Hakusan_Ishikawa_Prefecture_Chubu.html
Hakusanri,920-2323,Ishikawa Prefecture,Senami Hakusan,,$$,http://www.tripadvisor.com/Hotel_Review-g1021240-d2648130-Reviews-Hakusanri-Hakusan_Ishikawa_Prefecture_Chubu.html
Yamazakiryokan,920-2333 ,Ishikawa Prefecture,4-1 Ozo Hakusan,,,http://www.tripadvisor.com/Hotel_Review-g1021240-d3676813-Reviews-Yamazakiryokan-Hakusan_Ishikawa_Prefecture_Chubu.html
Bogakuen,925-2501,Ishikawa Prefecture,6-101 Shiramine Hakusan,,$$,http://www.tripadvisor.com/Hotel_Review-g1021240-d6029054-Reviews-Bogakuen-Hakusan_Ishikawa_Prefecture_Chubu.html
Ikoi no Mura Noto Hanto,925-0165,Ishikawa Prefecture,Shikanosato Onsen Shika-machi,,$,http://www.tripadvisor.com/Hotel_Review-g1121162-d1124806-Reviews-Ikoi_no_Mura_Noto_Hanto-Shika_machi_Hakui_gun_Ishikawa_Prefecture_Chubu.html
Noto Royal Hotel,925-0156,Ishikawa Prefecture,Ra-1 Yakuradani Shika-machi,234,$$,http://www.tripadvisor.com/Hotel_Review-g1121162-d1124808-Reviews-Noto_Royal_Hotel-Shika_machi_Hakui_gun_Ishikawa_Prefecture_Chubu.html
Pension Cruise,925-0156,Ishikawa Prefecture,4-32 Ne Yakuradani Shika-machi,,$,http://www.tripadvisor.com/Hotel_Review-g1121162-d1124811-Reviews-Pension_Cruise-Shika_machi_Hakui_gun_Ishikawa_Prefecture_Chubu.html
Wafu Pension Furusato,925-0156,Ishikawa Prefecture,1-96 Mu Yakuradani Shika-machi,,$,http://www.tripadvisor.com/Hotel_Review-g1121162-d1124822-Reviews-Wafu_Pension_Furusato-Shika_machi_Hakui_gun_Ishikawa_Prefecture_Chubu.html
Heart Land Hills in Noto,925-0141,Ishikawa Prefecture,1-23 Takahamacho Ku Shika-machi,,,http://www.tripadvisor.com/Hotel_Review-g1121162-d1141150-Reviews-Heart_Land_Hills_in_Noto-Shika_machi_Hakui_gun_Ishikawa_Prefecture_Chubu.html
Kogetsukan,925-0446　,Ishikawa Prefecture,8-176-3 Togijito Shika-machi,,$$,http://www.tripadvisor.com/Hotel_Review-g1121162-d1141153-Reviews-Kogetsukan-Shika_machi_Hakui_gun_Ishikawa_Prefecture_Chubu.html
Pension Timely,925-0156,Ishikawa Prefecture,1-103 Yaguradani Ra Shika-machi,,,http://www.tripadvisor.com/Hotel_Review-g1121162-d1141161-Reviews-Pension_Timely-Shika_machi_Hakui_gun_Ishikawa_Prefecture_Chubu.html
Pension Yunagi,925-0156 ,Ishikawa Prefecture,1-47 Yaguradani Mu Shika-machi,,$,http://www.tripadvisor.com/Hotel_Review-g1121162-d1141166-Reviews-Pension_Yunagi-Shika_machi_Hakui_gun_Ishikawa_Prefecture_Chubu.html
Seaside Villa Bokkai,925-0447,Ishikawa Prefecture,"59 Ko, Ryokemachi, Togi Shika-machi",,$,http://www.tripadvisor.com/Hotel_Review-g1121162-d1141168-Reviews-Seaside_Villa_Bokkai-Shika_machi_Hakui_gun_Ishikawa_Prefecture_Chubu.html
Togi Cycling Terminal,925-0453,Ishikawa Prefecture,53-6-6 Satohongo Shika-machi,,,http://www.tripadvisor.com/Hotel_Review-g1121162-d1141274-Reviews-Togi_Cycling_Terminal-Shika_machi_Hakui_gun_Ishikawa_Prefecture_Chubu.html
Umino Oka Club,925-0564,Ishikawa Prefecture,"2-29-3 Sakami, Togi Shika-machi",,$$$,http://www.tripadvisor.com/Hotel_Review-g1121162-d1141277-Reviews-Umino_Oka_Club-Shika_machi_Hakui_gun_Ishikawa_Prefecture_Chubu.html
Onsen Minshuku Matsukaze,925-0156,Ishikawa Prefecture,2-61 Ra Yaguradani Shika-machi,,,http://www.tripadvisor.com/Hotel_Review-g1121162-d1522883-Reviews-Onsen_Minshuku_Matsukaze-Shika_machi_Hakui_gun_Ishikawa_Prefecture_Chubu.html
Shinyasuryokan,925-0141,Ishikawa Prefecture,81 Takahamachoma Shika-machi,,,http://www.tripadvisor.com/Hotel_Review-g1121162-d1879222-Reviews-Shinyasuryokan-Shika_machi_Hakui_gun_Ishikawa_Prefecture_Chubu.html
Oshima Campgroud,925-0147,Ishikawa Prefecture,11-1-40 Oshima Shika-machi,,,http://www.tripadvisor.com/Hotel_Review-g1121162-d1879228-Reviews-Oshima_Campgroud-Shika_machi_Hakui_gun_Ishikawa_Prefecture_Chubu.html
Noto Resort Inn Misawa,925-0156,Ishikawa Prefecture,2-76 Yaguradanira Shika-machi,,$$,http://www.tripadvisor.com/Hotel_Review-g1121162-d1879230-Reviews-Noto_Resort_Inn_Misawa-Shika_machi_Hakui_gun_Ishikawa_Prefecture_Chubu.html
New Kongoso,925-0444 ,Ishikawa Prefecture,He-29 Togiurukami Shika-machi,,,http://www.tripadvisor.com/Hotel_Review-g1121162-d2042858-Reviews-New_Kongoso-Shika_machi_Hakui_gun_Ishikawa_Prefecture_Chubu.html
Masuhochaya,925-0564,Ishikawa Prefecture,151-1 Sakami Shika-machi,,,http://www.tripadvisor.com/Hotel_Review-g1121162-d2626407-Reviews-Masuhochaya-Shika_machi_Hakui_gun_Ishikawa_Prefecture_Chubu.html
Road Shiga,925-0167,Ishikawa Prefecture,He 1-159 Machi Shika-machi,,,http://www.tripadvisor.com/Hotel_Review-g1121162-d2653701-Reviews-Road_Shiga-Shika_machi_Hakui_gun_Ishikawa_Prefecture_Chubu.html
Noto Resort Area Masuhoura,925-0454 ,Ishikawa Prefecture,I 3-1 Aikami Shika-machi,,,http://www.tripadvisor.com/Hotel_Review-g1121162-d4572247-Reviews-Noto_Resort_Area_Masuhoura-Shika_machi_Hakui_gun_Ishikawa_Prefecture_Chubu.html
Hotel Wellness Notoji,929-1415,Ishikawa Prefecture,5-48-2 Shikinami Hodatsushimizu-cho,23,$,http://www.tripadvisor.com/Hotel_Review-g1121163-d1141279-Reviews-Hotel_Wellness_Notoji-Hodatsushimizu_cho_Hakui_gun_Ishikawa_Prefecture_Chubu.html
Minshuku Notohanto,929-1344 ,Ishikawa Prefecture,220 Imahama So Hodatsushimizu-cho,,$,http://www.tripadvisor.com/Hotel_Review-g1121163-d1141283-Reviews-Minshuku_Notohanto-Hodatsushimizu_cho_Hakui_gun_Ishikawa_Prefecture_Chubu.html
Ryokan Yamamoto,929-1312,Ishikawa Prefecture,30 E Uwada Hodatsushimizu-cho,,$,http://www.tripadvisor.com/Hotel_Review-g1121163-d1522884-Reviews-Ryokan_Yamamoto-Hodatsushimizu_cho_Hakui_gun_Ishikawa_Prefecture_Chubu.html
Heartful Chirihama,929-1344,Ishikawa Prefecture,"93 Kita, Imahama Hodatsushimizu-cho",,,http://www.tripadvisor.com/Hotel_Review-g1121163-d2307737-Reviews-Heartful_Chirihama-Hodatsushimizu_cho_Hakui_gun_Ishikawa_Prefecture_Chubu.html
Aenokaze,926-0175 ,Ishikawa Prefecture,8-1 Wakasaki Wakuramachi Nanao,129,$$,http://www.tripadvisor.com/Hotel_Review-g1021236-d573572-Reviews-Aenokaze-Nanao_Ishikawa_Prefecture_Chubu.html
Kagaya,926-0192,Ishikawa Prefecture,80 Yobu Wakuramachi Nanao,232,$$$$,http://www.tripadvisor.com/Hotel_Review-g1021236-d573573-Reviews-Kagaya-Nanao_Ishikawa_Prefecture_Chubu.html
Mejimakan,926-0006,Ishikawa Prefecture,13-1 Otamachi To Nanao,,$$,http://www.tripadvisor.com/Hotel_Review-g1021236-d1074641-Reviews-Mejimakan-Nanao_Ishikawa_Prefecture_Chubu.html
Business Hotel Hayashi,926-0811,Ishikawa Prefecture,2 Misogicho Nanao,,$,http://www.tripadvisor.com/Hotel_Review-g1021236-d1074642-Reviews-Business_Hotel_Hayashi-Nanao_Ishikawa_Prefecture_Chubu.html
Hanagoyomi,926-0175,Ishikawa Prefecture,13 Wakuramachi Ka Nanao,,$,http://www.tripadvisor.com/Hotel_Review-g1021236-d1074643-Reviews-Hanagoyomi-Nanao_Ishikawa_Prefecture_Chubu.html
Hotel Alpha-one Notowakura,926-0178,Ishikawa Prefecture,1-20 Kashima Ishizaki-machi Nanao,,$,http://www.tripadvisor.com/Hotel_Review-g1021236-d1078552-Reviews-Hotel_Alpha_one_Notowakura-Nanao_Ishikawa_Prefecture_Chubu.html
Hotel Kaibo,926-0175,Ishikawa Prefecture,12-3 Wakasaki Wakuramachi Nanao,81,$$,http://www.tripadvisor.com/Hotel_Review-g1021236-d1079873-Reviews-Hotel_Kaibo-Nanao_Ishikawa_Prefecture_Chubu.html
Noushuuiroha,926-0175,Ishikawa Prefecture,1-10-1 Wakuramachi Nanao,,$$,http://www.tripadvisor.com/Hotel_Review-g1021236-d1079942-Reviews-Noushuuiroha-Nanao_Ishikawa_Prefecture_Chubu.html
Tenkuunoyado Daikansou,926-0175,Ishikawa Prefecture,6-5-1 Wakuramachi Nanao,73,$$,http://www.tripadvisor.com/Hotel_Review-g1021236-d1079955-Reviews-Tenkuunoyado_Daikansou-Nanao_Ishikawa_Prefecture_Chubu.html
Yadomoriya Juen,926-0176,Ishikawa Prefecture,2-52 Hibari Wakuramachi Nanao,71,$$,http://www.tripadvisor.com/Hotel_Review-g1021236-d1079962-Reviews-Yadomoriya_Juen-Nanao_Ishikawa_Prefecture_Chubu.html
Yukemurinoyado Biwanso,926-0175,Ishikawa Prefecture,3-1 Wakasaki Wakuramachi Nanao,76,$$,http://www.tripadvisor.com/Hotel_Review-g1021236-d1079970-Reviews-Yukemurinoyado_Biwanso-Nanao_Ishikawa_Prefecture_Chubu.html
Niji to Umi,926-0175,Ishikawa Prefecture,96 Yo Wakuramachi Nanao,,$$$,http://www.tripadvisor.com/Hotel_Review-g1021236-d1082645-Reviews-Niji_to_Umi-Nanao_Ishikawa_Prefecture_Chubu.html
Tadaya,926-0175,Ishikawa Prefecture,19 Yo Wakuramachi Nanao,60,$$$,http://www.tripadvisor.com/Hotel_Review-g1021236-d1082647-Reviews-Tadaya-Nanao_Ishikawa_Prefecture_Chubu.html
Hosenkaku,926-0175,Ishikawa Prefecture,19-2 Yo Wakuramachi Nanao,,$,http://www.tripadvisor.com/Hotel_Review-g1021236-d1082650-Reviews-Hosenkaku-Nanao_Ishikawa_Prefecture_Chubu.html
Hotel Alivio,926-0046,Ishikawa Prefecture,1 Shinmei-cho Nanao,,$$,http://www.tripadvisor.com/Hotel_Review-g1021236-d1088504-Reviews-Hotel_Alivio-Nanao_Ishikawa_Prefecture_Chubu.html
Hotel Noto Club,926-0178,Ishikawa Prefecture,1-16 Ishizaki-cho Kashima Nanao,,,http://www.tripadvisor.com/Hotel_Review-g1021236-d1088508-Reviews-Hotel_Noto_Club-Nanao_Ishikawa_Prefecture_Chubu.html
Hotel Route Inn Nanao Eki Higashi,926-0021,Ishikawa Prefecture,31-1 Moto Fuchumachi Ha Nanao,153,$,http://www.tripadvisor.com/Hotel_Review-g1021236-d1088518-Reviews-Hotel_Route_Inn_Nanao_Eki_Higashi-Nanao_Ishikawa_Prefecture_Chubu.html
Katsushio Ryokan,926-0175,Ishikawa Prefecture,"22-10 Wo, Wakura-machi Nanao",,,http://www.tripadvisor.com/Hotel_Review-g1021236-d1088530-Reviews-Katsushio_Ryokan-Nanao_Ishikawa_Prefecture_Chubu.html
Shimasaki,926-0171,Ishikawa Prefecture,100 Ro Ishizaki-machi Nanao,,$,http://www.tripadvisor.com/Hotel_Review-g1021236-d1088608-Reviews-Shimasaki-Nanao_Ishikawa_Prefecture_Chubu.html
Sugano,926-0222,Ishikawa Prefecture,63-21 Notojima Neyamachi Nanao,,,http://www.tripadvisor.com/Hotel_Review-g1021236-d1088611-Reviews-Sugano-Nanao_Ishikawa_Prefecture_Chubu.html
Notoraku,926-0178,Ishikawa Prefecture,1-14 Kashima Ishizakimachi Nanao,106,$$,http://www.tripadvisor.com/Hotel_Review-g1021236-d1088613-Reviews-Notoraku-Nanao_Ishikawa_Prefecture_Chubu.html
Okudaya,926-0175,Ishikawa Prefecture,Yo 5-1 Wakura-machi Nanao,,$,http://www.tripadvisor.com/Hotel_Review-g1021236-d1088645-Reviews-Okudaya-Nanao_Ishikawa_Prefecture_Chubu.html
Oyado Suzuka,926-0175,Ishikawa Prefecture,4-7 Wakura-machi Ru Nanao,,$$,http://www.tripadvisor.com/Hotel_Review-g1021236-d1088647-Reviews-Oyado_Suzuka-Nanao_Ishikawa_Prefecture_Chubu.html
Kaigetsu Inn,926-0175,Ishikawa Prefecture,21 Wakura-machi Nanao,,,http://www.tripadvisor.com/Hotel_Review-g1021236-d1088649-Reviews-Kaigetsu_Inn-Nanao_Ishikawa_Prefecture_Chubu.html
Hamanasu,926-0175,Ishikawa Prefecture,45 Wakura-machi Yo Nanao,,$$,http://www.tripadvisor.com/Hotel_Review-g1021236-d1088652-Reviews-Hamanasu-Nanao_Ishikawa_Prefecture_Chubu.html
Nanaojo,926-0014,Ishikawa Prefecture,"2-16 Teppoyama, Yatamachi 21 Nanao",,$,http://www.tripadvisor.com/Hotel_Review-g1021236-d1088658-Reviews-Nanaojo-Nanao_Ishikawa_Prefecture_Chubu.html
Hamazuru,926-0216 ,Ishikawa Prefecture,14-1-4 Notoshima Magari-machi Nanao,,,http://www.tripadvisor.com/Hotel_Review-g1021236-d1088663-Reviews-Hamazuru-Nanao_Ishikawa_Prefecture_Chubu.html
Sawada Inn,926-0211,Ishikawa Prefecture,12Notojima Kouda-machi Nanao,,$$$,http://www.tripadvisor.com/Hotel_Review-g1021236-d1088668-Reviews-Sawada_Inn-Nanao_Ishikawa_Prefecture_Chubu.html
Seikaiso,926-0175,Ishikawa Prefecture,2-4 Wakura-machi Wa Nanao,,,http://www.tripadvisor.com/Hotel_Review-g1021236-d1088670-Reviews-Seikaiso-Nanao_Ishikawa_Prefecture_Chubu.html
Winds,926-0216,Ishikawa Prefecture,8-25-6 Notojima Magari-machi Nanao,,$,http://www.tripadvisor.com/Hotel_Review-g1021236-d1088673-Reviews-Winds-Nanao_Ishikawa_Prefecture_Chubu.html
Togetsuan,926-0175,Ishikawa Prefecture,1 Wakura-machi Ta Nanao,,$$$,http://www.tripadvisor.com/Hotel_Review-g1021236-d1088702-Reviews-Togetsuan-Nanao_Ishikawa_Prefecture_Chubu.html
Jubankan,926-0175,Ishikawa Prefecture,6-6-5 Wakura-machi Nanao,,$$,http://www.tripadvisor.com/Hotel_Review-g1021236-d1088703-Reviews-Jubankan-Nanao_Ishikawa_Prefecture_Chubu.html
Ryuokaku,926-0002,Ishikawa Prefecture,47-35-1 Yugawa-machi Nanao,,$,http://www.tripadvisor.com/Hotel_Review-g1021236-d1088705-Reviews-Ryuokaku-Nanao_Ishikawa_Prefecture_Chubu.html
Yunohana,926-0175,Ishikawa Prefecture,22-3 Wakura-machi Nanao,,$,http://www.tripadvisor.com/Hotel_Review-g1021236-d1088706-Reviews-Yunohana-Nanao_Ishikawa_Prefecture_Chubu.html
Okadaya,926-0175,Ishikawa Prefecture,"22-1 Wa, Wakura-machi Nanao",,$,http://www.tripadvisor.com/Hotel_Review-g1021236-d1088708-Reviews-Okadaya-Nanao_Ishikawa_Prefecture_Chubu.html
Business Hotel Sunrise,926-0171,Ishikawa Prefecture,28-30 Ishizaki-machi Nishisanku Ta Nanao,,$,http://www.tripadvisor.com/Hotel_Review-g1021236-d1088709-Reviews-Business_Hotel_Sunrise-Nanao_Ishikawa_Prefecture_Chubu.html
Business Hotel Wakura,926-0171 ,Ishikawa Prefecture,28-15 Ta Ishizaki-machi Nanao,,,http://www.tripadvisor.com/Hotel_Review-g1021236-d1088710-Reviews-Business_Hotel_Wakura-Nanao_Ishikawa_Prefecture_Chubu.html
Business Inn Kaganso,926-0175,Ishikawa Prefecture,2-20 Wakura-machi Hibari Nanao,,$,http://www.tripadvisor.com/Hotel_Review-g1021236-d1088711-Reviews-Business_Inn_Kaganso-Nanao_Ishikawa_Prefecture_Chubu.html
Yonekyu,926-0175,Ishikawa Prefecture,31 Wakuramachi Wa Nanao,,,http://www.tripadvisor.com/Hotel_Review-g1021236-d1092366-Reviews-Yonekyu-Nanao_Ishikawa_Prefecture_Chubu.html
Harbor Inn Wakura,926-0178,Ishikawa Prefecture,2-47 Ishizakimachi kashima Nanao,,,http://www.tripadvisor.com/Hotel_Review-g1021236-d1094029-Reviews-Harbor_Inn_Wakura-Nanao_Ishikawa_Prefecture_Chubu.html
Satamiya Ryokan,926-0047,Ishikawa Prefecture,10 Otemachi Nanao,,$,http://www.tripadvisor.com/Hotel_Review-g1021236-d1094032-Reviews-Satamiya_Ryokan-Nanao_Ishikawa_Prefecture_Chubu.html
Pocket Hills,926-0224,Ishikawa Prefecture,6-3 Notojima Hyakumangokumachi Nanao,,,http://www.tripadvisor.com/Hotel_Review-g1021236-d1109570-Reviews-Pocket_Hills-Nanao_Ishikawa_Prefecture_Chubu.html
Wakabayashisou,926-0201,Ishikawa Prefecture,2-12 Notojima Bagauramachi Nanao,,$$,http://www.tripadvisor.com/Hotel_Review-g1021236-d1109576-Reviews-Wakabayashisou-Nanao_Ishikawa_Prefecture_Chubu.html
Minshuku Segawa,926-0211,Ishikawa Prefecture,118-1-1 Notojima Kodamachi Nanao,,$,http://www.tripadvisor.com/Hotel_Review-g1021236-d1109579-Reviews-Minshuku_Segawa-Nanao_Ishikawa_Prefecture_Chubu.html
Nakanomiya,926-0178,Ishikawa Prefecture,2-10 Ishizakimachi Nanao,,,http://www.tripadvisor.com/Hotel_Review-g1021236-d1109586-Reviews-Nakanomiya-Nanao_Ishikawa_Prefecture_Chubu.html
Manyo Club,929-2218,Ishikawa Prefecture,118 Nakajimanachi Searashi I Nanao,,,http://www.tripadvisor.com/Hotel_Review-g1021236-d1109592-Reviews-Manyo_Club-Nanao_Ishikawa_Prefecture_Chubu.html
Sun Hills Noto,926-0384,Ishikawa Prefecture,38 Otomarimachi Fujimaki Nanao,,$$,http://www.tripadvisor.com/Hotel_Review-g1021236-d1109594-Reviews-Sun_Hills_Noto-Nanao_Ishikawa_Prefecture_Chubu.html
Business Hotel Idaya,926-0046,Ishikawa Prefecture,2-17 Ro Shinmeicho Nanao,,$,http://www.tripadvisor.com/Hotel_Review-g1021236-d1522878-Reviews-Business_Hotel_Idaya-Nanao_Ishikawa_Prefecture_Chubu.html
Noto Omakidai,929-2214,Ishikawa Prefecture,55 Ibu Nakajimamachi Omaki Nanao,,$$,http://www.tripadvisor.com/Hotel_Review-g1021236-d1522879-Reviews-Noto_Omakidai-Nanao_Ishikawa_Prefecture_Chubu.html
Kinpaso,926-0175,Ishikawa Prefecture,"91-1 Yobu, Wakuramachi Nanao",,$$,http://www.tripadvisor.com/Hotel_Review-g1021236-d1864098-Reviews-Kinpaso-Nanao_Ishikawa_Prefecture_Chubu.html
Minshuku Notojimaso,926-0203,Ishikawa Prefecture,32-66 Notojima Enomemachi Nanao,,,http://www.tripadvisor.com/Hotel_Review-g1021236-d1878180-Reviews-Minshuku_Notojimaso-Nanao_Ishikawa_Prefecture_Chubu.html
Notojima Seasidehouse,926-0213 ,Ishikawa Prefecture,42-4 Notojimasusomachi Nanao,,$$$,http://www.tripadvisor.com/Hotel_Review-g1021236-d2258815-Reviews-Notojima_Seasidehouse-Nanao_Ishikawa_Prefecture_Chubu.html
Minshuku Tsuruya,929-2121,Ishikawa Prefecture,Ta-73-6 Tatsuruhamamachi Nanao,,$,http://www.tripadvisor.com/Hotel_Review-g1021236-d2645257-Reviews-Minshuku_Tsuruya-Nanao_Ishikawa_Prefecture_Chubu.html
Minshuku Hamaya,926-0204,Ishikawa Prefecture,28-6 Notojimanagasakimachi Nanao,,,http://www.tripadvisor.com/Hotel_Review-g1021236-d2645259-Reviews-Minshuku_Hamaya-Nanao_Ishikawa_Prefecture_Chubu.html
Minshuku Nakamuraya,926-0212,Ishikawa Prefecture,Natojima Sanomimachi yo-25 Nanao,,$,http://www.tripadvisor.com/Hotel_Review-g1021236-d3477395-Reviews-Minshuku_Nakamuraya-Nanao_Ishikawa_Prefecture_Chubu.html
Sneaker no Yado,926-0224,Ishikawa Prefecture,Noto-jima Hyakumangoku-machi 6-5 Nanao,,$,http://www.tripadvisor.com/Hotel_Review-g1021236-d3477398-Reviews-Sneaker_no_Yado-Nanao_Ishikawa_Prefecture_Chubu.html
Umeya,926-0203,Ishikawa Prefecture,Notojima Enomemachi 55-30 Nanao,,$$$,http://www.tripadvisor.com/Hotel_Review-g1021236-d3477405-Reviews-Umeya-Nanao_Ishikawa_Prefecture_Chubu.html
Sansuiso,926-0201,Ishikawa Prefecture,Bagaura-machi 5-3 Nanao,,,http://www.tripadvisor.com/Hotel_Review-g1021236-d3477976-Reviews-Sansuiso-Nanao_Ishikawa_Prefecture_Chubu.html
cafe&G.H. BASE TO FREEDOM,926-0175,Ishikawa Prefecture,"9-7 Labe, Wakuramachi Nanao",,$,http://www.tripadvisor.com/Hotel_Review-g1021236-d3571350-Reviews-Cafe_G_H_BASE_TO_FREEDOM-Nanao_Ishikawa_Prefecture_Chubu.html
Ginsuikaku Ryokan,926-0175,Ishikawa Prefecture,Wa-bu 34 Wakura-cho Nanao-shi Nanao,,,http://www.tripadvisor.com/Hotel_Review-g1021236-d3863770-Reviews-Ginsuikaku_Ryokan-Nanao_Ishikawa_Prefecture_Chubu.html
Toudono Ie,926-0365,Ishikawa Prefecture,18 No-bu Momosecho Nanao,,,http://www.tripadvisor.com/Hotel_Review-g1021236-d4155527-Reviews-Toudono_Ie-Nanao_Ishikawa_Prefecture_Chubu.html
Shimanoyado Enomeso,926-0203,Ishikawa Prefecture,45 Notojima Enomachi ro-bu Nanao,,,http://www.tripadvisor.com/Hotel_Review-g1021236-d4341825-Reviews-Shimanoyado_Enomeso-Nanao_Ishikawa_Prefecture_Chubu.html
Hamazuru,926-0175,Ishikawa Prefecture,Wakuramachi Ru 2-2 Nanao,,$$$,http://www.tripadvisor.com/Hotel_Review-g1021236-d6938146-Reviews-Hamazuru-Nanao_Ishikawa_Prefecture_Chubu.html
Tagawa Ryusenkaku,923-1245,Ishikawa Prefecture,20Tatsunokuchimachi Nomi,,$$$,http://www.tripadvisor.com/Hotel_Review-g1021241-d1075095-Reviews-Tagawa_Ryusenkaku-Nomi_Ishikawa_Prefecture_Chubu.html
Matsusaki,923-1245,Ishikawa Prefecture,3-1 Tatsunokuchimachi Nomi,40,$$$$,http://www.tripadvisor.com/Hotel_Review-g1021241-d1097268-Reviews-Matsusaki-Nomi_Ishikawa_Prefecture_Chubu.html
Manyo,923-01226,Ishikawa Prefecture,5-31-40 Midorigaoka Nomi,,$$$$,http://www.tripadvisor.com/Hotel_Review-g1021241-d1097272-Reviews-Manyo-Nomi_Ishikawa_Prefecture_Chubu.html
Sarai,923-1105,Ishikawa Prefecture,147-1 Ishikomachiha Nomi,,$,http://www.tripadvisor.com/Hotel_Review-g1021241-d1879219-Reviews-Sarai-Nomi_Ishikawa_Prefecture_Chubu.html
Kakihama,927-0023,Ishikawa Prefecture,8 Mukigauraha Anamizu-machi,,,http://www.tripadvisor.com/Hotel_Review-g1121165-d1879232-Reviews-Kakihama-Anamizu_machi_Hosu_gun_Ishikawa_Prefecture_Chubu.html
Miyamoriso,927-0026,Ishikawa Prefecture,43 Omachini Anamizu-machi,,,http://www.tripadvisor.com/Hotel_Review-g1121165-d1879235-Reviews-Miyamoriso-Anamizu_machi_Hosu_gun_Ishikawa_Prefecture_Chubu.html
Castle Manai,927-0027,Ishikawa Prefecture,61-1 Kawajima Anamizu-machi,,$,http://www.tripadvisor.com/Hotel_Review-g1121165-d1924231-Reviews-Castle_Manai-Anamizu_machi_Hosu_gun_Ishikawa_Prefecture_Chubu.html
Tokiminekaiyu,927-0027,Ishikawa Prefecture,Ki-3 Kawashima Anamizu-machi,,,http://www.tripadvisor.com/Hotel_Review-g1121165-d2640428-Reviews-Tokiminekaiyu-Anamizu_machi_Hosu_gun_Ishikawa_Prefecture_Chubu.html
Shikinooka,927-0231,Ishikawa Prefecture,Ta37-10 Nakayama Anamizu-machi,,,http://www.tripadvisor.com/Hotel_Review-g1121165-d2640432-Reviews-Shikinooka-Anamizu_machi_Hosu_gun_Ishikawa_Prefecture_Chubu.html
Takeyoshiso,927-0035,Ishikawa Prefecture,16-6-1 Shigaura Anamizu-machi,,,http://www.tripadvisor.com/Hotel_Review-g1121165-d2653634-Reviews-Takeyoshiso-Anamizu_machi_Hosu_gun_Ishikawa_Prefecture_Chubu.html
Hotel Noto Kinpura,927-0552,Ishikawa Prefecture,11-51 Aza Otsusaka Noto-cho,26,$$,http://www.tripadvisor.com/Hotel_Review-g1121166-d1124826-Reviews-Hotel_Noto_Kinpura-Noto_cho_Hosu_gun_Ishikawa_Prefecture_Chubu.html
Hyakurakuso,927-0552,Ishikawa Prefecture,11-34 Aza Otsusaka Noto-cho,,$$$$,http://www.tripadvisor.com/Hotel_Review-g1121166-d1124828-Reviews-Hyakurakuso-Noto_cho_Hosu_gun_Ishikawa_Prefecture_Chubu.html
Kanehachi,927-0433,Ishikawa Prefecture,14 Ushitsu Noto-cho,,$$,http://www.tripadvisor.com/Hotel_Review-g1121166-d1141285-Reviews-Kanehachi-Noto_cho_Hosu_gun_Ishikawa_Prefecture_Chubu.html
Issui,927-0554 ,Ishikawa Prefecture,1-85-6 Ichinose Noto-cho,,$,http://www.tripadvisor.com/Hotel_Review-g1121166-d1141288-Reviews-Issui-Noto_cho_Hosu_gun_Ishikawa_Prefecture_Chubu.html
Shunrannoyado,927-0322,Ishikawa Prefecture,16-9 Miyachi Noto-cho,,$,http://www.tripadvisor.com/Hotel_Review-g1121166-d1522885-Reviews-Shunrannoyado-Noto_cho_Hosu_gun_Ishikawa_Prefecture_Chubu.html
Amimoto New Koiji,927-0601,Ishikawa Prefecture,7-9-1 Koiji Noto-cho,,$$,http://www.tripadvisor.com/Hotel_Review-g1121166-d1522886-Reviews-Amimoto_New_Koiji-Noto_cho_Hosu_gun_Ishikawa_Prefecture_Chubu.html
Lovero Koiji,927-0601,Ishikawa Prefecture,3-18 Koiji Noto-cho,,$,http://www.tripadvisor.com/Hotel_Review-g1121166-d1522887-Reviews-Lovero_Koiji-Noto_cho_Hosu_gun_Ishikawa_Prefecture_Chubu.html
Sanpei,927-0312,Ishikawa Prefecture,18-84 Honki Noto-cho,,,http://www.tripadvisor.com/Hotel_Review-g1121166-d1522888-Reviews-Sanpei-Noto_cho_Hosu_gun_Ishikawa_Prefecture_Chubu.html
Notoisaribi Youth Hostel,927-0553,Ishikawa Prefecture,51-6 Ogiyo Noto-cho,,,http://www.tripadvisor.com/Hotel_Review-g1121166-d1879240-Reviews-Notoisaribi_Youth_Hostel-Noto_cho_Hosu_gun_Ishikawa_Prefecture_Chubu.html
Mawakiporepore,927-0562,Ishikawa Prefecture,19-110 Mawaki Noto-cho,,$$,http://www.tripadvisor.com/Hotel_Review-g1121166-d1879243-Reviews-Mawakiporepore-Noto_cho_Hosu_gun_Ishikawa_Prefecture_Chubu.html
Koijiya,927-0601,Ishikawa Prefecture,7-11 Koiji Noto-cho,,,http://www.tripadvisor.com/Hotel_Review-g1121166-d1879250-Reviews-Koijiya-Noto_cho_Hosu_gun_Ishikawa_Prefecture_Chubu.html
Notoyanagidaso,928-0331,Ishikawa Prefecture,1 Yanagida Noto-cho,,$,http://www.tripadvisor.com/Hotel_Review-g1121166-d1879255-Reviews-Notoyanagidaso-Noto_cho_Hosu_gun_Ishikawa_Prefecture_Chubu.html
Seminar House Yamabiko,928-0333,Ishikawa Prefecture,33-61 Kurokawa Noto-cho,,,http://www.tripadvisor.com/Hotel_Review-g1121166-d1879261-Reviews-Seminar_House_Yamabiko-Noto_cho_Hosu_gun_Ishikawa_Prefecture_Chubu.html
Minshuku Magoroku,927-0441,Ishikawa Prefecture,23-125 Fujinami Noto-cho,,,http://www.tripadvisor.com/Hotel_Review-g1121166-d1879263-Reviews-Minshuku_Magoroku-Noto_cho_Hosu_gun_Ishikawa_Prefecture_Chubu.html
Notoushitsuso,927-0565,Ishikawa Prefecture,5-4 Hane Noto-cho,,$,http://www.tripadvisor.com/Hotel_Review-g1121166-d1879268-Reviews-Notoushitsuso-Noto_cho_Hosu_gun_Ishikawa_Prefecture_Chubu.html
Astro Cottage,928-0312,Ishikawa Prefecture,1-1 Kanmachi Noto-cho,,$$,http://www.tripadvisor.com/Hotel_Review-g1121166-d2330560-Reviews-Astro_Cottage-Noto_cho_Hosu_gun_Ishikawa_Prefecture_Chubu.html
Minshuku Fuwa,927-0433,Ishikawa Prefecture,U124 Ushitsu Noto-cho,,,http://www.tripadvisor.com/Hotel_Review-g1121166-d2645250-Reviews-Minshuku_Fuwa-Noto_cho_Hosu_gun_Ishikawa_Prefecture_Chubu.html
Kakio,927-0304,Ishikawa Prefecture,2-50 Kakio Noto-cho,,,http://www.tripadvisor.com/Hotel_Review-g1121166-d2653646-Reviews-Kakio-Noto_cho_Hosu_gun_Ishikawa_Prefecture_Chubu.html
Zenbe,927-0311,Ishikawa Prefecture,9-151 Mizuho Noto-cho,,,http://www.tripadvisor.com/Hotel_Review-g1121166-d2653652-Reviews-Zenbe-Noto_cho_Hosu_gun_Ishikawa_Prefecture_Chubu.html
Minshuku Yukaan,927-0312,Ishikawa Prefecture,2-77-ko Honki Noto-cho,,$$$,http://www.tripadvisor.com/Hotel_Review-g1121166-d2653659-Reviews-Minshuku_Yukaan-Noto_cho_Hosu_gun_Ishikawa_Prefecture_Chubu.html
Mansakunoyado,927-0323,Ishikawa Prefecture,8-24-2 Sakeo Noto-cho,,,http://www.tripadvisor.com/Hotel_Review-g1121166-d2653671-Reviews-Mansakunoyado-Noto_cho_Hosu_gun_Ishikawa_Prefecture_Chubu.html
Mago,927-0324,Ishikawa Prefecture,5-80-1 Kashiwagi Noto-cho,,,http://www.tripadvisor.com/Hotel_Review-g1121166-d2653684-Reviews-Mago-Noto_cho_Hosu_gun_Ishikawa_Prefecture_Chubu.html
FLATT'S,927-0443,Ishikawa Prefecture,27-26-3 Yanami Noto-cho,,,http://www.tripadvisor.com/Hotel_Review-g1121166-d3489395-Reviews-FLATT_S-Noto_cho_Hosu_gun_Ishikawa_Prefecture_Chubu.html
Noroshikan,927-1441,Ishikawa Prefecture,9 Wo Noroshimachi Suzu,,$,http://www.tripadvisor.com/Hotel_Review-g1021237-d1075096-Reviews-Noroshikan-Suzu_Ishikawa_Prefecture_Chubu.html
Notokankou Hotel,927-1326,Ishikawa Prefecture,6-1 Ka Aza Mauramachi Suzu,,$$,http://www.tripadvisor.com/Hotel_Review-g1021237-d1075097-Reviews-Notokankou_Hotel-Suzu_Ishikawa_Prefecture_Chubu.html
Pension Rokkozaki Lighthouse,927-1441,Ishikawa Prefecture,35 He Noroshimachi Suzu,,,http://www.tripadvisor.com/Hotel_Review-g1021237-d1075098-Reviews-Pension_Rokkozaki_Lighthouse-Suzu_Ishikawa_Prefecture_Chubu.html
Suzu Beach Hotel,927-1204,Ishikawa Prefecture,1-2-480 Takojimamachi Suzu,35,$,http://www.tripadvisor.com/Hotel_Review-g1021237-d1075099-Reviews-Suzu_Beach_Hotel-Suzu_Ishikawa_Prefecture_Chubu.html
Hotel Kairakusho,927-1325,Ishikawa Prefecture,16 Mauramachi ka Suzu,,$,http://www.tripadvisor.com/Hotel_Review-g1021237-d1097334-Reviews-Hotel_Kairakusho-Suzu_Ishikawa_Prefecture_Chubu.html
Rokko Ryokan,927-1441,Ishikawa Prefecture,Noroshimachi Suzu,,$,http://www.tripadvisor.com/Hotel_Review-g1021237-d1097341-Reviews-Rokko_Ryokan-Suzu_Ishikawa_Prefecture_Chubu.html
Tanino Ryokan,927-1214,Ishikawa Prefecture,12-52 Iidamachi Suzu,,$,http://www.tripadvisor.com/Hotel_Review-g1021237-d1097342-Reviews-Tanino_Ryokan-Suzu_Ishikawa_Prefecture_Chubu.html
Matsudaso,927-1214,Ishikawa Prefecture,26-42-1 Iidamachi Suzu,,$,http://www.tripadvisor.com/Hotel_Review-g1021237-d1097351-Reviews-Matsudaso-Suzu_Ishikawa_Prefecture_Chubu.html
Kunimatsu,927-1214,Ishikawa Prefecture,26-23 Iidamachi Suzu,,$,http://www.tripadvisor.com/Hotel_Review-g1021237-d1097354-Reviews-Kunimatsu-Suzu_Ishikawa_Prefecture_Chubu.html
Tazakiso,927-1222,Ishikawa Prefecture,"Ukai, Horyumachi Suzu",,$,http://www.tripadvisor.com/Hotel_Review-g1021237-d1097370-Reviews-Tazakiso-Suzu_Ishikawa_Prefecture_Chubu.html
Nagahamaso,927-1216,Ishikawa Prefecture,3-45-1 Uedomachijisha Suzu,,$,http://www.tripadvisor.com/Hotel_Review-g1021237-d1110025-Reviews-Nagahamaso-Suzu_Ishikawa_Prefecture_Chubu.html
Noto Kinouraso,927-1446,Ishikawa Prefecture,Ho-25-1 Oritomachi Suzu,,,http://www.tripadvisor.com/Hotel_Review-g1021237-d1110028-Reviews-Noto_Kinouraso-Suzu_Ishikawa_Prefecture_Chubu.html
Notojiso,927-1222,Ishikawa Prefecture,1-30-1 Horyumachiukai Suzu,,$,http://www.tripadvisor.com/Hotel_Review-g1021237-d1110031-Reviews-Notojiso-Suzu_Ishikawa_Prefecture_Chubu.html
Minshuku Sawamuraya,927-1205,Ishikawa Prefecture,12-84 Shoinmachi Kawashiri Suzu,,,http://www.tripadvisor.com/Hotel_Review-g1021237-d1110036-Reviews-Minshuku_Sawamuraya-Suzu_Ishikawa_Prefecture_Chubu.html
Hachigasaki Zui,927-1204,Ishikawa Prefecture,1-2-118 Takojimamachi Suzu,,,http://www.tripadvisor.com/Hotel_Review-g1021237-d1110045-Reviews-Hachigasaki_Zui-Suzu_Ishikawa_Prefecture_Chubu.html
Lamp No Yado,927-1451,Ishikawa Prefecture,10-11 Misakimachijike Suzu,13,,http://www.tripadvisor.com/Hotel_Review-g1021237-d1110047-Reviews-Lamp_No_Yado-Suzu_Ishikawa_Prefecture_Chubu.html
Muroya,927-1204,Ishikawa Prefecture,123 Na Takojimamachi Suzu,,,http://www.tripadvisor.com/Hotel_Review-g1021237-d1110048-Reviews-Muroya-Suzu_Ishikawa_Prefecture_Chubu.html
Mitsukejima Seaside Campground,927-1222,Ishikawa Prefecture,"1-38 Ukai, Horyu-machi Suzu",,,http://www.tripadvisor.com/Hotel_Review-g1021237-d1210205-Reviews-Mitsukejima_Seaside_Campground-Suzu_Ishikawa_Prefecture_Chubu.html
Minshuku Yamanakaso,927-1214,Ishikawa Prefecture,16-25 Iidamachi Suzu,,$,http://www.tripadvisor.com/Hotel_Review-g1021237-d1522881-Reviews-Minshuku_Yamanakaso-Suzu_Ishikawa_Prefecture_Chubu.html
Minshuku Azuma,927-1214,Ishikawa Prefecture,27-56 Iidamachi Suzu,,,http://www.tripadvisor.com/Hotel_Review-g1021237-d2642145-Reviews-Minshuku_Azuma-Suzu_Ishikawa_Prefecture_Chubu.html
