Hotel Higashinihon Morioka,020-0022,Iwate Prefecture,3-3-18 Odori Morioka,190,$,http://www.tripadvisor.com/Hotel_Review-g298247-d583454-Reviews-Hotel_Higashinihon_Morioka-Morioka_Iwate_Prefecture_Tohoku.html
Hotel Ace Morioka,020-0021,Iwate Prefecture,2-11-35 Chuo-dori Morioka,275,$,http://www.tripadvisor.com/Hotel_Review-g298247-d628342-Reviews-Hotel_Ace_Morioka-Morioka_Iwate_Prefecture_Tohoku.html
Hotel Metropolitan Morioka,020-0034,Iwate Prefecture,1-44 Moriokaekimaedori Morioka,190,$,http://www.tripadvisor.com/Hotel_Review-g298247-d634664-Reviews-Hotel_Metropolitan_Morioka-Morioka_Iwate_Prefecture_Tohoku.html
Hotel Ruiz,020-0034,Iwate Prefecture,7-15 Morioka Ekimae Dori Morioka,,$,http://www.tripadvisor.com/Hotel_Review-g298247-d1016714-Reviews-Hotel_Ruiz-Morioka_Iwate_Prefecture_Tohoku.html
R & B Hotel Morioka Station,020-0034,Iwate Prefecture,9-4 Morioka ekimaedori Morioka,216,$,http://www.tripadvisor.com/Hotel_Review-g298247-d1074692-Reviews-R_B_Hotel_Morioka_Station-Morioka_Iwate_Prefecture_Tohoku.html
Aishinkan,020-0055,Iwate Prefecture,40-4 Azanurisawa Tsunagi Morioka,,$$,http://www.tripadvisor.com/Hotel_Review-g298247-d1074719-Reviews-Aishinkan-Morioka_Iwate_Prefecture_Tohoku.html
Hotel Morioka Hills,020-0034,Iwate Prefecture,15-25 Moriokaekimaedori Morioka,,$,http://www.tripadvisor.com/Hotel_Review-g298247-d1074722-Reviews-Hotel_Morioka_Hills-Morioka_Iwate_Prefecture_Tohoku.html
Hotel Kokeshi,020-0024,Iwate Prefecture,1-7-10 Saien Morioka,,,http://www.tripadvisor.com/Hotel_Review-g298247-d1074724-Reviews-Hotel_Kokeshi-Morioka_Iwate_Prefecture_Tohoku.html
Hotel Miharu,020-0055,Iwate Prefecture,9 Azatateichi Tsunagi Morioka,,$,http://www.tripadvisor.com/Hotel_Review-g298247-d1074748-Reviews-Hotel_Miharu-Morioka_Iwate_Prefecture_Tohoku.html
Hotel New Carina,020-0024,Iwate Prefecture,2-3-7 Saien Morioka,228,$,http://www.tripadvisor.com/Hotel_Review-g298247-d1074756-Reviews-Hotel_New_Carina-Morioka_Iwate_Prefecture_Tohoku.html
Hotel Odashima,020-0021,Iwate Prefecture,1-12-24 Chuodori Morioka,,$,http://www.tripadvisor.com/Hotel_Review-g298247-d1074758-Reviews-Hotel_Odashima-Morioka_Iwate_Prefecture_Tohoku.html
Hotel Pearl City Morioka,020-0022,Iwate Prefecture,3-7-19 Odori Morioka,182,$,http://www.tripadvisor.com/Hotel_Review-g298247-d1074761-Reviews-Hotel_Pearl_City_Morioka-Morioka_Iwate_Prefecture_Tohoku.html
Hotel Royal Morioka,020-0024,Iwate Prefecture,1-11-11 Saien Morioka,,$,http://www.tripadvisor.com/Hotel_Review-g298247-d1074763-Reviews-Hotel_Royal_Morioka-Morioka_Iwate_Prefecture_Tohoku.html
Taikan,020-0055,Iwate Prefecture,37-1 Yunotate Tsunagi Morioka,,$$$,http://www.tripadvisor.com/Hotel_Review-g298247-d1074764-Reviews-Taikan-Morioka_Iwate_Prefecture_Tohoku.html
Hotel du Nord,020-0023,Iwate Prefecture,17-45 Uchimaru Morioka,94,$,http://www.tripadvisor.com/Hotel_Review-g298247-d1074765-Reviews-Hotel_du_Nord-Morioka_Iwate_Prefecture_Tohoku.html
Morioka Grand Hotel Annex,020-0021,Iwate Prefecture,1-9-16 Chuodori Morioka,,$,http://www.tripadvisor.com/Hotel_Review-g298247-d1074779-Reviews-Morioka_Grand_Hotel_Annex-Morioka_Iwate_Prefecture_Tohoku.html
Morioka New City Hotel,020-0034,Iwate Prefecture,13-10 Moriokaekimaedori Morioka,,$,http://www.tripadvisor.com/Hotel_Review-g298247-d1074782-Reviews-Morioka_New_City_Hotel-Morioka_Iwate_Prefecture_Tohoku.html
Morioka City Hotel,020-0034,Iwate Prefecture,8-14 Moriokaekimaedori Morioka,,$,http://www.tripadvisor.com/Hotel_Review-g298247-d1074785-Reviews-Morioka_City_Hotel-Morioka_Iwate_Prefecture_Tohoku.html
Pacific Hotel Morioka,020-0021,Iwate Prefecture,1-13-55 Chuodori Morioka,,$,http://www.tripadvisor.com/Hotel_Review-g298247-d1074786-Reviews-Pacific_Hotel_Morioka-Morioka_Iwate_Prefecture_Tohoku.html
Hotel Bright Inn Morioka,020-0871 ,Iwate Prefecture,1-1-21 Nakanohashidori Morioka,,$,http://www.tripadvisor.com/Hotel_Review-g298247-d1083722-Reviews-Hotel_Bright_Inn_Morioka-Morioka_Iwate_Prefecture_Tohoku.html
Hotel Route Inn Morioka Ekimae,020-0034 ,Iwate Prefecture,3-25 Morioka Ekimaedori Morioka,281,$,http://www.tripadvisor.com/Hotel_Review-g298247-d1083723-Reviews-Hotel_Route_Inn_Morioka_Ekimae-Morioka_Iwate_Prefecture_Tohoku.html
Hotel Route Inn Morioka Minami Inter,020-0835 ,Iwate Prefecture,14-167 Tsushida Morioka,,$,http://www.tripadvisor.com/Hotel_Review-g298247-d1083724-Reviews-Hotel_Route_Inn_Morioka_Minami_Inter-Morioka_Iwate_Prefecture_Tohoku.html
Hotel Shion,020-0055,Iwate Prefecture,"74-2 Yunotate, Tsunagi Morioka",127,$$,http://www.tripadvisor.com/Hotel_Review-g298247-d1083725-Reviews-Hotel_Shion-Morioka_Iwate_Prefecture_Tohoku.html
Sincere Morioka,020-0883 ,Iwate Prefecture,1-10 Shikecho Morioka,,$,http://www.tripadvisor.com/Hotel_Review-g298247-d1083726-Reviews-Sincere_Morioka-Morioka_Iwate_Prefecture_Tohoku.html
Shikitei,020-0055 ,Iwate Prefecture,"137 Yunotate, Tsunagi Morioka",,$$$,http://www.tripadvisor.com/Hotel_Review-g298247-d1083727-Reviews-Shikitei-Morioka_Iwate_Prefecture_Tohoku.html
Ryokan Yamato,020-0874,Iwate Prefecture,1-11-11 Minamiodori Morioka,,,http://www.tripadvisor.com/Hotel_Review-g298247-d1092776-Reviews-Ryokan_Yamato-Morioka_Iwate_Prefecture_Tohoku.html
Hotel Jin,020-0045,Iwate Prefecture,1-6-15 Moriokaekinishitori Morioka,,$,http://www.tripadvisor.com/Hotel_Review-g298247-d1092786-Reviews-Hotel_Jin-Morioka_Iwate_Prefecture_Tohoku.html
Business Hotel Konuma,020-0034,Iwate Prefecture,15-4 Moriokaekimaedori Morioka,,,http://www.tripadvisor.com/Hotel_Review-g298247-d1092789-Reviews-Business_Hotel_Konuma-Morioka_Iwate_Prefecture_Tohoku.html
Morioka Rifu Hotel,020-0016,Iwate Prefecture,18-5 Nasukawacho Morioka,,$,http://www.tripadvisor.com/Hotel_Review-g298247-d1092795-Reviews-Morioka_Rifu_Hotel-Morioka_Iwate_Prefecture_Tohoku.html
Komorebinoyado,020-0842,Iwate Prefecture,1-1-41 Yuzawa Morioka,,$,http://www.tripadvisor.com/Hotel_Review-g298247-d1104115-Reviews-Komorebinoyado-Morioka_Iwate_Prefecture_Tohoku.html
Yamaichi,020-0055,Iwate Prefecture,83-1 Tsunagi Morioka,,$,http://www.tripadvisor.com/Hotel_Review-g298247-d1104119-Reviews-Yamaichi-Morioka_Iwate_Prefecture_Tohoku.html
Business Hotel I&B,020-0062,Iwate Prefecture,2-26 Nagatacho Morioka,,,http://www.tripadvisor.com/Hotel_Review-g298247-d1104126-Reviews-Business_Hotel_I_B-Morioka_Iwate_Prefecture_Tohoku.html
Morioka Grand Hotel,020-8501,Iwate Prefecture,1-10 Atagoshita Morioka,,$$,http://www.tripadvisor.com/Hotel_Review-g298247-d1104132-Reviews-Morioka_Grand_Hotel-Morioka_Iwate_Prefecture_Tohoku.html
Espoir Iwate,020-0021,Iwate Prefecture,1-1-38 Chuodori Morioka,,,http://www.tripadvisor.com/Hotel_Review-g298247-d1104137-Reviews-Espoir_Iwate-Morioka_Iwate_Prefecture_Tohoku.html
Yamashin,020-0055,Iwate Prefecture,121-6 Tsunagi Morioka,,$,http://www.tripadvisor.com/Hotel_Review-g298247-d1104147-Reviews-Yamashin-Morioka_Iwate_Prefecture_Tohoku.html
Sekireiso,020-0055,Iwate Prefecture,200-25 Tsunagi Morioka,,$,http://www.tripadvisor.com/Hotel_Review-g298247-d1104154-Reviews-Sekireiso-Morioka_Iwate_Prefecture_Tohoku.html
Morioka Sun Hotel,020-0822,Iwate Prefecture,2-7-24 Chabatake Morioka,,,http://www.tripadvisor.com/Hotel_Review-g298247-d1104156-Reviews-Morioka_Sun_Hotel-Morioka_Iwate_Prefecture_Tohoku.html
Hotel Sannou,020-0821,Iwate Prefecture,10-6 Sannocho Morioka,,$,http://www.tripadvisor.com/Hotel_Review-g298247-d1104159-Reviews-Hotel_Sannou-Morioka_Iwate_Prefecture_Tohoku.html
Ougiya Ryokan,020-0034,Iwate Prefecture,15-17 Moriokaekimaedori Morioka,,,http://www.tripadvisor.com/Hotel_Review-g298247-d1104163-Reviews-Ougiya_Ryokan-Morioka_Iwate_Prefecture_Tohoku.html
Minshuku Sasaki,020-0837,Iwate Prefecture,3-1-48 Tsushidacho Morioka,,,http://www.tripadvisor.com/Hotel_Review-g298247-d1104166-Reviews-Minshuku_Sasaki-Morioka_Iwate_Prefecture_Tohoku.html
Momoya Ryokan,028-4134,Iwate Prefecture,"182-2 Shimoda, Tamayama-ku Morioka",,,http://www.tripadvisor.com/Hotel_Review-g298247-d1104170-Reviews-Momoya_Ryokan-Morioka_Iwate_Prefecture_Tohoku.html
Super Hotel Morioka,020-0033,Iwate Prefecture,10-38 Moriokaekimaekitadori Morioka,,$,http://www.tripadvisor.com/Hotel_Review-g298247-d1104177-Reviews-Super_Hotel_Morioka-Morioka_Iwate_Prefecture_Tohoku.html
Sazen,020-0055,Iwate Prefecture,83-1 Tsunagi Morioka,,,http://www.tripadvisor.com/Hotel_Review-g298247-d1104180-Reviews-Sazen-Morioka_Iwate_Prefecture_Tohoku.html
Kumagai Ryokan,020-0025,Iwate Prefecture,3-2-5 Oosawakawara Morioka,8,$,http://www.tripadvisor.com/Hotel_Review-g298247-d1197961-Reviews-Kumagai_Ryokan-Morioka_Iwate_Prefecture_Tohoku.html
Hotel Metropolitan Morioka New Wing,020-0034,Iwate Prefecture,2-27 Morioka Ekimae-dori Morioka,190,$,http://www.tripadvisor.com/Hotel_Review-g298247-d1368200-Reviews-Hotel_Metropolitan_Morioka_New_Wing-Morioka_Iwate_Prefecture_Tohoku.html
Toyoko Inn Morioka Eki Minamiguchi Ekimae,020-0034 ,Iwate Prefecture,3-60 Moriokaekimaedori Morioka,172,$,http://www.tripadvisor.com/Hotel_Review-g298247-d1390828-Reviews-Toyoko_Inn_Morioka_Eki_Minamiguchi_Ekimae-Morioka_Iwate_Prefecture_Tohoku.html
Toyoko Inn Morioka Ekimae,020-0034,Iwate Prefecture,14-5 Morioka Ekimae Dori Morioka,227,$,http://www.tripadvisor.com/Hotel_Review-g298247-d1495489-Reviews-Toyoko_Inn_Morioka_Ekimae-Morioka_Iwate_Prefecture_Tohoku.html
Hotel Carina,020-0024,Iwate Prefecture,2-6-1 Saien Morioka,115,$,http://www.tripadvisor.com/Hotel_Review-g298247-d1514745-Reviews-Hotel_Carina-Morioka_Iwate_Prefecture_Tohoku.html
Daiwa Roynet Hotel Morioka,020-0022,Iwate Prefecture,1-8-10 Odori Morioka,196,$,http://www.tripadvisor.com/Hotel_Review-g298247-d1534576-Reviews-Daiwa_Roynet_Hotel_Morioka-Morioka_Iwate_Prefecture_Tohoku.html
Kozanso,〒020-0055,Iwate Prefecture,23-36 Tsunagi Ueno Morioka,,,http://www.tripadvisor.com/Hotel_Review-g298247-d1652417-Reviews-Kozanso-Morioka_Iwate_Prefecture_Tohoku.html
Utoland Himegami,028-4134,Iwate Prefecture,"893-11 Shomoda Aza Oide, Tamayama-ku Morioka",,,http://www.tripadvisor.com/Hotel_Review-g298247-d1862934-Reviews-Utoland_Himegami-Morioka_Iwate_Prefecture_Tohoku.html
Sugawara Bekkan,020-0881,Iwate Prefecture,1-30 Tenjim-cho Morioka,,,http://www.tripadvisor.com/Hotel_Review-g298247-d1872309-Reviews-Sugawara_Bekkan-Morioka_Iwate_Prefecture_Tohoku.html
Kan ryokan,020-0055,Iwate Prefecture,"34 Nurisawa, Tsunagi Morioka",,$,http://www.tripadvisor.com/Hotel_Review-g298247-d1876892-Reviews-Kan_ryokan-Morioka_Iwate_Prefecture_Tohoku.html
Maruya ryokan,020-0055,Iwate Prefecture,"2-4 Tateichi, Tsunagi Morioka",,,http://www.tripadvisor.com/Hotel_Review-g298247-d1876895-Reviews-Maruya_ryokan-Morioka_Iwate_Prefecture_Tohoku.html
Ryokan Taishokan,020-0025,Iwate Prefecture,2-5-30 Osawakawara Morioka,,$,http://www.tripadvisor.com/Hotel_Review-g298247-d1876898-Reviews-Ryokan_Taishokan-Morioka_Iwate_Prefecture_Tohoku.html
Aotaki Ryokan,020-0132,Iwate Prefecture,2-32-10 Nishiaoyama Morioka,,,http://www.tripadvisor.com/Hotel_Review-g298247-d2542091-Reviews-Aotaki_Ryokan-Morioka_Iwate_Prefecture_Tohoku.html
Iwateken Seishonen Kaikan Youth Hostel,020-0122 ,Iwate Prefecture,3-38-20 Mitake Morioka,,,http://www.tripadvisor.com/Hotel_Review-g298247-d6003594-Reviews-Iwateken_Seishonen_Kaikan_Youth_Hostel-Morioka_Iwate_Prefecture_Tohoku.html
Rodemu,020-0055,Iwate Prefecture,83-1 Tsunagi Shidanaizawa Morioka,,,http://www.tripadvisor.com/Hotel_Review-g298247-d6453058-Reviews-Rodemu-Morioka_Iwate_Prefecture_Tohoku.html
Watari Onsen Annex Kaede,025-0244,Iwate Prefecture,21-8 Azasano Yuguchi Hanamaki,,$$$,http://www.tripadvisor.com/Hotel_Review-g1022876-d1073482-Reviews-Watari_Onsen_Annex_Kaede-Hanamaki_Iwate_Prefecture_Tohoku.html
Hotel Hanamaki,025-0304,Iwate Prefecture,125 Dai 1 Chiwari Yumoto Hanamaki,,$,http://www.tripadvisor.com/Hotel_Review-g1022876-d1073484-Reviews-Hotel_Hanamaki-Hanamaki_Iwate_Prefecture_Tohoku.html
Hotel Koyokan,025-0304,Iwate Prefecture,125 Dai 1 Chiwari Yumoto Hanamaki,,$,http://www.tripadvisor.com/Hotel_Review-g1022876-d1073487-Reviews-Hotel_Koyokan-Hanamaki_Iwate_Prefecture_Tohoku.html
Hotel Senshukaku,025-0304,Iwate Prefecture,125 Dai 1 Chiwari Yumoto Hanamaki,166,$,http://www.tripadvisor.com/Hotel_Review-g1022876-d1073488-Reviews-Hotel_Senshukaku-Hanamaki_Iwate_Prefecture_Tohoku.html
Hotel Shidotaira,025-0244,Iwate Prefecture,27-1 Azashidotaira Yuguchi Hanamaki,189,$$,http://www.tripadvisor.com/Hotel_Review-g1022876-d1073489-Reviews-Hotel_Shidotaira-Hanamaki_Iwate_Prefecture_Tohoku.html
Kashoen,025-0304,Iwate Prefecture,"125 Dai1chiwari, Yumoto Hanamaki",,$$,http://www.tripadvisor.com/Hotel_Review-g1022876-d1073492-Reviews-Kashoen-Hanamaki_Iwate_Prefecture_Tohoku.html
Matsudaya,025-0305,Iwate Prefecture,2-20 Dai Hanamaki,,$,http://www.tripadvisor.com/Hotel_Review-g1022876-d1073494-Reviews-Matsudaya-Hanamaki_Iwate_Prefecture_Tohoku.html
Onjuku Tamagawa,025-0092,Iwate Prefecture,1-19-28 Odori Hanamaki,,$,http://www.tripadvisor.com/Hotel_Review-g1022876-d1073496-Reviews-Onjuku_Tamagawa-Hanamaki_Iwate_Prefecture_Tohoku.html
Misuikan,025-0302 ,Iwate Prefecture,1-13-21 Nukaduka Hanamaki,,,http://www.tripadvisor.com/Hotel_Review-g1022876-d1083963-Reviews-Misuikan-Hanamaki_Iwate_Prefecture_Tohoku.html
Hotel San-emon,025-0305　,Iwate Prefecture,"45 Daini-chiwari, Dai Hanamaki",,$,http://www.tripadvisor.com/Hotel_Review-g1022876-d1083966-Reviews-Hotel_San_emon-Hanamaki_Iwate_Prefecture_Tohoku.html
Kankoso,025-0305 ,Iwate Prefecture,1-166-1 Dai Hanamaki,,$$,http://www.tripadvisor.com/Hotel_Review-g1022876-d1083967-Reviews-Kankoso-Hanamaki_Iwate_Prefecture_Tohoku.html
Kappo Ryokan Hiromitei,025-0304 ,Iwate Prefecture,1-88-1 Yumoto Hanamaki,,$$$,http://www.tripadvisor.com/Hotel_Review-g1022876-d1083970-Reviews-Kappo_Ryokan_Hiromitei-Hanamaki_Iwate_Prefecture_Tohoku.html
Yukaen,025-0253 ,Iwate Prefecture,53-1 Nakano Kudashizawa Hanamaki,,$$,http://www.tripadvisor.com/Hotel_Review-g1022876-d1083985-Reviews-Yukaen-Hanamaki_Iwate_Prefecture_Tohoku.html
Fujisan Ryokan,025-0252 ,Iwate Prefecture,"75-1 Nakataira, Namari Hanamaki",32,$,http://www.tripadvisor.com/Hotel_Review-g1022876-d1084001-Reviews-Fujisan_Ryokan-Hanamaki_Iwate_Prefecture_Tohoku.html
Oosawa Onsen Sansuikaku,025-0244 ,Iwate Prefecture,181 Osawa Yuguchi Hanamaki,,$$,http://www.tripadvisor.com/Hotel_Review-g1022876-d1084007-Reviews-Oosawa_Onsen_Sansuikaku-Hanamaki_Iwate_Prefecture_Tohoku.html
Ryokan Kanegaya,025-0305 ,Iwate Prefecture,1-186 Dai Hanamaki,,$,http://www.tripadvisor.com/Hotel_Review-g1022876-d1084015-Reviews-Ryokan_Kanegaya-Hanamaki_Iwate_Prefecture_Tohoku.html
Sansuitei,025-0244 ,Iwate Prefecture,"33-25 Sano, Yuguchi Hanamaki",,,http://www.tripadvisor.com/Hotel_Review-g1022876-d1084053-Reviews-Sansuitei-Hanamaki_Iwate_Prefecture_Tohoku.html
Sumiya Dainoyu,025-0305 ,Iwate Prefecture,2-64 Dai Hanamaki,,,http://www.tripadvisor.com/Hotel_Review-g1022876-d1084068-Reviews-Sumiya_Dainoyu-Hanamaki_Iwate_Prefecture_Tohoku.html
Yusen Shidate,025-0244 ,Iwate Prefecture,"11-2 Shidotaira, Yuguchi Hanamaki",28,$$$,http://www.tripadvisor.com/Hotel_Review-g1022876-d1084092-Reviews-Yusen_Shidate-Hanamaki_Iwate_Prefecture_Tohoku.html
Yamayuri no Yado,025-0305,Iwate Prefecture,2-57-9 Dai Hanamaki,,$$,http://www.tripadvisor.com/Hotel_Review-g1022876-d1084210-Reviews-Yamayuri_no_Yado-Hanamaki_Iwate_Prefecture_Tohoku.html
Grand Ciel Hanamaki,025-0092,Iwate Prefecture,1-6-7 Odori Hanamaki,,$$,http://www.tripadvisor.com/Hotel_Review-g1022876-d1092715-Reviews-Grand_Ciel_Hanamaki-Hanamaki_Iwate_Prefecture_Tohoku.html
Hotel Kajo,025-0088,Iwate Prefecture,9-30 Azumacho Hanamaki,,$,http://www.tripadvisor.com/Hotel_Review-g1022876-d1092722-Reviews-Hotel_Kajo-Hanamaki_Iwate_Prefecture_Tohoku.html
Business Hotel Michinoku,025-0312,Iwate Prefecture,6-245-2 Nimaibashi Hanamaki,,,http://www.tripadvisor.com/Hotel_Review-g1022876-d1103849-Reviews-Business_Hotel_Michinoku-Hanamaki_Iwate_Prefecture_Tohoku.html
Sanaburiso,025-0305,Iwate Prefecture,1-192-2 Dai Hanamaki,,,http://www.tripadvisor.com/Hotel_Review-g1022876-d1103854-Reviews-Sanaburiso-Hanamaki_Iwate_Prefecture_Tohoku.html
Suishoen,025-0244,Iwate Prefecture,36-4 Yuguchi Hanamaki,,,http://www.tripadvisor.com/Hotel_Review-g1022876-d1103858-Reviews-Suishoen-Hanamaki_Iwate_Prefecture_Tohoku.html
Airinkan,025-0252,Iwate Prefecture,23 Namari Hanamaki,105,$$,http://www.tripadvisor.com/Hotel_Review-g1022876-d1103863-Reviews-Airinkan-Hanamaki_Iwate_Prefecture_Tohoku.html
Someya Ryokan,025-0305,Iwate Prefecture,2-62 Dai Hanamaki,,$,http://www.tripadvisor.com/Hotel_Review-g1022876-d1103864-Reviews-Someya_Ryokan-Hanamaki_Iwate_Prefecture_Tohoku.html
Aobakan,025-0304,Iwate Prefecture,1-125 Yumoto Hanamaki,,,http://www.tripadvisor.com/Hotel_Review-g1022876-d1103868-Reviews-Aobakan-Hanamaki_Iwate_Prefecture_Tohoku.html
Nakajimaya,025-0079,Iwate Prefecture,2-13 Suehirocho Hanamaki,,,http://www.tripadvisor.com/Hotel_Review-g1022876-d1103874-Reviews-Nakajimaya-Hanamaki_Iwate_Prefecture_Tohoku.html
Burari Cafe Restaurant B&B,025-0058,Iwate Prefecture,35-19 Ipponsugi Hanamaki,3,$,http://www.tripadvisor.com/Hotel_Review-g1022876-d1103881-Reviews-Burari_Cafe_Restaurant_B_B-Hanamaki_Iwate_Prefecture_Tohoku.html
Kaoru Ryokan,025-0092,Iwate Prefecture,1-10-29 Odori Hanamaki,,,http://www.tripadvisor.com/Hotel_Review-g1022876-d1103884-Reviews-Kaoru_Ryokan-Hanamaki_Iwate_Prefecture_Tohoku.html
Folkloro Iwate Towa,028-0115,Iwate Prefecture,6-134 Towachoahyo Hanamaki,35,$$,http://www.tripadvisor.com/Hotel_Review-g1022876-d1103890-Reviews-Folkloro_Iwate_Towa-Hanamaki_Iwate_Prefecture_Tohoku.html
Hanamaki Toron,025-0244,Iwate Prefecture,76-9 Yuguchi Hanamaki,,,http://www.tripadvisor.com/Hotel_Review-g1022876-d1103893-Reviews-Hanamaki_Toron-Hanamaki_Iwate_Prefecture_Tohoku.html
Tsutenkaku,025-0078,Iwate Prefecture,3-9 Futsuparicho Hanamaki,,,http://www.tripadvisor.com/Hotel_Review-g1022876-d1103895-Reviews-Tsutenkaku-Hanamaki_Iwate_Prefecture_Tohoku.html
Budori,025-0091,Iwate Prefecture,1-21-29 Nishiodori Hanamaki,,$,http://www.tripadvisor.com/Hotel_Review-g1022876-d1103897-Reviews-Budori-Hanamaki_Iwate_Prefecture_Tohoku.html
Stay Hill,028-3203,Iwate Prefecture,11-34-6 Ohasamamachiohasama Hanamaki,,$,http://www.tripadvisor.com/Hotel_Review-g1022876-d1103904-Reviews-Stay_Hill-Hanamaki_Iwate_Prefecture_Tohoku.html
Kikusuikan,025-0244,Iwate Prefecture,123 Yuguchi Aza Hikagezaka Hanamaki,,$,http://www.tripadvisor.com/Hotel_Review-g1022876-d1118312-Reviews-Kikusuikan-Hanamaki_Iwate_Prefecture_Tohoku.html
Osawaonsen Jisuibu,025-0244 ,Iwate Prefecture,181 Yuguchi Hanamaki,62,$,http://www.tripadvisor.com/Hotel_Review-g1022876-d1153018-Reviews-Osawaonsen_Jisuibu-Hanamaki_Iwate_Prefecture_Tohoku.html
Matsudaya Annex,025-0305,Iwate Prefecture,2-20 Dai Hanamaki,,$,http://www.tripadvisor.com/Hotel_Review-g1022876-d1230299-Reviews-Matsudaya_Annex-Hanamaki_Iwate_Prefecture_Tohoku.html
Hotel Route Inn Hanamaki,025-0003,Iwate Prefecture,10-1 Higashimiyanome Hanamaki,147,$,http://www.tripadvisor.com/Hotel_Review-g1022876-d1514678-Reviews-Hotel_Route_Inn_Hanamaki-Hanamaki_Iwate_Prefecture_Tohoku.html
Hotel Satsuki,025-0244,Iwate Prefecture,21-8 Sano Yuguchi Hanamaki,,$$,http://www.tripadvisor.com/Hotel_Review-g1022876-d1857440-Reviews-Hotel_Satsuki-Hanamaki_Iwate_Prefecture_Tohoku.html
Kenji no yado,025-0012,Iwate Prefecture,1-7-7 Koshio Hanamaki,,$,http://www.tripadvisor.com/Hotel_Review-g1022876-d1876994-Reviews-Kenji_no_yado-Hanamaki_Iwate_Prefecture_Tohoku.html
Nakashima Ryokan,025-0305,Iwate Prefecture,1-190 Dai Hanamaki,,$,http://www.tripadvisor.com/Hotel_Review-g1022876-d1924106-Reviews-Nakashima_Ryokan-Hanamaki_Iwate_Prefecture_Tohoku.html
Hotel Ginga Park Hanamaki,025-0321,Iwate Prefecture,5 251-1 Kanaya Hanamaki,,$,http://www.tripadvisor.com/Hotel_Review-g1022876-d1924109-Reviews-Hotel_Ginga_Park_Hanamaki-Hanamaki_Iwate_Prefecture_Tohoku.html
Garden Resort Harukanoyu Kazenotoki,025-0244,Iwate Prefecture,36-3 Yuguchimatsubara Hanamaki,,$$,http://www.tripadvisor.com/Hotel_Review-g1022876-d5977783-Reviews-Garden_Resort_Harukanoyu_Kazenotoki-Hanamaki_Iwate_Prefecture_Tohoku.html
Hanamaki Naranosato Youth Hostel,025-0014,Iwate Prefecture,10-16-1 Takamatsu Hanamaki,,,http://www.tripadvisor.com/Hotel_Review-g1022876-d6003261-Reviews-Hanamaki_Naranosato_Youth_Hostel-Hanamaki_Iwate_Prefecture_Tohoku.html
Ryokan Takimuraya,028-6302,Iwate Prefecture,10-92 Karumai Karumai-machi,,$,http://www.tripadvisor.com/Hotel_Review-g1120440-d1514715-Reviews-Ryokan_Takimuraya-Karumai_machi_Kunohe_gun_Iwate_Prefecture_Tohoku.html
Oshimizu ryokan,028-6302,Iwate Prefecture,8-26 Karumai Karumai-machi,,$,http://www.tripadvisor.com/Hotel_Review-g1120440-d1876954-Reviews-Oshimizu_ryokan-Karumai_machi_Kunohe_gun_Iwate_Prefecture_Tohoku.html
Eboshiso,028-8202 ,Iwate Prefecture,2-62-1 Tamagawa Noda-mura,,$,http://www.tripadvisor.com/Hotel_Review-g1120441-d1153045-Reviews-Eboshiso-Noda_mura_Kunohe_gun_Iwate_Prefecture_Tohoku.html
Daito Ryokan,028-8201,Iwate Prefecture,36-110-1 Noda Noda-mura,,,http://www.tripadvisor.com/Hotel_Review-g1120441-d1514733-Reviews-Daito_Ryokan-Noda_mura_Kunohe_gun_Iwate_Prefecture_Tohoku.html
Green Hill Ono,028-8802,Iwate Prefecture,58-12-30 Ono Hirono-cho,,,http://www.tripadvisor.com/Hotel_Review-g1120443-d1514734-Reviews-Green_Hill_Ono-Hirono_cho_Kunohe_gun_Iwate_Prefecture_Tohoku.html
Marin Side Spa Taneichi,028-7914,Iwate Prefecture,23-27-19 Taneichi Hirono-cho,,,http://www.tripadvisor.com/Hotel_Review-g1120443-d2537581-Reviews-Marin_Side_Spa_Taneichi-Hirono_cho_Kunohe_gun_Iwate_Prefecture_Tohoku.html
Agripark Osawa,028-7902,Iwate Prefecture,69-16-1 Taneichi Hirono-cho,,,http://www.tripadvisor.com/Hotel_Review-g1120443-d5608595-Reviews-Agripark_Osawa-Hirono_cho_Kunohe_gun_Iwate_Prefecture_Tohoku.html
Hotel Marue,026-0025,Iwate Prefecture,2-1-10 Owatari-cho Kamaishi,,,http://www.tripadvisor.com/Hotel_Review-g1022869-d1073785-Reviews-Hotel_Marue-Kamaishi_Iwate_Prefecture_Tohoku.html
Hotel Sunroute Kamaishi,026-0024,Iwate Prefecture,2-3-3 O-machi Kamaishi,,$,http://www.tripadvisor.com/Hotel_Review-g1022869-d1073786-Reviews-Hotel_Sunroute_Kamaishi-Kamaishi_Iwate_Prefecture_Tohoku.html
Rikuchu-Kaigan Grand Hotel,026-0011,Iwate Prefecture,1-2-3 Minato-machi Kamaishi,,$$,http://www.tripadvisor.com/Hotel_Review-g1022869-d1073787-Reviews-Rikuchu_Kaigan_Grand_Hotel-Kamaishi_Iwate_Prefecture_Tohoku.html
Horai-kan,026-0301,Iwate Prefecture,20-93-18 Unozumai-cho Kamaishi,,,http://www.tripadvisor.com/Hotel_Review-g1022869-d1073790-Reviews-Horai_kan-Kamaishi_Iwate_Prefecture_Tohoku.html
Hananoi Hotel,026-0304 ,Iwate Prefecture,5-49 Ryoishicho Kamaishi,,,http://www.tripadvisor.com/Hotel_Review-g1022869-d1083697-Reviews-Hananoi_Hotel-Kamaishi_Iwate_Prefecture_Tohoku.html
Kamaishi Bay City Hotel,026-0024,Iwate Prefecture,1-8-1 Omachi Kamaishi,,,http://www.tripadvisor.com/Hotel_Review-g1022869-d1092648-Reviews-Kamaishi_Bay_City_Hotel-Kamaishi_Iwate_Prefecture_Tohoku.html
Minshuku Nakamura,026-0034,Iwate Prefecture,2-4-15 Nakazumacho Kamaishi,,,http://www.tripadvisor.com/Hotel_Review-g1022869-d1102777-Reviews-Minshuku_Nakamura-Kamaishi_Iwate_Prefecture_Tohoku.html
Tobu Heita Pansion,026-0001,Iwate Prefecture,3-69 Heita Kamaishi,,,http://www.tripadvisor.com/Hotel_Review-g1022869-d1104184-Reviews-Tobu_Heita_Pansion-Kamaishi_Iwate_Prefecture_Tohoku.html
Tobu Owatari Pansion,026-0025,Iwate Prefecture,1-5-8 Owataricho Kamaishi,,,http://www.tripadvisor.com/Hotel_Review-g1022869-d1104185-Reviews-Tobu_Owatari_Pansion-Kamaishi_Iwate_Prefecture_Tohoku.html
Tada ryokan,026-0024,Iwate Prefecture,3-5-15 Omachi Kamaishi,,,http://www.tripadvisor.com/Hotel_Review-g1022869-d1877133-Reviews-Tada_ryokan-Kamaishi_Iwate_Prefecture_Tohoku.html
Oikawa ryokan,026-0046,Iwate Prefecture,1-2-9 Sakuragicho Kamaishi,,,http://www.tripadvisor.com/Hotel_Review-g1022869-d1877135-Reviews-Oikawa_ryokan-Kamaishi_Iwate_Prefecture_Tohoku.html
Hotel Route Inn Kamaishi,026-0024,Iwate Prefecture,2-5-17 Omachi Kamaishi,,$,http://www.tripadvisor.com/Hotel_Review-g1022869-d6883230-Reviews-Hotel_Route_Inn_Kamaishi-Kamaishi_Iwate_Prefecture_Tohoku.html
Ninohe City Hotel,028-6101,Iwate Prefecture,17 Shimomachi Fukuoka Ninohe,,$,http://www.tripadvisor.com/Hotel_Review-g1022877-d1074026-Reviews-Ninohe_City_Hotel-Ninohe_Iwate_Prefecture_Tohoku.html
Ninohe Park Hotel,028-6101,Iwate Prefecture,69-1 Fukuoka Hachimanshita Ninohe,,$,http://www.tripadvisor.com/Hotel_Review-g1022877-d1103923-Reviews-Ninohe_Park_Hotel-Ninohe_Iwate_Prefecture_Tohoku.html
Hotel Mabechien,028-5711,Iwate Prefecture,2-1 Kintaichi Ninohe,,,http://www.tripadvisor.com/Hotel_Review-g1022877-d1103926-Reviews-Hotel_Mabechien-Ninohe_Iwate_Prefecture_Tohoku.html
Hotel Kindaichi,028-5711,Iwate Prefecture,25 Oogama Kintaichi Ninohe,,$$,http://www.tripadvisor.com/Hotel_Review-g1022877-d1103944-Reviews-Hotel_Kindaichi-Ninohe_Iwate_Prefecture_Tohoku.html
Sanwa Ryokan,028-6101,Iwate Prefecture,51-23 Fukuoka Ninohe,,,http://www.tripadvisor.com/Hotel_Review-g1022877-d1103951-Reviews-Sanwa_Ryokan-Ninohe_Iwate_Prefecture_Tohoku.html
Ryokufuso,028-5711,Iwate Prefecture,41 Kintaichi Osagawa Ninohe,,,http://www.tripadvisor.com/Hotel_Review-g1022877-d1103962-Reviews-Ryokufuso-Ninohe_Iwate_Prefecture_Tohoku.html
Senyokan,028-5711,Iwate Prefecture,24 Kintaichi Onuma Ninohe,,$$,http://www.tripadvisor.com/Hotel_Review-g1022877-d1148017-Reviews-Senyokan-Ninohe_Iwate_Prefecture_Tohoku.html
Samurai no yu Obonai,028-5711,Iwate Prefecture,"43-5 yuda, Kintaichi Ninohe",,$,http://www.tripadvisor.com/Hotel_Review-g1022877-d1876990-Reviews-Samurai_no_yu_Obonai-Ninohe_Iwate_Prefecture_Tohoku.html
Tendai no yu,028-6908,Iwate Prefecture,"133-1 Nogurosawa, Jobojimachi Ninohe",,$,http://www.tripadvisor.com/Hotel_Review-g1022877-d1876992-Reviews-Tendai_no_yu-Ninohe_Iwate_Prefecture_Tohoku.html
Hikariyama onsen Gakusenso,028-1311,Iwate Prefecture,13-59-29 Osawa Yamada-machi,,,http://www.tripadvisor.com/Hotel_Review-g1120435-d1876949-Reviews-Hikariyama_onsen_Gakusenso-Yamada_machi_Shimohei_gun_Iwate_Prefecture_Tohoku.html
Onsen minshuku Uranohamaso,028-1371,Iwate Prefecture,9-100-2 Funakoshi Yamada-machi,,,http://www.tripadvisor.com/Hotel_Review-g1120435-d1876952-Reviews-Onsen_minshuku_Uranohamaso-Yamada_machi_Shimohei_gun_Iwate_Prefecture_Tohoku.html
Hotel Business Inn Yamada,028-1371,Iwate Prefecture,"148-1 No,6 Funakoshi Yamada-machi",,,http://www.tripadvisor.com/Hotel_Review-g1120435-d3959241-Reviews-Hotel_Business_Inn_Yamada-Yamada_machi_Shimohei_gun_Iwate_Prefecture_Tohoku.html
Hotel Ragaso,028-8403,Iwate Prefecture,60-1 Tanohata-mura,86,$$$,http://www.tripadvisor.com/Hotel_Review-g1120437-d1125523-Reviews-Hotel_Ragaso-Tanohata_mura_Shimohei_gun_Iwate_Prefecture_Tohoku.html
Kurosakiso,028-8351,Iwate Prefecture,84-4 Shimomura Fudai-mura,,,http://www.tripadvisor.com/Hotel_Review-g1120438-d1163044-Reviews-Kurosakiso-Fudai_mura_Shimohei_gun_Iwate_Prefecture_Tohoku.html
Hotel Ryusendo Aizan,027-0501,Iwate Prefecture,1-2 Iwaizumi Iwaizumi-cho,,$,http://www.tripadvisor.com/Hotel_Review-g1120436-d1125511-Reviews-Hotel_Ryusendo_Aizan-Iwaizumi_cho_Shimohei_gun_Iwate_Prefecture_Tohoku.html
Ryusendo Onsen Hotel,027-0501,Iwate Prefecture,48 Iwaizumi Iwaizumi-cho,27,$,http://www.tripadvisor.com/Hotel_Review-g1120436-d1125518-Reviews-Ryusendo_Onsen_Hotel-Iwaizumi_cho_Shimohei_gun_Iwate_Prefecture_Tohoku.html
Omoto Onsen,027-0421,Iwate Prefecture,33-1 Shimonakano Omoto Iwaizumi-cho,,,http://www.tripadvisor.com/Hotel_Review-g1120436-d1514735-Reviews-Omoto_Onsen-Iwaizumi_cho_Shimohei_gun_Iwate_Prefecture_Tohoku.html
Miura Minshuku,027-0421,Iwate Prefecture,52-15 Omoto Iwaizumi-cho,,,http://www.tripadvisor.com/Hotel_Review-g1120436-d2539370-Reviews-Miura_Minshuku-Iwaizumi_cho_Shimohei_gun_Iwate_Prefecture_Tohoku.html
Ofunato Plaza Hotel,022-0002,Iwate Prefecture,34-5 Chayamae Ofunato-cho Ofunato,,$,http://www.tripadvisor.com/Hotel_Review-g1022870-d1074030-Reviews-Ofunato_Plaza_Hotel-Ofunato_Iwate_Prefecture_Tohoku.html
Minshuku Kairakuso,022-0001 ,Iwate Prefecture,"39 Ohama, Matsuzakicho Ofunato",,,http://www.tripadvisor.com/Hotel_Review-g1022870-d1083707-Reviews-Minshuku_Kairakuso-Ofunato_Iwate_Prefecture_Tohoku.html
Hotel Goishi,022-0011 ,Iwate Prefecture,"221-115 Ohama, Matsuzakicho Ofunato",,,http://www.tripadvisor.com/Hotel_Review-g1022870-d1083708-Reviews-Hotel_Goishi-Ofunato_Iwate_Prefecture_Tohoku.html
Ocean View Hotel Marumori,022-0002 ,Iwate Prefecture,"53-1 Marumori, Ofunatocho Ofunato",,,http://www.tripadvisor.com/Hotel_Review-g1022870-d1083709-Reviews-Ocean_View_Hotel_Marumori-Ofunato_Iwate_Prefecture_Tohoku.html
Koyokan,022-0211,Iwate Prefecture,92-2 Sanrikuchoryori Ofunato,,$,http://www.tripadvisor.com/Hotel_Review-g1022870-d1102831-Reviews-Koyokan-Ofunato_Iwate_Prefecture_Tohoku.html
Goishiso,022-0001,Iwate Prefecture,46-1 Massakicho Ofunato,,,http://www.tripadvisor.com/Hotel_Review-g1022870-d1102869-Reviews-Goishiso-Ofunato_Iwate_Prefecture_Tohoku.html
Minshuku Zuiraku,022-0101,Iwate Prefecture,140-8 Sanrikuchokirai Ofunato,,,http://www.tripadvisor.com/Hotel_Review-g1022870-d1102872-Reviews-Minshuku_Zuiraku-Ofunato_Iwate_Prefecture_Tohoku.html
Fureai Land Osaki Cape,022-0007,Iwate Prefecture,188-7 Torisawa-Akasakicho Ofunato,,,http://www.tripadvisor.com/Hotel_Review-g1022870-d1854030-Reviews-Fureai_Land_Osaki_Cape-Ofunato_Iwate_Prefecture_Tohoku.html
Ofunato Inter Hotel Tsubaki,022-0002,Iwate Prefecture,"103-7 Chiyamae, Ofunatocho Ofunato",,,http://www.tripadvisor.com/Hotel_Review-g1022870-d1877121-Reviews-Ofunato_Inter_Hotel_Tsubaki-Ofunato_Iwate_Prefecture_Tohoku.html
Tsutsumi ryokan,022-0002,Iwate Prefecture,"26-18 Jinomori, Ofunatocho Ofunato",,,http://www.tripadvisor.com/Hotel_Review-g1022870-d1877124-Reviews-Tsutsumi_ryokan-Ofunato_Iwate_Prefecture_Tohoku.html
Minshuku Komatsuso,022-0102,Iwate Prefecture,"10-10 Ougihora, Sanrikuchoyoshihama Ofunato",,,http://www.tripadvisor.com/Hotel_Review-g1022870-d1877130-Reviews-Minshuku_Komatsuso-Ofunato_Iwate_Prefecture_Tohoku.html
CityHotel Yamaguchi,022-0002,Iwate Prefecture,42-13 Ofunatocho Ofunato,,,http://www.tripadvisor.com/Hotel_Review-g1022870-d2537539-Reviews-CityHotel_Yamaguchi-Ofunato_Iwate_Prefecture_Tohoku.html
Ofunato Onsen,022-0002,Iwate Prefecture,"29-1 Marumori, Ofunato Ofunato",,,http://www.tripadvisor.com/Hotel_Review-g1022870-d7021199-Reviews-Ofunato_Onsen-Ofunato_Iwate_Prefecture_Tohoku.html
Mizusawa Green Hotel,023-0813,Iwate Prefecture,118 Mizusawakunakamachi Oshu,,$,http://www.tripadvisor.com/Hotel_Review-g1022878-d1076808-Reviews-Mizusawa_Green_Hotel-Oshu_Iwate_Prefecture_Tohoku.html
Plaza Inn Mizusawa,023-0003,Iwate Prefecture,29 Azaushiroda Sakurakawa Mizusawaku Oshu,,$,http://www.tripadvisor.com/Hotel_Review-g1022878-d1076820-Reviews-Plaza_Inn_Mizusawa-Oshu_Iwate_Prefecture_Tohoku.html
Hotel New Esashi,023-1112 ,Iwate Prefecture,"4-1 Minamiodori, Esashi-ku Oshu",,$,http://www.tripadvisor.com/Hotel_Review-g1022878-d1083705-Reviews-Hotel_New_Esashi-Oshu_Iwate_Prefecture_Tohoku.html
Mizusawa Grand Hotel,023-0818,Iwate Prefecture,"40 Azumacho, Mizusawa-ku Oshu",,$,http://www.tripadvisor.com/Hotel_Review-g1022878-d1092737-Reviews-Mizusawa_Grand_Hotel-Oshu_Iwate_Prefecture_Tohoku.html
Hotel Annex Nissho,023-0828,Iwate Prefecture,"3-3-29 Higashiodori, Mizusawa-ku Oshu",,,http://www.tripadvisor.com/Hotel_Review-g1022878-d1092743-Reviews-Hotel_Annex_Nissho-Oshu_Iwate_Prefecture_Tohoku.html
Mizusawa Kita Hotel,023-0811,Iwate Prefecture,"2 Terakoji, Mizusawa-ku Oshu",,$,http://www.tripadvisor.com/Hotel_Review-g1022878-d1092748-Reviews-Mizusawa_Kita_Hotel-Oshu_Iwate_Prefecture_Tohoku.html
Mizusawa Sun Palace Hotel,023-0818,Iwate Prefecture,"4 Azumacho, Mizusawa-ku Oshu",,$,http://www.tripadvisor.com/Hotel_Review-g1022878-d1092751-Reviews-Mizusawa_Sun_Palace_Hotel-Oshu_Iwate_Prefecture_Tohoku.html
Pansion Hotel Esashi,023-1118,Iwate Prefecture,"6-36 Sakaecho, Esashi-ku Oshu",,$,http://www.tripadvisor.com/Hotel_Review-g1022878-d1103978-Reviews-Pansion_Hotel_Esashi-Oshu_Iwate_Prefecture_Tohoku.html
Kikusuiso,023-0802,Iwate Prefecture,"10-4 Obatakekoji, Mizusawa-ku Oshu",,$,http://www.tripadvisor.com/Hotel_Review-g1022878-d1103983-Reviews-Kikusuiso-Oshu_Iwate_Prefecture_Tohoku.html
San Hotel Koromogawaso,029-4421,Iwate Prefecture,"60-2 Hinata, Koromogawa-ku Oshu",,$,http://www.tripadvisor.com/Hotel_Review-g1022878-d1103987-Reviews-San_Hotel_Koromogawaso-Oshu_Iwate_Prefecture_Tohoku.html
Yakushido Spa,023-0003,Iwate Prefecture,"27 Sakurakawa, Mizusawa-ku Oshu",,$,http://www.tripadvisor.com/Hotel_Review-g1022878-d1103990-Reviews-Yakushido_Spa-Oshu_Iwate_Prefecture_Tohoku.html
Minshuku Okkiri,029-4422,Iwate Prefecture,"51 Sewara, Koromogawa-ku Oshu",,$,http://www.tripadvisor.com/Hotel_Review-g1022878-d1103994-Reviews-Minshuku_Okkiri-Oshu_Iwate_Prefecture_Tohoku.html
Handaya Ryokan,029-4207,Iwate Prefecture,"33-4 Mikkamachi, Maesawa-ku Oshu",,$,http://www.tripadvisor.com/Hotel_Review-g1022878-d1104003-Reviews-Handaya_Ryokan-Oshu_Iwate_Prefecture_Tohoku.html
Suimeiso,023-0053,Iwate Prefecture,"5-33 Otemachi, Mizusawa-ku Oshu",,$,http://www.tripadvisor.com/Hotel_Review-g1022878-d1104008-Reviews-Suimeiso-Oshu_Iwate_Prefecture_Tohoku.html
Onyado Otowa,023-0044,Iwate Prefecture,"4-12 Sanbongi, Mizusawa-ku Oshu",,,http://www.tripadvisor.com/Hotel_Review-g1022878-d1104017-Reviews-Onyado_Otowa-Oshu_Iwate_Prefecture_Tohoku.html
Esashi Royal Hotel,023-0171,Iwate Prefecture,"54-1 Tawara, Esashi-ku Oshu",,,http://www.tripadvisor.com/Hotel_Review-g1022878-d1104029-Reviews-Esashi_Royal_Hotel-Oshu_Iwate_Prefecture_Tohoku.html
Hotel New Esashi Shinkan Ease,023-1102,Iwate Prefecture,1-1-25 Esashiku Yokamachi Oshu,,,http://www.tripadvisor.com/Hotel_Review-g1022878-d1153019-Reviews-Hotel_New_Esashi_Shinkan_Ease-Oshu_Iwate_Prefecture_Tohoku.html
Ryokan Gengo,023-0828,Iwate Prefecture,"2-2-46 Higashi odori, Mizusawa-ku Oshu",,,http://www.tripadvisor.com/Hotel_Review-g1022878-d1876986-Reviews-Ryokan_Gengo-Oshu_Iwate_Prefecture_Tohoku.html
Hotel Greenbel;l Takakan,029-2311,Iwate Prefecture,"36-2 Kawamukai, Setamai Sumita-cho",,$,http://www.tripadvisor.com/Hotel_Review-g1120433-d1876947-Reviews-Hotel_Greenbel_l_Takakan-Sumita_cho_Kesen_gun_Iwate_Prefecture_Tohoku.html
Capital Hotel 1000,029-2205,Iwate Prefecture,60-1 Nagasuka Takatacho Rikuzentakata,,$$,http://www.tripadvisor.com/Hotel_Review-g1022871-d1074035-Reviews-Capital_Hotel_1000-Rikuzentakata_Iwate_Prefecture_Tohoku.html
Yuniusu,029-2203,Iwate Prefecture,20-10 Takekomacho Rikuzentakata,,,http://www.tripadvisor.com/Hotel_Review-g1022871-d1102878-Reviews-Yuniusu-Rikuzentakata_Iwate_Prefecture_Tohoku.html
Maiusu,029-2203,Iwate Prefecture,28-1 Takekomacho Rikuzentakata,,,http://www.tripadvisor.com/Hotel_Review-g1022871-d1102879-Reviews-Maiusu-Rikuzentakata_Iwate_Prefecture_Tohoku.html
Hotel Sanyo,029-2204,Iwate Prefecture,"155-6 Kesencho, Aza Fuppushi Rikuzentakata",10,$,http://www.tripadvisor.com/Hotel_Review-g1022871-d1954370-Reviews-Hotel_Sanyo-Rikuzentakata_Iwate_Prefecture_Tohoku.html
Suzuki Ryokan,029-2201,Iwate Prefecture,"36-2 Myojinmae, Yahagicho Rikuzentakata",,,http://www.tripadvisor.com/Hotel_Review-g1022871-d3538679-Reviews-Suzuki_Ryokan-Rikuzentakata_Iwate_Prefecture_Tohoku.html
Reisen Tamanoyu,029-2203,Iwate Prefecture,104-8 Takekomacho Rikuzentakata,,,http://www.tripadvisor.com/Hotel_Review-g1022871-d3561108-Reviews-Reisen_Tamanoyu-Rikuzentakata_Iwate_Prefecture_Tohoku.html
Sumi no Ie,029-2201,Iwate Prefecture,8-3 Yahagicho Rikuzentakata,,,http://www.tripadvisor.com/Hotel_Review-g1022871-d3561172-Reviews-Sumi_no_Ie-Rikuzentakata_Iwate_Prefecture_Tohoku.html
Minshuku Musashi,029-2204,Iwate Prefecture,"173 Fukubushi, Kesen-cho, Rikuzentakata",,,http://www.tripadvisor.com/Hotel_Review-g1022871-d3566247-Reviews-Minshuku_Musashi-Rikuzentakata_Iwate_Prefecture_Tohoku.html
Shida,029-2208,Iwate Prefecture,137 Nesaki Hirotacho Rikuzentakata,,,http://www.tripadvisor.com/Hotel_Review-g1022871-d3568918-Reviews-Shida-Rikuzentakata_Iwate_Prefecture_Tohoku.html
Minshuku Yoshida,029-2206,Iwate Prefecture,110-5 Yonesakicho Matsumine Rikuzentakata,,,http://www.tripadvisor.com/Hotel_Review-g1022871-d4550969-Reviews-Minshuku_Yoshida-Rikuzentakata_Iwate_Prefecture_Tohoku.html
Futamata Fukko Koryu Center,029-2201,Iwate Prefecture,11-1 Yahagicho Atagoshita Rikuzentakata,,,http://www.tripadvisor.com/Hotel_Review-g1022871-d4551005-Reviews-Futamata_Fukko_Koryu_Center-Rikuzentakata_Iwate_Prefecture_Tohoku.html
Ofuneryokan,029-2204,Iwate Prefecture,156-11 Yogai Kesencho Rikuzentakata,,,http://www.tripadvisor.com/Hotel_Review-g1022871-d5075574-Reviews-Ofuneryokan-Rikuzentakata_Iwate_Prefecture_Tohoku.html
Hotel Fukunoya,028-0066,Iwate Prefecture,1-20 Nakanohashi Kuji,,$,http://www.tripadvisor.com/Hotel_Review-g1022879-d1073956-Reviews-Hotel_Fukunoya-Kuji_Iwate_Prefecture_Tohoku.html
Kuji Dai-Ichi Hotel,028-0061,Iwate Prefecture,2-11 Chuo Kuji,106,$,http://www.tripadvisor.com/Hotel_Review-g1022879-d1073962-Reviews-Kuji_Dai_Ichi_Hotel-Kuji_Iwate_Prefecture_Tohoku.html
Kuji Station Hotel,028-0061,Iwate Prefecture,3-2 Chuo Kuji,,$,http://www.tripadvisor.com/Hotel_Review-g1022879-d1073970-Reviews-Kuji_Station_Hotel-Kuji_Iwate_Prefecture_Tohoku.html
Beppin no Yu,028-8521,Iwate Prefecture,4-5-1 Shimotokusari Yamane-cho Kuji,,$,http://www.tripadvisor.com/Hotel_Review-g1022879-d1073977-Reviews-Beppin_no_Yu-Kuji_Iwate_Prefecture_Tohoku.html
Tsutaya Ryokan,028-0061,Iwate Prefecture,2-22 Chuo Kuji,,,http://www.tripadvisor.com/Hotel_Review-g1022879-d1073978-Reviews-Tsutaya_Ryokan-Kuji_Iwate_Prefecture_Tohoku.html
Kuji Grand Hotel,028-0051,Iwate Prefecture,10-15 Kawasakicho Kuji,70,$,http://www.tripadvisor.com/Hotel_Review-g1022879-d1092771-Reviews-Kuji_Grand_Hotel-Kuji_Iwate_Prefecture_Tohoku.html
Tashiro Ryokan,028-0055,Iwate Prefecture,2-5 Tatsumicho Kuji,,,http://www.tripadvisor.com/Hotel_Review-g1022879-d1104033-Reviews-Tashiro_Ryokan-Kuji_Iwate_Prefecture_Tohoku.html
Hotel Michinoku,028-0052,Iwate Prefecture,1-71 Honcho Kuji,,,http://www.tripadvisor.com/Hotel_Review-g1022879-d1104038-Reviews-Hotel_Michinoku-Kuji_Iwate_Prefecture_Tohoku.html
Kinokoya,028-7801,Iwate Prefecture,7-133-5 Mukaicho Samuraihama-cho Kuji,,$,http://www.tripadvisor.com/Hotel_Review-g1022879-d1514681-Reviews-Kinokoya-Kuji_Iwate_Prefecture_Tohoku.html
Kitasamuraihama Camp Site,028-7801,Iwate Prefecture,Samuraihamacho Kuji,,,http://www.tripadvisor.com/Hotel_Review-g1022879-d1638079-Reviews-Kitasamuraihama_Camp_Site-Kuji_Iwate_Prefecture_Tohoku.html
Kofun no Yu,028-0041,Iwate Prefecture,35-113-3 Osanaicho Kuji,,$,http://www.tripadvisor.com/Hotel_Review-g1022879-d2243127-Reviews-Kofun_no_Yu-Kuji_Iwate_Prefecture_Tohoku.html
Tategamori Kogen Hotel,029-3311,Iwate Prefecture,87 Kinui Sawayama Kinomi Fujisawa-cho,,$,http://www.tripadvisor.com/Hotel_Review-g1120432-d1514736-Reviews-Tategamori_Kogen_Hotel-Fujisawa_cho_Higashiiwai_gun_Iwate_Prefecture_Tohoku.html
Pension Grun Boden Tategamori,029-3311,Iwate Prefecture,2-159 Shimonakayama Kinomi Fujisawa-cho,,,http://www.tripadvisor.com/Hotel_Review-g1120432-d2032778-Reviews-Pension_Grun_Boden_Tategamori-Fujisawa_cho_Higashiiwai_gun_Iwate_Prefecture_Tohoku.html
Green Hotel Kitakami,024-0061,Iwate Prefecture,1-11-3 Odori Kitakami,152,$,http://www.tripadvisor.com/Hotel_Review-g1022872-d608349-Reviews-Green_Hotel_Kitakami-Kitakami_Iwate_Prefecture_Tohoku.html
Hotel Route-Inn Kitakami-Ekimae,024-0000,Iwate Prefecture,1-2-12 Aoyagi-cho Kitakami,,$,http://www.tripadvisor.com/Hotel_Review-g1022872-d1073907-Reviews-Hotel_Route_Inn_Kitakami_Ekimae-Kitakami_Iwate_Prefecture_Tohoku.html
Hotel City Plaza Kitakami,024-0032,Iwate Prefecture,1-14-1 Kawagishi Kitakami,114,$,http://www.tripadvisor.com/Hotel_Review-g1022872-d1073912-Reviews-Hotel_City_Plaza_Kitakami-Kitakami_Iwate_Prefecture_Tohoku.html
Kitakami Park Hotel,024-0061,Iwate Prefecture,2-2-11 Odori Kitakami,,$,http://www.tripadvisor.com/Hotel_Review-g1022872-d1073921-Reviews-Kitakami_Park_Hotel-Kitakami_Iwate_Prefecture_Tohoku.html
Kusano Hotel,024-0061,Iwate Prefecture,2-9-8 Odori Kitakami,,$,http://www.tripadvisor.com/Hotel_Review-g1022872-d1073925-Reviews-Kusano_Hotel-Kitakami_Iwate_Prefecture_Tohoku.html
Kusano Inn Kitakami,024-0061,Iwate Prefecture,2-8-6 Odori Kitakami,,$,http://www.tripadvisor.com/Hotel_Review-g1022872-d1073928-Reviews-Kusano_Inn_Kitakami-Kitakami_Iwate_Prefecture_Tohoku.html
Nanbu Hotel,024-0061,Iwate Prefecture,1-9-3 Odori Kitakami,31,$,http://www.tripadvisor.com/Hotel_Review-g1022872-d1073935-Reviews-Nanbu_Hotel-Kitakami_Iwate_Prefecture_Tohoku.html
Apa Hotel Kitakamiekinishi,024-0035 ,Iwate Prefecture,2-1-3 Hanazonocho Kitakami,,$,http://www.tripadvisor.com/Hotel_Review-g1022872-d1083710-Reviews-Apa_Hotel_Kitakamiekinishi-Kitakami_Iwate_Prefecture_Tohoku.html
Flower Hotel,024-0051 ,Iwate Prefecture,"2-23 Yamada, Aisaricho Kitakami",,$,http://www.tripadvisor.com/Hotel_Review-g1022872-d1083711-Reviews-Flower_Hotel-Kitakami_Iwate_Prefecture_Tohoku.html
Geto Onsen Kanko Hotel,024-0322 ,Iwate Prefecture,"Iwasakishinden, Wagacho Kitakami",,,http://www.tripadvisor.com/Hotel_Review-g1022872-d1083712-Reviews-Geto_Onsen_Kanko_Hotel-Kitakami_Iwate_Prefecture_Tohoku.html
Semi Onsen,024-0322 ,Iwate Prefecture,"1-128-2 Iwasakishinden, Wagacho Kitakami",,$,http://www.tripadvisor.com/Hotel_Review-g1022872-d1083721-Reviews-Semi_Onsen-Kitakami_Iwate_Prefecture_Tohoku.html
Montein Hotel,024-0072,Iwate Prefecture,32-50 Kitaoniyanagi Kitakami,128,$,http://www.tripadvisor.com/Hotel_Review-g1022872-d1092654-Reviews-Montein_Hotel-Kitakami_Iwate_Prefecture_Tohoku.html
Hotel Mets Kitakami,024-0061,Iwate Prefecture,1-1-34 Odori Kitakami,,$,http://www.tripadvisor.com/Hotel_Review-g1022872-d1094716-Reviews-Hotel_Mets_Kitakami-Kitakami_Iwate_Prefecture_Tohoku.html
Santa House Geto,024-0321,Iwate Prefecture,2-77-1 Wagacho Iwasaki Kitakami,,$,http://www.tripadvisor.com/Hotel_Review-g1022872-d1102901-Reviews-Santa_House_Geto-Kitakami_Iwate_Prefecture_Tohoku.html
Family Lodge Hatagoya Kitakamieduriko,024-0072,Iwate Prefecture,21-107-5 Kitaoniyanagi Kitakami,,$,http://www.tripadvisor.com/Hotel_Review-g1022872-d1102905-Reviews-Family_Lodge_Hatagoya_Kitakamieduriko-Kitakami_Iwate_Prefecture_Tohoku.html
Irihata Onsen,024-0322,Iwate Prefecture,"1-3-1 Iwasaki-shinden, Wagacho Kitakami",,,http://www.tripadvisor.com/Hotel_Review-g1022872-d1102910-Reviews-Irihata_Onsen-Kitakami_Iwate_Prefecture_Tohoku.html
Pension Sifon,024-0322,Iwate Prefecture,2-49-4 Wagacho Iwasakishinden Kitakami,,$,http://www.tripadvisor.com/Hotel_Review-g1022872-d1102912-Reviews-Pension_Sifon-Kitakami_Iwate_Prefecture_Tohoku.html
Kitakami Capsule Hotel,024-0031,Iwate Prefecture,2-1-12 Aoyagicho Kitakami,,$,http://www.tripadvisor.com/Hotel_Review-g1022872-d1102915-Reviews-Kitakami_Capsule_Hotel-Kitakami_Iwate_Prefecture_Tohoku.html
Kitakami Pansion Hotel,024-0064,Iwate Prefecture,2-6-17 Wakamiyacho Kitakami,,$,http://www.tripadvisor.com/Hotel_Review-g1022872-d1102919-Reviews-Kitakami_Pansion_Hotel-Kitakami_Iwate_Prefecture_Tohoku.html
Hotel Shirayuri,024-0064,Iwate Prefecture,2-1-10 Wakamiyacho Kitakami,,$,http://www.tripadvisor.com/Hotel_Review-g1022872-d1102924-Reviews-Hotel_Shirayuri-Kitakami_Iwate_Prefecture_Tohoku.html
Sasamaya,024-0331,Iwate Prefecture,36-4-2 Wagachoyokokawame Kitakami,,,http://www.tripadvisor.com/Hotel_Review-g1022872-d1102932-Reviews-Sasamaya-Kitakami_Iwate_Prefecture_Tohoku.html
Ryokan Iwateso,024-0061,Iwate Prefecture,2-2-35 Odori Kitakami,,$,http://www.tripadvisor.com/Hotel_Review-g1022872-d1102936-Reviews-Ryokan_Iwateso-Kitakami_Iwate_Prefecture_Tohoku.html
Showakan,024-0322,Iwate Prefecture,Wagachoiwasakishinden Kitakami,,,http://www.tripadvisor.com/Hotel_Review-g1022872-d1102953-Reviews-Showakan-Kitakami_Iwate_Prefecture_Tohoku.html
Hotel You,024-0056,Iwate Prefecture,24-1 Oniyanagicho Kitakami,,,http://www.tripadvisor.com/Hotel_Review-g1022872-d1102957-Reviews-Hotel_You-Kitakami_Iwate_Prefecture_Tohoku.html
Comfort Hotel Kitakami,024-0032,Iwate Prefecture,1-2-1 Kawagishi Kitakami,129,$,http://www.tripadvisor.com/Hotel_Review-g1022872-d1426163-Reviews-Comfort_Hotel_Kitakami-Kitakami_Iwate_Prefecture_Tohoku.html
Toyoko Inn Kitakamieki Higashiguchi,024-0032,Iwate Prefecture,1-3-4 Kawagishi Kitakami,194,$,http://www.tripadvisor.com/Hotel_Review-g1022872-d1497091-Reviews-Toyoko_Inn_Kitakamieki_Higashiguchi-Kitakami_Iwate_Prefecture_Tohoku.html
Motoyugeto,024-0322 ,Iwate Prefecture,"1-22 Iwasakishinden, Waga-cho Kitakami",1,,http://www.tripadvisor.com/Hotel_Review-g1022872-d1536999-Reviews-Motoyugeto-Kitakami_Iwate_Prefecture_Tohoku.html
Hotel Area One Kitakami,024-0034,Iwate Prefecture,1-1-34 Suwacho Kitakami,,,http://www.tripadvisor.com/Hotel_Review-g1022872-d2537574-Reviews-Hotel_Area_One_Kitakami-Kitakami_Iwate_Prefecture_Tohoku.html
Kitakamai Resort,024-0323,Iwate Prefecture,1 Susumago Wagacho Kitakami,,$,http://www.tripadvisor.com/Hotel_Review-g1022872-d4341832-Reviews-Kitakamai_Resort-Kitakami_Iwate_Prefecture_Tohoku.html
Aeria Tohno,028-0524,Iwate Prefecture,1-10 Shinmachi Tono,,$$,http://www.tripadvisor.com/Hotel_Review-g1059459-d1080005-Reviews-Aeria_Tohno-Tono_Iwate_Prefecture_Tohoku.html
Hotel Kajyo,028-0523,Iwate Prefecture,5-25 Chuodori Tono,,,http://www.tripadvisor.com/Hotel_Review-g1059459-d1080013-Reviews-Hotel_Kajyo-Tono_Iwate_Prefecture_Tohoku.html
Hotel Kikuyuu,028-0522,Iwate Prefecture,4-25 Shinkokucho Tono,,$,http://www.tripadvisor.com/Hotel_Review-g1059459-d1080025-Reviews-Hotel_Kikuyuu-Tono_Iwate_Prefecture_Tohoku.html
Cottage Land Kashiwagi,028-0303,Iwate Prefecture,28-125 Miyamorichoshimomasuzawa Tono,,$$,http://www.tripadvisor.com/Hotel_Review-g1059459-d1104068-Reviews-Cottage_Land_Kashiwagi-Tono_Iwate_Prefecture_Tohoku.html
Minshuku Mizuki,028-0303,Iwate Prefecture,34-104-1 Miyamorichoshimomasuzawa Tono,,$,http://www.tripadvisor.com/Hotel_Review-g1059459-d1104079-Reviews-Minshuku_Mizuki-Tono_Iwate_Prefecture_Tohoku.html
Takamuro Suikouen,028-0553,Iwate Prefecture,7-175-2 Tsuchibuchichokashiwazaki Tono,,,http://www.tripadvisor.com/Hotel_Review-g1059459-d1104094-Reviews-Takamuro_Suikouen-Tono_Iwate_Prefecture_Tohoku.html
Milk Inn Egawa,028-0661,Iwate Prefecture,19-113 Tsukimoshichokamitsukimoshi Tono,,,http://www.tripadvisor.com/Hotel_Review-g1059459-d1104102-Reviews-Milk_Inn_Egawa-Tono_Iwate_Prefecture_Tohoku.html
Tokudaya Ryokan,028-0525,Iwate Prefecture,4-3 Muikamachi Tono,,,http://www.tripadvisor.com/Hotel_Review-g1059459-d1104103-Reviews-Tokudaya_Ryokan-Tono_Iwate_Prefecture_Tohoku.html
Fukuzansou,028-0523,Iwate Prefecture,5-30 Chuodori Tono,,$,http://www.tripadvisor.com/Hotel_Review-g1059459-d1104105-Reviews-Fukuzansou-Tono_Iwate_Prefecture_Tohoku.html
Hirasawaya,028-0523,Iwate Prefecture,8-5 Chuodori Tono,,,http://www.tripadvisor.com/Hotel_Review-g1059459-d1131000-Reviews-Hirasawaya-Tono_Iwate_Prefecture_Tohoku.html
Hotel Folk Loro Tono,028-0522 ,Iwate Prefecture,5-7 Shinkokucho Tono,,$,http://www.tripadvisor.com/Hotel_Review-g1059459-d1153020-Reviews-Hotel_Folk_Loro_Tono-Tono_Iwate_Prefecture_Tohoku.html
Magariya,028-0531 ,Iwate Prefecture,30-58-3 Nissato Ayaori-cho Tono,,,http://www.tripadvisor.com/Hotel_Review-g1059459-d1238239-Reviews-Magariya-Tono_Iwate_Prefecture_Tohoku.html
Minshuku Tono,028-0521,Iwate Prefecture,2-17 Zaimokucho Tono,11,$,http://www.tripadvisor.com/Hotel_Review-g1059459-d1875250-Reviews-Minshuku_Tono-Tono_Iwate_Prefecture_Tohoku.html
B&B Kuranoya,028-0543,Iwate Prefecture,"3chiwari145-136, Koukouji, Matsuzakicho Tono",5,$,http://www.tripadvisor.com/Hotel_Review-g1059459-d1876983-Reviews-B_B_Kuranoya-Tono_Iwate_Prefecture_Tohoku.html
Tono Youth Hostel,028-0555,Iwate Prefecture,13-39-5 Tsuchibuchicho Tsuchibuchi Tono,,,http://www.tripadvisor.com/Hotel_Review-g1059459-d4711912-Reviews-Tono_Youth_Hostel-Tono_Iwate_Prefecture_Tohoku.html
Minshuku Otogiya,028-0522,Iwate Prefecture,2-7 Shinkokucho Tono,,,http://www.tripadvisor.com/Hotel_Review-g1059459-d6903296-Reviews-Minshuku_Otogiya-Tono_Iwate_Prefecture_Tohoku.html
Musashibo,029-4102,Iwate Prefecture,15 Hiraizumi Hiraizumi-cho,,$$,http://www.tripadvisor.com/Hotel_Review-g1120431-d1125533-Reviews-Musashibo-Hiraizumi_cho_Nishiiwai_gun_Iwate_Prefecture_Tohoku.html
Shizukatei,029-4102 ,Iwate Prefecture,"10-5 Nagakura, Hiraizumi Hiraizumi-cho",10,$$$,http://www.tripadvisor.com/Hotel_Review-g1120431-d1153046-Reviews-Shizukatei-Hiraizumi_cho_Nishiiwai_gun_Iwate_Prefecture_Tohoku.html
Shirayama Ryokan,029-4102,Iwate Prefecture,139-8 Shirayama Hiraizumi Hiraizumi-cho,,,http://www.tripadvisor.com/Hotel_Review-g1120431-d1514737-Reviews-Shirayama_Ryokan-Hiraizumi_cho_Nishiiwai_gun_Iwate_Prefecture_Tohoku.html
Business Hotel Miyako Station Koyo,027-0075,Iwate Prefecture,5-1 Wami-machi Miyako,,$,http://www.tripadvisor.com/Hotel_Review-g1022873-d1073998-Reviews-Business_Hotel_Miyako_Station_Koyo-Miyako_Iwate_Prefecture_Tohoku.html
Green Pia Sanriku Miyako,027-0373,Iwate Prefecture,148 Mukaishinden Taro Miyako,,$,http://www.tripadvisor.com/Hotel_Review-g1022873-d1074004-Reviews-Green_Pia_Sanriku_Miyako-Miyako_Iwate_Prefecture_Tohoku.html
Hotel Omiya,027-0024,Iwate Prefecture,1-1-18 Sokei Miyako,,$,http://www.tripadvisor.com/Hotel_Review-g1022873-d1074005-Reviews-Hotel_Omiya-Miyako_Iwate_Prefecture_Tohoku.html
Jodogahama Park Hotel,027-0001,Iwate Prefecture,32-4 Hitachihama-cho Miyako,73,$$$,http://www.tripadvisor.com/Hotel_Review-g1022873-d1074011-Reviews-Jodogahama_Park_Hotel-Miyako_Iwate_Prefecture_Tohoku.html
Miyako Hotel Sawadaya,027-0086,Iwate Prefecture,4-1 Aramachi Miyako,,$$,http://www.tripadvisor.com/Hotel_Review-g1022873-d1074015-Reviews-Miyako_Hotel_Sawadaya-Miyako_Iwate_Prefecture_Tohoku.html
Nisshokan,027-0022,Iwate Prefecture,4-17 Sokei Ishizaki Miyako,,,http://www.tripadvisor.com/Hotel_Review-g1022873-d1103032-Reviews-Nisshokan-Miyako_Iwate_Prefecture_Tohoku.html
Seaside House Kaikouen,027-0201,Iwate Prefecture,2-35 Shirahama Miyako,,,http://www.tripadvisor.com/Hotel_Review-g1022873-d1103033-Reviews-Seaside_House_Kaikouen-Miyako_Iwate_Prefecture_Tohoku.html
Minshuku Kawatoya,027-0301,Iwate Prefecture,96-1 Tarotategamori Miyako,,,http://www.tripadvisor.com/Hotel_Review-g1022873-d1103034-Reviews-Minshuku_Kawatoya-Miyako_Iwate_Prefecture_Tohoku.html
Joudogahama Ryokan,027-0091,Iwate Prefecture,1-1-38 Tsukiji Miyako,,$$,http://www.tripadvisor.com/Hotel_Review-g1022873-d1103035-Reviews-Joudogahama_Ryokan-Miyako_Iwate_Prefecture_Tohoku.html
Qkamura Rikuchumiyako,027-0096,Iwate Prefecture,18-25-3 Sakikuwagasaki Miyako,,$,http://www.tripadvisor.com/Hotel_Review-g1022873-d1103040-Reviews-Qkamura_Rikuchumiyako-Miyako_Iwate_Prefecture_Tohoku.html
Hotel Big Wave,027-0083,Iwate Prefecture,3-5-20 Odori Miyako,,,http://www.tripadvisor.com/Hotel_Review-g1022873-d1103041-Reviews-Hotel_Big_Wave-Miyako_Iwate_Prefecture_Tohoku.html
Marine House,027-0097,Iwate Prefecture,3-95-4 Sakiyama Miyako,,,http://www.tripadvisor.com/Hotel_Review-g1022873-d1103042-Reviews-Marine_House-Miyako_Iwate_Prefecture_Tohoku.html
Hotel Bay Miyako,027-0029,Iwate Prefecture,15-30 Fujinokawa Miyako,,,http://www.tripadvisor.com/Hotel_Review-g1022873-d1103043-Reviews-Hotel_Bay_Miyako-Miyako_Iwate_Prefecture_Tohoku.html
Takasue Minshuku,027-0305,Iwate Prefecture,4 Taroariya Miyako,,,http://www.tripadvisor.com/Hotel_Review-g1022873-d1103045-Reviews-Takasue_Minshuku-Miyako_Iwate_Prefecture_Tohoku.html
Minshuku Obata,027-0323,Iwate Prefecture,60-2 Taronohara Miyako,,,http://www.tripadvisor.com/Hotel_Review-g1022873-d1103046-Reviews-Minshuku_Obata-Miyako_Iwate_Prefecture_Tohoku.html
Petit Hotel Kaikouen,027-0006,Iwate Prefecture,1-5 Kuwagasaki Miyako,,,http://www.tripadvisor.com/Hotel_Review-g1022873-d1103049-Reviews-Petit_Hotel_Kaikouen-Miyako_Iwate_Prefecture_Tohoku.html
Sawadaya Shinsenkau,027-0085,Iwate Prefecture,7-2 Kurotamachi Miyako,,,http://www.tripadvisor.com/Hotel_Review-g1022873-d2032768-Reviews-Sawadaya_Shinsenkau-Miyako_Iwate_Prefecture_Tohoku.html
Miyako Central Hotel Kumayasu,027-0086,Iwate Prefecture,2-5 Aramachi Miyako,,,http://www.tripadvisor.com/Hotel_Review-g1022873-d2226291-Reviews-Miyako_Central_Hotel_Kumayasu-Miyako_Iwate_Prefecture_Tohoku.html
Ryokan Yamadaya Bekkan,027-0083,Iwate Prefecture,4-3-12 Odori Miyako,,,http://www.tripadvisor.com/Hotel_Review-g1022873-d3310518-Reviews-Ryokan_Yamadaya_Bekkan-Miyako_Iwate_Prefecture_Tohoku.html
Hotel Route-inn Miyako,027-0029,Iwate Prefecture,15-38 Fujinokawa Miyako,,$,http://www.tripadvisor.com/Hotel_Review-g1022873-d6158906-Reviews-Hotel_Route_inn_Miyako-Miyako_Iwate_Prefecture_Tohoku.html
Hotel Mori no Kaze,020-0574,Iwate Prefecture,10-64-1 Oushuku Shizukuishi-cho,223,$$,http://www.tripadvisor.com/Hotel_Review-g1120422-d598291-Reviews-Hotel_Mori_no_Kaze-Shizukuishi_cho_Iwate_gun_Iwate_Prefecture_Tohoku.html
Arcadia,020-0585,Iwate Prefecture,3-20 Nagayama Shizukuishi-cho,,,http://www.tripadvisor.com/Hotel_Review-g1120422-d1125360-Reviews-Arcadia-Shizukuishi_cho_Iwate_gun_Iwate_Prefecture_Tohoku.html
Choeikan,020-0574,Iwate Prefecture,6-7 Oushuku Shizukuishi-cho,,$$,http://www.tripadvisor.com/Hotel_Review-g1120422-d1125379-Reviews-Choeikan-Shizukuishi_cho_Iwate_gun_Iwate_Prefecture_Tohoku.html
Genbu Furyutei,020-0585,Iwate Prefecture,1-11 Nagayama Shizukuishi-cho,,$$,http://www.tripadvisor.com/Hotel_Review-g1120422-d1125394-Reviews-Genbu_Furyutei-Shizukuishi_cho_Iwate_gun_Iwate_Prefecture_Tohoku.html
Kagasuke,020-0574,Iwate Prefecture,Oshuku Onsen Shizukuishi-cho,,$,http://www.tripadvisor.com/Hotel_Review-g1120422-d1125403-Reviews-Kagasuke-Shizukuishi_cho_Iwate_gun_Iwate_Prefecture_Tohoku.html
Kairakuen,020-0574,Iwate Prefecture,10-3-1 Oshuku Shizukuishi-cho,,$,http://www.tripadvisor.com/Hotel_Review-g1120422-d1125415-Reviews-Kairakuen-Shizukuishi_cho_Iwate_gun_Iwate_Prefecture_Tohoku.html
Pension Bell Claire,020-0585,Iwate Prefecture,22-347 Nagayama Shizukuishi-cho,,$$,http://www.tripadvisor.com/Hotel_Review-g1120422-d1125429-Reviews-Pension_Bell_Claire-Shizukuishi_cho_Iwate_gun_Iwate_Prefecture_Tohoku.html
Pension Cantabile,020-0585,Iwate Prefecture,16-2 Nagayama Shizukuishi-cho,,$$,http://www.tripadvisor.com/Hotel_Review-g1120422-d1125467-Reviews-Pension_Cantabile-Shizukuishi_cho_Iwate_gun_Iwate_Prefecture_Tohoku.html
Pension Sanrinsha,020-0585,Iwate Prefecture,22-195 Nagayama Shizukuishi-cho,,$,http://www.tripadvisor.com/Hotel_Review-g1120422-d1125472-Reviews-Pension_Sanrinsha-Shizukuishi_cho_Iwate_gun_Iwate_Prefecture_Tohoku.html
Kurokuma Kun,020-0585,Iwate Prefecture,22-294 Nagayama Shizukuishi-cho,,,http://www.tripadvisor.com/Hotel_Review-g1120422-d1125482-Reviews-Kurokuma_Kun-Shizukuishi_cho_Iwate_gun_Iwate_Prefecture_Tohoku.html
Villa Kankan Club,020-0585,Iwate Prefecture,14-67 Nagayama Shizukuishi-cho,,,http://www.tripadvisor.com/Hotel_Review-g1120422-d1125490-Reviews-Villa_Kankan_Club-Shizukuishi_cho_Iwate_gun_Iwate_Prefecture_Tohoku.html
Amihari Lodge,020-0585 ,Iwate Prefecture,"22-289 Iwateyama, Nagayama Shizukuishi-cho",,$$,http://www.tripadvisor.com/Hotel_Review-g1120422-d1153021-Reviews-Amihari_Lodge-Shizukuishi_cho_Iwate_gun_Iwate_Prefecture_Tohoku.html
Hotel Oushukubai,020-0574 ,Iwate Prefecture,9-32-8 Oushuku Shizukuishi-cho,,,http://www.tripadvisor.com/Hotel_Review-g1120422-d1153022-Reviews-Hotel_Oushukubai-Shizukuishi_cho_Iwate_gun_Iwate_Prefecture_Tohoku.html
Hotel Uguisu,020-0574 ,Iwate Prefecture,7-28 Oushuku Shizukuishi-cho,,$,http://www.tripadvisor.com/Hotel_Review-g1120422-d1153023-Reviews-Hotel_Uguisu-Shizukuishi_cho_Iwate_gun_Iwate_Prefecture_Tohoku.html
Cresson,020-0585 ,Iwate Prefecture,"126-19 Bonbanadaira, Nagayama Shizukuishi-cho",,,http://www.tripadvisor.com/Hotel_Review-g1120422-d1153024-Reviews-Cresson-Shizukuishi_cho_Iwate_gun_Iwate_Prefecture_Tohoku.html
Kawacho-sanso,020-0574 ,Iwate Prefecture,10-31-23 Oshuku Shizukuishi-cho,,$,http://www.tripadvisor.com/Hotel_Review-g1120422-d1153025-Reviews-Kawacho_sanso-Shizukuishi_cho_Iwate_gun_Iwate_Prefecture_Tohoku.html
Koeda Ryokan,020-0574 ,Iwate Prefecture,6-24-4 Oshuku Shizukuishi-cho,,$,http://www.tripadvisor.com/Hotel_Review-g1120422-d1153028-Reviews-Koeda_Ryokan-Shizukuishi_cho_Iwate_gun_Iwate_Prefecture_Tohoku.html
Kyukamura Iwate Amihari Onsen,020-0585 ,Iwate Prefecture,"14-3 Komatsukura, Nagayama Shizukuishi-cho",,$$,http://www.tripadvisor.com/Hotel_Review-g1120422-d1153030-Reviews-Kyukamura_Iwate_Amihari_Onsen-Shizukuishi_cho_Iwate_gun_Iwate_Prefecture_Tohoku.html
Minshuku Tochinai,020-0574 ,Iwate Prefecture,6-13-1 Oshuku Shizukuishi-cho,,$,http://www.tripadvisor.com/Hotel_Review-g1120422-d1153031-Reviews-Minshuku_Tochinai-Shizukuishi_cho_Iwate_gun_Iwate_Prefecture_Tohoku.html
Akai Fusha,020-0574 ,Iwate Prefecture,10-75-2 Oshuku Shizukuishi-cho,,$,http://www.tripadvisor.com/Hotel_Review-g1120422-d1153032-Reviews-Akai_Fusha-Shizukuishi_cho_Iwate_gun_Iwate_Prefecture_Tohoku.html
Nukumorino-sato Nuc,020-0585 ,Iwate Prefecture,"7-32 Iwateyama, Nagayama Shizukuishi-cho",,,http://www.tripadvisor.com/Hotel_Review-g1120422-d1153033-Reviews-Nukumorino_sato_Nuc-Shizukuishi_cho_Iwate_gun_Iwate_Prefecture_Tohoku.html
Akebonoso,020-0574,Iwate Prefecture,9-65-1 Oushuku Shizukuishi-cho,,$,http://www.tripadvisor.com/Hotel_Review-g1120422-d1153034-Reviews-Akebonoso-Shizukuishi_cho_Iwate_gun_Iwate_Prefecture_Tohoku.html
Short Horn,020-0585 ,Iwate Prefecture,"5-35 Arine, Nagayama Shizukuishi-cho",,,http://www.tripadvisor.com/Hotel_Review-g1120422-d1153035-Reviews-Short_Horn-Shizukuishi_cho_Iwate_gun_Iwate_Prefecture_Tohoku.html
Seikoso,020-0574 ,Iwate Prefecture,6-14-1 Oshuku Shizukuishi-cho,,$,http://www.tripadvisor.com/Hotel_Review-g1120422-d1153036-Reviews-Seikoso-Shizukuishi_cho_Iwate_gun_Iwate_Prefecture_Tohoku.html
Pension Ihatov Hanano-sato,020-0585 ,Iwate Prefecture,"44-5 Gokurakuno, Nagayama Shizukuishi-cho",,$$,http://www.tripadvisor.com/Hotel_Review-g1120422-d1153037-Reviews-Pension_Ihatov_Hanano_sato-Shizukuishi_cho_Iwate_gun_Iwate_Prefecture_Tohoku.html
Pension Damon,020-0585　,Iwate Prefecture,"22-202 Iwateyama, Nagayama Shizukuishi-cho",,,http://www.tripadvisor.com/Hotel_Review-g1120422-d1153038-Reviews-Pension_Damon-Shizukuishi_cho_Iwate_gun_Iwate_Prefecture_Tohoku.html
Pension Cassiopeia,020-0585 ,Iwate Prefecture,"22-193 Iwateyama, Nagayama Shizukuishi-cho",,$,http://www.tripadvisor.com/Hotel_Review-g1120422-d1153039-Reviews-Pension_Cassiopeia-Shizukuishi_cho_Iwate_gun_Iwate_Prefecture_Tohoku.html
Pension Momiji,020-0585 ,Iwate Prefecture,"22-394 Iwateyama, Nagayama Shizukuishi-cho",,$,http://www.tripadvisor.com/Hotel_Review-g1120422-d1153040-Reviews-Pension_Momiji-Shizukuishi_cho_Iwate_gun_Iwate_Prefecture_Tohoku.html
Pension Pao,020-0584 ,Iwate Prefecture,"104-10 Kurikidaira, Nishine Shizukuishi-cho",,,http://www.tripadvisor.com/Hotel_Review-g1120422-d1153041-Reviews-Pension_Pao-Shizukuishi_cho_Iwate_gun_Iwate_Prefecture_Tohoku.html
Lodge Tachibana,020-0585,Iwate Prefecture,"3-5 Arine, Nagayama Shizukuishi-cho",,$,http://www.tripadvisor.com/Hotel_Review-g1120422-d1153042-Reviews-Lodge_Tachibana-Shizukuishi_cho_Iwate_gun_Iwate_Prefecture_Tohoku.html
Shizukuishi Prince Hotel,020-0593,Iwate Prefecture,Takakura Onsen Shizukuishi-cho,266,$,http://www.tripadvisor.com/Hotel_Review-g1120422-d1167744-Reviews-Shizukuishi_Prince_Hotel-Shizukuishi_cho_Iwate_gun_Iwate_Prefecture_Tohoku.html
Beer Field,020-0584,Iwate Prefecture,104-38 Kurikidaira Nishine Shizukuishi-cho,,$$,http://www.tripadvisor.com/Hotel_Review-g1120422-d1514683-Reviews-Beer_Field-Shizukuishi_cho_Iwate_gun_Iwate_Prefecture_Tohoku.html
Minshuku Takamiso,020-0584,Iwate Prefecture,71-1 Kamishinozaki Nishine Shizukuishi-cho,,,http://www.tripadvisor.com/Hotel_Review-g1120422-d1514685-Reviews-Minshuku_Takamiso-Shizukuishi_cho_Iwate_gun_Iwate_Prefecture_Tohoku.html
Sakaiso,020-0585,Iwate Prefecture,27-1 Hayasaka Nagayama Shizukuishi-cho,,,http://www.tripadvisor.com/Hotel_Review-g1120422-d1514686-Reviews-Sakaiso-Shizukuishi_cho_Iwate_gun_Iwate_Prefecture_Tohoku.html
Jukoen,020-0574,Iwate Prefecture,21-1 Oshuku Shizukuishi-cho,,$,http://www.tripadvisor.com/Hotel_Review-g1120422-d1514699-Reviews-Jukoen-Shizukuishi_cho_Iwate_gun_Iwate_Prefecture_Tohoku.html
Pension Sanzoku,020-0585,Iwate Prefecture,22-194 Iwateyama Nagayama Shizukuishi-cho,,$,http://www.tripadvisor.com/Hotel_Review-g1120422-d1514700-Reviews-Pension_Sanzoku-Shizukuishi_cho_Iwate_gun_Iwate_Prefecture_Tohoku.html
Pension Shala,020-0584,Iwate Prefecture,104-6 Kurikidaira Nishine Shizukuishi-cho,,,http://www.tripadvisor.com/Hotel_Review-g1120422-d1514701-Reviews-Pension_Shala-Shizukuishi_cho_Iwate_gun_Iwate_Prefecture_Tohoku.html
Minshuku Gamada,020-0585,Iwate Prefecture,16-90 Nagayama Shizukuishi-cho,,,http://www.tripadvisor.com/Hotel_Review-g1120422-d1514705-Reviews-Minshuku_Gamada-Shizukuishi_cho_Iwate_gun_Iwate_Prefecture_Tohoku.html
Minshuku Sugiseiso,020-0585,Iwate Prefecture,122-2 Hayasaka Nagayama Shizukuishi-cho,,$,http://www.tripadvisor.com/Hotel_Review-g1120422-d1514707-Reviews-Minshuku_Sugiseiso-Shizukuishi_cho_Iwate_gun_Iwate_Prefecture_Tohoku.html
Hotel Hananoyu,020-0572,Iwate Prefecture,27-4-1 Nishianiwa Shizukuishi-cho,,$,http://www.tripadvisor.com/Hotel_Review-g1120422-d1514708-Reviews-Hotel_Hananoyu-Shizukuishi_cho_Iwate_gun_Iwate_Prefecture_Tohoku.html
Yokotan no Mori,020-0585,Iwate Prefecture,3-6 Nagayama Nekozawa Shizukuishi-cho,,$$,http://www.tripadvisor.com/Hotel_Review-g1120422-d1862932-Reviews-Yokotan_no_Mori-Shizukuishi_cho_Iwate_gun_Iwate_Prefecture_Tohoku.html
Pension Forest,020-0585,Iwate Prefecture,"14-36 Kohachimori, Nagayama Shizukuishi-cho",,,http://www.tripadvisor.com/Hotel_Review-g1120422-d1876966-Reviews-Pension_Forest-Shizukuishi_cho_Iwate_gun_Iwate_Prefecture_Tohoku.html
Pension Apple pie,020-0585,Iwate Prefecture,"22-288 Iwateyama, Nagayama Shizukuishi-cho",,,http://www.tripadvisor.com/Hotel_Review-g1120422-d1876968-Reviews-Pension_Apple_pie-Shizukuishi_cho_Iwate_gun_Iwate_Prefecture_Tohoku.html
Minshuku Nakagawa,020-0585,Iwate Prefecture,"174 Shinokawara, Nagayama Shizukuishi-cho",,,http://www.tripadvisor.com/Hotel_Review-g1120422-d1876972-Reviews-Minshuku_Nakagawa-Shizukuishi_cho_Iwate_gun_Iwate_Prefecture_Tohoku.html
Genbu Onsen Siki no sato,020-0585,Iwate Prefecture,"1-38 Amihari, Nagayama Shizukuishi-cho",,,http://www.tripadvisor.com/Hotel_Review-g1120422-d1876975-Reviews-Genbu_Onsen_Siki_no_sato-Shizukuishi_cho_Iwate_gun_Iwate_Prefecture_Tohoku.html
Pension bikki,020-0585,Iwate Prefecture,22-291 iwatesan Nagayama Shizukuishi-cho,,$,http://www.tripadvisor.com/Hotel_Review-g1120422-d1917652-Reviews-Pension_bikki-Shizukuishi_cho_Iwate_gun_Iwate_Prefecture_Tohoku.html
Minshuku Shirakaba,020-0584,Iwate Prefecture,65-1 Nishine Shizukuishi-cho,,,http://www.tripadvisor.com/Hotel_Review-g1120422-d2542076-Reviews-Minshuku_Shirakaba-Shizukuishi_cho_Iwate_gun_Iwate_Prefecture_Tohoku.html
Kunimi Onnsen Isiduka Ryokan,020-0582,Iwate Prefecture,Hashiba Kunimi Onnsen Shizukuishi-cho,,,http://www.tripadvisor.com/Hotel_Review-g1120422-d3433496-Reviews-Kunimi_Onnsen_Isiduka_Ryokan-Shizukuishi_cho_Iwate_gun_Iwate_Prefecture_Tohoku.html
Pension Field Note,020-0585,Iwate Prefecture,"22-389 Iwate-san, Nagayama Shizukuishi-cho",,,http://www.tripadvisor.com/Hotel_Review-g1120422-d3566236-Reviews-Pension_Field_Note-Shizukuishi_cho_Iwate_gun_Iwate_Prefecture_Tohoku.html
Onsen Minshuku Sakaeya,020-0574,Iwate Prefecture,7-51-2 Oshuku Shizukuishi-cho,,,http://www.tripadvisor.com/Hotel_Review-g1120422-d7002458-Reviews-Onsen_Minshuku_Sakaeya-Shizukuishi_cho_Iwate_gun_Iwate_Prefecture_Tohoku.html
Kuzumaki Koryukan Plato,028-5402,Iwate Prefecture,40-57-176 Kuzumaki Kuzumaki-machi,,,http://www.tripadvisor.com/Hotel_Review-g1120424-d1514710-Reviews-Kuzumaki_Koryukan_Plato-Kuzumaki_machi_Iwate_gun_Iwate_Prefecture_Tohoku.html
Kitatouhoku Toyoiryo Yojokan,020-0151,Iwate Prefecture,42-5 Ogama Takizawa-mura,,,http://www.tripadvisor.com/Hotel_Review-g1120426-d1125501-Reviews-Kitatouhoku_Toyoiryo_Yojokan-Takizawa_mura_Iwate_gun_Iwate_Prefecture_Tohoku.html
Hatakeyama Ryokan,020-0173,Iwate Prefecture,268-1339 Ushiro Takizawa Takizawa-mura,,,http://www.tripadvisor.com/Hotel_Review-g1120426-d1514711-Reviews-Hatakeyama_Ryokan-Takizawa_mura_Iwate_gun_Iwate_Prefecture_Tohoku.html
National Iwatesan Youth Friendship Center,020-0173,Iwate Prefecture,"292, Ushiro, Takizawa Takizawa-mura",,,http://www.tripadvisor.com/Hotel_Review-g1120426-d2078382-Reviews-National_Iwatesan_Youth_Friendship_Center-Takizawa_mura_Iwate_gun_Iwate_Prefecture_To.html
Hotel Midorinosato,029-4505 ,Iwate Prefecture,"26-3 Uwashuku, Nagasakae Kanegasaki-cho",,$,http://www.tripadvisor.com/Hotel_Review-g1120430-d1153569-Reviews-Hotel_Midorinosato-Kanegasaki_cho_Isawa_gun_Iwate_Prefecture_Tohoku.html
Yumoto Azumakan,029-4503,Iwate Prefecture,5-1 Nishine Nimaibashi Kanegasaki-cho,,$,http://www.tripadvisor.com/Hotel_Review-g1120430-d1862837-Reviews-Yumoto_Azumakan-Kanegasaki_cho_Isawa_gun_Iwate_Prefecture_Tohoku.html
Kanegasaki golf course,029-4501,Iwate Prefecture,1 Rokuhara_nagasawafudouzawa Kanegasaki-cho,,,http://www.tripadvisor.com/Hotel_Review-g1120430-d1917654-Reviews-Kanegasaki_golf_course-Kanegasaki_cho_Isawa_gun_Iwate_Prefecture_Tohoku.html
Hachimantai Royal Hotel,028-7394,Iwate Prefecture,"590-5 Dai1 Chiwari, Matsuoyoriki Hachimantai",229,$,http://www.tripadvisor.com/Hotel_Review-g1022874-d505431-Reviews-Hachimantai_Royal_Hotel-Hachimantai_Iwate_Prefecture_Tohoku.html
Kaminoyu,028-7557,Iwate Prefecture,98-163 Hosono Hachimantai,,,http://www.tripadvisor.com/Hotel_Review-g1022874-d1073358-Reviews-Kaminoyu-Hachimantai_Iwate_Prefecture_Tohoku.html
Hachimantai Heights,028-7302,Iwate Prefecture,1-590-4 Matsuo Yoriki Hachimantai,,$$,http://www.tripadvisor.com/Hotel_Review-g1022874-d1073363-Reviews-Hachimantai_Heights-Hachimantai_Iwate_Prefecture_Tohoku.html
Hachimantai Rising Sun Hotel,028-7302,Iwate Prefecture,Hachimantai Onsenkyo Hachimantai,,$,http://www.tripadvisor.com/Hotel_Review-g1022874-d1073366-Reviews-Hachimantai_Rising_Sun_Hotel-Hachimantai_Iwate_Prefecture_Tohoku.html
Kasumi Sou,028-7557,Iwate Prefecture,98-92 Hosono Hachimantai,,$,http://www.tripadvisor.com/Hotel_Review-g1022874-d1073370-Reviews-Kasumi_Sou-Hachimantai_Iwate_Prefecture_Tohoku.html
Kosekawa,028-7302,Iwate Prefecture,1-592-22 Matsuo Yoriki Hachimantai,,,http://www.tripadvisor.com/Hotel_Review-g1022874-d1073371-Reviews-Kosekawa-Hachimantai_Iwate_Prefecture_Tohoku.html
Pension Moose,028-7302,Iwate Prefecture,Hachimantaionsenkyo Hachimantai,,$$,http://www.tripadvisor.com/Hotel_Review-g1022874-d1073372-Reviews-Pension_Moose-Hachimantai_Iwate_Prefecture_Tohoku.html
Pension Ram,028-7302,Iwate Prefecture,1-618-7 Matsuo Yoriki Hachimantai,,,http://www.tripadvisor.com/Hotel_Review-g1022874-d1073373-Reviews-Pension_Ram-Hachimantai_Iwate_Prefecture_Tohoku.html
Palette,028-7302,Iwate Prefecture,1-590-333 Matsuo Yoriki Hachimantai,,$$,http://www.tripadvisor.com/Hotel_Review-g1022874-d1073376-Reviews-Palette-Hachimantai_Iwate_Prefecture_Tohoku.html
Seiryukaku,028-7533,Iwate Prefecture,43-1 Kamasuda Hachimantai,,$,http://www.tripadvisor.com/Hotel_Review-g1022874-d1092132-Reviews-Seiryukaku-Hachimantai_Iwate_Prefecture_Tohoku.html
Matsukawaso,028-7302,Iwate Prefecture,557 Matusoyoriki matsukawakokuyurin Hachimantai,,$$,http://www.tripadvisor.com/Hotel_Review-g1022874-d1092143-Reviews-Matsukawaso-Hachimantai_Iwate_Prefecture_Tohoku.html
Morudennoyu La Vista Appikogen,028-7306,Iwate Prefecture,605-30 Appikogen Hachimantai,,$$,http://www.tripadvisor.com/Hotel_Review-g1022874-d1092149-Reviews-Morudennoyu_La_Vista_Appikogen-Hachimantai_Iwate_Prefecture_Tohoku.html
Hachimantai Resort Hotel,028-7302,Iwate Prefecture,1-590-1 Matsuoyoriki Hachimantai,,$$,http://www.tripadvisor.com/Hotel_Review-g1022874-d1092152-Reviews-Hachimantai_Resort_Hotel-Hachimantai_Iwate_Prefecture_Tohoku.html
Arcas,028-7306,Iwate Prefecture,605-126 Appikogen Hachimantai,,$$,http://www.tripadvisor.com/Hotel_Review-g1022874-d1092658-Reviews-Arcas-Hachimantai_Iwate_Prefecture_Tohoku.html
Pension Saintemilion,028-7305,Iwate Prefecture,1-605-119 Appikogen Hachimantai,,$$,http://www.tripadvisor.com/Hotel_Review-g1022874-d1092666-Reviews-Pension_Saintemilion-Hachimantai_Iwate_Prefecture_Tohoku.html
Pension Arpeggio,028-7306,Iwate Prefecture,"Pension Village, Appikogen Hachimantai",,,http://www.tripadvisor.com/Hotel_Review-g1022874-d1094718-Reviews-Pension_Arpeggio-Hachimantai_Iwate_Prefecture_Tohoku.html
Pension Step,028-7306,Iwate Prefecture,"Pension Village, Appikogen Hachimantai",,,http://www.tripadvisor.com/Hotel_Review-g1022874-d1094723-Reviews-Pension_Step-Hachimantai_Iwate_Prefecture_Tohoku.html
Furusato,028-7557,Iwate Prefecture,563-3 Hosono Hachimantai,,$,http://www.tripadvisor.com/Hotel_Review-g1022874-d1103274-Reviews-Furusato-Hachimantai_Iwate_Prefecture_Tohoku.html
Paddock,028-7302,Iwate Prefecture,1-594-10 Matsuoyoriki Hachimantai,,$,http://www.tripadvisor.com/Hotel_Review-g1022874-d1103280-Reviews-Paddock-Hachimantai_Iwate_Prefecture_Tohoku.html
Shikikan Saito,028-7554,Iwate Prefecture,254-9 Akasakata Hachimantai,,$$,http://www.tripadvisor.com/Hotel_Review-g1022874-d1103285-Reviews-Shikikan_Saito-Hachimantai_Iwate_Prefecture_Tohoku.html
Minshuku Kiichigo,028-7554,Iwate Prefecture,204-1 Akasakata Hachimantai,,,http://www.tripadvisor.com/Hotel_Review-g1022874-d1103287-Reviews-Minshuku_Kiichigo-Hachimantai_Iwate_Prefecture_Tohoku.html
Motoyu Nanataki,028-7302,Iwate Prefecture,1-590-228 Matsuoyoriki Hachimantai,,,http://www.tripadvisor.com/Hotel_Review-g1022874-d1103291-Reviews-Motoyu_Nanataki-Hachimantai_Iwate_Prefecture_Tohoku.html
Kawano,028-7557,Iwate Prefecture,434-1 Hosono Hachimantai,,$,http://www.tripadvisor.com/Hotel_Review-g1022874-d1103295-Reviews-Kawano-Hachimantai_Iwate_Prefecture_Tohoku.html
Minshuku Makiba,028-7557,Iwate Prefecture,98-375 Hosono Hachimantai,,$,http://www.tripadvisor.com/Hotel_Review-g1022874-d1103304-Reviews-Minshuku_Makiba-Hachimantai_Iwate_Prefecture_Tohoku.html
Shukuria Pool,028-7306,Iwate Prefecture,605-24 Appikogen Hachimantai,,,http://www.tripadvisor.com/Hotel_Review-g1022874-d1103311-Reviews-Shukuria_Pool-Hachimantai_Iwate_Prefecture_Tohoku.html
Minshuku Chiba,028-7556,Iwate Prefecture,96-1 Hoshizawa Hachimantai,,,http://www.tripadvisor.com/Hotel_Review-g1022874-d1103315-Reviews-Minshuku_Chiba-Hachimantai_Iwate_Prefecture_Tohoku.html
Ski House Alpen,028-7557,Iwate Prefecture,360-1 Hosono Hachimantai,,,http://www.tripadvisor.com/Hotel_Review-g1022874-d1103318-Reviews-Ski_House_Alpen-Hachimantai_Iwate_Prefecture_Tohoku.html
Minshuku Jin,028-7303,Iwate Prefecture,2-2-3 Kashiwadai Hachimantai,,,http://www.tripadvisor.com/Hotel_Review-g1022874-d1103322-Reviews-Minshuku_Jin-Hachimantai_Iwate_Prefecture_Tohoku.html
Beaver,028-7302,Iwate Prefecture,1-505-203 Matsuoyoriki Hachimantai,5,$$$,http://www.tripadvisor.com/Hotel_Review-g1022874-d1103323-Reviews-Beaver-Hachimantai_Iwate_Prefecture_Tohoku.html
Donguri House,028-7554,Iwate Prefecture,170-1 Akasakata Hachimantai,,$,http://www.tripadvisor.com/Hotel_Review-g1022874-d1103326-Reviews-Donguri_House-Hachimantai_Iwate_Prefecture_Tohoku.html
Lodge Clubman,028-7302,Iwate Prefecture,2-712-2 Matsuoyoriki Hachimantai,,$$,http://www.tripadvisor.com/Hotel_Review-g1022874-d1103329-Reviews-Lodge_Clubman-Hachimantai_Iwate_Prefecture_Tohoku.html
Andante,028-7302,Iwate Prefecture,1-590-339 Matsuoyoriki Hachimantai,,$$,http://www.tripadvisor.com/Hotel_Review-g1022874-d1103332-Reviews-Andante-Hachimantai_Iwate_Prefecture_Tohoku.html
Pension Entre Deux Mers,028-7302,Iwate Prefecture,1-618-12 Matsuoyoriki Hachimantai,,,http://www.tripadvisor.com/Hotel_Review-g1022874-d1103340-Reviews-Pension_Entre_Deux_Mers-Hachimantai_Iwate_Prefecture_Tohoku.html
Pension Apricot,028-7305,Iwate Prefecture,605-7 Matsuo Hachimantai,,,http://www.tripadvisor.com/Hotel_Review-g1022874-d1103345-Reviews-Pension_Apricot-Hachimantai_Iwate_Prefecture_Tohoku.html
Pension Arufa,028-7302,Iwate Prefecture,1-618-10 Matsuoyoriki Hachimantai,,,http://www.tripadvisor.com/Hotel_Review-g1022874-d1103351-Reviews-Pension_Arufa-Hachimantai_Iwate_Prefecture_Tohoku.html
Pension Asangi,028-7306,Iwate Prefecture,1- 605-21 Matsuo Hachimantai,,$$,http://www.tripadvisor.com/Hotel_Review-g1022874-d1103355-Reviews-Pension_Asangi-Hachimantai_Iwate_Prefecture_Tohoku.html
Abend Club,028-7306,Iwate Prefecture,605-33 Appikogen Hachimantai,,$,http://www.tripadvisor.com/Hotel_Review-g1022874-d1103370-Reviews-Abend_Club-Hachimantai_Iwate_Prefecture_Tohoku.html
Pension Sukote,028-7557,Iwate Prefecture,165-13 Appikogen Hachimantai,,,http://www.tripadvisor.com/Hotel_Review-g1022874-d1103376-Reviews-Pension_Sukote-Hachimantai_Iwate_Prefecture_Tohoku.html
Mocking Bird,028-7306,Iwate Prefecture,605-19 Appikogen Hachimantai,,$,http://www.tripadvisor.com/Hotel_Review-g1022874-d1103380-Reviews-Mocking_Bird-Hachimantai_Iwate_Prefecture_Tohoku.html
Minshuku Sekitoyo,028-7554,Iwate Prefecture,223-2 Akasakata Hachimantai,,$,http://www.tripadvisor.com/Hotel_Review-g1022874-d1103391-Reviews-Minshuku_Sekitoyo-Hachimantai_Iwate_Prefecture_Tohoku.html
Iwatesan Yakibashiri Kokusaikouryumura,028-7113,Iwate Prefecture,24-728 Hirakasa Hachimantai,,$,http://www.tripadvisor.com/Hotel_Review-g1022874-d1103399-Reviews-Iwatesan_Yakibashiri_Kokusaikouryumura-Hachimantai_Iwate_Prefecture_Tohoku.html
Asahinoyu,028-7302,Iwate Prefecture,1-135-2 Matsuoyoriki Hachimantai,,,http://www.tripadvisor.com/Hotel_Review-g1022874-d1103403-Reviews-Asahinoyu-Hachimantai_Iwate_Prefecture_Tohoku.html
Rocky Inn,028-7306,Iwate Prefecture,605-64 Appikogen Hachimantai,,$,http://www.tripadvisor.com/Hotel_Review-g1022874-d1103411-Reviews-Rocky_Inn-Hachimantai_Iwate_Prefecture_Tohoku.html
Kobunoki,028-7557,Iwate Prefecture,363-23 Hosono Hachimantai,,$,http://www.tripadvisor.com/Hotel_Review-g1022874-d1103417-Reviews-Kobunoki-Hachimantai_Iwate_Prefecture_Tohoku.html
Business Hotel Nishine,028-7111,Iwate Prefecture,25-128-15 Obuke Hachimantai,,,http://www.tripadvisor.com/Hotel_Review-g1022874-d1103426-Reviews-Business_Hotel_Nishine-Hachimantai_Iwate_Prefecture_Tohoku.html
Annex Arcas,028-7306,Iwate Prefecture,605-125 Appikogen Hachimantai,,$$,http://www.tripadvisor.com/Hotel_Review-g1022874-d1103437-Reviews-Annex_Arcas-Hachimantai_Iwate_Prefecture_Tohoku.html
Appikogen Kamuinomori YH,028-7305,Iwate Prefecture,1-661-5 Matsuo Hachimantai,,$,http://www.tripadvisor.com/Hotel_Review-g1022874-d1103445-Reviews-Appikogen_Kamuinomori_YH-Hachimantai_Iwate_Prefecture_Tohoku.html
Star Dust,028-7306,Iwate Prefecture,165-17 Appikogen Hachimantai,,$,http://www.tripadvisor.com/Hotel_Review-g1022874-d1103452-Reviews-Star_Dust-Hachimantai_Iwate_Prefecture_Tohoku.html
Pension Wing Light,028-7306,Iwate Prefecture,165-10 Appikogen Hachimantai,,$,http://www.tripadvisor.com/Hotel_Review-g1022874-d1103458-Reviews-Pension_Wing_Light-Hachimantai_Iwate_Prefecture_Tohoku.html
Shofuso,028-7302,Iwate Prefecture,1-41 Matsuoyoriki Hachimantai,13,,http://www.tripadvisor.com/Hotel_Review-g1022874-d1103464-Reviews-Shofuso-Hachimantai_Iwate_Prefecture_Tohoku.html
Jungfrau,028-7306,Iwate Prefecture,605-45 Appikogen Hachimantai,,,http://www.tripadvisor.com/Hotel_Review-g1022874-d1103470-Reviews-Jungfrau-Hachimantai_Iwate_Prefecture_Tohoku.html
Bergheim Ito,028-7556,Iwate Prefecture,1-16 Hoshizawa Hachimantai,,,http://www.tripadvisor.com/Hotel_Review-g1022874-d1103476-Reviews-Bergheim_Ito-Hachimantai_Iwate_Prefecture_Tohoku.html
Country House The Seki,028-7554,Iwate Prefecture,132-2 Akasakata Hachimantai,,$,http://www.tripadvisor.com/Hotel_Review-g1022874-d1103489-Reviews-Country_House_The_Seki-Hachimantai_Iwate_Prefecture_Tohoku.html
Resort Inn Miwa,028-7306,Iwate Prefecture,605-327 Appikogen Hachimantai,,$,http://www.tripadvisor.com/Hotel_Review-g1022874-d1103493-Reviews-Resort_Inn_Miwa-Hachimantai_Iwate_Prefecture_Tohoku.html
Lavender,028-7544,Iwate Prefecture,70-1 Hotozaka Hachimantai,,$$,http://www.tripadvisor.com/Hotel_Review-g1022874-d1103497-Reviews-Lavender-Hachimantai_Iwate_Prefecture_Tohoku.html
Ikoinomura Iwate,028-7113,Iwate Prefecture,24-1-4 Hirakasa Hachimantai,29,$$,http://www.tripadvisor.com/Hotel_Review-g1022874-d1103508-Reviews-Ikoinomura_Iwate-Hachimantai_Iwate_Prefecture_Tohoku.html
Pension Los Amigos,028-7305,Iwate Prefecture,1-605-128 Matsuo Hachimantai,,,http://www.tripadvisor.com/Hotel_Review-g1022874-d1103514-Reviews-Pension_Los_Amigos-Hachimantai_Iwate_Prefecture_Tohoku.html
Oraho no Onsen,028-7111,Iwate Prefecture,18-88-208 Obuke Hachimantai,,,http://www.tripadvisor.com/Hotel_Review-g1022874-d1103518-Reviews-Oraho_no_Onsen-Hachimantai_Iwate_Prefecture_Tohoku.html
Kubota Lodge,028-7302,Iwate Prefecture,1-590-338 Matsuoyoriki Hachimantai,,$,http://www.tripadvisor.com/Hotel_Review-g1022874-d1103521-Reviews-Kubota_Lodge-Hachimantai_Iwate_Prefecture_Tohoku.html
Pension Mutti,028-7305,Iwate Prefecture,605-51 Appikogen Hachimantai,,$,http://www.tripadvisor.com/Hotel_Review-g1022874-d1103526-Reviews-Pension_Mutti-Hachimantai_Iwate_Prefecture_Tohoku.html
Ashiroringyo Center,028-7557,Iwate Prefecture,119-5 Hosono Hachimantai,,$,http://www.tripadvisor.com/Hotel_Review-g1022874-d1103531-Reviews-Ashiroringyo_Center-Hachimantai_Iwate_Prefecture_Tohoku.html
Minshuku Amin,028-7541,Iwate Prefecture,8-1 Terashida Hachimantai,,,http://www.tripadvisor.com/Hotel_Review-g1022874-d1103535-Reviews-Minshuku_Amin-Hachimantai_Iwate_Prefecture_Tohoku.html
Arupu Hachimantai,028-7302,Iwate Prefecture,1-590-303 Matsuoyoriki Hachimantai,,,http://www.tripadvisor.com/Hotel_Review-g1022874-d1103536-Reviews-Arupu_Hachimantai-Hachimantai_Iwate_Prefecture_Tohoku.html
Pension Alice,028-7306,Iwate Prefecture,Appikogen 165-9 Hachimantai,,$$,http://www.tripadvisor.com/Hotel_Review-g1022874-d1103576-Reviews-Pension_Alice-Hachimantai_Iwate_Prefecture_Tohoku.html
Pension Thunder Papa,028-7306,Iwate Prefecture,605-35 Appikogen Hachimantai,,$,http://www.tripadvisor.com/Hotel_Review-g1022874-d1103583-Reviews-Pension_Thunder_Papa-Hachimantai_Iwate_Prefecture_Tohoku.html
Lodge Tandem,028-7557,Iwate Prefecture,333-7 Hosono Hachimantai,,$,http://www.tripadvisor.com/Hotel_Review-g1022874-d1103588-Reviews-Lodge_Tandem-Hachimantai_Iwate_Prefecture_Tohoku.html
Nakayamaso,028-7302,Iwate Prefecture,2-512 Matsuoyoriki Hachimantai,,$,http://www.tripadvisor.com/Hotel_Review-g1022874-d1103595-Reviews-Nakayamaso-Hachimantai_Iwate_Prefecture_Tohoku.html
Saito Minimini Farm,028-7302,Iwate Prefecture,1-595-3 Matsuoyoriki Hachimantai,,,http://www.tripadvisor.com/Hotel_Review-g1022874-d1103599-Reviews-Saito_Minimini_Farm-Hachimantai_Iwate_Prefecture_Tohoku.html
Bogen House,028-7306,Iwate Prefecture,661-3 Appikogen Hachimantai,,,http://www.tripadvisor.com/Hotel_Review-g1022874-d1103603-Reviews-Bogen_House-Hachimantai_Iwate_Prefecture_Tohoku.html
Toshichi-onsen Saiunso,028-7302,Iwate Prefecture,"Kitanomata, Matsuo Yoriki Hachimantai",,,http://www.tripadvisor.com/Hotel_Review-g1022874-d1103620-Reviews-Toshichi_onsen_Saiunso-Hachimantai_Iwate_Prefecture_Tohoku.html
Appi Grand Villa1&2,028-7305,Iwate Prefecture,605-227 Appikogen Hachimantai,,,http://www.tripadvisor.com/Hotel_Review-g1022874-d1103663-Reviews-Appi_Grand_Villa1_2-Hachimantai_Iwate_Prefecture_Tohoku.html
Appi Grand Annex,028-7306,Iwate Prefecture,605-365 Appikogen Hachimantai,179,$$,http://www.tripadvisor.com/Hotel_Review-g1022874-d1103681-Reviews-Appi_Grand_Annex-Hachimantai_Iwate_Prefecture_Tohoku.html
Friends Bekkan Rengakan,028-7302,Iwate Prefecture,1-505-54 Hachimantai Onsenkyo Hachimantai,,$$$$,http://www.tripadvisor.com/Hotel_Review-g1022874-d1103696-Reviews-Friends_Bekkan_Rengakan-Hachimantai_Iwate_Prefecture_Tohoku.html
Hotel Appi Grand Tower,028-7396,Iwate Prefecture,Appikogen Hachimantai,174,$$,http://www.tripadvisor.com/Hotel_Review-g1022874-d1117277-Reviews-Hotel_Appi_Grand_Tower-Hachimantai_Iwate_Prefecture_Tohoku.html
Pension Hinode,028-7302,Iwate Prefecture,1-590-346 Matsuo Yoriki Hachimantai,,$,http://www.tripadvisor.com/Hotel_Review-g1022874-d1117282-Reviews-Pension_Hinode-Hachimantai_Iwate_Prefecture_Tohoku.html
Pension Friends,028-7302,Iwate Prefecture,1-590-341 Hachimantai Onsenkyo Hachimantai,,$,http://www.tripadvisor.com/Hotel_Review-g1022874-d1117285-Reviews-Pension_Friends-Hachimantai_Iwate_Prefecture_Tohoku.html
Pension Bogenhouse,028-7306,Iwate Prefecture,Appikogen Pension Village Hachimantai,,,http://www.tripadvisor.com/Hotel_Review-g1022874-d1117289-Reviews-Pension_Bogenhouse-Hachimantai_Iwate_Prefecture_Tohoku.html
Morino Nakamatachi,028-7306,Iwate Prefecture,Appikogen Hachimantai,,$$,http://www.tripadvisor.com/Hotel_Review-g1022874-d1117290-Reviews-Morino_Nakamatachi-Hachimantai_Iwate_Prefecture_Tohoku.html
Pension Apple Tree,028-7306,Iwate Prefecture,Appikogen Pension Village Hachimantai,,$$,http://www.tripadvisor.com/Hotel_Review-g1022874-d1117296-Reviews-Pension_Apple_Tree-Hachimantai_Iwate_Prefecture_Tohoku.html
Club Whistler,028-7305,Iwate Prefecture,605-129 Appikogen Hachimantai,,$$,http://www.tripadvisor.com/Hotel_Review-g1022874-d1117305-Reviews-Club_Whistler-Hachimantai_Iwate_Prefecture_Tohoku.html
Karamatsuso,028-7394,Iwate Prefecture,1-500-5 Matsuo Hachimantai,,$$,http://www.tripadvisor.com/Hotel_Review-g1022874-d1117309-Reviews-Karamatsuso-Hachimantai_Iwate_Prefecture_Tohoku.html
Putaro,028-7302 ,Iwate Prefecture,1-495-3 Matsuo Yoriki Hachimantai,,,http://www.tripadvisor.com/Hotel_Review-g1022874-d1117876-Reviews-Putaro-Hachimantai_Iwate_Prefecture_Tohoku.html
Appi Grand Villa 3,028-7306,Iwate Prefecture,Appikogen Hachimantai,249,$$,http://www.tripadvisor.com/Hotel_Review-g1022874-d1130120-Reviews-Appi_Grand_Villa_3-Hachimantai_Iwate_Prefecture_Tohoku.html
Hotel Appi Grand,028-7396,Iwate Prefecture,Appi-kogen Hachimantai,230,$$,http://www.tripadvisor.com/Hotel_Review-g1022874-d1130127-Reviews-Hotel_Appi_Grand-Hachimantai_Iwate_Prefecture_Tohoku.html
Pension Gracias Estaba,028-7306 ,Iwate Prefecture,605-28 Appikougen Hachimantai,,,http://www.tripadvisor.com/Hotel_Review-g1022874-d1152076-Reviews-Pension_Gracias_Estaba-Hachimantai_Iwate_Prefecture_Tohoku.html
Pension Pamplemousse,028-7305　,Iwate Prefecture,1-605-17 Matsuo Hachimantai,,,http://www.tripadvisor.com/Hotel_Review-g1022874-d1153013-Reviews-Pension_Pamplemousse-Hachimantai_Iwate_Prefecture_Tohoku.html
Pension Jung Frau,028-7306　,Iwate Prefecture,Appi Kougen Pension Village Hachimantai,,,http://www.tripadvisor.com/Hotel_Review-g1022874-d1153014-Reviews-Pension_Jung_Frau-Hachimantai_Iwate_Prefecture_Tohoku.html
Raspberry House Kiichigoso,028-7554,Iwate Prefecture,203-5 Akasakata Hachimantai,,$$,http://www.tripadvisor.com/Hotel_Review-g1022874-d1153015-Reviews-Raspberry_House_Kiichigoso-Hachimantai_Iwate_Prefecture_Tohoku.html
SebunsuHebun,028-7556,Iwate Prefecture,2-37 Hoshizawa Hachimantai,,,http://www.tripadvisor.com/Hotel_Review-g1022874-d1153016-Reviews-SebunsuHebun-Hachimantai_Iwate_Prefecture_Tohoku.html
Kyounso,028-7302,Iwate Prefecture,Hachimantai Onsenkyo Hachimantai,,$$$,http://www.tripadvisor.com/Hotel_Review-g1022874-d1440336-Reviews-Kyounso-Hachimantai_Iwate_Prefecture_Tohoku.html
Pension Bears Rock,028-7306,Iwate Prefecture,605-118 Appikogen Hachimantai,,$,http://www.tripadvisor.com/Hotel_Review-g1022874-d1514674-Reviews-Pension_Bears_Rock-Hachimantai_Iwate_Prefecture_Tohoku.html
Pension Highland Cream,028-7302,Iwate Prefecture,1-590-331 Hachimantai Onsenkyo Hachimantai,,,http://www.tripadvisor.com/Hotel_Review-g1022874-d1514675-Reviews-Pension_Highland_Cream-Hachimantai_Iwate_Prefecture_Tohoku.html
Nanashiguresanso,028-7515,Iwate Prefecture,96 Furuyashiki Hachimantai,,,http://www.tripadvisor.com/Hotel_Review-g1022874-d1534036-Reviews-Nanashiguresanso-Hachimantai_Iwate_Prefecture_Tohoku.html
Nanashiguresanso,028-7305,Iwate Prefecture,572-1 Matsuo Hachimantai,,,http://www.tripadvisor.com/Hotel_Review-g1022874-d1534037-Reviews-Nanashiguresanso-Hachimantai_Iwate_Prefecture_Tohoku.html
Pension Advantage,028-7302,Iwate Prefecture,1-590-334 Matsuoyoriki Hachimantai,,$,http://www.tripadvisor.com/Hotel_Review-g1022874-d1877114-Reviews-Pension_Advantage-Hachimantai_Iwate_Prefecture_Tohoku.html
Sarai,028-7305,Iwate Prefecture,1-292-8 Matsuo Hachimantai,,$,http://www.tripadvisor.com/Hotel_Review-g1022874-d1877115-Reviews-Sarai-Hachimantai_Iwate_Prefecture_Tohoku.html
Pension Chise Ivory,028-7306,Iwate Prefecture,605-25 Appikogen Hachimantai,,$,http://www.tripadvisor.com/Hotel_Review-g1022874-d1918220-Reviews-Pension_Chise_Ivory-Hachimantai_Iwate_Prefecture_Tohoku.html
Minshuku Akasakata,028-7554,Iwate Prefecture,204-9 Akasakata Hachimantai,,$,http://www.tripadvisor.com/Hotel_Review-g1022874-d2537532-Reviews-Minshuku_Akasakata-Hachimantai_Iwate_Prefecture_Tohoku.html
Pension Aara Wakka,028-7306,Iwate Prefecture,165-11 Appikogen Hachimantai,,$$,http://www.tripadvisor.com/Hotel_Review-g1022874-d2537558-Reviews-Pension_Aara_Wakka-Hachimantai_Iwate_Prefecture_Tohoku.html
Gakkounoyado Kibounooka,028-7531,Iwate Prefecture,109 Uenoyama Hachimantai,,,http://www.tripadvisor.com/Hotel_Review-g1022874-d2539418-Reviews-Gakkounoyado_Kibounooka-Hachimantai_Iwate_Prefecture_Tohoku.html
Sanriku Hana Hotel Hamagiku,028-1101 ,Iwate Prefecture,Namiita Kaigan Otsuchi-cho,,$$,http://www.tripadvisor.com/Hotel_Review-g1120434-d1153043-Reviews-Sanriku_Hana_Hotel_Hamagiku-Otsuchi_cho_Kamihei_gun_Iwate_Prefecture_Tohoku.html
Ogawa Ryokan,028-1116,Iwate Prefecture,7-3 Honcho Otsuchi-cho,,,http://www.tripadvisor.com/Hotel_Review-g1120434-d2542063-Reviews-Ogawa_Ryokan-Otsuchi_cho_Kamihei_gun_Iwate_Prefecture_Tohoku.html
Sawauchi Gingakogen Hotel,029-5701,Iwate Prefecture,3-647-1 Sawauchi Kawafune Nishiwaga-machi,,$$,http://www.tripadvisor.com/Hotel_Review-g1120934-d1125549-Reviews-Sawauchi_Gingakogen_Hotel-Nishiwaga_machi_Waga_gun_Iwate_Prefecture_Tohoku.html
Hotel Tairyukaku,029-5505,Iwate Prefecture,29-79 Yumoto Nishiwaga-machi,,$$,http://www.tripadvisor.com/Hotel_Review-g1120934-d1125561-Reviews-Hotel_Tairyukaku-Nishiwaga_machi_Waga_gun_Iwate_Prefecture_Tohoku.html
Onyado Suehiro,029-5514,Iwate Prefecture,52-1-43 Yugawa Nishiwaga-machi,,,http://www.tripadvisor.com/Hotel_Review-g1120934-d1153583-Reviews-Onyado_Suehiro-Nishiwaga_machi_Waga_gun_Iwate_Prefecture_Tohoku.html
Furusato,029-5514 ,Iwate Prefecture,52-17 Yugawa Nishiwaga-machi,,$$$,http://www.tripadvisor.com/Hotel_Review-g1120934-d1153611-Reviews-Furusato-Nishiwaga_machi_Waga_gun_Iwate_Prefecture_Tohoku.html
Kogen Ryokan Daisen,029-5522,Iwate Prefecture,Sugo Onsen Nishiwaga-machi,,,http://www.tripadvisor.com/Hotel_Review-g1120934-d1514738-Reviews-Kogen_Ryokan_Daisen-Nishiwaga_machi_Waga_gun_Iwate_Prefecture_Tohoku.html
Daisen Bekkan,029-5514,Iwate Prefecture,53-1-68 Yugawa Nishiwaga-machi,,,http://www.tripadvisor.com/Hotel_Review-g1120934-d1514740-Reviews-Daisen_Bekkan-Nishiwaga_machi_Waga_gun_Iwate_Prefecture_Tohoku.html
Daisen Honkan,029-5514,Iwate Prefecture,52-108-6 Yugawa Nishiwaga-machi,,,http://www.tripadvisor.com/Hotel_Review-g1120934-d1514741-Reviews-Daisen_Honkan-Nishiwaga_machi_Waga_gun_Iwate_Prefecture_Tohoku.html
Mantaka Ryokan,029-5514,Iwate Prefecture,52-108-1 Yugawa Nishiwaga-machi,,$$,http://www.tripadvisor.com/Hotel_Review-g1120934-d1514742-Reviews-Mantaka_Ryokan-Nishiwaga_machi_Waga_gun_Iwate_Prefecture_Tohoku.html
Seseragi no Yado Yoshinoya,029-5514,Iwate Prefecture,52-113-1Yugawa Nishiwaga-machi,,$,http://www.tripadvisor.com/Hotel_Review-g1120934-d1862820-Reviews-Seseragi_no_Yado_Yoshinoya-Nishiwaga_machi_Waga_gun_Iwate_Prefecture_Tohoku.html
Taiseikan Seiho,029-5514,Iwate Prefecture,52-72-11 Yugawa Nishiwaga-machi,,,http://www.tripadvisor.com/Hotel_Review-g1120934-d1876901-Reviews-Taiseikan_Seiho-Nishiwaga_machi_Waga_gun_Iwate_Prefecture_Tohoku.html
Takashige ryokan,029-5514,Iwate Prefecture,52-140-15 Yugawa Nishiwaga-machi,,$$,http://www.tripadvisor.com/Hotel_Review-g1120934-d1876932-Reviews-Takashige_ryokan-Nishiwaga_machi_Waga_gun_Iwate_Prefecture_Tohoku.html
Ryokan Ikkyukan,029-5505,Iwate Prefecture,30-82 Yumoto Nishiwaga-machi,,$,http://www.tripadvisor.com/Hotel_Review-g1120934-d1876936-Reviews-Ryokan_Ikkyukan-Nishiwaga_machi_Waga_gun_Iwate_Prefecture_Tohoku.html
Sugo Onsen Seizanso,029-5522,Iwate Prefecture,63-159-13 Sugo Nishiwaga-machi,,$$,http://www.tripadvisor.com/Hotel_Review-g1120934-d1876939-Reviews-Sugo_Onsen_Seizanso-Nishiwaga_machi_Waga_gun_Iwate_Prefecture_Tohoku.html
Bekkan Syunzanso,029-5514,Iwate Prefecture,52-116 Yugawa Nishiwaga-machi,,,http://www.tripadvisor.com/Hotel_Review-g1120934-d1876941-Reviews-Bekkan_Syunzanso-Nishiwaga_machi_Waga_gun_Iwate_Prefecture_Tohoku.html
Syunzanso Honkan,029-5514,Iwate Prefecture,52-107-2 Yugawa Nishiwaga-machi,,$,http://www.tripadvisor.com/Hotel_Review-g1120934-d1876942-Reviews-Syunzanso_Honkan-Nishiwaga_machi_Waga_gun_Iwate_Prefecture_Tohoku.html
Yamado,029-5514,Iwate Prefecture,71-10 Yugawa 52 Chiwari Nishiwaga-machi,12,$$$$,http://www.tripadvisor.com/Hotel_Review-g1120934-d1924052-Reviews-Yamado-Nishiwaga_machi_Waga_gun_Iwate_Prefecture_Tohoku.html
Yosumiya,029-5514,Iwate Prefecture,52-53-1 Yugawa Nishiwaga-machi,,$$$,http://www.tripadvisor.com/Hotel_Review-g1120934-d2539371-Reviews-Yosumiya-Nishiwaga_machi_Waga_gun_Iwate_Prefecture_Tohoku.html
Ryokan Ichijou,029-5505,Iwate Prefecture,30-82-3 Yumoto Nishiwaga-machi,,$,http://www.tripadvisor.com/Hotel_Review-g1120934-d2542069-Reviews-Ryokan_Ichijou-Nishiwaga_machi_Waga_gun_Iwate_Prefecture_Tohoku.html
Hotel Sunroute Ichinoseki,021-0822,Iwate Prefecture,2-37 Kamiotsukikouji Ichinoseki,96,$,http://www.tripadvisor.com/Hotel_Review-g1022875-d641344-Reviews-Hotel_Sunroute_Ichinoseki-Ichinoseki_Iwate_Prefecture_Tohoku.html
At Hotel,021-0882,Iwate Prefecture,3-1 Kamiotsukikoji Ichinoseki,,$,http://www.tripadvisor.com/Hotel_Review-g1022875-d1073512-Reviews-At_Hotel-Ichinoseki_Iwate_Prefecture_Tohoku.html
Bellino Hotel Ichinoseki,021-0051,Iwate Prefecture,179 Santanda Yamanome Ichinoseki,,$,http://www.tripadvisor.com/Hotel_Review-g1022875-d1073777-Reviews-Bellino_Hotel_Ichinoseki-Ichinoseki_Iwate_Prefecture_Tohoku.html
Hotel Apia,021-0881,Iwate Prefecture,4-12 O-machi Ichinoseki,,,http://www.tripadvisor.com/Hotel_Review-g1022875-d1073778-Reviews-Hotel_Apia-Ichinoseki_Iwate_Prefecture_Tohoku.html
Itsukushien,021-0101,Iwate Prefecture,15 Genbicho Minamitakinoue Ichinoseki,,$$,http://www.tripadvisor.com/Hotel_Review-g1022875-d1073781-Reviews-Itsukushien-Ichinoseki_Iwate_Prefecture_Tohoku.html
Keisenkaku,021-0101,Iwate Prefecture,3-1 Minamitakinoue Genbi-cho Ichinoseki,,$$,http://www.tripadvisor.com/Hotel_Review-g1022875-d1073782-Reviews-Keisenkaku-Ichinoseki_Iwate_Prefecture_Tohoku.html
Zuisenkaku,021-0101,Iwate Prefecture,65-2 Sagarimatsu Genbicho Ichinoseki,,$,http://www.tripadvisor.com/Hotel_Review-g1022875-d1073783-Reviews-Zuisenkaku-Ichinoseki_Iwate_Prefecture_Tohoku.html
Kura Hotel Ichinoseki,021-0884 ,Iwate Prefecture,2-1 Otemachi Ichinoseki,,$$,http://www.tripadvisor.com/Hotel_Review-g1022875-d1083704-Reviews-Kura_Hotel_Ichinoseki-Ichinoseki_Iwate_Prefecture_Tohoku.html
Ichinoseki Green Hotel,021-0867,Iwate Prefecture,52 Ekimae Ichinoseki,,,http://www.tripadvisor.com/Hotel_Review-g1022875-d1092689-Reviews-Ichinoseki_Green_Hotel-Ichinoseki_Iwate_Prefecture_Tohoku.html
Hotel Route Inn Ichinoseki Inter,021-0041,Iwate Prefecture,"33-1 Tsurumaki, Akogi Ichinoseki",153,$,http://www.tripadvisor.com/Hotel_Review-g1022875-d1092695-Reviews-Hotel_Route_Inn_Ichinoseki_Inter-Ichinoseki_Iwate_Prefecture_Tohoku.html
At Business Hotel Ichinoseki,021-0821,Iwate Prefecture,73-1 Sannoseki Ichinoseki,,$,http://www.tripadvisor.com/Hotel_Review-g1022875-d1093321-Reviews-At_Business_Hotel_Ichinoseki-Ichinoseki_Iwate_Prefecture_Tohoku.html
City Hotel Ichinoseki,021-0881,Iwate Prefecture,1-2 Omachi Ichinoseki,,,http://www.tripadvisor.com/Hotel_Review-g1022875-d1103711-Reviews-City_Hotel_Ichinoseki-Ichinoseki_Iwate_Prefecture_Tohoku.html
Resort Pension Itoko,021-0101,Iwate Prefecture,66-2 Genbicho Ichinoseki,,,http://www.tripadvisor.com/Hotel_Review-g1022875-d1103722-Reviews-Resort_Pension_Itoko-Ichinoseki_Iwate_Prefecture_Tohoku.html
Higashiyama Kanko Hotel,029-0302,Iwate Prefecture,436 Higashiyamachonagasaka Ichinoseki,,$,http://www.tripadvisor.com/Hotel_Review-g1022875-d1103727-Reviews-Higashiyama_Kanko_Hotel-Ichinoseki_Iwate_Prefecture_Tohoku.html
Toyoko Inn Ichinosekiekimae,021-0882,Iwate Prefecture,2-33 Kamiotsukikoji Ichinoseki,150,$,http://www.tripadvisor.com/Hotel_Review-g1022875-d1103732-Reviews-Toyoko_Inn_Ichinosekiekimae-Ichinoseki_Iwate_Prefecture_Tohoku.html
Genbiso,021-0101,Iwate Prefecture,2-2 Genbicho Ichinoseki,,,http://www.tripadvisor.com/Hotel_Review-g1022875-d1103737-Reviews-Genbiso-Ichinoseki_Iwate_Prefecture_Tohoku.html
Kenko Center Wakuwaku Land,029-0803,Iwate Prefecture,234 Senmayachosenmaya Ichinoseki,,,http://www.tripadvisor.com/Hotel_Review-g1022875-d1103746-Reviews-Kenko_Center_Wakuwaku_Land-Ichinoseki_Iwate_Prefecture_Tohoku.html
Kamiya Ryokan,029-0303,Iwate Prefecture,18 Higashiyamachomatsukawa Ichinoseki,,$,http://www.tripadvisor.com/Hotel_Review-g1022875-d1103752-Reviews-Kamiya_Ryokan-Ichinoseki_Iwate_Prefecture_Tohoku.html
Ichinoseki Country Club,021-0902,Iwate Prefecture,1-4 Hagisho Ichinoseki,,,http://www.tripadvisor.com/Hotel_Review-g1022875-d1103771-Reviews-Ichinoseki_Country_Club-Ichinoseki_Iwate_Prefecture_Tohoku.html
Kanponoyado Ichinoseki,021-0101,Iwate Prefecture,147-5 Genbicho Ichinoseki,,$$,http://www.tripadvisor.com/Hotel_Review-g1022875-d1103784-Reviews-Kanponoyado_Ichinoseki-Ichinoseki_Iwate_Prefecture_Tohoku.html
Sugawaraya Ryokan,029-0711,Iwate Prefecture,34 Daitochoohara Ichinoseki,,$,http://www.tripadvisor.com/Hotel_Review-g1022875-d1103802-Reviews-Sugawaraya_Ryokan-Ichinoseki_Iwate_Prefecture_Tohoku.html
Kajiya Bekkan Ramakkoro Yamenekoyado,029-0302,Iwate Prefecture,42 Higashiyamacho Nagasaka Ichinoseki,,$,http://www.tripadvisor.com/Hotel_Review-g1022875-d1103820-Reviews-Kajiya_Bekkan_Ramakkoro_Yamenekoyado-Ichinoseki_Iwate_Prefecture_Tohoku.html
Kamikura,021-0101,Iwate Prefecture,32 Matsurube Genbicho Ichinoseki,,$$$,http://www.tripadvisor.com/Hotel_Review-g1022875-d1514126-Reviews-Kamikura-Ichinoseki_Iwate_Prefecture_Tohoku.html
Chisun Inn Iwate Ichinoseki Inter,021-0041,Iwate Prefecture,188-2 Tsukimachi Akoogi Ichinoseki,92,$,http://www.tripadvisor.com/Hotel_Review-g1022875-d1514127-Reviews-Chisun_Inn_Iwate_Ichinoseki_Inter-Ichinoseki_Iwate_Prefecture_Tohoku.html
Tanakaya Ryokan,021-0867,Iwate Prefecture,43 Ekimae Ichinoseki,,,http://www.tripadvisor.com/Hotel_Review-g1022875-d1847037-Reviews-Tanakaya_Ryokan-Ichinoseki_Iwate_Prefecture_Tohoku.html
Kasen ryokan,021-0021,Iwate Prefecture,1-2-30 Chuocho Ichinoseki,,,http://www.tripadvisor.com/Hotel_Review-g1022875-d1877004-Reviews-Kasen_ryokan-Ichinoseki_Iwate_Prefecture_Tohoku.html
Business hotel Satou,021-0031,Iwate Prefecture,2-8-28 Aoba Ichinoseki,,,http://www.tripadvisor.com/Hotel_Review-g1022875-d1877090-Reviews-Business_hotel_Satou-Ichinoseki_Iwate_Prefecture_Tohoku.html
Business hotel Konkei,029-0803,Iwate Prefecture,"135 Senmayacho, Senmaya Ichinoseki",,,http://www.tripadvisor.com/Hotel_Review-g1022875-d1877095-Reviews-Business_hotel_Konkei-Ichinoseki_Iwate_Prefecture_Tohoku.html
Maruzen ryokan,029-0711,Iwate Prefecture,"57 Ichiroku, Daitochoohara Ichinoseki",,,http://www.tripadvisor.com/Hotel_Review-g1022875-d1877099-Reviews-Maruzen_ryokan-Ichinoseki_Iwate_Prefecture_Tohoku.html
Kurumi ryokan,029-0803,Iwate Prefecture,"9-6 Machiura, Senmayachosenmaya Ichinoseki",,,http://www.tripadvisor.com/Hotel_Review-g1022875-d1877106-Reviews-Kurumi_ryokan-Ichinoseki_Iwate_Prefecture_Tohoku.html
Yamazakura Momono Yu,021-0041,Iwate Prefecture,393-6 Sasaya Akoogi Ichinoseki,,$,http://www.tripadvisor.com/Hotel_Review-g1022875-d1918228-Reviews-Yamazakura_Momono_Yu-Ichinoseki_Iwate_Prefecture_Tohoku.html
Matsumoto,021-0032,Iwate Prefecture,1-1-23 Suehiro Ichinoseki,,,http://www.tripadvisor.com/Hotel_Review-g1022875-d2032775-Reviews-Matsumoto-Ichinoseki_Iwate_Prefecture_Tohoku.html
Shinyu Cottage,021-0101,Iwate Prefecture,1 Genbicho Ichinoseki,,$$,http://www.tripadvisor.com/Hotel_Review-g1022875-d2537588-Reviews-Shinyu_Cottage-Ichinoseki_Iwate_Prefecture_Tohoku.html
Tatsumi Ryokan,029-3101,Iwate Prefecture,17-21 Hanaizumichohanaizumi Ichinoseki,,,http://www.tripadvisor.com/Hotel_Review-g1022875-d2542085-Reviews-Tatsumi_Ryokan-Ichinoseki_Iwate_Prefecture_Tohoku.html
Sukawa Kogen Onsen,021-0101,Iwate Prefecture,Genbicho Ichinoseki,,$$$,http://www.tripadvisor.com/Hotel_Review-g1022875-d3225410-Reviews-Sukawa_Kogen_Onsen-Ichinoseki_Iwate_Prefecture_Tohoku.html
Saint Emilion Baraen,028-3325　,Iwate Prefecture,"72-2 Zenmaeno, Kusakari Shiwa-cho",,,http://www.tripadvisor.com/Hotel_Review-g1120427-d1153044-Reviews-Saint_Emilion_Baraen-Shiwa_cho_Shiwa_gun_Iwate_Prefecture_Tohoku.html
Honno Ryokan,028-3305,Iwate Prefecture,87-2 Higashiura Hizume Shiwa-cho,,$,http://www.tripadvisor.com/Hotel_Review-g1120427-d1514712-Reviews-Honno_Ryokan-Shiwa_cho_Shiwa_gun_Iwate_Prefecture_Tohoku.html
La France onsenkan hotel yurara,028-3444,Iwate Prefecture,90 Koyashiki Shiwa-cho,,$,http://www.tripadvisor.com/Hotel_Review-g1120427-d1876960-Reviews-La_France_onsenkan_hotel_yurara-Shiwa_cho_Shiwa_gun_Iwate_Prefecture_Tohoku.html
