JR Hotel Clement Takamatsu,760-0011,Kagawa Prefecture,1-1 Hamano-cho Takamatsu,300,$$,http://www.tripadvisor.com/Hotel_Review-g298232-d300483-Reviews-JR_Hotel_Clement_Takamatsu-Takamatsu_Kagawa_Prefecture_Shikoku.html
RIHGA Hotel Zest Takamatsu,760-0025,Kagawa Prefecture,9-1 Furujinmachi Takamatsu,,$,http://www.tripadvisor.com/Hotel_Review-g298232-d302382-Reviews-RIHGA_Hotel_Zest_Takamatsu-Takamatsu_Kagawa_Prefecture_Shikoku.html
Chisan inn Takamatsu,760-0048,Kagawa Prefecture,11-1 Fukudamachi Takamatsu,,$,http://www.tripadvisor.com/Hotel_Review-g298232-d320873-Reviews-Chisan_inn_Takamatsu-Takamatsu_Kagawa_Prefecture_Shikoku.html
Takamatsu Tokyu Inn,760-0024,Kagawa Prefecture,9-9 Hyogomachi Takamatsu,191,$,http://www.tripadvisor.com/Hotel_Review-g298232-d472361-Reviews-Takamatsu_Tokyu_Inn-Takamatsu_Kagawa_Prefecture_Shikoku.html
Hotel Kawaroku,760-0041,Kagawa Prefecture,1-2 Hyakkenmachi Takamatsu,179,$,http://www.tripadvisor.com/Hotel_Review-g298232-d623025-Reviews-Hotel_Kawaroku-Takamatsu_Kagawa_Prefecture_Shikoku.html
Okura Hotel Takamatsu,760-0036,Kagawa Prefecture,1-9-5 Jotocho Takamatsu,344,$,http://www.tripadvisor.com/Hotel_Review-g298232-d671027-Reviews-Okura_Hotel_Takamatsu-Takamatsu_Kagawa_Prefecture_Shikoku.html
Business Hotel East Park Ritsurin,760-0073,Kagawa Prefecture,1-14-3 Ritsurincho Takamatsu,,$,http://www.tripadvisor.com/Hotel_Review-g298232-d1071525-Reviews-Business_Hotel_East_Park_Ritsurin-Takamatsu_Kagawa_Prefecture_Shikoku.html
Business Hotel Japan,760-0045,Kagawa Prefecture,1-4 Furubabacho Takamatsu,,$,http://www.tripadvisor.com/Hotel_Review-g298232-d1071526-Reviews-Business_Hotel_Japan-Takamatsu_Kagawa_Prefecture_Shikoku.html
Business Hotel Park Inn,760-0008,Kagawa Prefecture,24-13 Nakanocho Takamatsu,,$,http://www.tripadvisor.com/Hotel_Review-g298232-d1071529-Reviews-Business_Hotel_Park_Inn-Takamatsu_Kagawa_Prefecture_Shikoku.html
Business Hotel Parkside Takamatsu,760-0073,Kagawa Prefecture,1-3-1 Ritsurincho Takamatsu,,$,http://www.tripadvisor.com/Hotel_Review-g298232-d1071531-Reviews-Business_Hotel_Parkside_Takamatsu-Takamatsu_Kagawa_Prefecture_Shikoku.html
Business Hotel Palace Takamatsu,760-0022,Kagawa Prefecture,2-7 Nishiuchimachi Takamatsu,63,$,http://www.tripadvisor.com/Hotel_Review-g298232-d1071533-Reviews-Business_Hotel_Palace_Takamatsu-Takamatsu_Kagawa_Prefecture_Shikoku.html
Business Hotel Prince,760-0080,Kagawa Prefecture,2505-2 Kita-cho Takamatsu,,$,http://www.tripadvisor.com/Hotel_Review-g298232-d1071535-Reviews-Business_Hotel_Prince-Takamatsu_Kagawa_Prefecture_Shikoku.html
Business Hotel Sunshine Takamatsu,760-0071,Kagawa Prefecture,3-17-15 Fujizukacho Takamatsu,86,$,http://www.tripadvisor.com/Hotel_Review-g298232-d1072540-Reviews-Business_Hotel_Sunshine_Takamatsu-Takamatsu_Kagawa_Prefecture_Shikoku.html
Business Hotel Chateau Est Takamatsu,760-0036,Kagawa Prefecture,2-2-7 Jotocho Takamatsu,,$,http://www.tripadvisor.com/Hotel_Review-g298232-d1072547-Reviews-Business_Hotel_Chateau_Est_Takamatsu-Takamatsu_Kagawa_Prefecture_Shikoku.html
Business Hotel Toho Inn Takamatsu,760-0036,Kagawa Prefecture,1-5-18 Jotocho Takamatsu,,$,http://www.tripadvisor.com/Hotel_Review-g298232-d1072548-Reviews-Business_Hotel_Toho_Inn_Takamatsu-Takamatsu_Kagawa_Prefecture_Shikoku.html
Friendly Tatamatsu,760-0062,Kagawa Prefecture,2-4-22 Shiogamicho Takamatsu,,$,http://www.tripadvisor.com/Hotel_Review-g298232-d1072550-Reviews-Friendly_Tatamatsu-Takamatsu_Kagawa_Prefecture_Shikoku.html
Hotel Boukai Sou,761-0111,Kagawa Prefecture,1784-15 Yashimahigashimachi Takamatsu,,,http://www.tripadvisor.com/Hotel_Review-g298232-d1072568-Reviews-Hotel_Boukai_Sou-Takamatsu_Kagawa_Prefecture_Shikoku.html
Hotel Fukuya,760-0025,Kagawa Prefecture,5-8 Furujinmachi Takamatsu,60,$,http://www.tripadvisor.com/Hotel_Review-g298232-d1072569-Reviews-Hotel_Fukuya-Takamatsu_Kagawa_Prefecture_Shikoku.html
Hotel Number 1 Takamatsu,760-0055,Kagawa Prefecture,2-4-1 Kankodori Takamatsu,,$,http://www.tripadvisor.com/Hotel_Review-g298232-d1072570-Reviews-Hotel_Number_1_Takamatsu-Takamatsu_Kagawa_Prefecture_Shikoku.html
Hotel New Wakasa,760-0056,Kagawa Prefecture,13-23 Nakajincho Takamatsu,,,http://www.tripadvisor.com/Hotel_Review-g298232-d1072987-Reviews-Hotel_New_Wakasa-Takamatsu_Kagawa_Prefecture_Shikoku.html
Hotel Sanyuso,760-0008,Kagawa Prefecture,28-18 Nakanocho Takamatsu,,$,http://www.tripadvisor.com/Hotel_Review-g298232-d1072988-Reviews-Hotel_Sanyuso-Takamatsu_Kagawa_Prefecture_Shikoku.html
Kiyomisanso Hanajukai,760-0004,Kagawa Prefecture,3-5-10 Saihocho Takamatsu,,$$,http://www.tripadvisor.com/Hotel_Review-g298232-d1072992-Reviews-Kiyomisanso_Hanajukai-Takamatsu_Kagawa_Prefecture_Shikoku.html
Castle Hotel Takamatsu,760-0035,Kagawa Prefecture,4-8 Tsuruyamachi Takamatsu,,,http://www.tripadvisor.com/Hotel_Review-g298232-d1072993-Reviews-Castle_Hotel_Takamatsu-Takamatsu_Kagawa_Prefecture_Shikoku.html
Shinkabagawa Kankou Hotel,761-1612,Kagawa Prefecture,1-6 Yasuhara Shiogami-cho Takamatsu,,$,http://www.tripadvisor.com/Hotel_Review-g298232-d1072995-Reviews-Shinkabagawa_Kankou_Hotel-Takamatsu_Kagawa_Prefecture_Shikoku.html
Takamatsu Hotel Sakika,760-0041,Kagawa Prefecture,6-9 Hyakkenmachi Takamatsu,,$,http://www.tripadvisor.com/Hotel_Review-g298232-d1072999-Reviews-Takamatsu_Hotel_Sakika-Takamatsu_Kagawa_Prefecture_Shikoku.html
Takamatsu Century Hotel,760-0020,Kagawa Prefecture,1-4-19 Nishikimachi Takamatsu,64,$,http://www.tripadvisor.com/Hotel_Review-g298232-d1073001-Reviews-Takamatsu_Century_Hotel-Takamatsu_Kagawa_Prefecture_Shikoku.html
Takamatsu Cityi Hotel,760-0050,Kagawa Prefecture,8-13 Kameicho Takamatsu,,$,http://www.tripadvisor.com/Hotel_Review-g298232-d1073002-Reviews-Takamatsu_Cityi_Hotel-Takamatsu_Kagawa_Prefecture_Shikoku.html
Takamatsu Terminal Hotel,760-0021,Kagawa Prefecture,10-17 Nishinomarucho Takamatsu,48,$,http://www.tripadvisor.com/Hotel_Review-g298232-d1073006-Reviews-Takamatsu_Terminal_Hotel-Takamatsu_Kagawa_Prefecture_Shikoku.html
Takamatsu Washington Hotel Plaza,760-0052,Kagawa Prefecture,1-2-3 Kawaramachi Takamatsu,256,$,http://www.tripadvisor.com/Hotel_Review-g298232-d1073007-Reviews-Takamatsu_Washington_Hotel_Plaza-Takamatsu_Kagawa_Prefecture_Shikoku.html
Touyoko Inn Takamatsu Nakashinchou,760-0007,Kagawa Prefecture,11-5 Chuocho Takamatsu,,$,http://www.tripadvisor.com/Hotel_Review-g298232-d1073009-Reviews-Touyoko_Inn_Takamatsu_Nakashinchou-Takamatsu_Kagawa_Prefecture_Shikoku.html
Hotel Takamatsu Hills,760-0052,Kagawa Prefecture,1-8-3 Kawaramachi Takamatsu,,$,http://www.tripadvisor.com/Hotel_Review-g298232-d1083518-Reviews-Hotel_Takamatsu_Hills-Takamatsu_Kagawa_Prefecture_Shikoku.html
Business Hotel New Gekkoen,760-0021,Kagawa Prefecture,12-9 Nishinomaru-cho Takamatsu,,$,http://www.tripadvisor.com/Hotel_Review-g298232-d1083521-Reviews-Business_Hotel_New_Gekkoen-Takamatsu_Kagawa_Prefecture_Shikoku.html
Hotel Dormy Inn Takamatsu,760-0052,Kagawa Prefecture,1-10-10 Kawaramachi Takamatsu,154,$,http://www.tripadvisor.com/Hotel_Review-g298232-d1083527-Reviews-Hotel_Dormy_Inn_Takamatsu-Takamatsu_Kagawa_Prefecture_Shikoku.html
Hotel Wakaba,760-0034,Kagawa Prefecture,2-20 Uchimachi Takamatsu,48,$,http://www.tripadvisor.com/Hotel_Review-g298232-d1083530-Reviews-Hotel_Wakaba-Takamatsu_Kagawa_Prefecture_Shikoku.html
Royal Park Hotel Takamatsu,760-0052,Kagawa Prefecture,1-3-11 Kawara-machi Takamatsu,,$,http://www.tripadvisor.com/Hotel_Review-g298232-d1083535-Reviews-Royal_Park_Hotel_Takamatsu-Takamatsu_Kagawa_Prefecture_Shikoku.html
Super Hotel Takamatsu Kinenkan,760-0055,Kagawa Prefecture,1-4-12 Kankou-Dori Takamatsu,68,$,http://www.tripadvisor.com/Hotel_Review-g298232-d1083536-Reviews-Super_Hotel_Takamatsu_Kinenkan-Takamatsu_Kagawa_Prefecture_Shikoku.html
Super Hotel Takamatsu Tamachi,760-0053,Kagawa Prefecture,1-1 Tamachi Takamatsu,136,$,http://www.tripadvisor.com/Hotel_Review-g298232-d1083645-Reviews-Super_Hotel_Takamatsu_Tamachi-Takamatsu_Kagawa_Prefecture_Shikoku.html
Apa Hotel Takamatsu Kawaramachi,760-0048,Kagawa Prefecture,13-16 Fukudamachi Takamatsu,,$,http://www.tripadvisor.com/Hotel_Review-g298232-d1083646-Reviews-Apa_Hotel_Takamatsu_Kawaramachi-Takamatsu_Kagawa_Prefecture_Shikoku.html
Business Hotel Kiyoe,760-0021,Kagawa Prefecture,5-8 Nishinomaru-cho Takamatsu,,$,http://www.tripadvisor.com/Hotel_Review-g298232-d1083649-Reviews-Business_Hotel_Kiyoe-Takamatsu_Kagawa_Prefecture_Shikoku.html
Business Hotel Lupinus,760-0021,Kagawa Prefecture,6-16 Nishinomaru-cho Takamatsu,,$,http://www.tripadvisor.com/Hotel_Review-g298232-d1083652-Reviews-Business_Hotel_Lupinus-Takamatsu_Kagawa_Prefecture_Shikoku.html
Hotel Area One Takamatsu,760-0021,Kagawa Prefecture,2-23 Nishinomarucho Takamatsu,48,$,http://www.tripadvisor.com/Hotel_Review-g298232-d1083663-Reviews-Hotel_Area_One_Takamatsu-Takamatsu_Kagawa_Prefecture_Shikoku.html
New Grande Mimatsu,760-0046,Kagawa Prefecture,2-3 Torimachi Takamatsu,,$,http://www.tripadvisor.com/Hotel_Review-g298232-d1083674-Reviews-New_Grande_Mimatsu-Takamatsu_Kagawa_Prefecture_Shikoku.html
Takamatsu Kokusai Hotel,760-0080 ,Kagawa Prefecture,2191-1 Kitacho Takamatsu,101,$,http://www.tripadvisor.com/Hotel_Review-g298232-d1083676-Reviews-Takamatsu_Kokusai_Hotel-Takamatsu_Kagawa_Prefecture_Shikoku.html
Takamatsu Station Hotel,760-0023,Kagawa Prefecture,1-1 Kotobuki-cho Takamatsu,,,http://www.tripadvisor.com/Hotel_Review-g298232-d1083680-Reviews-Takamatsu_Station_Hotel-Takamatsu_Kagawa_Prefecture_Shikoku.html
Ajikanko Hotel Uminoyadori,761-0130,Kagawa Prefecture,5494 Ajicho Takamatsu,,$$,http://www.tripadvisor.com/Hotel_Review-g298232-d1093189-Reviews-Ajikanko_Hotel_Uminoyadori-Takamatsu_Kagawa_Prefecture_Shikoku.html
Auberge de Oishi,761-0113,Kagawa Prefecture,65 Yashimanishi-machi Takamatsu,,$$$$,http://www.tripadvisor.com/Hotel_Review-g298232-d1095117-Reviews-Auberge_de_Oishi-Takamatsu_Kagawa_Prefecture_Shikoku.html
Momotaro,761-0111,Kagawa Prefecture,1821 Yashimahigashimachi Takamatsu,,$$$$,http://www.tripadvisor.com/Hotel_Review-g298232-d1104772-Reviews-Momotaro-Takamatsu_Kagawa_Prefecture_Shikoku.html
Sanuki Onsen,761-1612,Kagawa Prefecture,2065-1 Shionoecho Yasuhara Kamihigashi Takamatsu,,$,http://www.tripadvisor.com/Hotel_Review-g298232-d1104776-Reviews-Sanuki_Onsen-Takamatsu_Kagawa_Prefecture_Shikoku.html
Hotel Marine Palace Sanuki,760-0066,Kagawa Prefecture,2-3-4 Fukuokacho Takamatsu,30,$,http://www.tripadvisor.com/Hotel_Review-g298232-d1104779-Reviews-Hotel_Marine_Palace_Sanuki-Takamatsu_Kagawa_Prefecture_Shikoku.html
Takamatsu Terusa,761-0113,Kagawa Prefecture,2366-1 Yashimanishimachi Takamatsu,,$,http://www.tripadvisor.com/Hotel_Review-g298232-d1104785-Reviews-Takamatsu_Terusa-Takamatsu_Kagawa_Prefecture_Shikoku.html
Business Hotel Marui,760-0022,Kagawa Prefecture,2-6 Nishiuchimachi Takamatsu,,$,http://www.tripadvisor.com/Hotel_Review-g298232-d1104790-Reviews-Business_Hotel_Marui-Takamatsu_Kagawa_Prefecture_Shikoku.html
Ginsei Ryokan,760-0006,Kagawa Prefecture,1-16 Kameokacho Takamatsu,,,http://www.tripadvisor.com/Hotel_Review-g298232-d1104791-Reviews-Ginsei_Ryokan-Takamatsu_Kagawa_Prefecture_Shikoku.html
APA Hotel Takamatsu Airport,761-1402,Kagawa Prefecture,2425-2 Konanchoyusa Takamatsu,36,$,http://www.tripadvisor.com/Hotel_Review-g298232-d1104801-Reviews-APA_Hotel_Takamatsu_Airport-Takamatsu_Kagawa_Prefecture_Shikoku.html
Shinoe Shin Onsen Hotel,761-1612,Kagawa Prefecture,278-2 Shionoecho Yasuhara Kamihigashi Takamatsu,,,http://www.tripadvisor.com/Hotel_Review-g298232-d1104806-Reviews-Shinoe_Shin_Onsen_Hotel-Takamatsu_Kagawa_Prefecture_Shikoku.html
Gisan Sou,760-0020,Kagawa Prefecture,1-7-19 Nishikimachi Takamatsu,,,http://www.tripadvisor.com/Hotel_Review-g298232-d1104811-Reviews-Gisan_Sou-Takamatsu_Kagawa_Prefecture_Shikoku.html
Business Hotel Azuma,760-0073,Kagawa Prefecture,1-6-1 Ritsurincho Takamatsu,,,http://www.tripadvisor.com/Hotel_Review-g298232-d1104812-Reviews-Business_Hotel_Azuma-Takamatsu_Kagawa_Prefecture_Shikoku.html
Hotel Le Port Sanuki,760-0008,Kagawa Prefecture,23-23 Nakanocho Takamatsu,,$,http://www.tripadvisor.com/Hotel_Review-g298232-d1104818-Reviews-Hotel_Le_Port_Sanuki-Takamatsu_Kagawa_Prefecture_Shikoku.html
Ritsurin Sanso,760-0005,Kagawa Prefecture,2-31-27 Miyawakicho Takamatsu,,$,http://www.tripadvisor.com/Hotel_Review-g298232-d1104820-Reviews-Ritsurin_Sanso-Takamatsu_Kagawa_Prefecture_Shikoku.html
Wataya Ryokan,760-0052,Kagawa Prefecture,1-11-1 Kawaramachi Takamatsu,,,http://www.tripadvisor.com/Hotel_Review-g298232-d1104822-Reviews-Wataya_Ryokan-Takamatsu_Kagawa_Prefecture_Shikoku.html
Hunekakushi,761-0130,Kagawa Prefecture,156-172 Ajicho Takamatsu,,,http://www.tripadvisor.com/Hotel_Review-g298232-d1104826-Reviews-Hunekakushi-Takamatsu_Kagawa_Prefecture_Shikoku.html
Pension Tomato,761-1614,Kagawa Prefecture,610-1 Shionoecho Kaminishiotsu Takamatsu,,,http://www.tripadvisor.com/Hotel_Review-g298232-d1104827-Reviews-Pension_Tomato-Takamatsu_Kagawa_Prefecture_Shikoku.html
Ryokan Shizuka,760-0008,Kagawa Prefecture,4-10 Nakanocho Takamatsu,,,http://www.tripadvisor.com/Hotel_Review-g298232-d1104829-Reviews-Ryokan_Shizuka-Takamatsu_Kagawa_Prefecture_Shikoku.html
Sasaya Ryokan,761-0112,Kagawa Prefecture,168-2 Yashimanakamachi Takamatsu,,,http://www.tripadvisor.com/Hotel_Review-g298232-d1104831-Reviews-Sasaya_Ryokan-Takamatsu_Kagawa_Prefecture_Shikoku.html
Sanuki Sou,760-0017,Kagawa Prefecture,4-13-25 Bancho Takamatsu,,,http://www.tripadvisor.com/Hotel_Review-g298232-d1104832-Reviews-Sanuki_Sou-Takamatsu_Kagawa_Prefecture_Shikoku.html
Kabagawa Sou Honkan,761-1612,Kagawa Prefecture,1394-1 Shionoecho Yasuhara Kamihigashi Takamatsu,,,http://www.tripadvisor.com/Hotel_Review-g298232-d1104840-Reviews-Kabagawa_Sou_Honkan-Takamatsu_Kagawa_Prefecture_Shikoku.html
Business Hotel Parco,760-0055,Kagawa Prefecture,2-1-9 Kankodori Takamatsu,,,http://www.tripadvisor.com/Hotel_Review-g298232-d1104845-Reviews-Business_Hotel_Parco-Takamatsu_Kagawa_Prefecture_Shikoku.html
Takamatsu Peal Hotel,760-0021,Kagawa Prefecture,2-19 Nishinomarucho Takamatsu,,$,http://www.tripadvisor.com/Hotel_Review-g298232-d1104850-Reviews-Takamatsu_Peal_Hotel-Takamatsu_Kagawa_Prefecture_Shikoku.html
Golden Time Takamatsu,760-0052,Kagawa Prefecture,2-1-7 Kawaramachi Takamatsu,,$,http://www.tripadvisor.com/Hotel_Review-g298232-d1106067-Reviews-Golden_Time_Takamatsu-Takamatsu_Kagawa_Prefecture_Shikoku.html
Hananoso,761-1612,Kagawa Prefecture,21-1 Kamihigashi Yasuhara Shioecho Takamatsu,,,http://www.tripadvisor.com/Hotel_Review-g298232-d1129881-Reviews-Hananoso-Takamatsu_Kagawa_Prefecture_Shikoku.html
Toyoko Inn Takamtsu Hyogo-machi,760-0024,Kagawa Prefecture,"3-1, Hyogo-machi Takamatsu",149,$,http://www.tripadvisor.com/Hotel_Review-g298232-d1497059-Reviews-Toyoko_Inn_Takamtsu_Hyogo_machi-Takamatsu_Kagawa_Prefecture_Shikoku.html
Second Stage,761-1614,Kagawa Prefecture,1118-8 Kaminishiotsu Shionoecho Takamatsu,,$,http://www.tripadvisor.com/Hotel_Review-g298232-d1863070-Reviews-Second_Stage-Takamatsu_Kagawa_Prefecture_Shikoku.html
Business Hotel Marutomi,760-0046,Kagawa Prefecture,6-12 Torimachi Takamatsu,,,http://www.tripadvisor.com/Hotel_Review-g298232-d1866170-Reviews-Business_Hotel_Marutomi-Takamatsu_Kagawa_Prefecture_Shikoku.html
Vacation Village Center,761-1612,Kagawa Prefecture,48-4 Shionoecho Yasuhara Kamihigashi Takamatsu,,$,http://www.tripadvisor.com/Hotel_Review-g298232-d1910292-Reviews-Vacation_Village_Center-Takamatsu_Kagawa_Prefecture_Shikoku.html
Yashima Royal Hotel,761-0113,Kagawa Prefecture,1909-3 Yashima Nishimachi Takamatsu,,$,http://www.tripadvisor.com/Hotel_Review-g298232-d1910294-Reviews-Yashima_Royal_Hotel-Takamatsu_Kagawa_Prefecture_Shikoku.html
Junsaian,761-8002,Kagawa Prefecture,423-312 Ikushimacho Takamatsu,,$,http://www.tripadvisor.com/Hotel_Review-g298232-d1910314-Reviews-Junsaian-Takamatsu_Kagawa_Prefecture_Shikoku.html
Business Hotel Kawaramachi,760-0052,Kagawa Prefecture,2-12-7 Kawaramachi Takamatsu,,$,http://www.tripadvisor.com/Hotel_Review-g298232-d1910316-Reviews-Business_Hotel_Kawaramachi-Takamatsu_Kagawa_Prefecture_Shikoku.html
Sun Royal Hotel,761-0301,Kagawa Prefecture,2571-2 Hayashico Takamatsu,85,$,http://www.tripadvisor.com/Hotel_Review-g298232-d1910318-Reviews-Sun_Royal_Hotel-Takamatsu_Kagawa_Prefecture_Shikoku.html
Minshuku Ryugu,760-0092 ,Kagawa Prefecture,453 Megi-cho Takamatsu,,,http://www.tripadvisor.com/Hotel_Review-g298232-d1938587-Reviews-Minshuku_Ryugu-Takamatsu_Kagawa_Prefecture_Shikoku.html
Uotora,761-1612 ,Kagawa Prefecture,442-2 Takamatsu,,$,http://www.tripadvisor.com/Hotel_Review-g298232-d2037616-Reviews-Uotora-Takamatsu_Kagawa_Prefecture_Shikoku.html
First Inn Takamatsu,760-0035,Kagawa Prefecture,2-3 Tsuruyamachi Takamatsu,,$,http://www.tripadvisor.com/Hotel_Review-g298232-d2264048-Reviews-First_Inn_Takamatsu-Takamatsu_Kagawa_Prefecture_Shikoku.html
Hyper Resort Villa Shionoe,761-1614,Kagawa Prefecture,688-1 Shionoechokaminishiotsu Takamatsu,58,$$,http://www.tripadvisor.com/Hotel_Review-g298232-d2323369-Reviews-Hyper_Resort_Villa_Shionoe-Takamatsu_Kagawa_Prefecture_Shikoku.html
Takamatsu Bizan Hotel,760-0005,Kagawa Prefecture,"2-32-40, Miyawakicho Takamatsu",,,http://www.tripadvisor.com/Hotel_Review-g298232-d2401541-Reviews-Takamatsu_Bizan_Hotel-Takamatsu_Kagawa_Prefecture_Shikoku.html
Hotel Pearl Garden,760-0066,Kagawa Prefecture,2-2-1 Fukuokacho Takamatsu,,$,http://www.tripadvisor.com/Hotel_Review-g298232-d2428929-Reviews-Hotel_Pearl_Garden-Takamatsu_Kagawa_Prefecture_Shikoku.html
Daiwa Roynet Hotel Takamatsu,760-0029,Kagawa Prefecture,8-23 Marugame-cho Takamatsu,175,$,http://www.tripadvisor.com/Hotel_Review-g298232-d2653490-Reviews-Daiwa_Roynet_Hotel_Takamatsu-Takamatsu_Kagawa_Prefecture_Shikoku.html
Family Lodge Hatagoya Takamatsu,761-8057,Kagawa Prefecture,1265-1 Tamuracho Takamatsu,,$,http://www.tripadvisor.com/Hotel_Review-g298232-d2697095-Reviews-Family_Lodge_Hatagoya_Takamatsu-Takamatsu_Kagawa_Prefecture_Shikoku.html
Makiya,760-0021,Kagawa Prefecture,1-4 Nishinomarucho Takamatsu,,$,http://www.tripadvisor.com/Hotel_Review-g298232-d3356409-Reviews-Makiya-Takamatsu_Kagawa_Prefecture_Shikoku.html
City Hotel Patio,760-0044,Kagawa Prefecture,8-8 Gobomachi Takamatsu,,$,http://www.tripadvisor.com/Hotel_Review-g298232-d4342100-Reviews-City_Hotel_Patio-Takamatsu_Kagawa_Prefecture_Shikoku.html
Okushioe Pokapoka Onsen,761-1613,Kagawa Prefecture,Ko 30-2 Shioecho Kaminishi Takamatsu,,$,http://www.tripadvisor.com/Hotel_Review-g298232-d4799865-Reviews-Okushioe_Pokapoka_Onsen-Takamatsu_Kagawa_Prefecture_Shikoku.html
Chottoco-ma,760-0013,Kagawa Prefecture,3-7-5 Ogimachi Takamatsu,3,$,http://www.tripadvisor.com/Hotel_Review-g298232-d4993646-Reviews-Chottoco_ma-Takamatsu_Kagawa_Prefecture_Shikoku.html
Guest House Wakabaya,760-0076,Kagawa Prefecture,603 Kankocho Takamatsu,4,$,http://www.tripadvisor.com/Hotel_Review-g298232-d6882008-Reviews-Guest_House_Wakabaya-Takamatsu_Kagawa_Prefecture_Shikoku.html
Yashima Daiichi Kenko Land,761-0113,Kagawa Prefecture,2274-5 Yashima Nishimachi Takamatsu,,$,http://www.tripadvisor.com/Hotel_Review-g298232-d7001353-Reviews-Yashima_Daiichi_Kenko_Land-Takamatsu_Kagawa_Prefecture_Shikoku.html
Choyo Kan,769-2702,Kagawa Prefecture,169 Matsubara Higashikagawa,,,http://www.tripadvisor.com/Hotel_Review-g1022920-d1071509-Reviews-Choyo_Kan-Higashikagawa_Kagawa_Prefecture_Shikoku.html
Sanbonmatsu Royal Hotel,769-2601,Kagawa Prefecture,1880 Sanbonmatsu Higashikagawa,,$$,http://www.tripadvisor.com/Hotel_Review-g1022920-d1071512-Reviews-Sanbonmatsu_Royal_Hotel-Higashikagawa_Kagawa_Prefecture_Shikoku.html
Tomi no Ie,769-2601,Kagawa Prefecture,151-3 Sanbonmatsu Higashikagawa,,,http://www.tripadvisor.com/Hotel_Review-g1022920-d1071519-Reviews-Tomi_no_Ie-Higashikagawa_Kagawa_Prefecture_Shikoku.html
Vessel Ochinoyu,769-2520,Kagawa Prefecture,1200 Umashino Higashikagawa,,$,http://www.tripadvisor.com/Hotel_Review-g1022920-d4340979-Reviews-Vessel_Ochinoyu-Higashikagawa_Kagawa_Prefecture_Shikoku.html
Shirotoi Onsen,769-2714,Kagawa Prefecture,465 Nyunoyama Higashikagawa,,$,http://www.tripadvisor.com/Hotel_Review-g1022920-d4340982-Reviews-Shirotoi_Onsen-Higashikagawa_Kagawa_Prefecture_Shikoku.html
Tsubasayama Onsen,769-2901,Kagawa Prefecture,991-16 Hiketa Higashikagawa,,$,http://www.tripadvisor.com/Hotel_Review-g1022920-d4341026-Reviews-Tsubasayama_Onsen-Higashikagawa_Kagawa_Prefecture_Shikoku.html
Tresta Shirayama,761-0704,Kagawa Prefecture,972-30 Shimotakaoka Miki-cho,41,$,http://www.tripadvisor.com/Hotel_Review-g1121427-d1499048-Reviews-Tresta_Shirayama-Miki_cho_Kita_gun_Kagawa_Prefecture_Shikoku.html
Hotel Alpha 1 Marugame,763-0022,Kagawa Prefecture,10-1 Hamamachi Marugame,,$,http://www.tripadvisor.com/Hotel_Review-g1022916-d1072551-Reviews-Hotel_Alpha_1_Marugame-Marugame_Kagawa_Prefecture_Shikoku.html
Apahotel Marugame Ekimaeodori,763-0034,Kagawa Prefecture,3-6-1 Otecho Marugame,120,$,http://www.tripadvisor.com/Hotel_Review-g1022916-d1072560-Reviews-Apahotel_Marugame_Ekimaeodori-Marugame_Kagawa_Prefecture_Shikoku.html
Marugame Plaza Hotel,763-0024,Kagawa Prefecture,50-3 Shiwakumachi Marugame,62,$,http://www.tripadvisor.com/Hotel_Review-g1022916-d1072562-Reviews-Marugame_Plaza_Hotel-Marugame_Kagawa_Prefecture_Shikoku.html
Okura Hotel Marugame,763-0011,Kagawa Prefecture,3-3-50 Fujimicho Marugame,286,$,http://www.tripadvisor.com/Hotel_Review-g1022916-d1073059-Reviews-Okura_Hotel_Marugame-Marugame_Kagawa_Prefecture_Shikoku.html
Reoma no Mori,761-2405,Kagawa Prefecture,40-1 Ayautacho_Kurikumanishi Marugame,238,$$,http://www.tripadvisor.com/Hotel_Review-g1022916-d1095115-Reviews-Reoma_no_Mori-Marugame_Kagawa_Prefecture_Shikoku.html
Kappou Roykan Iccho,763-0001,Kagawa Prefecture,142 Furutaimachi Marugame,,,http://www.tripadvisor.com/Hotel_Review-g1022916-d1104703-Reviews-Kappou_Roykan_Iccho-Marugame_Kagawa_Prefecture_Shikoku.html
Chisan Inn Marugame Zentsuji,763-0074,Kagawa Prefecture,1587-1 Haradacho Marugame,98,$,http://www.tripadvisor.com/Hotel_Review-g1022916-d1495261-Reviews-Chisan_Inn_Marugame_Zentsuji-Marugame_Kagawa_Prefecture_Shikoku.html
Business Hotel Aoyama,763-0082,Kagawa Prefecture,3-639 Dokichohigashi Marugame,,$,http://www.tripadvisor.com/Hotel_Review-g1022916-d1863104-Reviews-Business_Hotel_Aoyama-Marugame_Kagawa_Prefecture_Shikoku.html
Hotel Route Inn Marugame,763-0071,Kagawa Prefecture,512-1 Nichouda Tamuracho Marugame,150,$,http://www.tripadvisor.com/Hotel_Review-g1022916-d2258741-Reviews-Hotel_Route_Inn_Marugame-Marugame_Kagawa_Prefecture_Shikoku.html
Sato no Yado Suyama,769-1101,Kagawa Prefecture,1355-1 Takumachotakuma Mitoyo,,$,http://www.tripadvisor.com/Hotel_Review-g1022921-d1072563-Reviews-Sato_no_Yado_Suyama-Mitoyo_Kagawa_Prefecture_Shikoku.html
Minshuku Ginnan,769-1108,Kagawa Prefecture,2217 Takumachoawashima Mitoyo,,,http://www.tripadvisor.com/Hotel_Review-g1022921-d1104758-Reviews-Minshuku_Ginnan-Mitoyo_Kagawa_Prefecture_Shikoku.html
Le Port Awashima,769-1108,Kagawa Prefecture,1418_2 Awashima Takumacho Mitoyo,,$$,http://www.tripadvisor.com/Hotel_Review-g1022921-d1119793-Reviews-Le_Port_Awashima-Mitoyo_Kagawa_Prefecture_Shikoku.html
Benesse House,761-3110,Kagawa Prefecture,"Gotanji, Naoshima-cho Naoshima-cho",65,$$$$,http://www.tripadvisor.com/Hotel_Review-g1121428-d325204-Reviews-Benesse_House-Naoshima_cho_Kagawa_gun_Kagawa_Prefecture_Shikoku.html
Tsutsujiso,761-3110,Kagawa Prefecture,352-1 Naoshima-cho,,$,http://www.tripadvisor.com/Hotel_Review-g1121428-d1864078-Reviews-Tsutsujiso-Naoshima_cho_Kagawa_gun_Kagawa_Prefecture_Shikoku.html
Minatoya Ryokan,761-3110,Kagawa Prefecture,2211-1 Miyanoura Naoshima-cho,,,http://www.tripadvisor.com/Hotel_Review-g1121428-d1938582-Reviews-Minatoya_Ryokan-Naoshima_cho_Kagawa_gun_Kagawa_Prefecture_Shikoku.html
Little Plum,761-3110,Kagawa Prefecture,2252-1 Miyaura Naoshima-cho,,,http://www.tripadvisor.com/Hotel_Review-g1121428-d2102806-Reviews-Little_Plum-Naoshima_cho_Kagawa_gun_Kagawa_Prefecture_Shikoku.html
Dormitory Inn Kuron,761-3110,Kagawa Prefecture,2247 Naoshima-cho,,,http://www.tripadvisor.com/Hotel_Review-g1121428-d2370280-Reviews-Dormitory_Inn_Kuron-Naoshima_cho_Kagawa_gun_Kagawa_Prefecture_Shikoku.html
Gallery Inn Kuraya,761-3110,Kagawa Prefecture,875 Honmura Naoshima-cho,,,http://www.tripadvisor.com/Hotel_Review-g1121428-d2423715-Reviews-Gallery_Inn_Kuraya-Naoshima_cho_Kagawa_gun_Kagawa_Prefecture_Shikoku.html
Yado Seven Beach,761-3110,Kagawa Prefecture,2310-19 Miyanoura Naoshima-cho,,$,http://www.tripadvisor.com/Hotel_Review-g1121428-d2697092-Reviews-Yado_Seven_Beach-Naoshima_cho_Kagawa_gun_Kagawa_Prefecture_Shikoku.html
Ishii Shoten,761-3110,Kagawa Prefecture,845-1 Naoshima-cho,,,http://www.tripadvisor.com/Hotel_Review-g1121428-d3171749-Reviews-Ishii_Shoten-Naoshima_cho_Kagawa_gun_Kagawa_Prefecture_Shikoku.html
Aoitori,761-3110,Kagawa Prefecture,2794-11 Naoshima-cho,,,http://www.tripadvisor.com/Hotel_Review-g1121428-d3202297-Reviews-Aoitori-Naoshima_cho_Kagawa_gun_Kagawa_Prefecture_Shikoku.html
Minshuku Oyajinoumi,761-3110,Kagawa Prefecture,774 Naoshima-cho,,,http://www.tripadvisor.com/Hotel_Review-g1121428-d3309050-Reviews-Minshuku_Oyajinoumi-Naoshima_cho_Kagawa_gun_Kagawa_Prefecture_Shikoku.html
Minsyuku Nishimuraya,761-3110,Kagawa Prefecture,746 Naoshima-cho,,,http://www.tripadvisor.com/Hotel_Review-g1121428-d3339109-Reviews-Minsyuku_Nishimuraya-Naoshima_cho_Kagawa_gun_Kagawa_Prefecture_Shikoku.html
Guest House Omiyake,166-0015,Kagawa Prefecture,855 Naoshima-cho,,$$,http://www.tripadvisor.com/Hotel_Review-g1121428-d3476058-Reviews-Guest_House_Omiyake-Naoshima_cho_Kagawa_gun_Kagawa_Prefecture_Shikoku.html
La Curacion,761‐3110,Kagawa Prefecture,Tsumuura Naoshima-cho,3,$$$$,http://www.tripadvisor.com/Hotel_Review-g1121428-d3575597-Reviews-La_Curacion-Naoshima_cho_Kagawa_gun_Kagawa_Prefecture_Shikoku.html
Business Hotel Omatsu,762-0007,Kagawa Prefecture,3-6-16 Muromachi Sakaide,,,http://www.tripadvisor.com/Hotel_Review-g1022917-d1072539-Reviews-Business_Hotel_Omatsu-Sakaide_Kagawa_Prefecture_Shikoku.html
Hotel Irihama,762-0053,Kagawa Prefecture,4-5-25 Nishiohamakita Sakaide,,,http://www.tripadvisor.com/Hotel_Review-g1022917-d1072564-Reviews-Hotel_Irihama-Sakaide_Kagawa_Prefecture_Shikoku.html
Sakaide Grand Hotel,762-0053,Kagawa Prefecture,1-2-33 Nishiohamakita Sakaide,,$,http://www.tripadvisor.com/Hotel_Review-g1022917-d1072565-Reviews-Sakaide_Grand_Hotel-Sakaide_Kagawa_Prefecture_Shikoku.html
Kanpo no Yado Sakaide,762-0017,Kagawa Prefecture,2048-91 Takayacho Sakaide,,$$,http://www.tripadvisor.com/Hotel_Review-g1022917-d1072566-Reviews-Kanpo_no_Yado_Sakaide-Sakaide_Kagawa_Prefecture_Shikoku.html
Setouchiso,762-0058,Kagawa Prefecture,2-1-20 Tokiwacho Sakaide,44,$,http://www.tripadvisor.com/Hotel_Review-g1022917-d1072567-Reviews-Setouchiso-Sakaide_Kagawa_Prefecture_Shikoku.html
Qkamura Samuki-Goshikidai,762-0015,Kagawa Prefecture,3042 Oyabucho Sakaide,,$$,http://www.tripadvisor.com/Hotel_Review-g1022917-d1083408-Reviews-Qkamura_Samuki_Goshikidai-Sakaide_Kagawa_Prefecture_Shikoku.html
Business Inn Oishi,762-0056,Kagawa Prefecture,1-16 Chuoucho Sakaide,,$,http://www.tripadvisor.com/Hotel_Review-g1022917-d1083411-Reviews-Business_Inn_Oishi-Sakaide_Kagawa_Prefecture_Shikoku.html
Hotel New Century Sakaide,762-0003,Kagawa Prefecture,1-25-8 Kumecho Sakaide,,$,http://www.tripadvisor.com/Hotel_Review-g1022917-d1083413-Reviews-Hotel_New_Century_Sakaide-Sakaide_Kagawa_Prefecture_Shikoku.html
Hotel Route Inn SakaideKita Inter,762-0053,Kagawa Prefecture,4-5-31 Nishiohamakita Sakaide,,$,http://www.tripadvisor.com/Hotel_Review-g1022917-d1083421-Reviews-Hotel_Route_Inn_SakaideKita_Inter-Sakaide_Kagawa_Prefecture_Shikoku.html
Sakaide Plaza Hotel,762-0053,Kagawa Prefecture,3-2-43 Nishi Ohama Kita Sakaide,50,$,http://www.tripadvisor.com/Hotel_Review-g1022917-d1083506-Reviews-Sakaide_Plaza_Hotel-Sakaide_Kagawa_Prefecture_Shikoku.html
Shochiku Ryokan,762-0041,Kagawa Prefecture,4-7-5 Hachimancho Sakaide,,,http://www.tripadvisor.com/Hotel_Review-g1022917-d1104707-Reviews-Shochiku_Ryokan-Sakaide_Kagawa_Prefecture_Shikoku.html
Bimi Ryokan,762-0053,Kagawa Prefecture,2-4-38 Nishiohamakita Sakaide,,,http://www.tripadvisor.com/Hotel_Review-g1022917-d1104710-Reviews-Bimi_Ryokan-Sakaide_Kagawa_Prefecture_Shikoku.html
Business Hotel Misaki,762-0053,Kagawa Prefecture,2-3-1 Nishiohamakita Sakaide,,,http://www.tripadvisor.com/Hotel_Review-g1022917-d1104712-Reviews-Business_Hotel_Misaki-Sakaide_Kagawa_Prefecture_Shikoku.html
Kume Himawarisou,762-0054,Kagawa Prefecture,3-1-15 Nishiohamaminami Sakaide,,$,http://www.tripadvisor.com/Hotel_Review-g1022917-d1104713-Reviews-Kume_Himawarisou-Sakaide_Kagawa_Prefecture_Shikoku.html
Sakaide Kokusai Hotel,762-0002,Kagawa Prefecture,1-3-5 Irifunecho Sakaide,,,http://www.tripadvisor.com/Hotel_Review-g1022917-d1106663-Reviews-Sakaide_Kokusai_Hotel-Sakaide_Kagawa_Prefecture_Shikoku.html
Ryokan Kawakume,762-0045,Kagawa Prefecture,1-7-12 Motomachi Sakaide,,$,http://www.tripadvisor.com/Hotel_Review-g1022917-d1498549-Reviews-Ryokan_Kawakume-Sakaide_Kagawa_Prefecture_Shikoku.html
Ryokan Miki,762-0044,Kagawa Prefecture,3-3-25 Honmachi Sakaide,,,http://www.tripadvisor.com/Hotel_Review-g1022917-d1866166-Reviews-Ryokan_Miki-Sakaide_Kagawa_Prefecture_Shikoku.html
Business Hotel Minakai,762-0045,Kagawa Prefecture,3-3-1 Motomachi Sakaide,,$,http://www.tripadvisor.com/Hotel_Review-g1022917-d1866169-Reviews-Business_Hotel_Minakai-Sakaide_Kagawa_Prefecture_Shikoku.html
Kiyama Onsen,762-0024,Kagawa Prefecture,5913-3 Fuchu-cho Sakaide,,,http://www.tripadvisor.com/Hotel_Review-g1022917-d6456577-Reviews-Kiyama_Onsen-Sakaide_Kagawa_Prefecture_Shikoku.html
Hotel Sunny Inn,768-0060,Kagawa Prefecture,1235 Ko Kanonji-cho Kanonji,,,http://www.tripadvisor.com/Hotel_Review-g1022922-d1072557-Reviews-Hotel_Sunny_Inn-Kanonji_Kagawa_Prefecture_Shikoku.html
Motodai Business Hotel,768-0022,Kagawa Prefecture,1673-2 Motodai-cho Kanonji,,$,http://www.tripadvisor.com/Hotel_Review-g1022922-d1072559-Reviews-Motodai_Business_Hotel-Kanonji_Kagawa_Prefecture_Shikoku.html
Kanpo no Yado Kanonji,768-0031,Kagawa Prefecture,1101-4 Ikenoshiri-cho Kanonji,,$,http://www.tripadvisor.com/Hotel_Review-g1022922-d1083508-Reviews-Kanpo_no_Yado_Kanonji-Kanonji_Kagawa_Prefecture_Shikoku.html
Kanonji Grand Hotel,768-0067,Kagawa Prefecture,5-18-40 Sakamoto-cho Kanonji,,$,http://www.tripadvisor.com/Hotel_Review-g1022922-d1083510-Reviews-Kanonji_Grand_Hotel-Kanonji_Kagawa_Prefecture_Shikoku.html
Park Hotel Kanonji,768-0072,Kagawa Prefecture,3-5-5 Sakaemachi Kanonji,,,http://www.tripadvisor.com/Hotel_Review-g1022922-d1104761-Reviews-Park_Hotel_Kanonji-Kanonji_Kagawa_Prefecture_Shikoku.html
Wakamatsuya,768-0060,Kagawa Prefecture,3331-1 Kanonjicho Kanonji,,$,http://www.tripadvisor.com/Hotel_Review-g1022922-d1104767-Reviews-Wakamatsuya-Kanonji_Kagawa_Prefecture_Shikoku.html
Kotohiki Sou,768-0062,Kagawa Prefecture,10-22 Ariakecho Kanonji,,$,http://www.tripadvisor.com/Hotel_Review-g1022922-d1104770-Reviews-Kotohiki_Sou-Kanonji_Kagawa_Prefecture_Shikoku.html
Family Lodge Hatagoya Sanuki Kanonji,768-0067,Kagawa Prefecture,5-1-25 Sakamotocho Kanonji,,$,http://www.tripadvisor.com/Hotel_Review-g1022922-d6365604-Reviews-Family_Lodge_Hatagoya_Sanuki_Kanonji-Kanonji_Kagawa_Prefecture_Shikoku.html
Hotel Sunroute Seto Ohashi,769-0206,Kagawa Prefecture,6-81 Hama Utazu-cho Utazu-cho,100,$,http://www.tripadvisor.com/Hotel_Review-g1121429-d1123550-Reviews-Hotel_Sunroute_Seto_Ohashi-Utazu_cho_Ayauta_gun_Kagawa_Prefecture_Shikoku.html
Utazu Grand Hotel,769-0203,Kagawa Prefecture,3-22-1 Hama Utazu-cho Utazu-cho,,$,http://www.tripadvisor.com/Hotel_Review-g1121429-d1123556-Reviews-Utazu_Grand_Hotel-Utazu_cho_Ayauta_gun_Kagawa_Prefecture_Shikoku.html
Ryokan Sanuki,769-0225,Kagawa Prefecture,2351-1 Utazu-cho,,,http://www.tripadvisor.com/Hotel_Review-g1121429-d1499079-Reviews-Ryokan_Sanuki-Utazu_cho_Ayauta_gun_Kagawa_Prefecture_Shikoku.html
Mountain Domu,761-2201,Kagawa Prefecture,3711 Sogisyo-Higashi Ayagawa-cho,,$$$,http://www.tripadvisor.com/Hotel_Review-g1121430-d1131504-Reviews-Mountain_Domu-Ayagawa_cho_Ayauta_gun_Kagawa_Prefecture_Shikoku.html
Zentsuuji Grand Hotel,765-0011,Kagawa Prefecture,8-8-5 Kamiyoshidacho Zentsuji,43,$,http://www.tripadvisor.com/Hotel_Review-g1022918-d1073012-Reviews-Zentsuuji_Grand_Hotel-Zentsuji_Kagawa_Prefecture_Shikoku.html
Zentsuuji Station Hotel,765-0011,Kagawa Prefecture,2-1-2 Kamiyoshidacho Zentsuji,,$,http://www.tripadvisor.com/Hotel_Review-g1022918-d1073016-Reviews-Zentsuuji_Station_Hotel-Zentsuji_Kagawa_Prefecture_Shikoku.html
Yamamotoya Honkan,765-0003,Kagawa Prefecture,6-2-2 Zentsujicho Zentsuji,,,http://www.tripadvisor.com/Hotel_Review-g1022918-d1104717-Reviews-Yamamotoya_Honkan-Zentsuji_Kagawa_Prefecture_Shikoku.html
Kadosakiya Ryokan,765-0061,Kagawa Prefecture,1380-6 Yoshiwaracho Zentsuji,,,http://www.tripadvisor.com/Hotel_Review-g1022918-d1104723-Reviews-Kadosakiya_Ryokan-Zentsuji_Kagawa_Prefecture_Shikoku.html
Mi Casa Su Casa,765-0031,Kagawa Prefecture,1230-1 Konzojicho Zentsuji,4,,http://www.tripadvisor.com/Hotel_Review-g1022918-d2423713-Reviews-Mi_Casa_Su_Casa-Zentsuji_Kagawa_Prefecture_Shikoku.html
Kazenokuguru,765-0012　,Kagawa Prefecture,306-1 Kamiyoshidacho Zentsuji,5,$,http://www.tripadvisor.com/Hotel_Review-g1022918-d4086217-Reviews-Kazenokuguru-Zentsuji_Kagawa_Prefecture_Shikoku.html
Resort Hotel Olivean Shodoshima,761-4142,Kagawa Prefecture,63-1 Yakatazaki Tonosho-cho,109,$,http://www.tripadvisor.com/Hotel_Review-g1121425-d550077-Reviews-Resort_Hotel_Olivean_Shodoshima-Tonosho_cho_Shozu_gun_Kagawa_Prefecture_Shikoku.html
New Kankai Honkan Tenku Hotel Kairo,761-4106,Kagawa Prefecture,1135 Nango Tonosho-cho,,$$,http://www.tripadvisor.com/Hotel_Review-g1121425-d607371-Reviews-New_Kankai_Honkan_Tenku_Hotel_Kairo-Tonosho_cho_Shozu_gun_Kagawa_Prefecture_Shikoku.html
Business Hotel Newport,761-4104,Kagawa Prefecture,5165-237 Ko Tonosho-cho,,$,http://www.tripadvisor.com/Hotel_Review-g1121425-d1123530-Reviews-Business_Hotel_Newport-Tonosho_cho_Shozu_gun_Kagawa_Prefecture_Shikoku.html
Hotel Kainanso,761-4112,Kagawa Prefecture,1776 Ko Tonosho-cho,52,,http://www.tripadvisor.com/Hotel_Review-g1121425-d1123533-Reviews-Hotel_Kainanso-Tonosho_cho_Shozu_gun_Kagawa_Prefecture_Shikoku.html
Shodoshima Seaside Hotel Matsukaze,761-4112,Kagawa Prefecture,1481-1 Ko Tonosho-cho,,$,http://www.tripadvisor.com/Hotel_Review-g1121425-d1123535-Reviews-Shodoshima_Seaside_Hotel_Matsukaze-Tonosho_cho_Shozu_gun_Kagawa_Prefecture_Shikoku.html
Hotel Kashimaso,761-4112,Kagawa Prefecture,1656-1 Ko Tonosho-cho,46,$,http://www.tripadvisor.com/Hotel_Review-g1121425-d1123537-Reviews-Hotel_Kashimaso-Tonosho_cho_Shozu_gun_Kagawa_Prefecture_Shikoku.html
Ohkido Hotel,761-4102,Kagawa Prefecture,5165-216 Ko Tonosho-cho,,$,http://www.tripadvisor.com/Hotel_Review-g1121425-d1123539-Reviews-Ohkido_Hotel-Tonosho_cho_Shozu_gun_Kagawa_Prefecture_Shikoku.html
Grand Hotel Suimei,761-4106,Kagawa Prefecture,1171-6 Ko Tonosho-cho,46,$,http://www.tripadvisor.com/Hotel_Review-g1121425-d1123544-Reviews-Grand_Hotel_Suimei-Tonosho_cho_Shozu_gun_Kagawa_Prefecture_Shikoku.html
Log House Grand Chariot,761-4134,Kagawa Prefecture,43-1 Takinomiya Tonosho-cho,,$,http://www.tripadvisor.com/Hotel_Review-g1121425-d1123549-Reviews-Log_House_Grand_Chariot-Tonosho_cho_Shozu_gun_Kagawa_Prefecture_Shikoku.html
Amore Teshima Resort,761-4661,Kagawa Prefecture,3375 Teshimaieura Tonosho-cho,,$,http://www.tripadvisor.com/Hotel_Review-g1121425-d1131234-Reviews-Amore_Teshima_Resort-Tonosho_cho_Shozu_gun_Kagawa_Prefecture_Shikoku.html
Asahiya Ryokan,761-4104,Kagawa Prefecture,6190-6 Ko Tonosho-cho,,$,http://www.tripadvisor.com/Hotel_Review-g1121425-d1131239-Reviews-Asahiya_Ryokan-Tonosho_cho_Shozu_gun_Kagawa_Prefecture_Shikoku.html
Hitomiso Ryokan,761-4104,Kagawa Prefecture,6190-1 Ko Tonosho-cho,,$,http://www.tripadvisor.com/Hotel_Review-g1121425-d1131268-Reviews-Hitomiso_Ryokan-Tonosho_cho_Shozu_gun_Kagawa_Prefecture_Shikoku.html
Hotel Green Plaza Shodoshima,761-4131,Kagawa Prefecture,2464 Igisue Tonosho-cho,48,$,http://www.tripadvisor.com/Hotel_Review-g1121425-d1131287-Reviews-Hotel_Green_Plaza_Shodoshima-Tonosho_cho_Shozu_gun_Kagawa_Prefecture_Shikoku.html
The White Marine,761-4112　,Kagawa Prefecture,1466-1 Ko Tonosho-cho,,$$,http://www.tripadvisor.com/Hotel_Review-g1121425-d1131305-Reviews-The_White_Marine-Tonosho_cho_Shozu_gun_Kagawa_Prefecture_Shikoku.html
Minshuku Maruse,761-4104,Kagawa Prefecture,5978 Ko Tonosho-cho,,$,http://www.tripadvisor.com/Hotel_Review-g1121425-d1131310-Reviews-Minshuku_Maruse-Tonosho_cho_Shozu_gun_Kagawa_Prefecture_Shikoku.html
Daikokuya,761-4121 ,Kagawa Prefecture,1387-1 Ko Fuchizaki Tonosho-cho,,,http://www.tripadvisor.com/Hotel_Review-g1121425-d1131364-Reviews-Daikokuya-Tonosho_cho_Shozu_gun_Kagawa_Prefecture_Shikoku.html
Oasis,761-4122 ,Kagawa Prefecture,1953-7 Kamisho Tonosho-cho,,$,http://www.tripadvisor.com/Hotel_Review-g1121425-d1131376-Reviews-Oasis-Tonosho_cho_Shozu_gun_Kagawa_Prefecture_Shikoku.html
Shodoshima International Hotel,761-4106　,Kagawa Prefecture,24-67 Ko Tonosho-cho,,$$,http://www.tripadvisor.com/Hotel_Review-g1121425-d1131404-Reviews-Shodoshima_International_Hotel-Tonosho_cho_Shozu_gun_Kagawa_Prefecture_Shikoku.html
Hotel New Kaifu,761-4112,Kagawa Prefecture,2111-1 Ko Tonosho-cho,,$,http://www.tripadvisor.com/Hotel_Review-g1121425-d1131427-Reviews-Hotel_New_Kaifu-Tonosho_cho_Shozu_gun_Kagawa_Prefecture_Shikoku.html
Pension Sunset Coast,761-4115,Kagawa Prefecture,Kose Tonosho-cho,,$,http://www.tripadvisor.com/Hotel_Review-g1121425-d1131442-Reviews-Pension_Sunset_Coast-Tonosho_cho_Shozu_gun_Kagawa_Prefecture_Shikoku.html
Yachiyo Ryokan,761-4121,Kagawa Prefecture,2017-3 Ko Fuchizaki Tonosho-cho,,,http://www.tripadvisor.com/Hotel_Review-g1121425-d1170560-Reviews-Yachiyo_Ryokan-Tonosho_cho_Shozu_gun_Kagawa_Prefecture_Shikoku.html
Umibeno Yado Irihune,761-4106,Kagawa Prefecture,1171-14 Ko Tonosho-cho,,$,http://www.tripadvisor.com/Hotel_Review-g1121425-d1498645-Reviews-Umibeno_Yado_Irihune-Tonosho_cho_Shozu_gun_Kagawa_Prefecture_Shikoku.html
Marugameya Ryokan,761-4104,Kagawa Prefecture,5936-3 Ko Tonosho-cho,,,http://www.tripadvisor.com/Hotel_Review-g1121425-d1498656-Reviews-Marugameya_Ryokan-Tonosho_cho_Shozu_gun_Kagawa_Prefecture_Shikoku.html
Business Hotel Shirahama,761-4101,Kagawa Prefecture,6190-121 Ko Tonosho-cho,,,http://www.tripadvisor.com/Hotel_Review-g1121425-d1498675-Reviews-Business_Hotel_Shirahama-Tonosho_cho_Shozu_gun_Kagawa_Prefecture_Shikoku.html
Business Inn Sanbankan,761-4104,Kagawa Prefecture,6190-30 Ko Tonosho-cho,,$,http://www.tripadvisor.com/Hotel_Review-g1121425-d1498686-Reviews-Business_Inn_Sanbankan-Tonosho_cho_Shozu_gun_Kagawa_Prefecture_Shikoku.html
Kikuya Ryokan,761-4104,Kagawa Prefecture,5978-16 Ko Tonosho-cho,,$,http://www.tripadvisor.com/Hotel_Review-g1121425-d1863108-Reviews-Kikuya_Ryokan-Tonosho_cho_Shozu_gun_Kagawa_Prefecture_Shikoku.html
Minshuku Chushichi,761-4101,Kagawa Prefecture,Ko-5393 Tonosho-cho,,,http://www.tripadvisor.com/Hotel_Review-g1121425-d1876897-Reviews-Minshuku_Chushichi-Tonosho_cho_Shozu_gun_Kagawa_Prefecture_Shikoku.html
Yanagiya,761-4146,Kagawa Prefecture,"293-5, Kobe Tonosho-cho",,,http://www.tripadvisor.com/Hotel_Review-g1121425-d2027886-Reviews-Yanagiya-Tonosho_cho_Shozu_gun_Kagawa_Prefecture_Shikoku.html
Cleleste Shodoshima,761-4112,Kagawa Prefecture,1462 Horikiri Tonosho-cho,,$$$,http://www.tripadvisor.com/Hotel_Review-g1121425-d2235580-Reviews-Cleleste_Shodoshima-Tonosho_cho_Shozu_gun_Kagawa_Prefecture_Shikoku.html
Business Minshuku Maruse,761-4102,Kagawa Prefecture,5165-293 Ko Tonosho-cho,,$,http://www.tripadvisor.com/Hotel_Review-g1121425-d2452331-Reviews-Business_Minshuku_Maruse-Tonosho_cho_Shozu_gun_Kagawa_Prefecture_Shikoku.html
Katsuya Ryokan,761-4146,Kagawa Prefecture,293-4 Kobeko Tonosho-cho,,$,http://www.tripadvisor.com/Hotel_Review-g1121425-d2697088-Reviews-Katsuya_Ryokan-Tonosho_cho_Shozu_gun_Kagawa_Prefecture_Shikoku.html
Aqua,761-4401　,Kagawa Prefecture,276-2 Yoshida Shodoshima-cho,,$$,http://www.tripadvisor.com/Hotel_Review-g1121426-d1130313-Reviews-Aqua-Shodoshima_cho_Shozu_gun_Kagawa_Prefecture_Shikoku.html
Misaki,761-4422,Kagawa Prefecture,Furuekaigan Shodoshima-cho,,$,http://www.tripadvisor.com/Hotel_Review-g1121426-d1130341-Reviews-Misaki-Shodoshima_cho_Shozu_gun_Kagawa_Prefecture_Shikoku.html
Kokuminshukusha Shodoshima,761-4301 ,Kagawa Prefecture,1500-4 Ikeda Shodoshima-cho,,$,http://www.tripadvisor.com/Hotel_Review-g1121426-d1130346-Reviews-Kokuminshukusha_Shodoshima-Shodoshima_cho_Shozu_gun_Kagawa_Prefecture_Shikoku.html
Bay Resort Hotel Shodoshima,761-4422 ,Kagawa Prefecture,16-3 Furue Otsu Shodoshima-cho,100,$,http://www.tripadvisor.com/Hotel_Review-g1121426-d1130357-Reviews-Bay_Resort_Hotel_Shodoshima-Shodoshima_cho_Shozu_gun_Kagawa_Prefecture_Shikoku.html
Shodoshima Villa,761-4301 ,Kagawa Prefecture,5596-231 Ikeda Shodoshima-cho,,,http://www.tripadvisor.com/Hotel_Review-g1121426-d1130365-Reviews-Shodoshima_Villa-Shodoshima_cho_Shozu_gun_Kagawa_Prefecture_Shikoku.html
Masuya,761-4431,Kagawa Prefecture,44-97 Ko Katajo Shodoshima-cho,,$,http://www.tripadvisor.com/Hotel_Review-g1121426-d1170565-Reviews-Masuya-Shodoshima_cho_Shozu_gun_Kagawa_Prefecture_Shikoku.html
Pension Akaiyane,761-4307,Kagawa Prefecture,113 Kamano Shodoshima-cho,,,http://www.tripadvisor.com/Hotel_Review-g1121426-d1171023-Reviews-Pension_Akaiyane-Shodoshima_cho_Shozu_gun_Kagawa_Prefecture_Shikoku.html
Mari,760-4421,Kagawa Prefecture,2011 Ko Nouma Shodoshima-cho,,$$$$,http://www.tripadvisor.com/Hotel_Review-g1121426-d1195508-Reviews-Mari-Shodoshima_cho_Shozu_gun_Kagawa_Prefecture_Shikoku.html
Shodoshima Olive Youth Hostel,761-4434,Kagawa Prefecture,"1072 Ko, Nishimura Shodoshima-cho",20,,http://www.tripadvisor.com/Hotel_Review-g1121426-d1416477-Reviews-Shodoshima_Olive_Youth_Hostel-Shodoshima_cho_Shozu_gun_Kagawa_Prefecture_Shikoku.html
Pension La Plage,761-4434,Kagawa Prefecture,"1883 Ko, Nishimura Shodoshima-cho",,,http://www.tripadvisor.com/Hotel_Review-g1121426-d1498695-Reviews-Pension_La_Plage-Shodoshima_cho_Shozu_gun_Kagawa_Prefecture_Shikoku.html
Ryokan Seikaiso,761-4425,Kagawa Prefecture,"1835-5 Ko, Sakate Shodoshima-cho",,$$,http://www.tripadvisor.com/Hotel_Review-g1121426-d1498704-Reviews-Ryokan_Seikaiso-Shodoshima_cho_Shozu_gun_Kagawa_Prefecture_Shikoku.html
Olivex Uchinomi,761-4434,Kagawa Prefecture,"1941-1 Ko, Nishimura Shodoshima-cho",,,http://www.tripadvisor.com/Hotel_Review-g1121426-d1498716-Reviews-Olivex_Uchinomi-Shodoshima_cho_Shozu_gun_Kagawa_Prefecture_Shikoku.html
Ryoso Furuhama,761-4422,Kagawa Prefecture,58-1 Furue Shodoshima-cho,,,http://www.tripadvisor.com/Hotel_Review-g1121426-d1498854-Reviews-Ryoso_Furuhama-Shodoshima_cho_Shozu_gun_Kagawa_Prefecture_Shikoku.html
Tachibanaso,761-4405,Kagawa Prefecture,"57-1 Otsu, Tachibana Shodoshima-cho",,,http://www.tripadvisor.com/Hotel_Review-g1121426-d1498905-Reviews-Tachibanaso-Shodoshima_cho_Shozu_gun_Kagawa_Prefecture_Shikoku.html
Family Lodge,761-4304,Kagawa Prefecture,2084-1 Muro Shodoshima-cho,,,http://www.tripadvisor.com/Hotel_Review-g1121426-d1498910-Reviews-Family_Lodge-Shodoshima_cho_Shozu_gun_Kagawa_Prefecture_Shikoku.html
Pension Vingt-Quatre Yeux,761-4434,Kagawa Prefecture,"1825-1 Otsu, Nishimura Shodoshima-cho",,,http://www.tripadvisor.com/Hotel_Review-g1121426-d1498913-Reviews-Pension_Vingt_Quatre_Yeux-Shodoshima_cho_Shozu_gun_Kagawa_Prefecture_Shikoku.html
Takahashi Ryokan,761-4433,Kagawa Prefecture,"441-1 Ko, Kankakedori Shodoshima-cho",,,http://www.tripadvisor.com/Hotel_Review-g1121426-d1499028-Reviews-Takahashi_Ryokan-Shodoshima_cho_Shozu_gun_Kagawa_Prefecture_Shikoku.html
Sea Tiger Island Inn,761-4401,Kagawa Prefecture,37-1 Yoshida Shodoshima-cho,,,http://www.tripadvisor.com/Hotel_Review-g1121426-d1499032-Reviews-Sea_Tiger_Island_Inn-Shodoshima_cho_Shozu_gun_Kagawa_Prefecture_Shikoku.html
Moriguchiya Ryokan Olive-en,761-4434,Kagawa Prefecture,Ko-1741 Nishimura Shodoshima-cho,,,http://www.tripadvisor.com/Hotel_Review-g1121426-d1600352-Reviews-Moriguchiya_Ryokan_Olive_en-Shodoshima_cho_Shozu_gun_Kagawa_Prefecture_Shikoku.html
Chidori,761-4421,Kagawa Prefecture,863-2 Noma Shodoshima-cho,,$,http://www.tripadvisor.com/Hotel_Review-g1121426-d1866175-Reviews-Chidori-Shodoshima_cho_Shozu_gun_Kagawa_Prefecture_Shikoku.html
Eriesuso,761-4425,Kagawa Prefecture,1834 Sakate Shodoshima-cho,,,http://www.tripadvisor.com/Hotel_Review-g1121426-d1866176-Reviews-Eriesuso-Shodoshima_cho_Shozu_gun_Kagawa_Prefecture_Shikoku.html
The White Horse Press,761-4433,Kagawa Prefecture,2246 Kankakedori Shodoshima-cho,,,http://www.tripadvisor.com/Hotel_Review-g1121426-d1866179-Reviews-The_White_Horse_Press-Shodoshima_cho_Shozu_gun_Kagawa_Prefecture_Shikoku.html
Southernmost,761-4434,Kagawa Prefecture,1958 Nishimurako Shodoshima-cho,,$,http://www.tripadvisor.com/Hotel_Review-g1121426-d2697100-Reviews-Southernmost-Shodoshima_cho_Shozu_gun_Kagawa_Prefecture_Shikoku.html
RestHouse Hiro,761-4424,Kagawa Prefecture,947-2 Tanoura Shodoshima-cho,,$,http://www.tripadvisor.com/Hotel_Review-g1121426-d4593472-Reviews-RestHouse_Hiro-Shodoshima_cho_Shozu_gun_Kagawa_Prefecture_Shikoku.html
Hotel New Wataya,766-0001,Kagawa Prefecture,796 Kotohira-cho,,$$,http://www.tripadvisor.com/Hotel_Review-g1121431-d1123751-Reviews-Hotel_New_Wataya-Kotohira_cho_Nakatado_gun_Kagawa_Prefecture_Shikoku.html
Yachiyo,766-0001,Kagawa Prefecture,611 Kotohira-cho,,$,http://www.tripadvisor.com/Hotel_Review-g1121431-d1123768-Reviews-Yachiyo-Kotohira_cho_Nakatado_gun_Kagawa_Prefecture_Shikoku.html
Kotohira Grand Hotel Sakuranosho,766-0001,Kagawa Prefecture,977-1 Kotohira-cho,72,$$,http://www.tripadvisor.com/Hotel_Review-g1121431-d1123783-Reviews-Kotohira_Grand_Hotel_Sakuranosho-Kotohira_cho_Nakatado_gun_Kagawa_Prefecture_Shikoku.html
Kotohira Kadan,766-0001,Kagawa Prefecture,1241-5 Kotohira-cho,48,$$,http://www.tripadvisor.com/Hotel_Review-g1121431-d1123795-Reviews-Kotohira_Kadan-Kotohira_cho_Nakatado_gun_Kagawa_Prefecture_Shikoku.html
Kotosankaku,766-0001,Kagawa Prefecture,685-11 Kotohira-cho,225,$$,http://www.tripadvisor.com/Hotel_Review-g1121431-d1123805-Reviews-Kotosankaku-Kotohira_cho_Nakatado_gun_Kagawa_Prefecture_Shikoku.html
Park Hotel,766-0004,Kagawa Prefecture,706-7 Enai Kotohira-cho,88,$,http://www.tripadvisor.com/Hotel_Review-g1121431-d1123830-Reviews-Park_Hotel-Kotohira_cho_Nakatado_gun_Kagawa_Prefecture_Shikoku.html
Kotohira River Side Hotel,766-0002,Kagawa Prefecture,246-1 Kotohira-cho,30,$,http://www.tripadvisor.com/Hotel_Review-g1121431-d1123840-Reviews-Kotohira_River_Side_Hotel-Kotohira_cho_Nakatado_gun_Kagawa_Prefecture_Shikoku.html
Sanwel Kotohira,766-0002,Kagawa Prefecture,162-1 Kotohira-cho,,$,http://www.tripadvisor.com/Hotel_Review-g1121431-d1123879-Reviews-Sanwel_Kotohira-Kotohira_cho_Nakatado_gun_Kagawa_Prefecture_Shikoku.html
Sushikoma Ryokan,766-0001,Kagawa Prefecture,Shinmei 612 Kotohira-cho,,$$$,http://www.tripadvisor.com/Hotel_Review-g1121431-d1123895-Reviews-Sushikoma_Ryokan-Kotohira_cho_Nakatado_gun_Kagawa_Prefecture_Shikoku.html
Toramaru Ryokan,766-0001,Kagawa Prefecture,1017 Kotohira-cho Kotohira-cho,,$,http://www.tripadvisor.com/Hotel_Review-g1121431-d1124896-Reviews-Toramaru_Ryokan-Kotohira_cho_Nakatado_gun_Kagawa_Prefecture_Shikoku.html
Kobaitei,766-0001,Kagawa Prefecture,556-1 Kotohira-cho,66,$$$,http://www.tripadvisor.com/Hotel_Review-g1121431-d1124904-Reviews-Kobaitei-Kotohira_cho_Nakatado_gun_Kagawa_Prefecture_Shikoku.html
Takaraya,766-0001 ,Kagawa Prefecture,555 Kotohira-cho,,$,http://www.tripadvisor.com/Hotel_Review-g1121431-d1131525-Reviews-Takaraya-Kotohira_cho_Nakatado_gun_Kagawa_Prefecture_Shikoku.html
Tsuruya Ryokan,766-0001,Kagawa Prefecture,620 Kotohira-cho,,$$,http://www.tripadvisor.com/Hotel_Review-g1121431-d1131535-Reviews-Tsuruya_Ryokan-Kotohira_cho_Nakatado_gun_Kagawa_Prefecture_Shikoku.html
Fuji Ryokan,766-0001,Kagawa Prefecture,613 Kotohira-cho,,,http://www.tripadvisor.com/Hotel_Review-g1121431-d1170559-Reviews-Fuji_Ryokan-Kotohira_cho_Nakatado_gun_Kagawa_Prefecture_Shikoku.html
Hashimotoya,766-0001,Kagawa Prefecture,618 Kotohira-cho,,$,http://www.tripadvisor.com/Hotel_Review-g1121431-d1455725-Reviews-Hashimotoya-Kotohira_cho_Nakatado_gun_Kagawa_Prefecture_Shikoku.html
Isshinkan,766-0002,Kagawa Prefecture,291 Kotohira-cho,,$,http://www.tripadvisor.com/Hotel_Review-g1121431-d1499202-Reviews-Isshinkan-Kotohira_cho_Nakatado_gun_Kagawa_Prefecture_Shikoku.html
Kotobuki Ryokan,766-0002,Kagawa Prefecture,245-5 Kotohira-cho,,$,http://www.tripadvisor.com/Hotel_Review-g1121431-d1863100-Reviews-Kotobuki_Ryokan-Kotohira_cho_Nakatado_gun_Kagawa_Prefecture_Shikoku.html
Daikokuya Ryokan,766-0004,Kagawa Prefecture,106 Enai Kotohira-cho,,$,http://www.tripadvisor.com/Hotel_Review-g1121431-d1866185-Reviews-Daikokuya_Ryokan-Kotohira_cho_Nakatado_gun_Kagawa_Prefecture_Shikoku.html
Kotone,766-0001,Kagawa Prefecture,685-21 Kotohira-cho,,$$,http://www.tripadvisor.com/Hotel_Review-g1121431-d6507722-Reviews-Kotone-Kotohira_cho_Nakatado_gun_Kagawa_Prefecture_Shikoku.html
Kaiganji Youth hostel,764-0037 ,Kagawa Prefecture,997 Nishishirakata Tadotsu-cho,20,,http://www.tripadvisor.com/Hotel_Review-g1121432-d1930339-Reviews-Kaiganji_Youth_hostel-Tadotsu_cho_Nakatado_gun_Kagawa_Prefecture_Shikoku.html
Lodge Kotobuki,764-0038,Kagawa Prefecture,1-7 Higashishirakata Tadotsu-cho,,,http://www.tripadvisor.com/Hotel_Review-g1121432-d2282510-Reviews-Lodge_Kotobuki-Tadotsu_cho_Nakatado_gun_Kagawa_Prefecture_Shikoku.html
Kua Park Tsuda,769-2401,Kagawa Prefecture,Tudamachi Matsubarachi Sanuki,,$,http://www.tripadvisor.com/Hotel_Review-g1022919-d1104729-Reviews-Kua_Park_Tsuda-Sanuki_Kagawa_Prefecture_Shikoku.html
Kitayamasenoshita Sou,769-2401,Kagawa Prefecture,3806-2 Tsudamachi Tsuda Sanuki,,$,http://www.tripadvisor.com/Hotel_Review-g1022919-d1104733-Reviews-Kitayamasenoshita_Sou-Sanuki_Kagawa_Prefecture_Shikoku.html
Montepllier Auberge,769-2401,Kagawa Prefecture,3311-1 Tsudamachi Tsuda Sanuki,,$$,http://www.tripadvisor.com/Hotel_Review-g1022919-d1104738-Reviews-Montepllier_Auberge-Sanuki_Kagawa_Prefecture_Shikoku.html
Ryokan Nitta,769-2401,Kagawa Prefecture,2734-24 Tsudamachi Tsuda Sanuki,,$,http://www.tripadvisor.com/Hotel_Review-g1022919-d1104742-Reviews-Ryokan_Nitta-Sanuki_Kagawa_Prefecture_Shikoku.html
Green Hill Okushi,769-2102,Kagawa Prefecture,1-20 Kamosho Sanuki,,,http://www.tripadvisor.com/Hotel_Review-g1022919-d1104746-Reviews-Green_Hill_Okushi-Sanuki_Kagawa_Prefecture_Shikoku.html
Ishiya Ryokan,769-2101,Kagawa Prefecture,599-1 Shido Sanuki,,,http://www.tripadvisor.com/Hotel_Review-g1022919-d1104747-Reviews-Ishiya_Ryokan-Sanuki_Kagawa_Prefecture_Shikoku.html
Ryokan Nodaya Takeyashiki,769-2306,Kagawa Prefecture,123-1 Tawa Sanuki,,$$,http://www.tripadvisor.com/Hotel_Review-g1022919-d1104757-Reviews-Ryokan_Nodaya_Takeyashiki-Sanuki_Kagawa_Prefecture_Shikoku.html
Yui,769-2103,Kagawa Prefecture,412 Oda Sanuki,,$$,http://www.tripadvisor.com/Hotel_Review-g1022919-d1924112-Reviews-Yui-Sanuki_Kagawa_Prefecture_Shikoku.html
Miroku Onsen,761-0902,Kagawa Prefecture,3424 Okawamachitomidanaka Sanuki,,,http://www.tripadvisor.com/Hotel_Review-g1022919-d2697094-Reviews-Miroku_Onsen-Sanuki_Kagawa_Prefecture_Shikoku.html
