Comfort Hotel Kochi Station,780-0056,Kochi Prefecture,2-2-12 Kitahonmachi Kochi,119,$,http://www.tripadvisor.com/Hotel_Review-g298234-d299470-Reviews-Comfort_Hotel_Kochi_Station-Kochi_Kochi_Prefecture_Shikoku.html
The Crown Plalace Hotel New Hankyu Kochi,780-8561,Kochi Prefecture,"4-2-50, Honmachi Kochi",242,$,http://www.tripadvisor.com/Hotel_Review-g298234-d302292-Reviews-The_Crown_Plalace_Hotel_New_Hankyu_Kochi-Kochi_Kochi_Prefecture_Shikoku.html
Hotel Los Inn Kochi,780-0056,Kochi Prefecture,2-4-8 Kitahonmachi Kochi,100,$,http://www.tripadvisor.com/Hotel_Review-g298234-d583144-Reviews-Hotel_Los_Inn_Kochi-Kochi_Kochi_Prefecture_Shikoku.html
Kochi Ryoma Hotel,780-0056,Kochi Prefecture,2-3-4 Kitahonmachi Kochi,50,$,http://www.tripadvisor.com/Hotel_Review-g298234-d620676-Reviews-Kochi_Ryoma_Hotel-Kochi_Kochi_Prefecture_Shikoku.html
Kochi South Breeze Hotel,780-0825,Kochi Prefecture,5-29 Nonin-machi Kochi,,$,http://www.tripadvisor.com/Hotel_Review-g298234-d628712-Reviews-Kochi_South_Breeze_Hotel-Kochi_Kochi_Prefecture_Shikoku.html
Kochi Prince Hotel Bekkan,780-0816,Kochi Prefecture,4-2 Minami Houei cho Kochi,,$$,http://www.tripadvisor.com/Hotel_Review-g298234-d646115-Reviews-Kochi_Prince_Hotel_Bekkan-Kochi_Kochi_Prefecture_Shikoku.html
Hotel Abest Kochi,780-0833,Kochi Prefecture,1-7-14 Minamiharimayacho Kochi,40,$,http://www.tripadvisor.com/Hotel_Review-g298234-d1069794-Reviews-Hotel_Abest_Kochi-Kochi_Kochi_Prefecture_Shikoku.html
Hotel Ko's Style,780-8001,Kochi Prefecture,8-8 Doimachi Kochi,,$,http://www.tripadvisor.com/Hotel_Review-g298234-d1069806-Reviews-Hotel_Ko_s_Style-Kochi_Kochi_Prefecture_Shikoku.html
Business Hotel Minatoya,780-0054,Kochi Prefecture,2-12 Aioicho Kochi,,$,http://www.tripadvisor.com/Hotel_Review-g298234-d1069824-Reviews-Business_Hotel_Minatoya-Kochi_Kochi_Prefecture_Shikoku.html
Bright Park Hotel,780-0842,Kochi Prefecture,1-5-13 Otesuji Kochi,105,$,http://www.tripadvisor.com/Hotel_Review-g298234-d1071066-Reviews-Bright_Park_Hotel-Kochi_Kochi_Prefecture_Shikoku.html
Tourist Inn Kochi,780-0052,Kochi Prefecture,1-5-5 Okawasuji Kochi,218,$,http://www.tripadvisor.com/Hotel_Review-g298234-d1071194-Reviews-Tourist_Inn_Kochi-Kochi_Kochi_Prefecture_Shikoku.html
Tosa Gyoen,780-0052,Kochi Prefecture,1-4-8 Okawasuji Kochi,94,$$,http://www.tripadvisor.com/Hotel_Review-g298234-d1071199-Reviews-Tosa_Gyoen-Kochi_Kochi_Prefecture_Shikoku.html
Shouei Dainibekkan,780-0864,Kochi Prefecture,3-12 Tojin machi Kochi,56,$,http://www.tripadvisor.com/Hotel_Review-g298234-d1071201-Reviews-Shouei_Dainibekkan-Kochi_Kochi_Prefecture_Shikoku.html
Sansuien,780-0862,Kochi Prefecture,1-3-35 Takajomachi Kochi,131,$$,http://www.tripadvisor.com/Hotel_Review-g298234-d1071205-Reviews-Sansuien-Kochi_Kochi_Prefecture_Shikoku.html
Riverside Hotel Shouei,780-8012,Kochi Prefecture,8-1 Tenjin cho Kochi,65,$$,http://www.tripadvisor.com/Hotel_Review-g298234-d1071209-Reviews-Riverside_Hotel_Shouei-Kochi_Kochi_Prefecture_Shikoku.html
Orient Hotel Kochi,780-0861,Kochi Prefecture,5-37 Masugata Kochi,140,$,http://www.tripadvisor.com/Hotel_Review-g298234-d1071215-Reviews-Orient_Hotel_Kochi-Kochi_Kochi_Prefecture_Shikoku.html
Hotel No.1 Kochi,780-0843,Kochi Prefecture,16-8 Nijudaimachi Kochi,,$,http://www.tripadvisor.com/Hotel_Review-g298234-d1072168-Reviews-Hotel_No_1_Kochi-Kochi_Kochi_Prefecture_Shikoku.html
Hotel Nikko Kochi /Asahi Royal,780-0832,Kochi Prefecture,9-15 Kutanda Kochi,188,$,http://www.tripadvisor.com/Hotel_Review-g298234-d1072169-Reviews-Hotel_Nikko_Kochi_Asahi_Royal-Kochi_Kochi_Prefecture_Shikoku.html
Hotel New Shikoku,780-8011,Kochi Prefecture,9-20 Umenotsuji Kochi,,$,http://www.tripadvisor.com/Hotel_Review-g298234-d1072171-Reviews-Hotel_New_Shikoku-Kochi_Kochi_Prefecture_Shikoku.html
Hotel Tosaji,781-8104,Kochi Prefecture,2-6-55 Takasu Kochi,,$,http://www.tripadvisor.com/Hotel_Review-g298234-d1072225-Reviews-Hotel_Tosaji-Kochi_Kochi_Prefecture_Shikoku.html
Jyoseikan,780-0901,Kochi Prefecture,2-5-34 Kamimachi Kochi,70,$$,http://www.tripadvisor.com/Hotel_Review-g298234-d1072228-Reviews-Jyoseikan-Kochi_Kochi_Prefecture_Shikoku.html
Kochi Grand Hotel Anex,780-0056,Kochi Prefecture,2-1-13 Kitahonmachi Kochi,,,http://www.tripadvisor.com/Hotel_Review-g298234-d1082533-Reviews-Kochi_Grand_Hotel_Anex-Kochi_Kochi_Prefecture_Shikoku.html
Kochi Palace Hotel,780-8510,Kochi Prefecture,1-18 Nijudaimachi Kochi,262,$,http://www.tripadvisor.com/Hotel_Review-g298234-d1082534-Reviews-Kochi_Palace_Hotel-Kochi_Kochi_Prefecture_Shikoku.html
Kochi Pacific Hotel,780-0053,Kochi Prefecture,1-15 Ekimaecho Kochi,,$,http://www.tripadvisor.com/Hotel_Review-g298234-d1082535-Reviews-Kochi_Pacific_Hotel-Kochi_Kochi_Prefecture_Shikoku.html
Kochi Sakura Hotel,780-0056,Kochi Prefecture,2-3-11 Kitahonmachi Kochi,,$,http://www.tripadvisor.com/Hotel_Review-g298234-d1082541-Reviews-Kochi_Sakura_Hotel-Kochi_Kochi_Prefecture_Shikoku.html
Kochi Sunrise Hotel,780-0870,Kochi Prefecture,2-2-31 Honmachi Kochi,,$,http://www.tripadvisor.com/Hotel_Review-g298234-d1082542-Reviews-Kochi_Sunrise_Hotel-Kochi_Kochi_Prefecture_Shikoku.html
Orient Hotel Kochi Wafu Bekkan Kichiman,780-0056,Kochi Prefecture,2-1-22 Kitahonmachi Kochi,,$,http://www.tripadvisor.com/Hotel_Review-g298234-d1082543-Reviews-Orient_Hotel_Kochi_Wafu_Bekkan_Kichiman-Kochi_Kochi_Prefecture_Shikoku.html
Hitsuzanso,780-0864,Kochi Prefecture,1-22 Tojinmachi Kochi,,,http://www.tripadvisor.com/Hotel_Review-g298234-d1084541-Reviews-Hitsuzanso-Kochi_Kochi_Prefecture_Shikoku.html
Hotel First,780-0822,Kochi Prefecture,3-15-10 Harimaya-cho Kochi,,$,http://www.tripadvisor.com/Hotel_Review-g298234-d1084544-Reviews-Hotel_First-Kochi_Kochi_Prefecture_Shikoku.html
Weekly Sho Hotel Kochi Plaza,780-0806,Kochi Prefecture,1-6-10 Chiyori-cho Kochi,,$,http://www.tripadvisor.com/Hotel_Review-g298234-d1084545-Reviews-Weekly_Sho_Hotel_Kochi_Plaza-Kochi_Kochi_Prefecture_Shikoku.html
Hotel Nansui,780-0901,Kochi Prefecture,1-7-12 Kamimachi Kochi,44,$$,http://www.tripadvisor.com/Hotel_Review-g298234-d1084548-Reviews-Hotel_Nansui-Kochi_Kochi_Prefecture_Shikoku.html
Hotel Sun Atlas,780-0822,Kochi Prefecture,3-18-10 Harimayacho Kochi,,$,http://www.tripadvisor.com/Hotel_Review-g298234-d1084552-Reviews-Hotel_Sun_Atlas-Kochi_Kochi_Prefecture_Shikoku.html
Hotel Takasago,780-0053,Kochi Prefecture,2-1 Ekimae-cho Kochi,43,$,http://www.tripadvisor.com/Hotel_Review-g298234-d1084553-Reviews-Hotel_Takasago-Kochi_Kochi_Prefecture_Shikoku.html
Hotel Town Ekimae,780-0053,Kochi Prefecture,1-20 Ekimae-cho Kochi,,$,http://www.tripadvisor.com/Hotel_Review-g298234-d1084554-Reviews-Hotel_Town_Ekimae-Kochi_Kochi_Prefecture_Shikoku.html
Hotel Town Honmachi,780-0870,Kochi Prefecture,1-5-26 Honmachi Kochi,,$,http://www.tripadvisor.com/Hotel_Review-g298234-d1084555-Reviews-Hotel_Town_Honmachi-Kochi_Kochi_Prefecture_Shikoku.html
Hotel Town Nishikigawa,780-0843,Kochi Prefecture,15-24 Nijudai-machi Kochi,,$,http://www.tripadvisor.com/Hotel_Review-g298234-d1084556-Reviews-Hotel_Town_Nishikigawa-Kochi_Kochi_Prefecture_Shikoku.html
Hotel Town Center,780-0843,Kochi Prefecture,3-20 Nijudai-machi Kochi,59,$,http://www.tripadvisor.com/Hotel_Review-g298234-d1084562-Reviews-Hotel_Town_Center-Kochi_Kochi_Prefecture_Shikoku.html
Kochi Annex Hotel,780-0843,Kochi Prefecture,5-16 Nijudai-machi Kochi,,$,http://www.tripadvisor.com/Hotel_Review-g298234-d1084563-Reviews-Kochi_Annex_Hotel-Kochi_Kochi_Prefecture_Shikoku.html
Kochi Green Hotel,780-0822,Kochi Prefecture,3-1-11 Harimaya-cho Kochi,,$,http://www.tripadvisor.com/Hotel_Review-g298234-d1084564-Reviews-Kochi_Green_Hotel-Kochi_Kochi_Prefecture_Shikoku.html
Kochi Kaikan,780-0870,Kochi Prefecture,5-6-42 Honmachi Kochi,,$,http://www.tripadvisor.com/Hotel_Review-g298234-d1084565-Reviews-Kochi_Kaikan-Kochi_Kochi_Prefecture_Shikoku.html
Kochi Terminal Hotel,780-0822,Kochi Prefecture,13-27 Harimaya-cho Kochi,40,$,http://www.tripadvisor.com/Hotel_Review-g298234-d1084566-Reviews-Kochi_Terminal_Hotel-Kochi_Kochi_Prefecture_Shikoku.html
Nishitetsu Inn Kochi Harimayabashi,780-0822,Kochi Prefecture,1-1-3 Harimaya-cho Kochi,250,$,http://www.tripadvisor.com/Hotel_Review-g298234-d1084567-Reviews-Nishitetsu_Inn_Kochi_Harimayabashi-Kochi_Kochi_Prefecture_Shikoku.html
7 Days Hotel,780-0822,Kochi Prefecture,2-13-17 Harimaya-cho Kochi,80,$,http://www.tripadvisor.com/Hotel_Review-g298234-d1084568-Reviews-7_Days_Hotel-Kochi_Kochi_Prefecture_Shikoku.html
Business Hotel Hakutenko,780-0822,Kochi Prefecture,2-13-1 Harimaya-cho Kochi,,$,http://www.tripadvisor.com/Hotel_Review-g298234-d1084569-Reviews-Business_Hotel_Hakutenko-Kochi_Kochi_Prefecture_Shikoku.html
Business Hotel Always,780-0842,Kochi Prefecture,1-3-14 Okawasuji Kochi,,$,http://www.tripadvisor.com/Hotel_Review-g298234-d1084570-Reviews-Business_Hotel_Always-Kochi_Kochi_Prefecture_Shikoku.html
Kochi Business Hotel Bekkan,780-0863,Kochi Prefecture,9-5 Yorikimachi Kochi,,$,http://www.tripadvisor.com/Hotel_Review-g298234-d1084571-Reviews-Kochi_Business_Hotel_Bekkan-Kochi_Kochi_Prefecture_Shikoku.html
Kochi Grand Hotel,780-0864,Kochi Prefecture,4-17 Tojinmachi Kochi,,,http://www.tripadvisor.com/Hotel_Review-g298234-d1084575-Reviews-Kochi_Grand_Hotel-Kochi_Kochi_Prefecture_Shikoku.html
Kochi Hotel,780-0053,Kochi Prefecture,4-10 Ekimae-cho Kochi,79,$,http://www.tripadvisor.com/Hotel_Review-g298234-d1084576-Reviews-Kochi_Hotel-Kochi_Kochi_Prefecture_Shikoku.html
Richmond Hotel Kochi,780-0841,Kochi Prefecture,1-9-4 Obiyamachi Kochi,234,$,http://www.tripadvisor.com/Hotel_Review-g298234-d1084577-Reviews-Richmond_Hotel_Kochi-Kochi_Kochi_Prefecture_Shikoku.html
Super Hotel Kochi,780-0056,Kochi Prefecture,1-3-20 Kitahon-machi Kochi,,$,http://www.tripadvisor.com/Hotel_Review-g298234-d1084578-Reviews-Super_Hotel_Kochi-Kochi_Kochi_Prefecture_Shikoku.html
7 Days Hotel Plus,780-0822 ,Kochi Prefecture,2-13-6 Harimaya-cho Kochi,,$,http://www.tripadvisor.com/Hotel_Review-g298234-d1084579-Reviews-7_Days_Hotel_Plus-Kochi_Kochi_Prefecture_Shikoku.html
Kochiken Bunkyo Kaikan,780-0870,Kochi Prefecture,4-1-49 Honmachi Kochi,,,http://www.tripadvisor.com/Hotel_Review-g298234-d1092893-Reviews-Kochiken_Bunkyo_Kaikan-Kochi_Kochi_Prefecture_Shikoku.html
Kochi Prince Hotel Annex,780-0823,Kochi Prefecture,8-12 Saenba-cho Kochi,,,http://www.tripadvisor.com/Hotel_Review-g298234-d1092906-Reviews-Kochi_Prince_Hotel_Annex-Kochi_Kochi_Prefecture_Shikoku.html
Excel Hotel Kochi,780-0816,Kochi Prefecture,16-12 Minamihoei-cho Kochi,,,http://www.tripadvisor.com/Hotel_Review-g298234-d1092912-Reviews-Excel_Hotel_Kochi-Kochi_Kochi_Prefecture_Shikoku.html
Oriya,780-0842,Kochi Prefecture,1-6-21 Otesuji Kochi,,,http://www.tripadvisor.com/Hotel_Review-g298234-d1092921-Reviews-Oriya-Kochi_Kochi_Prefecture_Shikoku.html
Petit Hotel Kochi,780-0056,Kochi Prefecture,1-8-13 Kitahon-machi Kochi,,$,http://www.tripadvisor.com/Hotel_Review-g298234-d1092925-Reviews-Petit_Hotel_Kochi-Kochi_Kochi_Prefecture_Shikoku.html
Business Hotel Iccho,780-0822,Kochi Prefecture,3-11-12 Harimaya-cho Kochi,,,http://www.tripadvisor.com/Hotel_Review-g298234-d1092944-Reviews-Business_Hotel_Iccho-Kochi_Kochi_Prefecture_Shikoku.html
Shoei Annex,780-0864,Kochi Prefecture,3-17 Tojinmachi Kochi,,$$$,http://www.tripadvisor.com/Hotel_Review-g298234-d1092951-Reviews-Shoei_Annex-Kochi_Kochi_Prefecture_Shikoku.html
Augerge Tosayama,781-3222,Kochi Prefecture,661 Tosayamahigashikawa Kochi,16,$$$$,http://www.tripadvisor.com/Hotel_Review-g298234-d1101146-Reviews-Augerge_Tosayama-Kochi_Kochi_Prefecture_Shikoku.html
Kochi Kyosai Kaikan,780-0870,Kochi Prefecture,5-3-20 Honmachi Kochi,,$,http://www.tripadvisor.com/Hotel_Review-g298234-d1105297-Reviews-Kochi_Kyosai_Kaikan-Kochi_Kochi_Prefecture_Shikoku.html
Kojo,780-8012,Kochi Prefecture,6-6 Tenjincho Kochi,,,http://www.tripadvisor.com/Hotel_Review-g298234-d1105304-Reviews-Kojo-Kochi_Kochi_Prefecture_Shikoku.html
Uradoichi,781-0262,Kochi Prefecture,33-3 Urado Kochi,,,http://www.tripadvisor.com/Hotel_Review-g298234-d1105324-Reviews-Uradoichi-Kochi_Kochi_Prefecture_Shikoku.html
Goshikisekiso,781-0262,Kochi Prefecture,474-3 Urado Kochi,,,http://www.tripadvisor.com/Hotel_Review-g298234-d1105338-Reviews-Goshikisekiso-Kochi_Kochi_Prefecture_Shikoku.html
Kochi Youth Hostel Sakenokuni Kyowakoku,780-0967,Kochi Prefecture,4-5 Fukuihigashimachi Kochi,,$,http://www.tripadvisor.com/Hotel_Review-g298234-d1105343-Reviews-Kochi_Youth_Hostel_Sakenokuni_Kyowakoku-Kochi_Kochi_Prefecture_Shikoku.html
Rinsui,780-0862,Kochi Prefecture,1-3-14 Takajomachi Kochi,,$$,http://www.tripadvisor.com/Hotel_Review-g298234-d1105347-Reviews-Rinsui-Kochi_Kochi_Prefecture_Shikoku.html
Masago,781-0262,Kochi Prefecture,22 Urado Kochi,,,http://www.tripadvisor.com/Hotel_Review-g298234-d1105348-Reviews-Masago-Kochi_Kochi_Prefecture_Shikoku.html
Sekinoya,781-0270,Kochi Prefecture,49-1 Nagahama Kochi,,,http://www.tripadvisor.com/Hotel_Review-g298234-d1105349-Reviews-Sekinoya-Kochi_Kochi_Prefecture_Shikoku.html
Uradoso,781-0262,Kochi Prefecture,769-1 Urado Kochi,,,http://www.tripadvisor.com/Hotel_Review-g298234-d1105351-Reviews-Uradoso-Kochi_Kochi_Prefecture_Shikoku.html
Kochi Business Hotel,780-0833,Kochi Prefecture,2-14-12 Minamiharimayacho Kochi,,$,http://www.tripadvisor.com/Hotel_Review-g298234-d1105384-Reviews-Kochi_Business_Hotel-Kochi_Kochi_Prefecture_Shikoku.html
Sakamoto,781-0262,Kochi Prefecture,457 Urado Kochi,,,http://www.tripadvisor.com/Hotel_Review-g298234-d1105385-Reviews-Sakamoto-Kochi_Kochi_Prefecture_Shikoku.html
Hotel Sports Palace Haruno,781-0311,Kochi Prefecture,2485 Yoshihara Haruno-cho Kochi,,$,http://www.tripadvisor.com/Hotel_Review-g298234-d1105390-Reviews-Hotel_Sports_Palace_Haruno-Kochi_Kochi_Prefecture_Shikoku.html
Yoshiko,781-0323,Kochi Prefecture,3698 Nino Haruno-cho Kochi,,,http://www.tripadvisor.com/Hotel_Review-g298234-d1105394-Reviews-Yoshiko-Kochi_Kochi_Prefecture_Shikoku.html
Fukumimi,781-0262,Kochi Prefecture,12-2 Urado Kochi,,$$,http://www.tripadvisor.com/Hotel_Review-g298234-d1105396-Reviews-Fukumimi-Kochi_Kochi_Prefecture_Shikoku.html
Tosa Bekkan,780-0821,Kochi Prefecture,1-11-34 Sakuraicho Kochi,,,http://www.tripadvisor.com/Hotel_Review-g298234-d1105444-Reviews-Tosa_Bekkan-Kochi_Kochi_Prefecture_Shikoku.html
Business Hotel Tosa,780-0834,Kochi Prefecture,8-4 Sakaimachi Kochi,,,http://www.tripadvisor.com/Hotel_Review-g298234-d1500023-Reviews-Business_Hotel_Tosa-Kochi_Kochi_Prefecture_Shikoku.html
Kokumin Shukusha Katurahamaso,781-0262,Kochi Prefecture,830-25 Urado Kochi,,$$,http://www.tripadvisor.com/Hotel_Review-g298234-d1500028-Reviews-Kokumin_Shukusha_Katurahamaso-Kochi_Kochi_Prefecture_Shikoku.html
Kokusai hotel Kochi,780-0822,Kochi Prefecture,1-1-2 harimaya-cho Kochi,,,http://www.tripadvisor.com/Hotel_Review-g298234-d1857485-Reviews-Kokusai_hotel_Kochi-Kochi_Kochi_Prefecture_Shikoku.html
Haruno no Yu,781-0304,Kochi Prefecture,3546 Harunocho Nishibun Kochi,,$,http://www.tripadvisor.com/Hotel_Review-g298234-d1863067-Reviews-Haruno_no_Yu-Kochi_Kochi_Prefecture_Shikoku.html
Best Price Kochi,780-0816,Kochi Prefecture,16-12 Minamihoeicho Kochi,,$,http://www.tripadvisor.com/Hotel_Review-g298234-d1910321-Reviews-Best_Price_Kochi-Kochi_Kochi_Prefecture_Shikoku.html
Welcome Hotel Kochi,780-0842 ,Kochi Prefecture,1-8-25 Otesuji Kochi,170,$,http://www.tripadvisor.com/Hotel_Review-g298234-d2008762-Reviews-Welcome_Hotel_Kochi-Kochi_Kochi_Prefecture_Shikoku.html
Sanpia Chres,781-8101,Kochi Prefecture,155 Takasu Sunaji Kochi,27,$,http://www.tripadvisor.com/Hotel_Review-g298234-d2653480-Reviews-Sanpia_Chres-Kochi_Kochi_Prefecture_Shikoku.html
Kokumin Shukusha Tosa,781-1165,Kochi Prefecture,599-6 Usachoryu Tosa,,$,http://www.tripadvisor.com/Hotel_Review-g1023354-d505428-Reviews-Kokumin_Shukusha_Tosa-Tosa_Kochi_Prefecture_Shikoku.html
Villa Santorini,781-1165,Kochi Prefecture,559-6 Usa-cho Ryu Tosa,,$$$,http://www.tripadvisor.com/Hotel_Review-g1023354-d1095118-Reviews-Villa_Santorini-Tosa_Kochi_Prefecture_Shikoku.html
Marine House Suiryu,781-1165,Kochi Prefecture,514 Ryu Usacho Tosa,,,http://www.tripadvisor.com/Hotel_Review-g1023354-d1104528-Reviews-Marine_House_Suiryu-Tosa_Kochi_Prefecture_Shikoku.html
Sanyoso,781-1165,Kochi Prefecture,504-1 Usachoryu Tosa,56,$$,http://www.tripadvisor.com/Hotel_Review-g1023354-d1129888-Reviews-Sanyoso-Tosa_Kochi_Prefecture_Shikoku.html
Michitsuji,789-0245,Kochi Prefecture,454 Nagafuchi Otoyo-cho,,$,http://www.tripadvisor.com/Hotel_Review-g1121451-d4764333-Reviews-Michitsuji-Otoyo_cho_Nagaoka_gun_Kochi_Prefecture_Shikoku.html
Murata Pension,789-0166,Kochi Prefecture,231-1 Higashi-doi Otoyo-cho,,,http://www.tripadvisor.com/Hotel_Review-g1121451-d6504934-Reviews-Murata_Pension-Otoyo_cho_Nagaoka_gun_Kochi_Prefecture_Shikoku.html
Southern City Hotel,783-0007,Kochi Prefecture,933 Myoken Nankoku,92,$,http://www.tripadvisor.com/Hotel_Review-g298235-d307685-Reviews-Southern_City_Hotel-Nankoku_Kochi_Prefecture_Shikoku.html
Business Hotel Airport,783-0006,Kochi Prefecture,203-1 Shinohara Nankoku,,$,http://www.tripadvisor.com/Hotel_Review-g298235-d1072161-Reviews-Business_Hotel_Airport-Nankoku_Kochi_Prefecture_Shikoku.html
Nangoku Business Hotel,783-0006,Kochi Prefecture,930-1 Shinohara Nankoku,,$,http://www.tripadvisor.com/Hotel_Review-g298235-d1072163-Reviews-Nangoku_Business_Hotel-Nankoku_Kochi_Prefecture_Shikoku.html
Pension Oyado,783-0004,Kochi Prefecture,2518-1 Osoneko Nankoku,,$,http://www.tripadvisor.com/Hotel_Review-g298235-d1105398-Reviews-Pension_Oyado-Nankoku_Kochi_Prefecture_Shikoku.html
Are Business Hotel,783-0007,Kochi Prefecture,821-1 Myoken Nankoku,,,http://www.tripadvisor.com/Hotel_Review-g298235-d1858492-Reviews-Are_Business_Hotel-Nankoku_Kochi_Prefecture_Shikoku.html
Utoco Deep Sea Therapy Center & Hotel,781-7101,Kochi Prefecture,6969-1 Murotomisakicho Muroto,17,$$$$,http://www.tripadvisor.com/Hotel_Review-g1023358-d1095120-Reviews-Utoco_Deep_Sea_Therapy_Center_Hotel-Muroto_Kochi_Prefecture_Shikoku.html
Takenoi,781-7101,Kochi Prefecture,5953-1 Murotomisakicho Muroto,,$,http://www.tripadvisor.com/Hotel_Review-g1023358-d1104549-Reviews-Takenoi-Muroto_Kochi_Prefecture_Shikoku.html
Murotoso,781-7101,Kochi Prefecture,6939-1 Murotomisakicho Muroto,,,http://www.tripadvisor.com/Hotel_Review-g1023358-d1104553-Reviews-Murotoso-Muroto_Kochi_Prefecture_Shikoku.html
Hotel Akenohoshi,781-7101,Kochi Prefecture,3883 Murotomisakicho Muroto,,$,http://www.tripadvisor.com/Hotel_Review-g1023358-d1118011-Reviews-Hotel_Akenohoshi-Muroto_Kochi_Prefecture_Shikoku.html
Business Ryokan Takenoi,781-7102,Kochi Prefecture,2662-2 Murotsu Muroto,,,http://www.tripadvisor.com/Hotel_Review-g1023358-d1499319-Reviews-Business_Ryokan_Takenoi-Muroto_Kochi_Prefecture_Shikoku.html
Misaki Kanko Hotel,781-7101,Kochi Prefecture,4037 Murotomisaki-cho Muroto,,$,http://www.tripadvisor.com/Hotel_Review-g1023358-d1858531-Reviews-Misaki_Kanko_Hotel-Muroto_Kochi_Prefecture_Shikoku.html
Hotel Fuji,781-7102,Kochi Prefecture,2577 Murotsu Muroto,,$,http://www.tripadvisor.com/Hotel_Review-g1023358-d1876719-Reviews-Hotel_Fuji-Muroto_Kochi_Prefecture_Shikoku.html
Minshuku Tokumasu,781-7220,Kochi Prefecture,107-5 Sakihamacho Muroto,,,http://www.tripadvisor.com/Hotel_Review-g1023358-d1924129-Reviews-Minshuku_Tokumasu-Muroto_Kochi_Prefecture_Shikoku.html
Hotel New Muroto,781-7101,Kochi Prefecture,4033-1 Murotomisakicho Muroto,,,http://www.tripadvisor.com/Hotel_Review-g1023358-d3292025-Reviews-Hotel_New_Muroto-Muroto_Kochi_Prefecture_Shikoku.html
Shirataki no Sato,781-3704,Kochi Prefecture,26 Asatani Okawa-mura,,,http://www.tripadvisor.com/Hotel_Review-g1121453-d1876753-Reviews-Shirataki_no_Sato-Okawa_mura_Tosa_gun_Kochi_Prefecture_Shikoku.html
Akisawa Hotel,788-0003,Kochi Prefecture,6-43 Saiwaicho Sukumo,,$,http://www.tripadvisor.com/Hotel_Review-g1023338-d1071043-Reviews-Akisawa_Hotel-Sukumo_Kochi_Prefecture_Shikoku.html
Hotel Matsuya,788-0000,Kochi Prefecture,5343-10 Sukumo Sukumo,76,$,http://www.tripadvisor.com/Hotel_Review-g1023338-d1071577-Reviews-Hotel_Matsuya-Sukumo_Kochi_Prefecture_Shikoku.html
Hotel Avan Sukumo,788-0000,Kochi Prefecture,1108 Sukumo Sukumo,,$,http://www.tripadvisor.com/Hotel_Review-g1023338-d1072158-Reviews-Hotel_Avan_Sukumo-Sukumo_Kochi_Prefecture_Shikoku.html
Yoneya Inn,788-0001,Kochi Prefecture,5-4-7 Chuou Sukumo,,$,http://www.tripadvisor.com/Hotel_Review-g1023338-d1084335-Reviews-Yoneya_Inn-Sukumo_Kochi_Prefecture_Shikoku.html
Wakashuyado,788-0785,Kochi Prefecture,2779-2 Yamanachoyoshina Sukumo,,,http://www.tripadvisor.com/Hotel_Review-g1023338-d1104419-Reviews-Wakashuyado-Sukumo_Kochi_Prefecture_Shikoku.html
Yashi,788-0014,Kochi Prefecture,17-27 Oshima Sukumo,,$,http://www.tripadvisor.com/Hotel_Review-g1023338-d1104425-Reviews-Yashi-Sukumo_Kochi_Prefecture_Shikoku.html
Hotel Asahi,788-0012,Kochi Prefecture,7-12 Takasago Sukumo,,,http://www.tripadvisor.com/Hotel_Review-g1023338-d1499209-Reviews-Hotel_Asahi-Sukumo_Kochi_Prefecture_Shikoku.html
Okamoto Ryokan,788-0001,Kochi Prefecture,7-1-28 Chuo Sukumo,,,http://www.tripadvisor.com/Hotel_Review-g1023338-d1499214-Reviews-Okamoto_Ryokan-Sukumo_Kochi_Prefecture_Shikoku.html
Manabe Ryokan,788-0009,Kochi Prefecture,3-302 Ekihigashimachi Sukumo,,,http://www.tripadvisor.com/Hotel_Review-g1023338-d2280953-Reviews-Manabe_Ryokan-Sukumo_Kochi_Prefecture_Shikoku.html
Sukumo Flex Hotel,788-0001,Kochi Prefecture,2-9-6 Chuo Sukumo,,$,http://www.tripadvisor.com/Hotel_Review-g1023338-d3292112-Reviews-Sukumo_Flex_Hotel-Sukumo_Kochi_Prefecture_Shikoku.html
New Royal Hotel Shimanto,787-0029 ,Kochi Prefecture,26 Nakamura Koshomachi Shimanto,,$,http://www.tripadvisor.com/Hotel_Review-g1023359-d1071084-Reviews-New_Royal_Hotel_Shimanto-Shimanto_Kochi_Prefecture_Shikoku.html
Anjuan,787-0000,Kochi Prefecture,1815 Nakamura Shimanto,,$$,http://www.tripadvisor.com/Hotel_Review-g1023359-d1071501-Reviews-Anjuan-Shimanto_Kochi_Prefecture_Shikoku.html
Hotel Crown Hills Nakamura,787-0015,Kochi Prefecture,383-6 Uyama Shimanto,87,$,http://www.tripadvisor.com/Hotel_Review-g1023359-d1071546-Reviews-Hotel_Crown_Hills_Nakamura-Shimanto_Kochi_Prefecture_Shikoku.html
Minshuku Suzu,787-0033,Kochi Prefecture,7-11-6 Nakamura Ohashidori Shimanto,,$,http://www.tripadvisor.com/Hotel_Review-g1023359-d1071549-Reviews-Minshuku_Suzu-Shimanto_Kochi_Prefecture_Shikoku.html
Hotel Kokomo,787-0015,Kochi Prefecture,366 Uyama Shimanto,,$,http://www.tripadvisor.com/Hotel_Review-g1023359-d1084352-Reviews-Hotel_Kokomo-Shimanto_Kochi_Prefecture_Shikoku.html
Hotel Seira Shimanto,787-1603,Kochi Prefecture,1100 Nishitosa Mochii Shimanto,,$$,http://www.tripadvisor.com/Hotel_Review-g1023359-d1084357-Reviews-Hotel_Seira_Shimanto-Shimanto_Kochi_Prefecture_Shikoku.html
Sansui,787-0156 ,Kochi Prefecture,440-1 Sakamoto Shimanto,,,http://www.tripadvisor.com/Hotel_Review-g1023359-d1084361-Reviews-Sansui-Shimanto_Kochi_Prefecture_Shikoku.html
New Nakamura Hotel,787-0033,Kochi Prefecture,6-7-20 Ohashidori Nakamura Shimanto,,,http://www.tripadvisor.com/Hotel_Review-g1023359-d1084365-Reviews-New_Nakamura_Hotel-Shimanto_Kochi_Prefecture_Shikoku.html
Pension Bee,787-0163,Kochi Prefecture,260-4 Nashishi Shimanto,,$$$$,http://www.tripadvisor.com/Hotel_Review-g1023359-d1084367-Reviews-Pension_Bee-Shimanto_Kochi_Prefecture_Shikoku.html
Pension Shimantogawa,787-0011,Kochi Prefecture,3-4-26 Uyama Motomachi Shimanto,,,http://www.tripadvisor.com/Hotel_Review-g1023359-d1084372-Reviews-Pension_Shimantogawa-Shimanto_Kochi_Prefecture_Shikoku.html
Shimanto Inn Riverside,787-1106,Kochi Prefecture,38-1 Sada Shimanto,,$,http://www.tripadvisor.com/Hotel_Review-g1023359-d1084379-Reviews-Shimanto_Inn_Riverside-Shimanto_Kochi_Prefecture_Shikoku.html
Shimanto no Yado,787-0155,Kochi Prefecture,3370 Shimoda Shimanto,,$$,http://www.tripadvisor.com/Hotel_Review-g1023359-d1084526-Reviews-Shimanto_no_Yado-Shimanto_Kochi_Prefecture_Shikoku.html
Nakamura Daiichi Hotel,787-0014,Kochi Prefecture,5-15 Ekimaecho Shimanto,,$,http://www.tripadvisor.com/Hotel_Review-g1023359-d1093347-Reviews-Nakamura_Daiichi_Hotel-Shimanto_Kochi_Prefecture_Shikoku.html
Fukuda,787-0033,Kochi Prefecture,4 Nakamura Ohashi-dori Shimanto,,,http://www.tripadvisor.com/Hotel_Review-g1023359-d1105268-Reviews-Fukuda-Shimanto_Kochi_Prefecture_Shikoku.html
Seseragiso,787-0036,Kochi Prefecture,2249-2 Iwasakicho Nakamura Shimanto,,$,http://www.tripadvisor.com/Hotel_Review-g1023359-d1105271-Reviews-Seseragiso-Shimanto_Kochi_Prefecture_Shikoku.html
Shimanto Gakusha,787-1323,Kochi Prefecture,408-1 Nishitosa Nakaba Shimanto,,$,http://www.tripadvisor.com/Hotel_Review-g1023359-d1499326-Reviews-Shimanto_Gakusha-Shimanto_Kochi_Prefecture_Shikoku.html
Nakamura Prince Hotel,787-0034,Kochi Prefecture,4-1 Nakamura Yayoicho Shimanto,,$,http://www.tripadvisor.com/Hotel_Review-g1023359-d1499339-Reviews-Nakamura_Prince_Hotel-Shimanto_Kochi_Prefecture_Shikoku.html
Minshuku Nishitosa,787-1611,Kochi Prefecture,1160-9 Nishitosa tachibana Shimanto,,,http://www.tripadvisor.com/Hotel_Review-g1023359-d1857487-Reviews-Minshuku_Nishitosa-Shimanto_Kochi_Prefecture_Shikoku.html
Hotel Myojo,787-0029,Kochi Prefecture,15-1 Nakamura Koshomachi Shimanto,,$,http://www.tripadvisor.com/Hotel_Review-g1023359-d1863073-Reviews-Hotel_Myojo-Shimanto_Kochi_Prefecture_Shikoku.html
Rental Lodge Field,787-0163,Kochi Prefecture,14 Nashishi Shimanto,,,http://www.tripadvisor.com/Hotel_Review-g1023359-d1876891-Reviews-Rental_Lodge_Field-Shimanto_Kochi_Prefecture_Shikoku.html
Kawabeno Cottage,787-1106,Kochi Prefecture,2447 Sada Shimanto,,,http://www.tripadvisor.com/Hotel_Review-g1023359-d3225406-Reviews-Kawabeno_Cottage-Shimanto_Kochi_Prefecture_Shikoku.html
Kawanoeki Canoe,787-1603,Kochi Prefecture,1111-11 Nishitosa Mochii Shimanto,,$,http://www.tripadvisor.com/Hotel_Review-g1023359-d4341868-Reviews-Kawanoeki_Canoe-Shimanto_Kochi_Prefecture_Shikoku.html
Hotel Century Shimanto,787-0031,Kochi Prefecture,13 Nakamura Higashi-Shimamachi Shimanto,,,http://www.tripadvisor.com/Hotel_Review-g1023359-d5954157-Reviews-Hotel_Century_Shimanto-Shimanto_Kochi_Prefecture_Shikoku.html
Minshuku Tosa,787-0014,Kochi Prefecture,5-13 Ekimaecho Shimanto,,,http://www.tripadvisor.com/Hotel_Review-g1023359-d6961333-Reviews-Minshuku_Tosa-Shimanto_Kochi_Prefecture_Shikoku.html
Kanponoyado Ino,781-2128,Kochi Prefecture,1569 Hakawa Ino-cho,,$$,http://www.tripadvisor.com/Hotel_Review-g1121454-d1132279-Reviews-Kanponoyado_Ino-Ino_cho_Agawa_gun_Kochi_Prefecture_Shikoku.html
Tosawashi Kogeimura Qraud,781-2136,Kochi Prefecture,1226 Kajiki Ino-cho,,$,http://www.tripadvisor.com/Hotel_Review-g1121454-d1132287-Reviews-Tosawashi_Kogeimura_Qraud-Ino_cho_Agawa_gun_Kochi_Prefecture_Shikoku.html
Konoka Onsen,781-2615,Kochi Prefecture,225-16 Kuwaze Ino-cho,,$,http://www.tripadvisor.com/Hotel_Review-g1121454-d1499352-Reviews-Konoka_Onsen-Ino_cho_Agawa_gun_Kochi_Prefecture_Shikoku.html
Minorinoya,781-2402,Kochi Prefecture,415-2 Kamiyakawahei Ino-cho,,,http://www.tripadvisor.com/Hotel_Review-g1121454-d1857491-Reviews-Minorinoya-Ino_cho_Agawa_gun_Kochi_Prefecture_Shikoku.html
Seseragi no yado,781-2325,Kochi Prefecture,1138 Kogawa yanagino Ino-cho,,,http://www.tripadvisor.com/Hotel_Review-g1121454-d1857492-Reviews-Seseragi_no_yado-Ino_cho_Agawa_gun_Kochi_Prefecture_Shikoku.html
Yunomori,781-1741,Kochi Prefecture,258-1 Nanokawa Niyodogawa-cho,7,$$$,http://www.tripadvisor.com/Hotel_Review-g1121455-d1132292-Reviews-Yunomori-Niyodogawa_cho_Agawa_gun_Kochi_Prefecture_Shikoku.html
Shimona no sato,781-1762,Kochi Prefecture,Shimonanokawa 619 Niyodogawa-cho,,,http://www.tripadvisor.com/Hotel_Review-g1121455-d1857486-Reviews-Shimona_no_sato-Niyodogawa_cho_Agawa_gun_Kochi_Prefecture_Shikoku.html
Hotel Tamai,784-0001,Kochi Prefecture,1-6-31 Yanomaru Aki,,$,http://www.tripadvisor.com/Hotel_Review-g1023339-d1073850-Reviews-Hotel_Tamai-Aki_Kochi_Prefecture_Shikoku.html
Yamatoya Inn,784-0004,Kochi Prefecture,.1-1-34 Honmachi Aki,,,http://www.tripadvisor.com/Hotel_Review-g1023339-d1084309-Reviews-Yamatoya_Inn-Aki_Kochi_Prefecture_Shikoku.html
Yumeno Onsen,782-0003,Kochi Prefecture,364 Tosayamadacho Miyanokuchi Kami,,$$,http://www.tripadvisor.com/Hotel_Review-g1023360-d1069832-Reviews-Yumeno_Onsen-Kami_Kochi_Prefecture_Shikoku.html
Ryuga Onsen,782-0008,Kochi Prefecture,430-1 Tosa Yamada-cho Kami,,$,http://www.tripadvisor.com/Hotel_Review-g1023360-d1084319-Reviews-Ryuga_Onsen-Kami_Kochi_Prefecture_Shikoku.html
Peaceful Selene,781-4212 ,Kochi Prefecture,1224-2 Kahokucho Birafu Kami,,$$,http://www.tripadvisor.com/Hotel_Review-g1023360-d1132269-Reviews-Peaceful_Selene-Kami_Kochi_Prefecture_Shikoku.html
Befukyo Onsen,781-4644,Kochi Prefecture,"452-8 Befu, Monobe-cho Kami",,$$,http://www.tripadvisor.com/Hotel_Review-g1023360-d1857484-Reviews-Befukyo_Onsen-Kami_Kochi_Prefecture_Shikoku.html
Shimanto Genryu no Ie,789-1414,Kochi Prefecture,652 Onomiigeno Nakatosa-cho,,,http://www.tripadvisor.com/Hotel_Review-g1121456-d1132297-Reviews-Shimanto_Genryu_no_Ie-Nakatosa_cho_Takaoka_gun_Kochi_Prefecture_Shikoku.html
Kuroshio Honjin,789-1301,Kochi Prefecture,8009-11 Kure Nakatosa-cho,6,,http://www.tripadvisor.com/Hotel_Review-g1121456-d1238822-Reviews-Kuroshio_Honjin-Nakatosa_cho_Takaoka_gun_Kochi_Prefecture_Shikoku.html
Kumo-no Ue-no Hotel,785-0621,Kochi Prefecture,3799-3 Tarogawa Yusuhara-cho,19,$$$,http://www.tripadvisor.com/Hotel_Review-g1121459-d1123562-Reviews-Kumo_no_Ue_no_Hotel-Yusuhara_cho_Takaoka_gun_Kochi_Prefecture_Shikoku.html
Kumono Ueno Hotel Bekkan Marche Yusuhara,785-0610,Kochi Prefecture,1196-1 Yusuhara Yusuhara-cho,,$,http://www.tripadvisor.com/Hotel_Review-g1121459-d2024068-Reviews-Kumono_Ueno_Hotel_Bekkan_Marche_Yusuhara-Yusuhara_cho_Takaoka_gun_Kochi_Prefecture_Sh.html
Hananoya,785-0610,Kochi Prefecture,1172 Yusuhara Yusuhara-cho,,,http://www.tripadvisor.com/Hotel_Review-g1121459-d3227995-Reviews-Hananoya-Yusuhara_cho_Takaoka_gun_Kochi_Prefecture_Shikoku.html
Kamikoya,785-0603,Kochi Prefecture,1678 Otado Yusuhara-cho,,,http://www.tripadvisor.com/Hotel_Review-g1121459-d6503661-Reviews-Kamikoya-Yusuhara_cho_Takaoka_gun_Kochi_Prefecture_Shikoku.html
Hotel Matsubakawa Onsen,786-0097,Kochi Prefecture,605-1 Hinoji Shimanto-cho,,$,http://www.tripadvisor.com/Hotel_Review-g1121462-d1132314-Reviews-Hotel_Matsubakawa_Onsen-Shimanto_cho_Takaoka_gun_Kochi_Prefecture_Shikoku.html
Shimanto Ryokan,786-0511,Kochi Prefecture,671-16 Showa Shimanto-cho,,,http://www.tripadvisor.com/Hotel_Review-g1121462-d1499379-Reviews-Shimanto_Ryokan-Shimanto_cho_Takaoka_gun_Kochi_Prefecture_Shikoku.html
Minshuku Otoriya,786-0095,Kochi Prefecture,767 Yoneoku Shimanto-cho,,,http://www.tripadvisor.com/Hotel_Review-g1121462-d2138199-Reviews-Minshuku_Otoriya-Shimanto_cho_Takaoka_gun_Kochi_Prefecture_Shikoku.html
Towa Onsen,786-0535,Kochi Prefecture,392-1 Horiki Towakawaguchi Shimanto-cho,,$$,http://www.tripadvisor.com/Hotel_Review-g1121462-d4341869-Reviews-Towa_Onsen-Shimanto_cho_Takaoka_gun_Kochi_Prefecture_Shikoku.html
Business Hotel Karie,789-1201,Kochi Prefecture,1060 Ko Sakawa-cho,,,http://www.tripadvisor.com/Hotel_Review-g1121457-d1499358-Reviews-Business_Hotel_Karie-Sakawa_cho_Takaoka_gun_Kochi_Prefecture_Shikoku.html
Tenguso,785-0504,Kochi Prefecture,4921-22 Yoshiunootsu Tsuno-cho,,$,http://www.tripadvisor.com/Hotel_Review-g1121461-d1132309-Reviews-Tenguso-Tsuno_cho_Takaoka_gun_Kochi_Prefecture_Shikoku.html
Minshuku Chojuan,785-0505 ,Kochi Prefecture,1621-1 Yoshiuno Hei Tsuno-cho,,,http://www.tripadvisor.com/Hotel_Review-g1121461-d2057638-Reviews-Minshuku_Chojuan-Tsuno_cho_Takaoka_gun_Kochi_Prefecture_Shikoku.html
Seiran no Sato,785-0411,Kochi Prefecture,4724 Funato Tsuno-cho,,,http://www.tripadvisor.com/Hotel_Review-g1121461-d6945231-Reviews-Seiran_no_Sato-Tsuno_cho_Takaoka_gun_Kochi_Prefecture_Shikoku.html
Ashizuri Pacific Hotel Hanatsubaki,787-0315,Kochi Prefecture,783 Ashizurimisaki Tosashimizu,,$$,http://www.tripadvisor.com/Hotel_Review-g1023340-d1071051-Reviews-Ashizuri_Pacific_Hotel_Hanatsubaki-Tosashimizu_Kochi_Prefecture_Shikoku.html
Ashizuri Sunnyside Hotel,787-0316,Kochi Prefecture,19-2 Matsuo Tosashimizu,34,$$,http://www.tripadvisor.com/Hotel_Review-g1023340-d1071058-Reviews-Ashizuri_Sunnyside_Hotel-Tosashimizu_Kochi_Prefecture_Shikoku.html
Seaside Inn Fukuyama,787-0315,Kochi Prefecture,493-7 Ashizurimisaki Tosashimizu,,$$,http://www.tripadvisor.com/Hotel_Review-g1023340-d1071556-Reviews-Seaside_Inn_Fukuyama-Tosashimizu_Kochi_Prefecture_Shikoku.html
Misaki Hotel,787-0315,Kochi Prefecture,215 Ashizurimisaki Tosashimizu,,$$,http://www.tripadvisor.com/Hotel_Review-g1023340-d1071560-Reviews-Misaki_Hotel-Tosashimizu_Kochi_Prefecture_Shikoku.html
Seiryu,787-0306,Kochi Prefecture,2-27 Saiwaicho Tosashimizu,,$,http://www.tripadvisor.com/Hotel_Review-g1023340-d1071565-Reviews-Seiryu-Tosashimizu_Kochi_Prefecture_Shikoku.html
Minshuku Aomisaki,787-0316,Kochi Prefecture,1042 Matsuo Tosashimizu,,$,http://www.tripadvisor.com/Hotel_Review-g1023340-d1071566-Reviews-Minshuku_Aomisaki-Tosashimizu_Kochi_Prefecture_Shikoku.html
Ashizuri Thermae,787-0315,Kochi Prefecture,1433-3 Ashizurimisaki Tosashimizu,41,$$,http://www.tripadvisor.com/Hotel_Review-g1023340-d1071574-Reviews-Ashizuri_Thermae-Tosashimizu_Kochi_Prefecture_Shikoku.html
Hotel Tsubakisou,787-0315,Kochi Prefecture,282 Ashizurimisaki Tosashimizu,,$,http://www.tripadvisor.com/Hotel_Review-g1023340-d1071575-Reviews-Hotel_Tsubakisou-Tosashimizu_Kochi_Prefecture_Shikoku.html
Oki Marine,787-0301,Kochi Prefecture,3172-6 Oki Tosashimizu,,$,http://www.tripadvisor.com/Hotel_Review-g1023340-d1092960-Reviews-Oki_Marine-Tosashimizu_Kochi_Prefecture_Shikoku.html
Hotel Ashizurien,787-0315,Kochi Prefecture,478-5 Ashizurimisaki Tosashimizu,,$$,http://www.tripadvisor.com/Hotel_Review-g1023340-d1093221-Reviews-Hotel_Ashizurien-Tosashimizu_Kochi_Prefecture_Shikoku.html
Ashizuri Kanko Hotel Biroen,787-0315,Kochi Prefecture,533-1 Ashizurimisaki Tosashimizu,,,http://www.tripadvisor.com/Hotel_Review-g1023340-d1093224-Reviews-Ashizuri_Kanko_Hotel_Biroen-Tosashimizu_Kochi_Prefecture_Shikoku.html
Futaba,787-0305,Kochi Prefecture,10-10 Tenjinmachi Tosashimizu,,,http://www.tripadvisor.com/Hotel_Review-g1023340-d1093325-Reviews-Futaba-Tosashimizu_Kochi_Prefecture_Shikoku.html
Ahizuri Kokusai Hotel,787-0315,Kochi Prefecture,662 Ashizurimisaki Tosashimizu,,$$,http://www.tripadvisor.com/Hotel_Review-g1023340-d1093329-Reviews-Ahizuri_Kokusai_Hotel-Tosashimizu_Kochi_Prefecture_Shikoku.html
Hotel Kaijokan,787-0315,Kochi Prefecture,565 Ashizurimisaki Tosashimizu,,$$,http://www.tripadvisor.com/Hotel_Review-g1023340-d1093332-Reviews-Hotel_Kaijokan-Tosashimizu_Kochi_Prefecture_Shikoku.html
Ashizuri Hassen,787-0315,Kochi Prefecture,483 Ashizurimisaki Tosashimizu,,,http://www.tripadvisor.com/Hotel_Review-g1023340-d1104436-Reviews-Ashizuri_Hassen-Tosashimizu_Kochi_Prefecture_Shikoku.html
Tosaya,787-0452,Kochi Prefecture,28-2 Tatsukushi Tosashimizu,,$,http://www.tripadvisor.com/Hotel_Review-g1023340-d1104439-Reviews-Tosaya-Tosashimizu_Kochi_Prefecture_Shikoku.html
Ashizuri Youth Hostel,787-0315,Kochi Prefecture,1351-3 Ashizurimisaki Tosashimizu,,,http://www.tripadvisor.com/Hotel_Review-g1023340-d1104447-Reviews-Ashizuri_Youth_Hostel-Tosashimizu_Kochi_Prefecture_Shikoku.html
Tatsukushien,787-0452,Kochi Prefecture,28-20 Tatsukushi Tosashimizu,,,http://www.tripadvisor.com/Hotel_Review-g1023340-d1104458-Reviews-Tatsukushien-Tosashimizu_Kochi_Prefecture_Shikoku.html
Tatsukushiso,787-0450,Kochi Prefecture,4047 Misaki Tosashimizu,,,http://www.tripadvisor.com/Hotel_Review-g1023340-d1104471-Reviews-Tatsukushiso-Tosashimizu_Kochi_Prefecture_Shikoku.html
Fukudaya,787-0315,Kochi Prefecture,1409-3 Ashizurimisaki Tosashimizu,,$,http://www.tripadvisor.com/Hotel_Review-g1023340-d1104484-Reviews-Fukudaya-Tosashimizu_Kochi_Prefecture_Shikoku.html
Hotel Orange,787-0450,Kochi Prefecture,4163 Misaki Tosashimizu,,$,http://www.tripadvisor.com/Hotel_Review-g1023340-d1104491-Reviews-Hotel_Orange-Tosashimizu_Kochi_Prefecture_Shikoku.html
Yuhi,787-0316,Kochi Prefecture,921-9 Matsuo Tosashimizu,,,http://www.tripadvisor.com/Hotel_Review-g1023340-d1104497-Reviews-Yuhi-Tosashimizu_Kochi_Prefecture_Shikoku.html
Kogen,787-0315,Kochi Prefecture,1441-1 Ashizurimisaki Tosashimizu,,$,http://www.tripadvisor.com/Hotel_Review-g1023340-d1104500-Reviews-Kogen-Tosashimizu_Kochi_Prefecture_Shikoku.html
Pension Tsurinosato,787-0316,Kochi Prefecture,516-2 Matsuo Tosashimizu,,,http://www.tripadvisor.com/Hotel_Review-g1023340-d1104503-Reviews-Pension_Tsurinosato-Tosashimizu_Kochi_Prefecture_Shikoku.html
Ashizuri Resort,787-0316,Kochi Prefecture,997-30 Matsuo Tosashimizu,,,http://www.tripadvisor.com/Hotel_Review-g1023340-d1104509-Reviews-Ashizuri_Resort-Tosashimizu_Kochi_Prefecture_Shikoku.html
Pension Kinokujira,787-0338,Kochi Prefecture,1464-461 Kagumi Tosashimizu,,$$,http://www.tripadvisor.com/Hotel_Review-g1023340-d1104515-Reviews-Pension_Kinokujira-Tosashimizu_Kochi_Prefecture_Shikoku.html
Ashizuri Hatto,787-0315,Kochi Prefecture,641-1 Ashizurimisaki Tosashimizu,,,http://www.tripadvisor.com/Hotel_Review-g1023340-d1104522-Reviews-Ashizuri_Hatto-Tosashimizu_Kochi_Prefecture_Shikoku.html
Minshuku Isaribi,787-0244,Kochi Prefecture,355_5 Kumomo Tosashimizu,,$$,http://www.tripadvisor.com/Hotel_Review-g1023340-d1119826-Reviews-Minshuku_Isaribi-Tosashimizu_Kochi_Prefecture_Shikoku.html
Rest House Senryu,787-0452,Kochi Prefecture,28-8 Tatsukushi Tosashimizu,,,http://www.tripadvisor.com/Hotel_Review-g1023340-d1499292-Reviews-Rest_House_Senryu-Tosashimizu_Kochi_Prefecture_Shikoku.html
Hoetl Nangoku,787-0452,Kochi Prefecture,28-5 Tatsukushi Tosashimizu,,$,http://www.tripadvisor.com/Hotel_Review-g1023340-d1499299-Reviews-Hoetl_Nangoku-Tosashimizu_Kochi_Prefecture_Shikoku.html
Kokumin Shukusha Ashizuri Greenhouse,787-0316,Kochi Prefecture,919-64 Matsuo Tosashimizu,,,http://www.tripadvisor.com/Hotel_Review-g1023340-d1499305-Reviews-Kokumin_Shukusha_Ashizuri_Greenhouse-Tosashimizu_Kochi_Prefecture_Shikoku.html
Kaiyu,787-0301,Kochi Prefecture,2777-12 Oki Tosashimizu,9,$,http://www.tripadvisor.com/Hotel_Review-g1023340-d1794730-Reviews-Kaiyu-Tosashimizu_Kochi_Prefecture_Shikoku.html
Ashizuri Hanamitsu,787-0315,Kochi Prefecture,626 Ashizurimisaki Tosashimizu,,$,http://www.tripadvisor.com/Hotel_Review-g1023340-d1876879-Reviews-Ashizuri_Hanamitsu-Tosashimizu_Kochi_Prefecture_Shikoku.html
Minshuku Miyamoto,787-0562,Kochi Prefecture,811- i Otsu Tosashimizu,,$,http://www.tripadvisor.com/Hotel_Review-g1023340-d1924128-Reviews-Minshuku_Miyamoto-Tosashimizu_Kochi_Prefecture_Shikoku.html
Resort Hotel Umibeno Kajuen,781-5622,Kochi Prefecture,506-1 Teiyama Yasu-cho Konan,,$$,http://www.tripadvisor.com/Hotel_Review-g1023361-d1071237-Reviews-Resort_Hotel_Umibeno_Kajuen-Konan_Kochi_Prefecture_Shikoku.html
Marukome Ryokan,781-5232,Kochi Prefecture,2682 Nishino Noichi-cho Konan,,$,http://www.tripadvisor.com/Hotel_Review-g1023361-d1072165-Reviews-Marukome_Ryokan-Konan_Kochi_Prefecture_Shikoku.html
Kochi Kuroshio Hotel,781-5213,Kochi Prefecture,1630 Noichi-cho Higashino Konan,,$,http://www.tripadvisor.com/Hotel_Review-g1023361-d1093353-Reviews-Kochi_Kuroshio_Hotel-Konan_Kochi_Prefecture_Shikoku.html
Kaifuso,781-5621,Kochi Prefecture,3 Tei Yasu-cho Konan,,,http://www.tripadvisor.com/Hotel_Review-g1023361-d1105274-Reviews-Kaifuso-Konan_Kochi_Prefecture_Shikoku.html
Shioyajuku,781-5622,Kochi Prefecture,1304 Teiyama Yasu-cho Konan,,,http://www.tripadvisor.com/Hotel_Review-g1023361-d1105281-Reviews-Shioyajuku-Konan_Kochi_Prefecture_Shikoku.html
Hotel Bellreef Otsuki,788-0313　,Kochi Prefecture,404 Suogata Otsuki-cho,,$,http://www.tripadvisor.com/Hotel_Review-g1121463-d1132318-Reviews-Hotel_Bellreef_Otsuki-Otsuki_cho_Hata_gun_Kochi_Prefecture_Shikoku.html
Fin House,788-0343,Kochi Prefecture,641-3 Kashiwajima Otsuki-cho,,,http://www.tripadvisor.com/Hotel_Review-g1121463-d1499985-Reviews-Fin_House-Otsuki_cho_Hata_gun_Kochi_Prefecture_Shikoku.html
Nakata Ryokan,788-0302,Kochi Prefecture,3985-Ro Hiromi Otsuki-cho,,,http://www.tripadvisor.com/Hotel_Review-g1121463-d1499992-Reviews-Nakata_Ryokan-Otsuki_cho_Hata_gun_Kochi_Prefecture_Shikoku.html
Yukamaru,788-0342,Kochi Prefecture,163 Issai Otsuki-cho,,,http://www.tripadvisor.com/Hotel_Review-g1121463-d1876765-Reviews-Yukamaru-Otsuki_cho_Hata_gun_Kochi_Prefecture_Shikoku.html
Pension Minamikaze,788-0362,Kochi Prefecture,1877-11 Yoshinosawa Otsuki-cho,,$,http://www.tripadvisor.com/Hotel_Review-g1121463-d1876770-Reviews-Pension_Minamikaze-Otsuki_cho_Hata_gun_Kochi_Prefecture_Shikoku.html
Yamabun,788-0343,Kochi Prefecture,641-2 Kashiwajima Otsuki-cho,,$,http://www.tripadvisor.com/Hotel_Review-g1121463-d3144002-Reviews-Yamabun-Otsuki_cho_Hata_gun_Kochi_Prefecture_Shikoku.html
Uogokoro,788-0343,Kochi Prefecture,1096-2 Kashiwajima Otsuki-cho,,,http://www.tripadvisor.com/Hotel_Review-g1121463-d4688305-Reviews-Uogokoro-Otsuki_cho_Hata_gun_Kochi_Prefecture_Shikoku.html
Shimizugawaso,787-0802,Kochi Prefecture,1562 Miyanokawa Mihara-mura,,,http://www.tripadvisor.com/Hotel_Review-g1121464-d1863063-Reviews-Shimizugawaso-Mihara_mura_Hata_gun_Kochi_Prefecture_Shikoku.html
Rosort Inn Irino Seiyoukan,789-1931,Kochi Prefecture,3324 Irino Kuroshio-cho,,,http://www.tripadvisor.com/Hotel_Review-g1121465-d1500001-Reviews-Rosort_Inn_Irino_Seiyoukan-Kuroshio_cho_Hata_gun_Kochi_Prefecture_Shikoku.html
Nest West Garden Tosa,789-1931,Kochi Prefecture,184 Irino Kuroshio-cho,,$,http://www.tripadvisor.com/Hotel_Review-g1121465-d1500014-Reviews-Nest_West_Garden_Tosa-Kuroshio_cho_Hata_gun_Kochi_Prefecture_Shikoku.html
Susaki Prince Hotel,785-0041,Kochi Prefecture,6-6 Nishizakimachi Susaki,,$,http://www.tripadvisor.com/Hotel_Review-g1023341-d1071232-Reviews-Susaki_Prince_Hotel-Susaki_Kochi_Prefecture_Shikoku.html
Yamazato Onsen,785-0027,Kochi Prefecture,1336 Kamibunotsu Susaki,,$,http://www.tripadvisor.com/Hotel_Review-g1023341-d2463356-Reviews-Yamazato_Onsen-Susaki_Kochi_Prefecture_Shikoku.html
Ikumi White Beach Hotel,781-7414,Kochi Prefecture,575-11 Ikumi Toyo-cho,,,http://www.tripadvisor.com/Hotel_Review-g1121443-d1168865-Reviews-Ikumi_White_Beach_Hotel-Toyo_cho_Aki_gun_Kochi_Prefecture_Shikoku.html
Minshuku Nangokuan,781-7414,Kochi Prefecture,518 Ikumi Toyo-cho,,$$,http://www.tripadvisor.com/Hotel_Review-g1121443-d1499346-Reviews-Minshuku_Nangokuan-Toyo_cho_Aki_gun_Kochi_Prefecture_Shikoku.html
Surfpoint,781-7414 ,Kochi Prefecture,593-3 Ikumi Toyo-cho,,,http://www.tripadvisor.com/Hotel_Review-g1121443-d1732252-Reviews-Surfpoint-Toyo_cho_Aki_gun_Kochi_Prefecture_Shikoku.html
Minshuku Ikumi,781-7414,Kochi Prefecture,7-1 Ikumi Toyo-cho,,,http://www.tripadvisor.com/Hotel_Review-g1121443-d2041629-Reviews-Minshuku_Ikumi-Toyo_cho_Aki_gun_Kochi_Prefecture_Shikoku.html
Kitagawamura Onsen Yuzunoyado,781-6451　,Kochi Prefecture,121 Koshima Kitagawa-mura,,$$,http://www.tripadvisor.com/Hotel_Review-g1121447-d1132274-Reviews-Kitagawamura_Onsen_Yuzunoyado-Kitagawa_mura_Aki_gun_Kochi_Prefecture_Shikoku.html
Tosa Royal Hotel,781-5703,Kochi Prefecture,2995 Nishibunko Geisei-mura,195,$$,http://www.tripadvisor.com/Hotel_Review-g1121449-d1123559-Reviews-Tosa_Royal_Hotel-Geisei_mura_Aki_gun_Kochi_Prefecture_Shikoku.html
Hotel Nahari,781-6402,Kochi Prefecture,593-1 Naharicho Otsu Nahari-cho,,$,http://www.tripadvisor.com/Hotel_Review-g1121444-d1132271-Reviews-Hotel_Nahari-Nahari_cho_Aki_gun_Kochi_Prefecture_Shikoku.html
Umaji Onsen,781-6201,Kochi Prefecture,Umaji Umaji-mura,,,http://www.tripadvisor.com/Hotel_Review-g1121448-d5020776-Reviews-Umaji_Onsen-Umaji_mura_Aki_gun_Kochi_Prefecture_Shikoku.html
