Comfort Inn Suzuka,510-0241,Mie Prefecture,"14-26, Shiroko-Ekimae Suzuka",105,$,http://www.tripadvisor.com/Hotel_Review-g298194-d299467-Reviews-Comfort_Inn_Suzuka-Suzuka_Mie_Prefecture_Kinki.html
Hotel Green Park Suzuka,510-0243,Mie Prefecture,4-15-20 Shiroko Suzuka,,$,http://www.tripadvisor.com/Hotel_Review-g298194-d1074385-Reviews-Hotel_Green_Park_Suzuka-Suzuka_Mie_Prefecture_Kinki.html
Hotel High City Serente,513-0843,Mie Prefecture,14-15 Hiratahigashimachi Suzuka,,$$,http://www.tripadvisor.com/Hotel_Review-g298194-d1086172-Reviews-Hotel_High_City_Serente-Suzuka_Mie_Prefecture_Kinki.html
Hotel Castle Inn Suzuka,513-0806,Mie Prefecture,3-6-12 Sanjo Suzuka,,$,http://www.tripadvisor.com/Hotel_Review-g298194-d1086177-Reviews-Hotel_Castle_Inn_Suzuka-Suzuka_Mie_Prefecture_Kinki.html
Hotel Castle Inn Tamagaki,513-0816,Mie Prefecture,6312 Minamitamagaki Suzuka,,$,http://www.tripadvisor.com/Hotel_Review-g298194-d1086183-Reviews-Hotel_Castle_Inn_Tamagaki-Suzuka_Mie_Prefecture_Kinki.html
Hotel Route Inn Suzuka,513-0844 ,Mie Prefecture,2-6-9 Hirata Suzuka,,$,http://www.tripadvisor.com/Hotel_Review-g298194-d1086188-Reviews-Hotel_Route_Inn_Suzuka-Suzuka_Mie_Prefecture_Kinki.html
Suzuka Royal Hotel,513-0826,Mie Prefecture,3-2-21 Sumiyoshi Suzuka,36,$,http://www.tripadvisor.com/Hotel_Review-g298194-d1094079-Reviews-Suzuka_Royal_Hotel-Suzuka_Mie_Prefecture_Kinki.html
Suzuka Central Hotel,513-0827,Mie Prefecture,3-11-35 Oike Suzuka,106,$,http://www.tripadvisor.com/Hotel_Review-g298194-d1094081-Reviews-Suzuka_Central_Hotel-Suzuka_Mie_Prefecture_Kinki.html
Suzuka Storia Hotel,513-0806,Mie Prefecture,1-1-1 Sanjo Suzuka,,$,http://www.tripadvisor.com/Hotel_Review-g298194-d1094082-Reviews-Suzuka_Storia_Hotel-Suzuka_Mie_Prefecture_Kinki.html
Business Hotel Mifune,513-0801,Mie Prefecture,8-6-11 Kanbe Suzuka,,,http://www.tripadvisor.com/Hotel_Review-g298194-d1114034-Reviews-Business_Hotel_Mifune-Suzuka_Mie_Prefecture_Kinki.html
Hotel High City,510-0241,Mie Prefecture,10-15 Shirokoekimae Suzuka,,$,http://www.tripadvisor.com/Hotel_Review-g298194-d1114040-Reviews-Hotel_High_City-Suzuka_Mie_Prefecture_Kinki.html
Isuzu,513-0833,Mie Prefecture,1-4-51 Shonokyoshin Suzuka,,,http://www.tripadvisor.com/Hotel_Review-g298194-d1114045-Reviews-Isuzu-Suzuka_Mie_Prefecture_Kinki.html
Hanafusa,513-0041,Mie Prefecture,2-11-3 Nagoshinmachi Suzuka,,,http://www.tripadvisor.com/Hotel_Review-g298194-d1114049-Reviews-Hanafusa-Suzuka_Mie_Prefecture_Kinki.html
Suzuka Circuit Hotel,510-0295,Mie Prefecture,7992 Inocho Suzuka,229,$$,http://www.tripadvisor.com/Hotel_Review-g298194-d1145371-Reviews-Suzuka_Circuit_Hotel-Suzuka_Mie_Prefecture_Kinki.html
Shiroko Storia Hotel,510-0241,Mie Prefecture,2955 Shiroko-ekimae Suzuka,,$,http://www.tripadvisor.com/Hotel_Review-g298194-d1484339-Reviews-Shiroko_Storia_Hotel-Suzuka_Mie_Prefecture_Kinki.html
Business Hotel Thank You (Suzuka branch),513-0827,Mie Prefecture,3-8-25 Oike Suzuka,,$,http://www.tripadvisor.com/Hotel_Review-g298194-d1863072-Reviews-Business_Hotel_Thank_You_Suzuka_branch-Suzuka_Mie_Prefecture_Kinki.html
Ryokan Uoyo,510-0254,Mie Prefecture,4-9-21 Jike Suzuka,,$,http://www.tripadvisor.com/Hotel_Review-g298194-d1876902-Reviews-Ryokan_Uoyo-Suzuka_Mie_Prefecture_Kinki.html
Super Hotel Suzuka,513-0806,Mie Prefecture,"1-8-24, Sanjo Suzuka",,$,http://www.tripadvisor.com/Hotel_Review-g298194-d2015823-Reviews-Super_Hotel_Suzuka-Suzuka_Mie_Prefecture_Kinki.html
Plage Suzuka,510-0227,Mie Prefecture,468-2 Minamiwakamatsucho Suzuka,,$,http://www.tripadvisor.com/Hotel_Review-g298194-d2537363-Reviews-Plage_Suzuka-Suzuka_Mie_Prefecture_Kinki.html
Sana Hotel Suzuka,513-0801 ,Mie Prefecture,8-6-11 Kobe Suzuka,,$,http://www.tripadvisor.com/Hotel_Review-g298194-d3966507-Reviews-Sana_Hotel_Suzuka-Suzuka_Mie_Prefecture_Kinki.html
Sportsuman House Suzuka,510-0261,Mie Prefecture,1669 Misonocho Suzuka,,$,http://www.tripadvisor.com/Hotel_Review-g298194-d4341896-Reviews-Sportsuman_House_Suzuka-Suzuka_Mie_Prefecture_Kinki.html
Daiwaso,513-0825,Mie Prefecture,6650 Sumiyoshicho Suzuka,,$,http://www.tripadvisor.com/Hotel_Review-g298194-d4945554-Reviews-Daiwaso-Suzuka_Mie_Prefecture_Kinki.html
Otomoi Ryokan,513-0817,Mie Prefecture,2-11-12 Sakurajimacho Suzuka,,,http://www.tripadvisor.com/Hotel_Review-g298194-d6999146-Reviews-Otomoi_Ryokan-Suzuka_Mie_Prefecture_Kinki.html
Ogisukeikoku Yama no Ie,519-0316,Mie Prefecture,1187 Ogisucho Suzuka,,,http://www.tripadvisor.com/Hotel_Review-g298194-d7001459-Reviews-Ogisukeikoku_Yama_no_Ie-Suzuka_Mie_Prefecture_Kinki.html
Hotel Econo Kameyama,519-0124,Mie Prefecture,59 Higashimiyukicho Kameyama,112,$,http://www.tripadvisor.com/Hotel_Review-g1019674-d1074380-Reviews-Hotel_Econo_Kameyama-Kameyama_Mie_Prefecture_Kinki.html
Hotel Route Inn Kameyama Inter,519-0168,Mie Prefecture,"1195-9 Shimotani, Taikoji-cho Kameyama",,$,http://www.tripadvisor.com/Hotel_Review-g1019674-d1074382-Reviews-Hotel_Route_Inn_Kameyama_Inter-Kameyama_Mie_Prefecture_Kinki.html
Kameyama Daiichi Hotel,519-0124,Mie Prefecture,38-3 Higashimiyukicho Kameyama,,$,http://www.tripadvisor.com/Hotel_Review-g1019674-d1094046-Reviews-Kameyama_Daiichi_Hotel-Kameyama_Mie_Prefecture_Kinki.html
Living Hotel Kameyama,519-0167,Mie Prefecture,671-1 Ono-cho Kameyama,,$,http://www.tripadvisor.com/Hotel_Review-g1019674-d1094053-Reviews-Living_Hotel_Kameyama-Kameyama_Mie_Prefecture_Kinki.html
Kameyama Storia Hotel,519-0124,Mie Prefecture,172-1 Higashimiyukicho Kameyama,,$,http://www.tripadvisor.com/Hotel_Review-g1019674-d1112790-Reviews-Kameyama_Storia_Hotel-Kameyama_Mie_Prefecture_Kinki.html
Candeo Hotels Kameyama,519-0167,Mie Prefecture,532-2 Ono-cho Kitawari Kameyama,170,$,http://www.tripadvisor.com/Hotel_Review-g1019674-d1112794-Reviews-Candeo_Hotels_Kameyama-Kameyama_Mie_Prefecture_Kinki.html
Hotel Route Inn Kameyama Inter II,519-0168,Mie Prefecture,1164-4 Taikoji-cho Kameyama,207,$,http://www.tripadvisor.com/Hotel_Review-g1019674-d1368339-Reviews-Hotel_Route_Inn_Kameyama_Inter_II-Kameyama_Mie_Prefecture_Kinki.html
Ishigakiya,519-1102,Mie Prefecture,445 Sekimachi Nakamachi Kameyama,,,http://www.tripadvisor.com/Hotel_Review-g1019674-d6591240-Reviews-Ishigakiya-Kameyama_Mie_Prefecture_Kinki.html
Yokkaichi Miyako Hotel,510-0075,Mie Prefecture,1-3-38 Yasujima Yokkaichi,118,$,http://www.tripadvisor.com/Hotel_Review-g1019680-d604274-Reviews-Yokkaichi_Miyako_Hotel-Yokkaichi_Mie_Prefecture_Kinki.html
Hotel Econo Yokkaichi,510-0071,Mie Prefecture,1-10-21 Nishiura Yokkaichi,,$,http://www.tripadvisor.com/Hotel_Review-g1019680-d1073551-Reviews-Hotel_Econo_Yokkaichi-Yokkaichi_Mie_Prefecture_Kinki.html
Hotel Leopalace Yokkaichi,510-0074,Mie Prefecture,1-3-19 Unomori Yokkaichi,,$,http://www.tripadvisor.com/Hotel_Review-g1019680-d1073553-Reviews-Hotel_Leopalace_Yokkaichi-Yokkaichi_Mie_Prefecture_Kinki.html
Hotel Sunroute Yokkaichi,510-0074,Mie Prefecture,2-1-4 Unomori Yokkaichi,84,$,http://www.tripadvisor.com/Hotel_Review-g1019680-d1073555-Reviews-Hotel_Sunroute_Yokkaichi-Yokkaichi_Mie_Prefecture_Kinki.html
Shin Yokkaichi Hotel,510-0067,Mie Prefecture,5-3 Hamadacho Yokkaichi,,$,http://www.tripadvisor.com/Hotel_Review-g1019680-d1073578-Reviews-Shin_Yokkaichi_Hotel-Yokkaichi_Mie_Prefecture_Kinki.html
Taisyoukan,510-0087,Mie Prefecture,3-18 Nishishinchi Yokkaichi,,$,http://www.tripadvisor.com/Hotel_Review-g1019680-d1073587-Reviews-Taisyoukan-Yokkaichi_Mie_Prefecture_Kinki.html
Yokkaichi City Hotel,510-0086,Mie Prefecture,7-28 Suwasakaemachi Yokkaichi,100,$,http://www.tripadvisor.com/Hotel_Review-g1019680-d1074404-Reviews-Yokkaichi_City_Hotel-Yokkaichi_Mie_Prefecture_Kinki.html
Yokkaichi City Hotel Annex,510-0067,Mie Prefecture,7-11 Hamadacho Yokkaichi,152,$,http://www.tripadvisor.com/Hotel_Review-g1019680-d1074407-Reviews-Yokkaichi_City_Hotel_Annex-Yokkaichi_Mie_Prefecture_Kinki.html
Heal In Yokkaichi,510-0076 ,Mie Prefecture,4-12 Horiki Yokkaichi,,$,http://www.tripadvisor.com/Hotel_Review-g1019680-d1086146-Reviews-Heal_In_Yokkaichi-Yokkaichi_Mie_Prefecture_Kinki.html
Route Inn Yokkaichi,510-0035 ,Mie Prefecture,11-1 Toeicho Yokkaichi,137,$,http://www.tripadvisor.com/Hotel_Review-g1019680-d1086162-Reviews-Route_Inn_Yokkaichi-Yokkaichi_Mie_Prefecture_Kinki.html
Otakan,510-0885　,Mie Prefecture,2-11-14 Hinaga Yokkaichi,,$,http://www.tripadvisor.com/Hotel_Review-g1019680-d1086163-Reviews-Otakan-Yokkaichi_Mie_Prefecture_Kinki.html
Super Hotel,510-0074,Mie Prefecture,1-2-21 Unomori Yokkaichi,,$,http://www.tripadvisor.com/Hotel_Review-g1019680-d1086166-Reviews-Super_Hotel-Yokkaichi_Mie_Prefecture_Kinki.html
Toei Hotel,510-0074,Mie Prefecture,1-11-1 Unomori Yokkaichi,73,$,http://www.tripadvisor.com/Hotel_Review-g1019680-d1086168-Reviews-Toei_Hotel-Yokkaichi_Mie_Prefecture_Kinki.html
Yokkaichi Urban Hotel,510-0086 ,Mie Prefecture,7-29 Suwa Sakae-machi Yokkaichi,,$,http://www.tripadvisor.com/Hotel_Review-g1019680-d1086170-Reviews-Yokkaichi_Urban_Hotel-Yokkaichi_Mie_Prefecture_Kinki.html
Chibakan,510-0092,Mie Prefecture,5-7 Shincho Yokkaichi,,,http://www.tripadvisor.com/Hotel_Review-g1019680-d1114018-Reviews-Chibakan-Yokkaichi_Mie_Prefecture_Kinki.html
Hatsuhiro,510-0105,Mie Prefecture,75-4 Kusuchominamigawa Yokkaichi,,,http://www.tripadvisor.com/Hotel_Review-g1019680-d1114021-Reviews-Hatsuhiro-Yokkaichi_Mie_Prefecture_Kinki.html
Castle Inn Yokkaichi,510-0825,Mie Prefecture,1-20 Akahorishinmachi Yokkaichi,,$,http://www.tripadvisor.com/Hotel_Review-g1019680-d1114026-Reviews-Castle_Inn_Yokkaichi-Yokkaichi_Mie_Prefecture_Kinki.html
Miyazumaso,512-1105,Mie Prefecture,237 Suizawacho Yokkaichi,,,http://www.tripadvisor.com/Hotel_Review-g1019680-d1114029-Reviews-Miyazumaso-Yokkaichi_Mie_Prefecture_Kinki.html
Sanco Inn Yokkaichiekimae,510-0075,Mie Prefecture,1-1-20 Yasujima Yokkaichi,138,$,http://www.tripadvisor.com/Hotel_Review-g1019680-d1751169-Reviews-Sanco_Inn_Yokkaichiekimae-Yokkaichi_Mie_Prefecture_Kinki.html
Business Hotel Funatomi,510-0066,Mie Prefecture,3-19 Minamihamada-cho Yokkaichi,,,http://www.tripadvisor.com/Hotel_Review-g1019680-d1876859-Reviews-Business_Hotel_Funatomi-Yokkaichi_Mie_Prefecture_Kinki.html
Business Ryokan Sakaekan,510-0947,Mie Prefecture,7-2 Hachioji-cho Yokkaichi,,,http://www.tripadvisor.com/Hotel_Review-g1019680-d1876862-Reviews-Business_Ryokan_Sakaekan-Yokkaichi_Mie_Prefecture_Kinki.html
Business Hotel Nishiura,510-0071,Mie Prefecture,1-2-3 Nishiura Yokkaichi,,$,http://www.tripadvisor.com/Hotel_Review-g1019680-d1876865-Reviews-Business_Hotel_Nishiura-Yokkaichi_Mie_Prefecture_Kinki.html
Super Hotel Yokkaichi Kokudo Ichigou-zoi,510-0046,Mie Prefecture,1-6 Hamamachi Yokkaichi,,$,http://www.tripadvisor.com/Hotel_Review-g1019680-d2258795-Reviews-Super_Hotel_Yokkaichi_Kokudo_Ichigou_zoi-Yokkaichi_Mie_Prefecture_Kinki.html
Platon Hotel Yokkaichi,510-0087,Mie Prefecture,7-3 Nishishinchi Yokkaichi,,$,http://www.tripadvisor.com/Hotel_Review-g1019680-d4131250-Reviews-Platon_Hotel_Yokkaichi-Yokkaichi_Mie_Prefecture_Kinki.html
Hotel Seoul Garden,040-0063,Mie Prefecture,22-7 Wakamatsu-cho Yokkaichi,,$,http://www.tripadvisor.com/Hotel_Review-g1019680-d4131251-Reviews-Hotel_Seoul_Garden-Yokkaichi_Mie_Prefecture_Kinki.html
Awami,517-0015,Mie Prefecture,300-7 Ohamacho Toba,,$,http://www.tripadvisor.com/Hotel_Review-g298195-d324870-Reviews-Awami-Toba_Mie_Prefecture_Kinki.html
Thalassa Shima Hotel & Resort,517-0025,Mie Prefecture,1826-1 Uramura-cho Toba,112,$$,http://www.tripadvisor.com/Hotel_Review-g298195-d324872-Reviews-Thalassa_Shima_Hotel_Resort-Toba_Mie_Prefecture_Kinki.html
Toba Kokusai Hotel,517-0011,Mie Prefecture,1-23-1 Toba Toba,79,$$,http://www.tripadvisor.com/Hotel_Review-g298195-d507086-Reviews-Toba_Kokusai_Hotel-Toba_Mie_Prefecture_Kinki.html
Hotel Toba Kowaki-en,517-0021,Mie Prefecture,1061 Arashima-cho Toba,107,$,http://www.tripadvisor.com/Hotel_Review-g298195-d628452-Reviews-Hotel_Toba_Kowaki_en-Toba_Mie_Prefecture_Kinki.html
Yuukinosato,517-0025,Mie Prefecture,1254 Uramuracho Toba,,$$$$,http://www.tripadvisor.com/Hotel_Review-g298195-d817086-Reviews-Yuukinosato-Toba_Mie_Prefecture_Kinki.html
Yumoto Amanoshima,517-0021,Mie Prefecture,1075-100 Arashimacho Toba,,$$,http://www.tripadvisor.com/Hotel_Review-g298195-d1071937-Reviews-Yumoto_Amanoshima-Toba_Mie_Prefecture_Kinki.html
Bayside Uemura,517-0025,Mie Prefecture,1198-1 Uramura-cho Toba,,,http://www.tripadvisor.com/Hotel_Review-g298195-d1071938-Reviews-Bayside_Uemura-Toba_Mie_Prefecture_Kinki.html
Shinmatsushima,517-0015,Mie Prefecture,272-44 Ohamacho Toba,,$$,http://www.tripadvisor.com/Hotel_Review-g298195-d1071960-Reviews-Shinmatsushima-Toba_Mie_Prefecture_Kinki.html
Kazumi,517-0032,Mie Prefecture,1143 Osatsu-cho Toba,,$$$,http://www.tripadvisor.com/Hotel_Review-g298195-d1073460-Reviews-Kazumi-Toba_Mie_Prefecture_Kinki.html
Hotel Resort Saikatei,517-0021,Mie Prefecture,1075-149 Arashimacho Toba,,$$,http://www.tripadvisor.com/Hotel_Review-g298195-d1073540-Reviews-Hotel_Resort_Saikatei-Toba_Mie_Prefecture_Kinki.html
Hotel Wako,517-0011,Mie Prefecture,1-13-1 Toba Toba,,$,http://www.tripadvisor.com/Hotel_Review-g298195-d1073548-Reviews-Hotel_Wako-Toba_Mie_Prefecture_Kinki.html
Ijika Daiichi Hotel Kagura,517-0026,Mie Prefecture,338-5 Ijikacho Toba,,$$,http://www.tripadvisor.com/Hotel_Review-g298195-d1074006-Reviews-Ijika_Daiichi_Hotel_Kagura-Toba_Mie_Prefecture_Kinki.html
Kanpourou,517-0002,Mie Prefecture,806-5 Toshicho Toba,,,http://www.tripadvisor.com/Hotel_Review-g298195-d1074009-Reviews-Kanpourou-Toba_Mie_Prefecture_Kinki.html
Hanashinsui,517-0026,Mie Prefecture,187 Ijikacho Toba,,$$$,http://www.tripadvisor.com/Hotel_Review-g298195-d1074012-Reviews-Hanashinsui-Toba_Mie_Prefecture_Kinki.html
Minshuku Isonoaji Nakora,517-0004,Mie Prefecture,359-2 Sugashimacho Toba,,$$,http://www.tripadvisor.com/Hotel_Review-g298195-d1074016-Reviews-Minshuku_Isonoaji_Nakora-Toba_Mie_Prefecture_Kinki.html
Minshuku Kitagawa,517-0033,Mie Prefecture,169 Adakocho Toba,,$$,http://www.tripadvisor.com/Hotel_Review-g298195-d1074019-Reviews-Minshuku_Kitagawa-Toba_Mie_Prefecture_Kinki.html
Yamashichi,517-0002,Mie Prefecture,958 Toshicho Toba,,$$,http://www.tripadvisor.com/Hotel_Review-g298195-d1074021-Reviews-Yamashichi-Toba_Mie_Prefecture_Kinki.html
Resort Hills Toyohama,517-0032,Mie Prefecture,1471 Osatsucho Toba,36,$$$,http://www.tripadvisor.com/Hotel_Review-g298195-d1074038-Reviews-Resort_Hills_Toyohama-Toba_Mie_Prefecture_Kinki.html
Masamiya,517-0032,Mie Prefecture,1410-1 Osatsucho Toba,,$,http://www.tripadvisor.com/Hotel_Review-g298195-d1074042-Reviews-Masamiya-Toba_Mie_Prefecture_Kinki.html
Senpokaku,517-0011,Mie Prefecture,2-12-24 Toba Toba,85,$,http://www.tripadvisor.com/Hotel_Review-g298195-d1074052-Reviews-Senpokaku-Toba_Mie_Prefecture_Kinki.html
Shima Beach Hotel,517-0032,Mie Prefecture,1522-40 Osatsucho Toba,,$$,http://www.tripadvisor.com/Hotel_Review-g298195-d1074054-Reviews-Shima_Beach_Hotel-Toba_Mie_Prefecture_Kinki.html
Shimanoyado Murataya,517-0004,Mie Prefecture,380 Sugashimacho Toba,,$$,http://www.tripadvisor.com/Hotel_Review-g298195-d1074056-Reviews-Shimanoyado_Murataya-Toba_Mie_Prefecture_Kinki.html
Shinpachiya,517-0026,Mie Prefecture,338-1 Ijikacho Toba,,$$,http://www.tripadvisor.com/Hotel_Review-g298195-d1074065-Reviews-Shinpachiya-Toba_Mie_Prefecture_Kinki.html
Suzunami Bekkan Kinpokan,517-0011,Mie Prefecture,1-10-38 Toba Toba,,$$,http://www.tripadvisor.com/Hotel_Review-g298195-d1074066-Reviews-Suzunami_Bekkan_Kinpokan-Toba_Mie_Prefecture_Kinki.html
Toba View New Hotel Hanashinju,517-0021,Mie Prefecture,1075-98 Arashima-cho Toba,,$$,http://www.tripadvisor.com/Hotel_Review-g298195-d1074072-Reviews-Toba_View_New_Hotel_Hanashinju-Toba_Mie_Prefecture_Kinki.html
Toba Grand Hotel,517-0015,Mie Prefecture,239-9 Ohamacho Toba,85,$$,http://www.tripadvisor.com/Hotel_Review-g298195-d1074296-Reviews-Toba_Grand_Hotel-Toba_Mie_Prefecture_Kinki.html
Toba Ohamasou,517-0015,Mie Prefecture,288 Ohamacho Toba,,$$,http://www.tripadvisor.com/Hotel_Review-g298195-d1074305-Reviews-Toba_Ohamasou-Toba_Mie_Prefecture_Kinki.html
Toba Seaside Hotel,517-0021,Mie Prefecture,1084 Arashimacho Toba,211,$$,http://www.tripadvisor.com/Hotel_Review-g298195-d1074307-Reviews-Toba_Seaside_Hotel-Toba_Mie_Prefecture_Kinki.html
Todaya,517-0011,Mie Prefecture,1-24-26 Toba Toba,180,$$,http://www.tripadvisor.com/Hotel_Review-g298195-d1074308-Reviews-Todaya-Toba_Mie_Prefecture_Kinki.html
Hotel Maritaime Kaikoen Kifuka,517-0021,Mie Prefecture,1075-113 Arashimacho Toba,53,$$,http://www.tripadvisor.com/Hotel_Review-g298195-d1074318-Reviews-Hotel_Maritaime_Kaikoen_Kifuka-Toba_Mie_Prefecture_Kinki.html
Takaraya Ryokan,517-0002,Mie Prefecture,2196-1 Wagu Toshi-cho Toba,,$,http://www.tripadvisor.com/Hotel_Review-g298195-d1074324-Reviews-Takaraya_Ryokan-Toba_Mie_Prefecture_Kinki.html
Hama no Miyabitei Ichii Lobby,517-0032,Mie Prefecture,1522-27 Osatsu-cho Toba,,$,http://www.tripadvisor.com/Hotel_Review-g298195-d1074332-Reviews-Hama_no_Miyabitei_Ichii_Lobby-Toba_Mie_Prefecture_Kinki.html
Yoshikawa Kaikien,517-0025,Mie Prefecture,141-4 Odanohama Uramuracho Toba,,$$,http://www.tripadvisor.com/Hotel_Review-g298195-d1074770-Reviews-Yoshikawa_Kaikien-Toba_Mie_Prefecture_Kinki.html
Adakouraso,517-0033,Mie Prefecture,287 Adakocho Toba,,,http://www.tripadvisor.com/Hotel_Review-g298195-d1086464-Reviews-Adakouraso-Toba_Mie_Prefecture_Kinki.html
Ajikura Caro Caro,517-0025,Mie Prefecture,222 Uramura-cho Toba,,$$$,http://www.tripadvisor.com/Hotel_Review-g298195-d1086494-Reviews-Ajikura_Caro_Caro-Toba_Mie_Prefecture_Kinki.html
Suzuki Annex,517-0032,Mie Prefecture,174 Osatsucho Toba,,$$$,http://www.tripadvisor.com/Hotel_Review-g298195-d1086527-Reviews-Suzuki_Annex-Toba_Mie_Prefecture_Kinki.html
Hisago,517-0033 ,Mie Prefecture,90-1 Adako-cho Toba,,,http://www.tripadvisor.com/Hotel_Review-g298195-d1086540-Reviews-Hisago-Toba_Mie_Prefecture_Kinki.html
Hanatsubaki,517-0032,Mie Prefecture,1189 Osatsucho Toba,,$$$,http://www.tripadvisor.com/Hotel_Review-g298195-d1086555-Reviews-Hanatsubaki-Toba_Mie_Prefecture_Kinki.html
Hyosuke,517-0032,Mie Prefecture,346 Osatsucho Toba,,$$,http://www.tripadvisor.com/Hotel_Review-g298195-d1086587-Reviews-Hyosuke-Toba_Mie_Prefecture_Kinki.html
Sasaki,517-0032,Mie Prefecture,334 Osatsucho Toba,,$$,http://www.tripadvisor.com/Hotel_Review-g298195-d1086618-Reviews-Sasaki-Toba_Mie_Prefecture_Kinki.html
Amigen,517-0033,Mie Prefecture,186 Adakocho Toba,,$$,http://www.tripadvisor.com/Hotel_Review-g298195-d1086639-Reviews-Amigen-Toba_Mie_Prefecture_Kinki.html
Nakahei,517-0032,Mie Prefecture,184-2 Osatsucho Toba,,$$$,http://www.tripadvisor.com/Hotel_Review-g298195-d1086668-Reviews-Nakahei-Toba_Mie_Prefecture_Kinki.html
Uokan,517-0032 ,Mie Prefecture,993-3 Osatsucho Toba,,$$,http://www.tripadvisor.com/Hotel_Review-g298195-d1086700-Reviews-Uokan-Toba_Mie_Prefecture_Kinki.html
Yumeyuka,517-0032,Mie Prefecture,2269-16 Osatsu-cho Toba,,$$$$,http://www.tripadvisor.com/Hotel_Review-g298195-d1086731-Reviews-Yumeyuka-Toba_Mie_Prefecture_Kinki.html
Noichi,517-0032,Mie Prefecture,1405 Osatsucho Toba,,$$,http://www.tripadvisor.com/Hotel_Review-g298195-d1086758-Reviews-Noichi-Toba_Mie_Prefecture_Kinki.html
Sawaei,517-0032,Mie Prefecture,1100 Osatsu-cho Toba,,$$$,http://www.tripadvisor.com/Hotel_Review-g298195-d1086785-Reviews-Sawaei-Toba_Mie_Prefecture_Kinki.html
Nagaoka,517-0032 ,Mie Prefecture,444-1 Osatsucho Toba,,$$,http://www.tripadvisor.com/Hotel_Review-g298195-d1086802-Reviews-Nagaoka-Toba_Mie_Prefecture_Kinki.html
Petit Hotel Domingo,517-0021,Mie Prefecture,1061-14 Arashima-cho Toba,,$$$,http://www.tripadvisor.com/Hotel_Review-g298195-d1086856-Reviews-Petit_Hotel_Domingo-Toba_Mie_Prefecture_Kinki.html
Ebishima,517-0004,Mie Prefecture,114-2 Sugashima-cho Toba,,,http://www.tripadvisor.com/Hotel_Review-g298195-d1086886-Reviews-Ebishima-Toba_Mie_Prefecture_Kinki.html
Hidemaru Hanagokoro,517-0026,Mie Prefecture,392 Ijikacho Toba,,$$,http://www.tripadvisor.com/Hotel_Review-g298195-d1086927-Reviews-Hidemaru_Hanagokoro-Toba_Mie_Prefecture_Kinki.html
Matsumura Annex,517-0004,Mie Prefecture,151-18 Sugashimacho Toba,,$$,http://www.tripadvisor.com/Hotel_Review-g298195-d1086957-Reviews-Matsumura_Annex-Toba_Mie_Prefecture_Kinki.html
Keisen,517-0031,Mie Prefecture,740 Kuzakicho Toba,,$$$,http://www.tripadvisor.com/Hotel_Review-g298195-d1086984-Reviews-Keisen-Toba_Mie_Prefecture_Kinki.html
Kameya,517-0021,Mie Prefecture,893-1 Arashimacho Toba,,$$,http://www.tripadvisor.com/Hotel_Review-g298195-d1086997-Reviews-Kameya-Toba_Mie_Prefecture_Kinki.html
Marubun,517-0031,Mie Prefecture,435 Kuzaki-cho Toba,,$$,http://www.tripadvisor.com/Hotel_Review-g298195-d1087070-Reviews-Marubun-Toba_Mie_Prefecture_Kinki.html
Isojima,517-0032,Mie Prefecture,522-7 Osatsucho Toba,,$$,http://www.tripadvisor.com/Hotel_Review-g298195-d1087087-Reviews-Isojima-Toba_Mie_Prefecture_Kinki.html
Hamabeya,517-0015,Mie Prefecture,272-58 Ohamacho Toba,,$$,http://www.tripadvisor.com/Hotel_Review-g298195-d1087096-Reviews-Hamabeya-Toba_Mie_Prefecture_Kinki.html
Hamazaki Pension,517-0002,Mie Prefecture,2186 Wagu Toshi-cho Toba,,,http://www.tripadvisor.com/Hotel_Review-g298195-d1087100-Reviews-Hamazaki_Pension-Toba_Mie_Prefecture_Kinki.html
Toto,517-0021,Mie Prefecture,1075-111 Arashimacho Toba,,$$$,http://www.tripadvisor.com/Hotel_Review-g298195-d1087125-Reviews-Toto-Toba_Mie_Prefecture_Kinki.html
Jubei,517-0032,Mie Prefecture,1295 Osatsu-cho Toba,,$$$,http://www.tripadvisor.com/Hotel_Review-g298195-d1087148-Reviews-Jubei-Toba_Mie_Prefecture_Kinki.html
Yugetsu,517-0032,Mie Prefecture,3-43 Osatsucho Toba,,$$$,http://www.tripadvisor.com/Hotel_Review-g298195-d1087184-Reviews-Yugetsu-Toba_Mie_Prefecture_Kinki.html
Hotel Altia Toba,517-0021,Mie Prefecture,1061-9 Arashimacho Toba,72,$$,http://www.tripadvisor.com/Hotel_Review-g298195-d1087532-Reviews-Hotel_Altia_Toba-Toba_Mie_Prefecture_Kinki.html
Hotel Hamarikyu,517-0011,Mie Prefecture,1-22-19 Toba Toba,52,$$,http://www.tripadvisor.com/Hotel_Review-g298195-d1087538-Reviews-Hotel_Hamarikyu-Toba_Mie_Prefecture_Kinki.html
Hotel Ijikaso,517-0026,Mie Prefecture,368-2 Ijikacho Toba,,$$,http://www.tripadvisor.com/Hotel_Review-g298195-d1087550-Reviews-Hotel_Ijikaso-Toba_Mie_Prefecture_Kinki.html
Matsunami,517-0032,Mie Prefecture,1267-1 Osatsucho Toba,,$,http://www.tripadvisor.com/Hotel_Review-g298195-d1087555-Reviews-Matsunami-Toba_Mie_Prefecture_Kinki.html
Hotel Meyurara,517-0011,Mie Prefecture,272-46 Ohamacho Toba,,$$,http://www.tripadvisor.com/Hotel_Review-g298195-d1087571-Reviews-Hotel_Meyurara-Toba_Mie_Prefecture_Kinki.html
Hotel Michishio,517-0032　,Mie Prefecture,1522-12 Osatsucho Toba,,$$,http://www.tripadvisor.com/Hotel_Review-g298195-d1087585-Reviews-Hotel_Michishio-Toba_Mie_Prefecture_Kinki.html
Otaya,517-0032,Mie Prefecture,1411 Osatsucho Toba,,$,http://www.tripadvisor.com/Hotel_Review-g298195-d1087602-Reviews-Otaya-Toba_Mie_Prefecture_Kinki.html
Nakatora,517-0032,Mie Prefecture,185 Osatsucho Toba,,$$,http://www.tripadvisor.com/Hotel_Review-g298195-d1087614-Reviews-Nakatora-Toba_Mie_Prefecture_Kinki.html
Azuma,517-0032 ,Mie Prefecture,801-14 Osatsucho Toba,,$$,http://www.tripadvisor.com/Hotel_Review-g298195-d1087626-Reviews-Azuma-Toba_Mie_Prefecture_Kinki.html
Ginrin,517-0025,Mie Prefecture,1208-5 Uramuracho Toba,,$$,http://www.tripadvisor.com/Hotel_Review-g298195-d1087638-Reviews-Ginrin-Toba_Mie_Prefecture_Kinki.html
Kamponoyado Toba,517-0021,Mie Prefecture,1200-7 Arashimacho Toba,,$$,http://www.tripadvisor.com/Hotel_Review-g298195-d1087782-Reviews-Kamponoyado_Toba-Toba_Mie_Prefecture_Kinki.html
KKR Toba Isobueso,517-0021,Mie Prefecture,1075 Arashimacho Toba,,$$,http://www.tripadvisor.com/Hotel_Review-g298195-d1087787-Reviews-KKR_Toba_Isobueso-Toba_Mie_Prefecture_Kinki.html
Kinkairo,517-0011,Mie Prefecture,1-13-1 Toba Toba,,$,http://www.tripadvisor.com/Hotel_Review-g298195-d1087796-Reviews-Kinkairo-Toba_Mie_Prefecture_Kinki.html
Kochoran,517-0015 ,Mie Prefecture,237-1 Ohamacho Toba,,$$,http://www.tripadvisor.com/Hotel_Review-g298195-d1087801-Reviews-Kochoran-Toba_Mie_Prefecture_Kinki.html
Boyo,517-0032,Mie Prefecture,1525 Osatsucho Toba,,$$$,http://www.tripadvisor.com/Hotel_Review-g298195-d1087808-Reviews-Boyo-Toba_Mie_Prefecture_Kinki.html
Fukuwaka,517-0031,Mie Prefecture,414 Kuzakicho Toba,,$$$,http://www.tripadvisor.com/Hotel_Review-g298195-d1087814-Reviews-Fukuwaka-Toba_Mie_Prefecture_Kinki.html
Misaki,517-0002 ,Mie Prefecture,415 Toshicho Toba,,$$,http://www.tripadvisor.com/Hotel_Review-g298195-d1087822-Reviews-Misaki-Toba_Mie_Prefecture_Kinki.html
Okunoseko,517-0032,Mie Prefecture,412 Osatsucho Toba,,$$$,http://www.tripadvisor.com/Hotel_Review-g298195-d1087825-Reviews-Okunoseko-Toba_Mie_Prefecture_Kinki.html
Koyoso,517-0032,Mie Prefecture,1110-1 Osatsucho Toba,,$$,http://www.tripadvisor.com/Hotel_Review-g298195-d1087837-Reviews-Koyoso-Toba_Mie_Prefecture_Kinki.html
Teiyo,517-0002　,Mie Prefecture,1354 Toshicho Toba,,$$,http://www.tripadvisor.com/Hotel_Review-g298195-d1087841-Reviews-Teiyo-Toba_Mie_Prefecture_Kinki.html
Minshuku Kashima,517-0032,Mie Prefecture,1219 Osatsucho Toba,,,http://www.tripadvisor.com/Hotel_Review-g298195-d1087842-Reviews-Minshuku_Kashima-Toba_Mie_Prefecture_Kinki.html
Takasago,517-0021,Mie Prefecture,1075-26 Arashima-cho Toba,,$$,http://www.tripadvisor.com/Hotel_Review-g298195-d1087844-Reviews-Takasago-Toba_Mie_Prefecture_Kinki.html
Miuraso,517-0025,Mie Prefecture,1225-3 Uramuracho Toba,,,http://www.tripadvisor.com/Hotel_Review-g298195-d1087847-Reviews-Miuraso-Toba_Mie_Prefecture_Kinki.html
Matsuya,517-0003,Mie Prefecture,546 Momotoricho Toba,,$$,http://www.tripadvisor.com/Hotel_Review-g298195-d1089461-Reviews-Matsuya-Toba_Mie_Prefecture_Kinki.html
Fukuju,517-0021,Mie Prefecture,795 Arashimacho Toba,,$,http://www.tripadvisor.com/Hotel_Review-g298195-d1089463-Reviews-Fukuju-Toba_Mie_Prefecture_Kinki.html
Nakamuraya,517-0002,Mie Prefecture,2137-3 Toshicho Toba,,$$$,http://www.tripadvisor.com/Hotel_Review-g298195-d1089465-Reviews-Nakamuraya-Toba_Mie_Prefecture_Kinki.html
Nakayoshi,517-0032,Mie Prefecture,1092 Osatsu-cho Toba,,$$,http://www.tripadvisor.com/Hotel_Review-g298195-d1089470-Reviews-Nakayoshi-Toba_Mie_Prefecture_Kinki.html
New Mishima,517-0005,Mie Prefecture,1069 Sakatecho Toba,,,http://www.tripadvisor.com/Hotel_Review-g298195-d1089473-Reviews-New_Mishima-Toba_Mie_Prefecture_Kinki.html
Yamazen,517-0025,Mie Prefecture,1560 Uramuracho Toba,,,http://www.tripadvisor.com/Hotel_Review-g298195-d1089478-Reviews-Yamazen-Toba_Mie_Prefecture_Kinki.html
Pacific Hotel,517-0032 ,Mie Prefecture,1522-31 Osatsucho Toba,,$,http://www.tripadvisor.com/Hotel_Review-g298195-d1089481-Reviews-Pacific_Hotel-Toba_Mie_Prefecture_Kinki.html
Pension Uno,517-0025 ,Mie Prefecture,1-69 Uramuracho Toba,,,http://www.tripadvisor.com/Hotel_Review-g298195-d1089484-Reviews-Pension_Uno-Toba_Mie_Prefecture_Kinki.html
Resort Inn Natsumi,517-0025,Mie Prefecture,128 Uramuracho Toba,,$$$,http://www.tripadvisor.com/Hotel_Review-g298195-d1089494-Reviews-Resort_Inn_Natsumi-Toba_Mie_Prefecture_Kinki.html
Road Inn Toba,517-0011,Mie Prefecture,1-63-11 Toba Toba,52,$,http://www.tripadvisor.com/Hotel_Review-g298195-d1089496-Reviews-Road_Inn_Toba-Toba_Mie_Prefecture_Kinki.html
Ariso,517-0032,Mie Prefecture,1227 Osatsucho Toba,,$$$,http://www.tripadvisor.com/Hotel_Review-g298195-d1089499-Reviews-Ariso-Toba_Mie_Prefecture_Kinki.html
Kaigetsu,517-0011,Mie Prefecture,1-10-52 Kaigetsu Toba,,$$,http://www.tripadvisor.com/Hotel_Review-g298195-d1089500-Reviews-Kaigetsu-Toba_Mie_Prefecture_Kinki.html
Amanosato,517-0031,Mie Prefecture,578-1 Kuzakicho Toba,,$$$,http://www.tripadvisor.com/Hotel_Review-g298195-d1089502-Reviews-Amanosato-Toba_Mie_Prefecture_Kinki.html
Shiokazeso,517-0032　,Mie Prefecture,409 Osatsucho Toba,,$$,http://www.tripadvisor.com/Hotel_Review-g298195-d1089503-Reviews-Shiokazeso-Toba_Mie_Prefecture_Kinki.html
Mifune,517-0002,Mie Prefecture,777 Toshicho Toba,,,http://www.tripadvisor.com/Hotel_Review-g298195-d1089505-Reviews-Mifune-Toba_Mie_Prefecture_Kinki.html
Hamaei,517-0032 ,Mie Prefecture,1483-1 Osatsucho Toba,,$$,http://www.tripadvisor.com/Hotel_Review-g298195-d1089511-Reviews-Hamaei-Toba_Mie_Prefecture_Kinki.html
Yashima,517-0002,Mie Prefecture,903 Toshi-cho Toba,,$$$,http://www.tripadvisor.com/Hotel_Review-g298195-d1091406-Reviews-Yashima-Toba_Mie_Prefecture_Kinki.html
Business Hotel Kawakami,519-4324,Mie Prefecture,446-15 Idocho Kumano,35,$,http://www.tripadvisor.com/Hotel_Review-g1019675-d1073412-Reviews-Business_Hotel_Kawakami-Kumano_Mie_Prefecture_Kinki.html
Nemo Resort,519-4322,Mie Prefecture,748-1 Odomari-cho Kumano,,,http://www.tripadvisor.com/Hotel_Review-g1019675-d1094058-Reviews-Nemo_Resort-Kumano_Mie_Prefecture_Kinki.html
Tabinoyado Harusame,519-4326,Mie Prefecture,748-1 Kushiyacho Kumano,,$,http://www.tripadvisor.com/Hotel_Review-g1019675-d1112795-Reviews-Tabinoyado_Harusame-Kumano_Mie_Prefecture_Kinki.html
Miharashitei,519-4324,Mie Prefecture,555-4 Idocho Kumano,,$,http://www.tripadvisor.com/Hotel_Review-g1019675-d1112797-Reviews-Miharashitei-Kumano_Mie_Prefecture_Kinki.html
Kinanso,519-4324,Mie Prefecture,614-3 Idocho Kumano,,,http://www.tripadvisor.com/Hotel_Review-g1019675-d1112799-Reviews-Kinanso-Kumano_Mie_Prefecture_Kinki.html
Business Hotel Sichirigahama,519-4325,Mie Prefecture,5070 Arimacho Kumano,,,http://www.tripadvisor.com/Hotel_Review-g1019675-d1112800-Reviews-Business_Hotel_Sichirigahama-Kumano_Mie_Prefecture_Kinki.html
Business Hotel Hiratani,519-4324,Mie Prefecture,743-5 Idocho Kumano,,$,http://www.tripadvisor.com/Hotel_Review-g1019675-d1112802-Reviews-Business_Hotel_Hiratani-Kumano_Mie_Prefecture_Kinki.html
Shione,519-4325,Mie Prefecture,4633 Arimacho Kumano,,$,http://www.tripadvisor.com/Hotel_Review-g1019675-d1112803-Reviews-Shione-Kumano_Mie_Prefecture_Kinki.html
Kanponoyado Kumano,519-4324,Mie Prefecture,1020-7 Idocho Kumano,,$$,http://www.tripadvisor.com/Hotel_Review-g1019675-d1112804-Reviews-Kanponoyado_Kumano-Kumano_Mie_Prefecture_Kinki.html
Hotel Seiryuso,519-5417,Mie Prefecture,"158 Kogawaguchi, Kiwacho Kumano",,$,http://www.tripadvisor.com/Hotel_Review-g1019675-d1144489-Reviews-Hotel_Seiryuso-Kumano_Mie_Prefecture_Kinki.html
Hotel Nami,519-4322,Mie Prefecture,772-1 Odomaricho Kumano,76,$,http://www.tripadvisor.com/Hotel_Review-g1019675-d1484168-Reviews-Hotel_Nami-Kumano_Mie_Prefecture_Kinki.html
Kumano Club,519-4326,Mie Prefecture,1430 Kushiyacho Kumano,,$$$,http://www.tripadvisor.com/Hotel_Review-g1019675-d1598960-Reviews-Kumano_Club-Kumano_Mie_Prefecture_Kinki.html
Atashika Onsen,519-4206,Mie Prefecture,1497-4 Atashikacho Kumano,,,http://www.tripadvisor.com/Hotel_Review-g1019675-d1913490-Reviews-Atashika_Onsen-Kumano_Mie_Prefecture_Kinki.html
Youth Hostel Kumanoshi Seinen no Ie,519-4325 ,Mie Prefecture,2-13 Arimacho Kumano,,,http://www.tripadvisor.com/Hotel_Review-g1019675-d6023459-Reviews-Youth_Hostel_Kumanoshi_Seinen_no_Ie-Kumano_Mie_Prefecture_Kinki.html
Senmaida Auto Camp Site,519-5412,Mie Prefecture,701 Ogurus Kiwacho Kumano,,$,http://www.tripadvisor.com/Hotel_Review-g1019675-d6945244-Reviews-Senmaida_Auto_Camp_Site-Kumano_Mie_Prefecture_Kinki.html
Ryokan Nabetagawa,498-0821,Mie Prefecture,30-1 Shinkaroto Kisosaki-cho,,$,http://www.tripadvisor.com/Hotel_Review-g1121249-d1484189-Reviews-Ryokan_Nabetagawa-Kisosaki_cho_Kuwana_gun_Mie_Prefecture_Kinki.html
Tennenonsen ryouriryokan syosuke,498-0816,Mie Prefecture,794 Genrokuwaju Kisosaki-cho,,$$,http://www.tripadvisor.com/Hotel_Review-g1121249-d1925262-Reviews-Tennenonsen_ryouriryokan_syosuke-Kisosaki_cho_Kuwana_gun_Mie_Prefecture_Kinki.html
Tsu Miyako Hotel,514-0027,Mie Prefecture,7-15 Daimon Tsu,,$,http://www.tripadvisor.com/Hotel_Review-g298196-d1075485-Reviews-Tsu_Miyako_Hotel-Tsu_Mie_Prefecture_Kinki.html
Business Ryokan Wakakusa,514-0032,Mie Prefecture,8-24 Chuo Tsu,,$,http://www.tripadvisor.com/Hotel_Review-g298196-d1075486-Reviews-Business_Ryokan_Wakakusa-Tsu_Mie_Prefecture_Kinki.html
Hisai Green Hotel,514-1122,Mie Prefecture,928-1 Kawakata-cho Tsu,99,$,http://www.tripadvisor.com/Hotel_Review-g298196-d1075489-Reviews-Hisai_Green_Hotel-Tsu_Mie_Prefecture_Kinki.html
Hotel Econo Tsu Ekimae,514-0004,Mie Prefecture,3-258-1 Sakae-machi Tsu,,$,http://www.tripadvisor.com/Hotel_Review-g298196-d1075495-Reviews-Hotel_Econo_Tsu_Ekimae-Tsu_Mie_Prefecture_Kinki.html
Hotel Green Park Tsu,514-0009,Mie Prefecture,700 Hadokoro-cho Tsu,,$,http://www.tripadvisor.com/Hotel_Review-g298196-d1075503-Reviews-Hotel_Green_Park_Tsu-Tsu_Mie_Prefecture_Kinki.html
Route Inn Tsu,514-0004,Mie Prefecture,2-450 Sakaemachi Tsu,168,$,http://www.tripadvisor.com/Hotel_Review-g298196-d1081859-Reviews-Route_Inn_Tsu-Tsu_Mie_Prefecture_Kinki.html
Sunroute Tsu,514-0004,Mie Prefecture,3-232 Sakaemachi Tsu,81,$,http://www.tripadvisor.com/Hotel_Review-g298196-d1081862-Reviews-Sunroute_Tsu-Tsu_Mie_Prefecture_Kinki.html
Ryoufusou,514-0823,Mie Prefecture,2860-1 Handa Tsu,,$$,http://www.tripadvisor.com/Hotel_Review-g298196-d1081869-Reviews-Ryoufusou-Tsu_Mie_Prefecture_Kinki.html
Seishounagon,514-1251,Mie Prefecture,6010 Sakakibaracho Tsu,,$$,http://www.tripadvisor.com/Hotel_Review-g298196-d1082476-Reviews-Seishounagon-Tsu_Mie_Prefecture_Kinki.html
Hakuunso,514-1251,Mie Prefecture,14443 Sakakibaracho Tsu,,$$,http://www.tripadvisor.com/Hotel_Review-g298196-d1082482-Reviews-Hakuunso-Tsu_Mie_Prefecture_Kinki.html
Phoenix Hotel,514-0027,Mie Prefecture,28-8 Daimon Tsu,,$,http://www.tripadvisor.com/Hotel_Review-g298196-d1092214-Reviews-Phoenix_Hotel-Tsu_Mie_Prefecture_Kinki.html
Hotel The Grand Court Tsunishi,514-0006 ,Mie Prefecture,345-4 Komei-cho Tsu,105,$,http://www.tripadvisor.com/Hotel_Review-g298196-d1092223-Reviews-Hotel_The_Grand_Court_Tsunishi-Tsu_Mie_Prefecture_Kinki.html
Mikasa Ryokan,514-0034,Mie Prefecture,9-43 Minami Marunouchi Tsu,,,http://www.tripadvisor.com/Hotel_Review-g298196-d1092239-Reviews-Mikasa_Ryokan-Tsu_Mie_Prefecture_Kinki.html
Kumozu Hotel & Conference,514-0303,Mie Prefecture,626-10 Kumozunagatsunecho Tsu,,$,http://www.tripadvisor.com/Hotel_Review-g298196-d1092253-Reviews-Kumozu_Hotel_Conference-Tsu_Mie_Prefecture_Kinki.html
Sakakibarakan,514-1251,Mie Prefecture,5970 Sakakibaracho Tsu,,$$,http://www.tripadvisor.com/Hotel_Review-g298196-d1092256-Reviews-Sakakibarakan-Tsu_Mie_Prefecture_Kinki.html
Business Hotel Santoku,514-0004,Mie Prefecture,1-853 Sakae-machi Tsu,,$,http://www.tripadvisor.com/Hotel_Review-g298196-d1092257-Reviews-Business_Hotel_Santoku-Tsu_Mie_Prefecture_Kinki.html
Hinotanionsen Misugi Resort,515-3421,Mie Prefecture,5926 Misugichoyachi Tsu,,,http://www.tripadvisor.com/Hotel_Review-g298196-d1094316-Reviews-Hinotanionsen_Misugi_Resort-Tsu_Mie_Prefecture_Kinki.html
Azalea Hotel - Cocopa Resort Club,515-2603,Mie Prefecture,6262 Kawaguchi Hakusan-cho Tsu,,,http://www.tripadvisor.com/Hotel_Review-g298196-d1094317-Reviews-Azalea_Hotel_Cocopa_Resort_Club-Tsu_Mie_Prefecture_Kinki.html
Kodoki Hotel,514-0033,Mie Prefecture,12-1 Marunochi Tsu,,,http://www.tripadvisor.com/Hotel_Review-g298196-d1094319-Reviews-Kodoki_Hotel-Tsu_Mie_Prefecture_Kinki.html
Weekly Mansion Tsu,514-0008,Mie Prefecture,5-32-1 Kamihama-cho Tsu,,,http://www.tripadvisor.com/Hotel_Review-g298196-d1114275-Reviews-Weekly_Mansion_Tsu-Tsu_Mie_Prefecture_Kinki.html
Sakakibara Grand Hotel,514-1251,Mie Prefecture,5713-1 Sakakibaracho Tsu,,,http://www.tripadvisor.com/Hotel_Review-g298196-d1114289-Reviews-Sakakibara_Grand_Hotel-Tsu_Mie_Prefecture_Kinki.html
Plaza Dohshin,514-0042,Mie Prefecture,1-6-28 Shinmachi Tsu,,$,http://www.tripadvisor.com/Hotel_Review-g298196-d1114292-Reviews-Plaza_Dohshin-Tsu_Mie_Prefecture_Kinki.html
Hotel Castle Inn Tsu,514-0014,Mie Prefecture,15-22 Minatomachi Tsu,,$,http://www.tripadvisor.com/Hotel_Review-g298196-d1114300-Reviews-Hotel_Castle_Inn_Tsu-Tsu_Mie_Prefecture_Kinki.html
Chateau Phoenix - Cocopa Resort Club,515-2603,Mie Prefecture,6262 Hakusanchokawaguchi Tsu,,$$,http://www.tripadvisor.com/Hotel_Review-g298196-d1114307-Reviews-Chateau_Phoenix_Cocopa_Resort_Club-Tsu_Mie_Prefecture_Kinki.html
Matsuzakaya Ryokan,514-0314,Mie Prefecture,3952-48 Takasago Karasu-cho Tsu,,,http://www.tripadvisor.com/Hotel_Review-g298196-d1114311-Reviews-Matsuzakaya_Ryokan-Tsu_Mie_Prefecture_Kinki.html
Business Hotel Minami,514-0815,Mie Prefecture,1935 Fujikata Tsu,,,http://www.tripadvisor.com/Hotel_Review-g298196-d1114317-Reviews-Business_Hotel_Minami-Tsu_Mie_Prefecture_Kinki.html
Business Ryokan Murakami,514-1118,Mie Prefecture,762-2 Hisaishinmachi Tsu,,,http://www.tripadvisor.com/Hotel_Review-g298196-d1114323-Reviews-Business_Ryokan_Murakami-Tsu_Mie_Prefecture_Kinki.html
Uokyu Honten,515-3133,Mie Prefecture,1091 Hakusancho Minamiieki Tsu,,,http://www.tripadvisor.com/Hotel_Review-g298196-d1116183-Reviews-Uokyu_Honten-Tsu_Mie_Prefecture_Kinki.html
Kinkisou,514-0033,Mie Prefecture,11-2 Marunochi Tsu,,$,http://www.tripadvisor.com/Hotel_Review-g298196-d1116185-Reviews-Kinkisou-Tsu_Mie_Prefecture_Kinki.html
Hotel Route Inn Hisai IC,514-1105,Mie Prefecture,47-3 Hisai-Kitaguti cho Tsu,,$,http://www.tripadvisor.com/Hotel_Review-g298196-d1368340-Reviews-Hotel_Route_Inn_Hisai_IC-Tsu_Mie_Prefecture_Kinki.html
Station Hotel AU,514-1118,Mie Prefecture,757-1 Hisaishinmachi Tsu,73,$,http://www.tripadvisor.com/Hotel_Review-g298196-d1484344-Reviews-Station_Hotel_AU-Tsu_Mie_Prefecture_Kinki.html
Minshuku Masago,514-0314,Mie Prefecture,3956-16 Karasucho Takasago Tsu,,,http://www.tripadvisor.com/Hotel_Review-g298196-d1484345-Reviews-Minshuku_Masago-Tsu_Mie_Prefecture_Kinki.html
Misugi Resort Hotel Annex,515-3421,Mie Prefecture,5926 Yachi Misugicho Tsu,92,$$,http://www.tripadvisor.com/Hotel_Review-g298196-d1600408-Reviews-Misugi_Resort_Hotel_Annex-Tsu_Mie_Prefecture_Kinki.html
Dormy Inn Tsu,514-0009,Mie Prefecture,374 Hadokocho Tsu,170,$,http://www.tripadvisor.com/Hotel_Review-g298196-d1770437-Reviews-Dormy_Inn_Tsu-Tsu_Mie_Prefecture_Kinki.html
Business in Hisai,514-1106,Mie Prefecture,1232-35 Hisaiteramachi Tsu,,,http://www.tripadvisor.com/Hotel_Review-g298196-d1876961-Reviews-Business_in_Hisai-Tsu_Mie_Prefecture_Kinki.html
Fuyoso,515-2621,Mie Prefecture,2562-1 Sada Hakusanchosada Tsu,,$$,http://www.tripadvisor.com/Hotel_Review-g298196-d1910226-Reviews-Fuyoso-Tsu_Mie_Prefecture_Kinki.html
Cottage - Cocopa Resort Club,515-2603,Mie Prefecture,6262 Hakusanchokawaguchi Tsu,,,http://www.tripadvisor.com/Hotel_Review-g298196-d3404210-Reviews-Cottage_Cocopa_Resort_Club-Tsu_Mie_Prefecture_Kinki.html
Mie Marin Center Umi no Gakusya,510-0303,Mie Prefecture,854-3 Kawagecho Higashichisato Tsu,,,http://www.tripadvisor.com/Hotel_Review-g298196-d3568975-Reviews-Mie_Marin_Center_Umi_no_Gakusya-Tsu_Mie_Prefecture_Kinki.html
Shakujyou Kosuisou,514-2207 ,Mie Prefecture,679 Geinoucho Kochi Tsu,,,http://www.tripadvisor.com/Hotel_Review-g298196-d3932740-Reviews-Shakujyou_Kosuisou-Tsu_Mie_Prefecture_Kinki.html
Shintoukan,514-1251,Mie Prefecture,5079 Sakakibara-cho Tsu,,,http://www.tripadvisor.com/Hotel_Review-g298196-d5977777-Reviews-Shintoukan-Tsu_Mie_Prefecture_Kinki.html
Forest Villa Sakakibara Onsen,514-1251,Mie Prefecture,"1538 Soyadani, Sakakibaracho Tsu",,$$$,http://www.tripadvisor.com/Hotel_Review-g298196-d6352799-Reviews-Forest_Villa_Sakakibara_Onsen-Tsu_Mie_Prefecture_Kinki.html
Ace Inn Matsusaka,515-0017,Mie Prefecture,516-1 Kyomachi Matsusaka,,$,http://www.tripadvisor.com/Hotel_Review-g1019676-d1073642-Reviews-Ace_Inn_Matsusaka-Matsusaka_Mie_Prefecture_Kinki.html
Business Hotel New Sakamoto,515-2115,Mie Prefecture,552-1 Nakamichicho Matsusaka,,$,http://www.tripadvisor.com/Hotel_Review-g1019676-d1073644-Reviews-Business_Hotel_New_Sakamoto-Matsusaka_Mie_Prefecture_Kinki.html
Frex Hotel,515-0019,Mie Prefecture,36-18 Chuocho Matsusaka,,$,http://www.tripadvisor.com/Hotel_Review-g1019676-d1073645-Reviews-Frex_Hotel-Matsusaka_Mie_Prefecture_Kinki.html
Matsusaka City Hotel,515-0084,Mie Prefecture,729-1 Hinomachi Matsusaka,74,$,http://www.tripadvisor.com/Hotel_Review-g1019676-d1073646-Reviews-Matsusaka_City_Hotel-Matsusaka_Mie_Prefecture_Kinki.html
Taiya Ryokan,515-0084,Mie Prefecture,780 Hinomachi Matsusaka,,$,http://www.tripadvisor.com/Hotel_Review-g1019676-d1073649-Reviews-Taiya_Ryokan-Matsusaka_Mie_Prefecture_Kinki.html
Hotel Au Matsusaka,515-0018,Mie Prefecture,28-2 Kyou-machi 1-ku Matsusaka,105,$,http://www.tripadvisor.com/Hotel_Review-g1019676-d1073652-Reviews-Hotel_Au_Matsusaka-Matsusaka_Mie_Prefecture_Kinki.html
Route Inn Matsusaka Eki Higashi,515-0018,Mie Prefecture,35-2 Kyou-machi 1-ku Matsusaka,,$,http://www.tripadvisor.com/Hotel_Review-g1019676-d1073653-Reviews-Route_Inn_Matsusaka_Eki_Higashi-Matsusaka_Mie_Prefecture_Kinki.html
Maki,515-0815,Mie Prefecture,2589 Nishimachi Matsusaka,,$,http://www.tripadvisor.com/Hotel_Review-g1019676-d1086097-Reviews-Maki-Matsusaka_Mie_Prefecture_Kinki.html
Hotel Smeall,515-1615 ,Mie Prefecture,2296-1 Mori Iitakacho Matsusaka,22,$$,http://www.tripadvisor.com/Hotel_Review-g1019676-d1086104-Reviews-Hotel_Smeall-Matsusaka_Mie_Prefecture_Kinki.html
Konishiya,515-0081,Mie Prefecture,2160 Honmachi Matsusaka,,$,http://www.tripadvisor.com/Hotel_Review-g1019676-d1086107-Reviews-Konishiya-Matsusaka_Mie_Prefecture_Kinki.html
Tatsumi Business Hotel,515-0077,Mie Prefecture,54 Chayomachi Matsusaka,,,http://www.tripadvisor.com/Hotel_Review-g1019676-d1086110-Reviews-Tatsumi_Business_Hotel-Matsusaka_Mie_Prefecture_Kinki.html
Tatsumi Ryokan,515-0085,Mie Prefecture,328 Minatomachi Matsusaka,,,http://www.tripadvisor.com/Hotel_Review-g1019676-d1086120-Reviews-Tatsumi_Ryokan-Matsusaka_Mie_Prefecture_Kinki.html
Uminoya,515-0001,Mie Prefecture,1396-8 Ookuchicho Matsusaka,,,http://www.tripadvisor.com/Hotel_Review-g1019676-d1086125-Reviews-Uminoya-Matsusaka_Mie_Prefecture_Kinki.html
Yachiyo,515-0073,Mie Prefecture,1295 Tonomachi Matsusaka,,$$,http://www.tripadvisor.com/Hotel_Review-g1019676-d1086133-Reviews-Yachiyo-Matsusaka_Mie_Prefecture_Kinki.html
Business Hotel Matsusaka,515-0006,Mie Prefecture,461-43 Ishizucho Matsusaka,,$,http://www.tripadvisor.com/Hotel_Review-g1019676-d1086136-Reviews-Business_Hotel_Matsusaka-Matsusaka_Mie_Prefecture_Kinki.html
Business Hotel Sankei,515-0019,Mie Prefecture,323-1 Chuocho Matsusaka,,,http://www.tripadvisor.com/Hotel_Review-g1019676-d1094060-Reviews-Business_Hotel_Sankei-Matsusaka_Mie_Prefecture_Kinki.html
Hotel The Grand Court,515-0015,Mie Prefecture,238-2 Miyamachi Matsusaka,38,$,http://www.tripadvisor.com/Hotel_Review-g1019676-d1094061-Reviews-Hotel_The_Grand_Court-Matsusaka_Mie_Prefecture_Kinki.html
Business Hotel Maruyama,515-0018,Mie Prefecture,27-1 Kyomachi 1ku Matsusaka,,$,http://www.tripadvisor.com/Hotel_Review-g1019676-d1720809-Reviews-Business_Hotel_Maruyama-Matsusaka_Mie_Prefecture_Kinki.html
Super Hotel Matsusaka,515-0015,Mie Prefecture,144-2 Miyamachi Matsusaka,88,$,http://www.tripadvisor.com/Hotel_Review-g1019676-d1775525-Reviews-Super_Hotel_Matsusaka-Matsusaka_Mie_Prefecture_Kinki.html
Toyoko Inn Matsusaka Ekimae,515-0017,Mie Prefecture,514-1 Kyomachi Matsusaka,,$,http://www.tripadvisor.com/Hotel_Review-g1019676-d1929460-Reviews-Toyoko_Inn_Matsusaka_Ekimae-Matsusaka_Mie_Prefecture_Kinki.html
"Museum Hotel Sante, Ars Plateau",515-0054,Mie Prefecture,1365-1 Tachinocho Matsusaka,,$,http://www.tripadvisor.com/Hotel_Review-g1019676-d4763670-Reviews-Museum_Hotel_Sante_Ars_Plateau-Matsusaka_Mie_Prefecture_Kinki.html
Metropolitanclub,515-2401,Mie Prefecture,"1180 Kamoda-cho, Ureshino Matsusaka",,$,http://www.tripadvisor.com/Hotel_Review-g1019676-d6456594-Reviews-Metropolitanclub-Matsusaka_Mie_Prefecture_Kinki.html
Green Hotel,510-1251,Mie Prefecture,7054-173 Chikusa Komono-cho,,$$,http://www.tripadvisor.com/Hotel_Review-g1121251-d1124338-Reviews-Green_Hotel-Komono_cho_Mie_gun_Mie_Prefecture_Kinki.html
Kotobukitei,510-1233,Mie Prefecture,8585 Komono Komono-cho,,$$,http://www.tripadvisor.com/Hotel_Review-g1121251-d1124363-Reviews-Kotobukitei-Komono_cho_Mie_gun_Mie_Prefecture_Kinki.html
Hotel Yunomoto,510-1233,Mie Prefecture,8497 Komono Komono-cho,,$$,http://www.tripadvisor.com/Hotel_Review-g1121251-d1171416-Reviews-Hotel_Yunomoto-Komono_cho_Mie_gun_Mie_Prefecture_Kinki.html
Irodori Koyo,510-1233,Mie Prefecture,8497 Komono Komono-cho,,$$,http://www.tripadvisor.com/Hotel_Review-g1121251-d1171418-Reviews-Irodori_Koyo-Komono_cho_Mie_gun_Mie_Prefecture_Kinki.html
Kuranosuke Ryokan,510-1233,Mie Prefecture,8625 Komono Komono-cho,,$$,http://www.tripadvisor.com/Hotel_Review-g1121251-d1171420-Reviews-Kuranosuke_Ryokan-Komono_cho_Mie_gun_Mie_Prefecture_Kinki.html
Hotel De Marronnier Yunoyama-onsen,510-1233,Mie Prefecture,"8563 Yunoyama, Komono Komono-cho",,$$,http://www.tripadvisor.com/Hotel_Review-g1121251-d1238704-Reviews-Hotel_De_Marronnier_Yunoyama_onsen-Komono_cho_Mie_gun_Mie_Prefecture_Kinki.html
Hotel Welness Suzukaji,510-1233,Mie Prefecture,8474-177 Komono Koda Komono-cho,17,$,http://www.tripadvisor.com/Hotel_Review-g1121251-d1482681-Reviews-Hotel_Welness_Suzukaji-Komono_cho_Mie_gun_Mie_Prefecture_Kinki.html
Minagawa,510-1233,Mie Prefecture,8625 Yunoyama Komono-cho,,,http://www.tripadvisor.com/Hotel_Review-g1121251-d1484252-Reviews-Minagawa-Komono_cho_Mie_gun_Mie_Prefecture_Kinki.html
Pension Kinkonkan,510-1233,Mie Prefecture,8609-2 Komono Komono-cho,,,http://www.tripadvisor.com/Hotel_Review-g1121251-d1484255-Reviews-Pension_Kinkonkan-Komono_cho_Mie_gun_Mie_Prefecture_Kinki.html
Shikanoyu Hotel,510-1233,Mie Prefecture,8520-1 Komono Komono-cho,29,$$,http://www.tripadvisor.com/Hotel_Review-g1121251-d1484258-Reviews-Shikanoyu_Hotel-Komono_cho_Mie_gun_Mie_Prefecture_Kinki.html
Kiboso,510-1251,Mie Prefecture,Yunoyama Komono-cho,,,http://www.tripadvisor.com/Hotel_Review-g1121251-d1635081-Reviews-Kiboso-Komono_cho_Mie_gun_Mie_Prefecture_Kinki.html
Yu no Yama Kataoka Onsen,510-1233,Mie Prefecture,5001 Katakura Komono-cho,,$$$,http://www.tripadvisor.com/Hotel_Review-g1121251-d1876884-Reviews-Yu_no_Yama_Kataoka_Onsen-Komono_cho_Mie_gun_Mie_Prefecture_Kinki.html
Resort inn freur,510-1233,Mie Prefecture,8495-1 Komono Komono-cho,,,http://www.tripadvisor.com/Hotel_Review-g1121251-d1925264-Reviews-Resort_inn_freur-Komono_cho_Mie_gun_Mie_Prefecture_Kinki.html
Sanpouen,510-1233,Mie Prefecture,8625-3 Komono Komono-cho,,$$,http://www.tripadvisor.com/Hotel_Review-g1121251-d1925267-Reviews-Sanpouen-Komono_cho_Mie_gun_Mie_Prefecture_Kinki.html
Sankeien,510-1233,Mie Prefecture,8520 yunoyama Komono Komono-cho,,$$,http://www.tripadvisor.com/Hotel_Review-g1121251-d1925270-Reviews-Sankeien-Komono_cho_Mie_gun_Mie_Prefecture_Kinki.html
Kinnohana suigetu,510-1233,Mie Prefecture,8562 Komono Komono-cho,,$,http://www.tripadvisor.com/Hotel_Review-g1121251-d1925275-Reviews-Kinnohana_suigetu-Komono_cho_Mie_gun_Mie_Prefecture_Kinki.html
Suigetsu,510-1233,Mie Prefecture,8526 Komono Komono-cho,,$$,http://www.tripadvisor.com/Hotel_Review-g1121251-d2026624-Reviews-Suigetsu-Komono_cho_Mie_gun_Mie_Prefecture_Kinki.html
Yamanoyu Lodge,510-1233,Mie Prefecture,8497-2 Komono Komono-cho,,,http://www.tripadvisor.com/Hotel_Review-g1121251-d2109314-Reviews-Yamanoyu_Lodge-Komono_cho_Mie_gun_Mie_Prefecture_Kinki.html
aqua X ignis,510-1233,Mie Prefecture,4800-1 Komono Komono-cho,,$$$$,http://www.tripadvisor.com/Hotel_Review-g1121251-d3596649-Reviews-Aqua_X_ignis-Komono_cho_Mie_gun_Mie_Prefecture_Kinki.html
Business Hotel Thankyou Yokkaichiten,510-8102,Mie Prefecture,310-1 Obuke Asahi-cho,,$,http://www.tripadvisor.com/Hotel_Review-g1121252-d1876886-Reviews-Business_Hotel_Thankyou_Yokkaichiten-Asahi_cho_Mie_gun_Mie_Prefecture_Kinki.html
Hoshidekan,516-0009 ,Mie Prefecture,2-15-2 Kawasaki Ise,,$$,http://www.tripadvisor.com/Hotel_Review-g303159-d324878-Reviews-Hoshidekan-Ise_Mie_Prefecture_Kinki.html
Yamadakan,516-0074,Mie Prefecture,13 - 1 Hommachi Ise,,$$,http://www.tripadvisor.com/Hotel_Review-g303159-d581769-Reviews-Yamadakan-Ise_Mie_Prefecture_Kinki.html
Ise City Hotel,516-0073,Mie Prefecture,1-11-31 Fukiage Ise,94,$,http://www.tripadvisor.com/Hotel_Review-g303159-d600680-Reviews-Ise_City_Hotel-Ise_Mie_Prefecture_Kinki.html
Asakichi Ryokan,516-0032,Mie Prefecture,109 Nakano-cho Ise,,$,http://www.tripadvisor.com/Hotel_Review-g303159-d737122-Reviews-Asakichi_Ryokan-Ise_Mie_Prefecture_Kinki.html
Asahikan,519-0609,Mie Prefecture,228 Futamichochaya Ise,,$$,http://www.tripadvisor.com/Hotel_Review-g303159-d1073414-Reviews-Asahikan-Ise_Mie_Prefecture_Kinki.html
Business Hotel Sando,516-0037,Mie Prefecture,18-27 Honmachi Ise,,,http://www.tripadvisor.com/Hotel_Review-g303159-d1073419-Reviews-Business_Hotel_Sando-Ise_Mie_Prefecture_Kinki.html
Chokoen,519-0609,Mie Prefecture,222-7 Futamicho Chaya Ise,,$$,http://www.tripadvisor.com/Hotel_Review-g303159-d1073422-Reviews-Chokoen-Ise_Mie_Prefecture_Kinki.html
Hamachiyokan,519-0609,Mie Prefecture,537-26 Futamichochaya Ise,,$$$,http://www.tripadvisor.com/Hotel_Review-g303159-d1073423-Reviews-Hamachiyokan-Ise_Mie_Prefecture_Kinki.html
Business Hotel Hane Ise Inter,516-0018,Mie Prefecture,1237 Kurosecho Ise,74,$,http://www.tripadvisor.com/Hotel_Review-g303159-d1073425-Reviews-Business_Hotel_Hane_Ise_Inter-Ise_Mie_Prefecture_Kinki.html
Ise Kokusai Hotel,516-0079,Mie Prefecture,2-9-11 Ozeko Ise,,,http://www.tripadvisor.com/Hotel_Review-g303159-d1073428-Reviews-Ise_Kokusai_Hotel-Ise_Mie_Prefecture_Kinki.html
Ise Pearl Pier Hotel,516-0072,Mie Prefecture,2-26-22 Miyajiri Ise,100,$,http://www.tripadvisor.com/Hotel_Review-g303159-d1073429-Reviews-Ise_Pearl_Pier_Hotel-Ise_Mie_Prefecture_Kinki.html
Ise City Hotel Annex,516-0073,Mie Prefecture,2-5-11 Fukiage Ise,143,$,http://www.tripadvisor.com/Hotel_Review-g303159-d1073432-Reviews-Ise_City_Hotel_Annex-Ise_Mie_Prefecture_Kinki.html
Matsushimakan,519-0609,Mie Prefecture,230-5 Futamichochaya Ise,,$,http://www.tripadvisor.com/Hotel_Review-g303159-d1073433-Reviews-Matsushimakan-Ise_Mie_Prefecture_Kinki.html
Matsusakaya Kyukaen,519-0609,Mie Prefecture,537-10 Futamichochaya Ise,,$$$,http://www.tripadvisor.com/Hotel_Review-g303159-d1073439-Reviews-Matsusakaya_Kyukaen-Ise_Mie_Prefecture_Kinki.html
Minshuku Yamato,519-0609,Mie Prefecture,9-7 Futami-cho Chaya Ise,,$,http://www.tripadvisor.com/Hotel_Review-g303159-d1073443-Reviews-Minshuku_Yamato-Ise_Mie_Prefecture_Kinki.html
Nisshoukan,519-0609,Mie Prefecture,537-1 Futamichochaya Ise,,$$,http://www.tripadvisor.com/Hotel_Review-g303159-d1073447-Reviews-Nisshoukan-Ise_Mie_Prefecture_Kinki.html
Kyoheiso,516-0012,Mie Prefecture,511 Toricho Ise,,$$$$,http://www.tripadvisor.com/Hotel_Review-g303159-d1073449-Reviews-Kyoheiso-Ise_Mie_Prefecture_Kinki.html
Town Hotel Ise,516-0073,Mie Prefecture,1-8-18 Fukiage Ise,,,http://www.tripadvisor.com/Hotel_Review-g303159-d1073451-Reviews-Town_Hotel_Ise-Ise_Mie_Prefecture_Kinki.html
Hinodekan,516-0073　,Mie Prefecture,1-8-35 Fukiage Ise,,$$,http://www.tripadvisor.com/Hotel_Review-g303159-d1092294-Reviews-Hinodekan-Ise_Mie_Prefecture_Kinki.html
Hotel Castle Inn Ise,516-0017,Mie Prefecture,3-5-55 Jinkyu Ise,,$,http://www.tripadvisor.com/Hotel_Review-g303159-d1092299-Reviews-Hotel_Castle_Inn_Ise-Ise_Mie_Prefecture_Kinki.html
Koyoken,516-0077,Mie Prefecture,1-14-17 Miyamachi Ise,,$$,http://www.tripadvisor.com/Hotel_Review-g303159-d1092304-Reviews-Koyoken-Ise_Mie_Prefecture_Kinki.html
Jingukaikan,516-0025,Mie Prefecture,152 Ujinakanokiricho Ise,,$,http://www.tripadvisor.com/Hotel_Review-g303159-d1092327-Reviews-Jingukaikan-Ise_Mie_Prefecture_Kinki.html
Maruni Hotel Ise,516-0805,Mie Prefecture,633-1 Takabuku Misono-cho Ise,100,$,http://www.tripadvisor.com/Hotel_Review-g303159-d1092343-Reviews-Maruni_Hotel_Ise-Ise_Mie_Prefecture_Kinki.html
Ryogoku Ryokan,516-0073　,Mie Prefecture,1-6-26 Fukiage Ise,,$,http://www.tripadvisor.com/Hotel_Review-g303159-d1092353-Reviews-Ryogoku_Ryokan-Ise_Mie_Prefecture_Kinki.html
Okubun,516-0077,Mie Prefecture,1-9-49 Miyamachi Ise,,$,http://www.tripadvisor.com/Hotel_Review-g303159-d1092361-Reviews-Okubun-Ise_Mie_Prefecture_Kinki.html
Sennomori,516-1102,Mie Prefecture,1165-1 Sochi-cho Ise,62,$$,http://www.tripadvisor.com/Hotel_Review-g303159-d1092363-Reviews-Sennomori-Ise_Mie_Prefecture_Kinki.html
Hotel Seikai,519-0601,Mie Prefecture,"1349-136 Matsushita, Futamicho Ise",,$,http://www.tripadvisor.com/Hotel_Review-g303159-d1092462-Reviews-Hotel_Seikai-Ise_Mie_Prefecture_Kinki.html
Ryoso Uminocho,519-0601,Mie Prefecture,"1693-1 Matsushita, Futamicho Ise",,$$$,http://www.tripadvisor.com/Hotel_Review-g303159-d1092465-Reviews-Ryoso_Uminocho-Ise_Mie_Prefecture_Kinki.html
Business Hotel Yamamoto,516-0074,Mie Prefecture,6-19 Honmachi Ise,,,http://www.tripadvisor.com/Hotel_Review-g303159-d1094321-Reviews-Business_Hotel_Yamamoto-Ise_Mie_Prefecture_Kinki.html
Ise Todaya Ryoan,516-0079,Mie Prefecture,1-1-20 Ozeko Ise,,$$$$,http://www.tripadvisor.com/Hotel_Review-g303159-d1094325-Reviews-Ise_Todaya_Ryoan-Ise_Mie_Prefecture_Kinki.html
Asanokan,519-0602,Mie Prefecture,"537-10 Chaya, Futamicho Ise",,$$,http://www.tripadvisor.com/Hotel_Review-g303159-d1094327-Reviews-Asanokan-Ise_Mie_Prefecture_Kinki.html
Oishiya,519-0609,Mie Prefecture,569-75 Futamichochaya Ise,,$$$$,http://www.tripadvisor.com/Hotel_Review-g303159-d1116188-Reviews-Oishiya-Ise_Mie_Prefecture_Kinki.html
Ise Terminal Hotel,516-0073,Mie Prefecture,1-3-9 Fukiage Ise,,,http://www.tripadvisor.com/Hotel_Review-g303159-d1116190-Reviews-Ise_Terminal_Hotel-Ise_Mie_Prefecture_Kinki.html
Irohakan,519-0609,Mie Prefecture,537-22 Futamichochaya Ise,,,http://www.tripadvisor.com/Hotel_Review-g303159-d1116191-Reviews-Irohakan-Ise_Mie_Prefecture_Kinki.html
Kaiyoro,519-0602,Mie Prefecture,566-4 Futami-cho Chaya Ise,,$$,http://www.tripadvisor.com/Hotel_Review-g303159-d1116195-Reviews-Kaiyoro-Ise_Mie_Prefecture_Kinki.html
Weekly Mansion Ise,516-0073,Mie Prefecture,1-7-5 Fukiage Ise,,,http://www.tripadvisor.com/Hotel_Review-g303159-d1116200-Reviews-Weekly_Mansion_Ise-Ise_Mie_Prefecture_Kinki.html
Maruya,519-0609,Mie Prefecture,277-2 Futamichochaya Ise,,$,http://www.tripadvisor.com/Hotel_Review-g303159-d1116201-Reviews-Maruya-Ise_Mie_Prefecture_Kinki.html
Tsuruya Ryokan,516-0074,Mie Prefecture,20-20 Honmachi Ise,,,http://www.tripadvisor.com/Hotel_Review-g303159-d1116204-Reviews-Tsuruya_Ryokan-Ise_Mie_Prefecture_Kinki.html
Hotel Danke,516-0074,Mie Prefecture,5-3 Honmachi Ise,,,http://www.tripadvisor.com/Hotel_Review-g303159-d1116205-Reviews-Hotel_Danke-Ise_Mie_Prefecture_Kinki.html
Matsushin,519-0602,Mie Prefecture,570-3 Chaya Futamicho Ise,,,http://www.tripadvisor.com/Hotel_Review-g303159-d1116206-Reviews-Matsushin-Ise_Mie_Prefecture_Kinki.html
Minshuku Tsukasatei,519-0602,Mie Prefecture,681-29 Futamichoe Ise,,$$,http://www.tripadvisor.com/Hotel_Review-g303159-d1116210-Reviews-Minshuku_Tsukasatei-Ise_Mie_Prefecture_Kinki.html
Hotel Resort Inn Futami,519-0609,Mie Prefecture,537-20 Futamichochaya Ise,,$,http://www.tripadvisor.com/Hotel_Review-g303159-d1116212-Reviews-Hotel_Resort_Inn_Futami-Ise_Mie_Prefecture_Kinki.html
Otakan,519-0609,Mie Prefecture,537-8 Futami-cho Chaya Ise,,,http://www.tripadvisor.com/Hotel_Review-g303159-d1116213-Reviews-Otakan-Ise_Mie_Prefecture_Kinki.html
Minshuku Asahi,519-0602,Mie Prefecture,562-57 Futami-cho Chaya Ise,,,http://www.tripadvisor.com/Hotel_Review-g303159-d1116214-Reviews-Minshuku_Asahi-Ise_Mie_Prefecture_Kinki.html
Iwatokan,519-0609,Mie Prefecture,566-9 Futamichochaya Ise,,$$,http://www.tripadvisor.com/Hotel_Review-g303159-d1116216-Reviews-Iwatokan-Ise_Mie_Prefecture_Kinki.html
Saionomiya,516-1102,Mie Prefecture,1165-1 Ikenoue Sochicho Ise,,$$$$,http://www.tripadvisor.com/Hotel_Review-g303159-d1598959-Reviews-Saionomiya-Ise_Mie_Prefecture_Kinki.html
Taikoji Youth Hostel,519-0602,Mie Prefecture,1659 Futamichoe Ise,,,http://www.tripadvisor.com/Hotel_Review-g303159-d2348970-Reviews-Taikoji_Youth_Hostel-Ise_Mie_Prefecture_Kinki.html
Kazamiso,516-0073,Mie Prefecture,1-6-36 Fukiage Ise,10,$,http://www.tripadvisor.com/Hotel_Review-g303159-d2517752-Reviews-Kazamiso-Ise_Mie_Prefecture_Kinki.html
Yumebito House,516-0079,Mie Prefecture,2-2-18 Ozeko Ise,2,$,http://www.tripadvisor.com/Hotel_Review-g303159-d4708574-Reviews-Yumebito_House-Ise_Mie_Prefecture_Kinki.html
Ikyu,516-0023,Mie Prefecture,679-2 Ujitachicho Ise,,$$$$,http://www.tripadvisor.com/Hotel_Review-g303159-d4764455-Reviews-Ikyu-Ise_Mie_Prefecture_Kinki.html
Ise Jinsen,516-0074,Mie Prefecture,1-1 Hommachi Ise,45,$$$,http://www.tripadvisor.com/Hotel_Review-g303159-d4798484-Reviews-Ise_Jinsen-Ise_Mie_Prefecture_Kinki.html
Yadoya Isuzu,516-0026,Mie Prefecture,1-4-10 UIjiurata Ise,4,$,http://www.tripadvisor.com/Hotel_Review-g303159-d6620953-Reviews-Yadoya_Isuzu-Ise_Mie_Prefecture_Kinki.html
Pokapokamura,519-0606,Mie Prefecture,2031 Futamichoso Ise,,$$$$,http://www.tripadvisor.com/Hotel_Review-g303159-d6678315-Reviews-Pokapokamura-Ise_Mie_Prefecture_Kinki.html
Kakurenoyu Taisenkaku,518-0469,Mie Prefecture,682 Akamechonagasaka Nabari,,$$$,http://www.tripadvisor.com/Hotel_Review-g1019677-d1071901-Reviews-Kakurenoyu_Taisenkaku-Nabari_Mie_Prefecture_Kinki.html
Akame Sansuien,518-0464,Mie Prefecture,1203 Akamechokashiwara Nabari,,$$,http://www.tripadvisor.com/Hotel_Review-g1019677-d1071930-Reviews-Akame_Sansuien-Nabari_Mie_Prefecture_Kinki.html
Nabari City Hotel,518-0718,Mie Prefecture,37-1 Marunochi Nabari,83,$,http://www.tripadvisor.com/Hotel_Review-g1019677-d1071931-Reviews-Nabari_City_Hotel-Nabari_Mie_Prefecture_Kinki.html
Shorenji Lake Hotel,518-0443,Mie Prefecture,1652 Shorenji Nabari,,$$,http://www.tripadvisor.com/Hotel_Review-g1019677-d1092344-Reviews-Shorenji_Lake_Hotel-Nabari_Mie_Prefecture_Kinki.html
Akamedaki Riverside Hotel Akamekan,518-0469,Mie Prefecture,671-1 Nagasaka Akamecho Nabari,,,http://www.tripadvisor.com/Hotel_Review-g1019677-d1094062-Reviews-Akamedaki_Riverside_Hotel_Akamekan-Nabari_Mie_Prefecture_Kinki.html
Nabari Plaza Hotel,518-0613,Mie Prefecture,1808-1 Kamiobata Nabari,,,http://www.tripadvisor.com/Hotel_Review-g1019677-d1112806-Reviews-Nabari_Plaza_Hotel-Nabari_Mie_Prefecture_Kinki.html
Business Hotel Sakae,518-0719,Mie Prefecture,2952-9 Sakaemachi Nabari,,$,http://www.tripadvisor.com/Hotel_Review-g1019677-d1112807-Reviews-Business_Hotel_Sakae-Nabari_Mie_Prefecture_Kinki.html
Takimotoya,518-0469,Mie Prefecture,716 Akamechonagasaka Nabari,,,http://www.tripadvisor.com/Hotel_Review-g1019677-d1112816-Reviews-Takimotoya-Nabari_Mie_Prefecture_Kinki.html
Hotel Route Inn Nabari,518-0752,Mie Prefecture,1345-1 Kuramochicho Harade Nabari,207,$,http://www.tripadvisor.com/Hotel_Review-g1019677-d1482677-Reviews-Hotel_Route_Inn_Nabari-Nabari_Mie_Prefecture_Kinki.html
Hotel AZ Mie Nabari,518-0771,Mie Prefecture,1-10 Kiodai Nabari,58,$,http://www.tripadvisor.com/Hotel_Review-g1019677-d1862232-Reviews-Hotel_AZ_Mie_Nabari-Nabari_Mie_Prefecture_Kinki.html
Rakurafu,518-0762,Mie Prefecture,561-7 Kamimitani Nabari,,$,http://www.tripadvisor.com/Hotel_Review-g1019677-d1876828-Reviews-Rakurafu-Nabari_Mie_Prefecture_Kinki.html
Akameshijuhachitaki Camp Ground,518-0469 ,Mie Prefecture,941-1 Akamecho Nagasaka Nabari,,,http://www.tripadvisor.com/Hotel_Review-g1019677-d2026696-Reviews-Akameshijuhachitaki_Camp_Ground-Nabari_Mie_Prefecture_Kinki.html
Hotel Ekono Taki,519-2181,Mie Prefecture,1486-1 Oka Taki-cho,112,$,http://www.tripadvisor.com/Hotel_Review-g1121254-d1124374-Reviews-Hotel_Ekono_Taki-Taki_cho_Taki_gun_Mie_Prefecture_Kinki.html
Family Lodge Hatagoya Ise Matsuzaka,515-0354,Mie Prefecture,"535-1 Yatsugawa, Yukube Meiwa-cho",,$,http://www.tripadvisor.com/Hotel_Review-g1121255-d1484280-Reviews-Family_Lodge_Hatagoya_Ise_Matsuzaka-Meiwa_cho_Taki_gun_Mie_Prefecture_Kinki.html
Maruni Hotel Isenosato,515-0316,Mie Prefecture,579-7 Waninaka Meiwa-cho,,,http://www.tripadvisor.com/Hotel_Review-g1121255-d2025134-Reviews-Maruni_Hotel_Isenosato-Meiwa_cho_Taki_gun_Mie_Prefecture_Kinki.html
Manei Ryokan,519-2404,Mie Prefecture,"648-4, Sawara Odai-cho",,,http://www.tripadvisor.com/Hotel_Review-g1121256-d2037653-Reviews-Manei_Ryokan-Odai_cho_Taki_gun_Mie_Prefecture_Kinki.html
Kuwana Park Hotel,511-0061,Mie Prefecture,2-30-1 Kotobuki-cho Kuwana,76,$,http://www.tripadvisor.com/Hotel_Review-g651657-d643073-Reviews-Kuwana_Park_Hotel-Kuwana_Mie_Prefecture_Kinki.html
Bussiness Hotel BL Kuwana,511-0911,Mie Prefecture,317 Nukata Kuwana,51,$,http://www.tripadvisor.com/Hotel_Review-g651657-d1073338-Reviews-Bussiness_Hotel_BL_Kuwana-Kuwana_Mie_Prefecture_Kinki.html
Kuwana Green Hotel (Kuwanaekimae),511-0079,Mie Prefecture,59 Yurakucho Kuwana,74,$,http://www.tripadvisor.com/Hotel_Review-g651657-d1073404-Reviews-Kuwana_Green_Hotel_Kuwanaekimae-Kuwana_Mie_Prefecture_Kinki.html
Kuwana City Hotel,511-0068,Mie Prefecture,3-23 Chuocho Kuwana,76,$,http://www.tripadvisor.com/Hotel_Review-g651657-d1073406-Reviews-Kuwana_City_Hotel-Kuwana_Mie_Prefecture_Kinki.html
Sanco Inn Kuwana Ekimae,511-0061,Mie Prefecture,2-31-1 Kotobukicho Kuwana,137,$,http://www.tripadvisor.com/Hotel_Review-g651657-d1073408-Reviews-Sanco_Inn_Kuwana_Ekimae-Kuwana_Mie_Prefecture_Kinki.html
Garden Hotel Olive,511-1192,Mie Prefecture,333 Urayasu Nagashimacho Kuwana,,$$$,http://www.tripadvisor.com/Hotel_Review-g651657-d1092365-Reviews-Garden_Hotel_Olive-Kuwana_Mie_Prefecture_Kinki.html
Hotel Hanamizuki,511-1192,Mie Prefecture,333 Urayasu Nagashimacho Kuwana,116,$$$$,http://www.tripadvisor.com/Hotel_Review-g651657-d1092367-Reviews-Hotel_Hanamizuki-Kuwana_Mie_Prefecture_Kinki.html
Hotel Nagashima,511-1192,Mie Prefecture,333 Urayasu Nagashimacho Kuwana,,$$$,http://www.tripadvisor.com/Hotel_Review-g651657-d1092368-Reviews-Hotel_Nagashima-Kuwana_Mie_Prefecture_Kinki.html
Hotel Tado Onsen,511-0122 ,Mie Prefecture,2692 Kono Tadocho Kuwana,,$$$,http://www.tripadvisor.com/Hotel_Review-g651657-d1092369-Reviews-Hotel_Tado_Onsen-Kuwana_Mie_Prefecture_Kinki.html
Central Hotel,511-0068,Mie Prefecture,2-35 Chuocho Kuwana,,$,http://www.tripadvisor.com/Hotel_Review-g651657-d1092375-Reviews-Central_Hotel-Kuwana_Mie_Prefecture_Kinki.html
Super Hotel,511-0079,Mie Prefecture,12 Yuraku-cho Kuwana,,$,http://www.tripadvisor.com/Hotel_Review-g651657-d1092381-Reviews-Super_Hotel-Kuwana_Mie_Prefecture_Kinki.html
Station Hotel Kuwana,511-0068,Mie Prefecture,1-95-3 Chuocho Kuwana,,$,http://www.tripadvisor.com/Hotel_Review-g651657-d1092386-Reviews-Station_Hotel_Kuwana-Kuwana_Mie_Prefecture_Kinki.html
S Value Kuwana,511-0836,Mie Prefecture,723 Eba Kuwana,,,http://www.tripadvisor.com/Hotel_Review-g651657-d1094332-Reviews-S_Value_Kuwana-Kuwana_Mie_Prefecture_Kinki.html
New Azuma Hotel,511-0081,Mie Prefecture,327-2 Higashikata Kuwana,,,http://www.tripadvisor.com/Hotel_Review-g651657-d1094433-Reviews-New_Azuma_Hotel-Kuwana_Mie_Prefecture_Kinki.html
New Heartpia Onsen Hotel Nagashima,511-1109,Mie Prefecture,604-2 Matsunoki Nagashimacho Kuwana,,$$,http://www.tripadvisor.com/Hotel_Review-g651657-d1768634-Reviews-New_Heartpia_Onsen_Hotel_Nagashima-Kuwana_Mie_Prefecture_Kinki.html
Family Lodge Hatagoya Kuwananagashimaten,511-1133,Mie Prefecture,"578 Nagatoku, Yokomakura, Nagashima-cho Kuwana",,$,http://www.tripadvisor.com/Hotel_Review-g651657-d1876938-Reviews-Family_Lodge_Hatagoya_Kuwananagashimaten-Kuwana_Mie_Prefecture_Kinki.html
New Port Hotel,519-3606,Mie Prefecture,1-4 Kitauracho Owase,,,http://www.tripadvisor.com/Hotel_Review-g1019678-d1074402-Reviews-New_Port_Hotel-Owase_Mie_Prefecture_Kinki.html
City Hotel Mochizuki,519-3664,Mie Prefecture,5-3 Sakabacho Owase,,,http://www.tripadvisor.com/Hotel_Review-g1019678-d1112822-Reviews-City_Hotel_Mochizuki-Owase_Mie_Prefecture_Kinki.html
Cottage Woodpeck,519-3619,Mie Prefecture,4538-7 Magosecho Owase,1,,http://www.tripadvisor.com/Hotel_Review-g1019678-d1112826-Reviews-Cottage_Woodpeck-Owase_Mie_Prefecture_Kinki.html
Minshuku Yamaguchi,519-3602,Mie Prefecture,136 Tenmaura Owase,,,http://www.tripadvisor.com/Hotel_Review-g1019678-d1112827-Reviews-Minshuku_Yamaguchi-Owase_Mie_Prefecture_Kinki.html
Iwana no Sato,519-3643,Mie Prefecture,1727 Obarano Minamiura Owase,,$,http://www.tripadvisor.com/Hotel_Review-g1019678-d1112829-Reviews-Iwana_no_Sato-Owase_Mie_Prefecture_Kinki.html
Shinkiraku,519-3605,Mie Prefecture,3-1 Nakaimachi Owase,,,http://www.tripadvisor.com/Hotel_Review-g1019678-d1112832-Reviews-Shinkiraku-Owase_Mie_Prefecture_Kinki.html
Fuhan,519-3602,Mie Prefecture,11 Tenmaura Owase,,$,http://www.tripadvisor.com/Hotel_Review-g1019678-d1112835-Reviews-Fuhan-Owase_Mie_Prefecture_Kinki.html
Owase Seaside View,519-3924,Mie Prefecture,620 Sonecho Owase,,,http://www.tripadvisor.com/Hotel_Review-g1019678-d1484264-Reviews-Owase_Seaside_View-Owase_Mie_Prefecture_Kinki.html
Owase business hotel,519-3617,Mie Prefecture,1-2 Nojicho Owase,,,http://www.tripadvisor.com/Hotel_Review-g1019678-d1785578-Reviews-Owase_business_hotel-Owase_Mie_Prefecture_Kinki.html
Ushio,519-3922,Mie Prefecture,429-2 Furue-cho Owase,,,http://www.tripadvisor.com/Hotel_Review-g1019678-d1854032-Reviews-Ushio-Owase_Mie_Prefecture_Kinki.html
Business Hotel Phoenix,519-3618,Mie Prefecture,5-25 Sakaemachi Owase,,,http://www.tripadvisor.com/Hotel_Review-g1019678-d6458887-Reviews-Business_Hotel_Phoenix-Owase_Mie_Prefecture_Kinki.html
Green Park Ouchiyama Morinoie,519-3111,Mie Prefecture,3387 Ouchiyama Taiki-cho,,,http://www.tripadvisor.com/Hotel_Review-g1121259-d1484287-Reviews-Green_Park_Ouchiyama_Morinoie-Taiki_cho_Watarai_gun_Mie_Prefecture_Kinki.html
Ryokan Futaba,516-0101,Mie Prefecture,953 Gokashoura Minamiise-cho,,$,http://www.tripadvisor.com/Hotel_Review-g1121260-d1124386-Reviews-Ryokan_Futaba-Minamiise_cho_Watarai_gun_Mie_Prefecture_Kinki.html
Sushitomo,516-1534,Mie Prefecture,147-17 Kowaura Minamiise-cho,,$,http://www.tripadvisor.com/Hotel_Review-g1121260-d1124395-Reviews-Sushitomo-Minamiise_cho_Watarai_gun_Mie_Prefecture_Kinki.html
Ryokan Sazanami,516-0117,Mie Prefecture,190-14 Sazaraura Minamiise-cho,,$,http://www.tripadvisor.com/Hotel_Review-g1121260-d1484288-Reviews-Ryokan_Sazanami-Minamiise_cho_Watarai_gun_Mie_Prefecture_Kinki.html
Minshuku Happo,516-1422,Mie Prefecture,288-2 Kamisakiura Minamiise-cho,,$,http://www.tripadvisor.com/Hotel_Review-g1121260-d1484289-Reviews-Minshuku_Happo-Minamiise_cho_Watarai_gun_Mie_Prefecture_Kinki.html
Hiroya,516-0101,Mie Prefecture,222-1 Gokashoura Minamiise-cho,,,http://www.tripadvisor.com/Hotel_Review-g1121260-d1484290-Reviews-Hiroya-Minamiise_cho_Watarai_gun_Mie_Prefecture_Kinki.html
New Matsuoka,516-1309,Mie Prefecture,102-1 Togu Kogare Minamiise-cho,,$,http://www.tripadvisor.com/Hotel_Review-g1121260-d1484291-Reviews-New_Matsuoka-Minamiise_cho_Watarai_gun_Mie_Prefecture_Kinki.html
Daisaku Ryokan,516-1301,Mie Prefecture,1176-2 Michikata Minamiise-cho,,$$$,http://www.tripadvisor.com/Hotel_Review-g1121260-d1484294-Reviews-Daisaku_Ryokan-Minamiise_cho_Watarai_gun_Mie_Prefecture_Kinki.html
New Hamaguchiya Ryokan,516-0117,Mie Prefecture,184-5 Sazaraura Minamiise-cho,,$,http://www.tripadvisor.com/Hotel_Review-g1121260-d1484297-Reviews-New_Hamaguchiya_Ryokan-Minamiise_cho_Watarai_gun_Mie_Prefecture_Kinki.html
Network resort nansei,516-0192,Mie Prefecture,1306-1 Hasamaura Minamiise-cho,,$$,http://www.tripadvisor.com/Hotel_Review-g1121260-d1925276-Reviews-Network_resort_nansei-Minamiise_cho_Watarai_gun_Mie_Prefecture_Kinki.html
Kawachiya ryokan,516-1422,Mie Prefecture,224 Kamisakiura Minamiise-cho,,$,http://www.tripadvisor.com/Hotel_Review-g1121260-d1925281-Reviews-Kawachiya_ryokan-Minamiise_cho_Watarai_gun_Mie_Prefecture_Kinki.html
Minshuku Yamajin,516-0221,Mie Prefecture,1110-16 Shukuura Minamiise-cho,,,http://www.tripadvisor.com/Hotel_Review-g1121260-d2025154-Reviews-Minshuku_Yamajin-Minamiise_cho_Watarai_gun_Mie_Prefecture_Kinki.html
Hamaguchiya,516-0222,Mie Prefecture,3924 Tasoura Minamiise-cho,,,http://www.tripadvisor.com/Hotel_Review-g1121260-d2041636-Reviews-Hamaguchiya-Minamiise_cho_Watarai_gun_Mie_Prefecture_Kinki.html
Ueno Frex Hotel,518-0828,Mie Prefecture,544-2 Hirano Nakakawara Iga,,$,http://www.tripadvisor.com/Hotel_Review-g1015945-d777205-Reviews-Ueno_Frex_Hotel-Iga_Mie_Prefecture_Kinki.html
Hotel Route Inn Igaueno,518-0007,Mie Prefecture,260-3 Hatsutoricho Iga,,$$,http://www.tripadvisor.com/Hotel_Review-g1015945-d1074387-Reviews-Hotel_Route_Inn_Igaueno-Iga_Mie_Prefecture_Kinki.html
Aoyama Hotel,518-0295,Mie Prefecture,2356 Kiryu Iga,,$$$$,http://www.tripadvisor.com/Hotel_Review-g1015945-d1074389-Reviews-Aoyama_Hotel-Iga_Mie_Prefecture_Kinki.html
Aoyama Garden Resort Hotel Rosa Blanca,518-0222,Mie Prefecture,721 Terawaki Iga,81,$$,http://www.tripadvisor.com/Hotel_Review-g1015945-d1074391-Reviews-Aoyama_Garden_Resort_Hotel_Rosa_Blanca-Iga_Mie_Prefecture_Kinki.html
Ueno City Hotel,518-0865,Mie Prefecture,2874 Uenouo-machi Iga,128,$,http://www.tripadvisor.com/Hotel_Review-g1015945-d1074392-Reviews-Ueno_City_Hotel-Iga_Mie_Prefecture_Kinki.html
Business Hotel Weekly O-N,518-0007,Mie Prefecture,369-1 Hattori-cho Iga,,$,http://www.tripadvisor.com/Hotel_Review-g1015945-d1084721-Reviews-Business_Hotel_Weekly_O_N-Iga_Mie_Prefecture_Kinki.html
Business Ryokan Fukuton,518-0838 ,Mie Prefecture,2688-4 Uenokayamachi Iga,,$,http://www.tripadvisor.com/Hotel_Review-g1015945-d1084757-Reviews-Business_Ryokan_Fukuton-Iga_Mie_Prefecture_Kinki.html
Hotel Neo Fukuton,518-0837,Mie Prefecture,2639-12 Midorigaokanishimachi Iga,,,http://www.tripadvisor.com/Hotel_Review-g1015945-d1084777-Reviews-Hotel_Neo_Fukuton-Iga_Mie_Prefecture_Kinki.html
Ryori Ryokan Mitase,518-0871,Mie Prefecture,320 Uenoakasakacho Iga,,$$$$,http://www.tripadvisor.com/Hotel_Review-g1015945-d1084801-Reviews-Ryori_Ryokan_Mitase-Iga_Mie_Prefecture_Kinki.html
Kitamuraya Ryokan,518-0864,Mie Prefecture,2789 Uenokaji-machi Iga,,,http://www.tripadvisor.com/Hotel_Review-g1015945-d1094040-Reviews-Kitamuraya_Ryokan-Iga_Mie_Prefecture_Kinki.html
Kunrakuso,518-0842,Mie Prefecture,1473 Uenokuwamachi Iga,5,,http://www.tripadvisor.com/Hotel_Review-g1015945-d1112763-Reviews-Kunrakuso-Iga_Mie_Prefecture_Kinki.html
Umeya,518-1422,Mie Prefecture,374 Hirata Iga,,,http://www.tripadvisor.com/Hotel_Review-g1015945-d1112764-Reviews-Umeya-Iga_Mie_Prefecture_Kinki.html
Family Lodge Hatagoya Iga,519-1404,Mie Prefecture,157-2 Nakatsuge Iga,,$,http://www.tripadvisor.com/Hotel_Review-g1015945-d1112772-Reviews-Family_Lodge_Hatagoya_Iga-Iga_Mie_Prefecture_Kinki.html
Grantia Igaueno Wazonoyado,518-0873,Mie Prefecture,1-131 Marunouchi Iga,161,$$,http://www.tripadvisor.com/Hotel_Review-g1015945-d1758689-Reviews-Grantia_Igaueno_Wazonoyado-Iga_Mie_Prefecture_Kinki.html
Cottage Swiss Village,518-0295,Mie Prefecture,2356 Kiryu Iga,,,http://www.tripadvisor.com/Hotel_Review-g1015945-d1869657-Reviews-Cottage_Swiss_Village-Iga_Mie_Prefecture_Kinki.html
Wafukan Utatsukasa,518-0295,Mie Prefecture,2356 Kiryu Iga,,$$$$,http://www.tripadvisor.com/Hotel_Review-g1015945-d1869658-Reviews-Wafukan_Utatsukasa-Iga_Mie_Prefecture_Kinki.html
Kanko Ryokan Fuji,518-0878,Mie Prefecture,3684-2 Uenonishiotecho Iga,,$,http://www.tripadvisor.com/Hotel_Review-g1015945-d1876787-Reviews-Kanko_Ryokan_Fuji-Iga_Mie_Prefecture_Kinki.html
Noka Minsyuku Fuan,518-1416,Mie Prefecture,333 Shimoawa Iga,,,http://www.tripadvisor.com/Hotel_Review-g1015945-d1876792-Reviews-Noka_Minsyuku_Fuan-Iga_Mie_Prefecture_Kinki.html
Hill Hotel Sunpia Iga,518-0809,Mie Prefecture,2756-104 Saimyoji Iga,,$,http://www.tripadvisor.com/Hotel_Review-g1015945-d1876797-Reviews-Hill_Hotel_Sunpia_Iga-Iga_Mie_Prefecture_Kinki.html
Okaeri Village,518-1301,Mie Prefecture,3609 Nishiyubune Iga,,,http://www.tripadvisor.com/Hotel_Review-g1015945-d2703765-Reviews-Okaeri_Village-Iga_Mie_Prefecture_Kinki.html
Hotel Schonvert,518-0295,Mie Prefecture,2356 Kiryu Iga,,$$$$,http://www.tripadvisor.com/Hotel_Review-g1015945-d3383047-Reviews-Hotel_Schonvert-Iga_Mie_Prefecture_Kinki.html
Ishiyamaso,517-0502,Mie Prefecture,741 Ago-cho Shinmei Shima,,$,http://www.tripadvisor.com/Hotel_Review-g1019679-d324874-Reviews-Ishiyamaso-Shima_Mie_Prefecture_Kinki.html
Shima Kanko Hotel The Classic,517-0502,Mie Prefecture,731 Ago-cho Shinmei Shima,127,$$,http://www.tripadvisor.com/Hotel_Review-g1019679-d324876-Reviews-Shima_Kanko_Hotel_The_Classic-Shima_Mie_Prefecture_Kinki.html
Hotel Shima Spain Mura,517-0212,Mie Prefecture,952-22 Isobecho Sakazaki Shima,252,$,http://www.tripadvisor.com/Hotel_Review-g1019679-d325784-Reviews-Hotel_Shima_Spain_Mura-Shima_Mie_Prefecture_Kinki.html
Iseshima Royal Hotel,517-0295,Mie Prefecture,"939-6 Matoya Kasatori, Isobe-cho Shima",250,$$,http://www.tripadvisor.com/Hotel_Review-g1019679-d325786-Reviews-Iseshima_Royal_Hotel-Shima_Mie_Prefecture_Kinki.html
Resort Hotel Shima Saichoraku,517-0502,Mie Prefecture,687-2 Shinmei Ago-cho Shima,,$$,http://www.tripadvisor.com/Hotel_Review-g1019679-d1073942-Reviews-Resort_Hotel_Shima_Saichoraku-Shima_Mie_Prefecture_Kinki.html
Kashikojima Grand Hotel,517-0502,Mie Prefecture,699-18 Shinmei Ago-cho Shima,,$,http://www.tripadvisor.com/Hotel_Review-g1019679-d1073945-Reviews-Kashikojima_Grand_Hotel-Shima_Mie_Prefecture_Kinki.html
Kashikojima Park Hotel Michishio,517-0502,Mie Prefecture,754-9 Ago-cho Shinmei Shima,,$,http://www.tripadvisor.com/Hotel_Review-g1019679-d1073948-Reviews-Kashikojima_Park_Hotel_Michishio-Shima_Mie_Prefecture_Kinki.html
Prime Resort Kashikojima,517-0501,Mie Prefecture,3618-33 Ago-cho Ugata Shima,108,$$,http://www.tripadvisor.com/Hotel_Review-g1019679-d1073957-Reviews-Prime_Resort_Kashikojima-Shima_Mie_Prefecture_Kinki.html
Resort Inn Isobe,517-0214,Mie Prefecture,1870 Sakoma Isobe-cho Shima,65,$,http://www.tripadvisor.com/Hotel_Review-g1019679-d1073960-Reviews-Resort_Inn_Isobe-Shima_Mie_Prefecture_Kinki.html
Seaside Hotel Geibousou,517-0404,Mie Prefecture,1550-1Hamajima Hamajimacho Shima,,$$,http://www.tripadvisor.com/Hotel_Review-g1019679-d1073964-Reviews-Seaside_Hotel_Geibousou-Shima_Mie_Prefecture_Kinki.html
Select Grand Iseshima,517-0501,Mie Prefecture,"1210-1 Ugata, Ago-cho Shima",158,$,http://www.tripadvisor.com/Hotel_Review-g1019679-d1073967-Reviews-Select_Grand_Iseshima-Shima_Mie_Prefecture_Kinki.html
Shinwagusou,517-0703,Mie Prefecture,1537-4 Wagu Shimacho Shima,,$$,http://www.tripadvisor.com/Hotel_Review-g1019679-d1073968-Reviews-Shinwagusou-Shima_Mie_Prefecture_Kinki.html
Station Hotel Ugata,517-0501,Mie Prefecture,4068-4 Ugata Agocho Shima,,,http://www.tripadvisor.com/Hotel_Review-g1019679-d1073971-Reviews-Station_Hotel_Ugata-Shima_Mie_Prefecture_Kinki.html
Yumotokan New Hamajima,517-0404,Mie Prefecture,3020 Hamajima Hamajimacho Shima,,$$$$,http://www.tripadvisor.com/Hotel_Review-g1019679-d1073973-Reviews-Yumotokan_New_Hamajima-Shima_Mie_Prefecture_Kinki.html
Premier Resort Yuga Iseshima,517-0494　,Mie Prefecture,"1645-1 Hamajima, Hamajima-cho Shima",86,$,http://www.tripadvisor.com/Hotel_Review-g1019679-d1092435-Reviews-Premier_Resort_Yuga_Iseshima-Shima_Mie_Prefecture_Kinki.html
Fukujuso,517-0205,Mie Prefecture,517 Watakano Isobecho Shima,63,$$,http://www.tripadvisor.com/Hotel_Review-g1019679-d1092436-Reviews-Fukujuso-Shima_Mie_Prefecture_Kinki.html
Nemu no Sato,517-0403,Mie Prefecture,2692-3 Hazako Hamajima-cho Shima,100,$$,http://www.tripadvisor.com/Hotel_Review-g1019679-d1092439-Reviews-Nemu_no_Sato-Shima_Mie_Prefecture_Kinki.html
Hotel Nemu,517-0403,Mie Prefecture,"2692-3 Hazako, Hamajima-cho Shima",60,$$,http://www.tripadvisor.com/Hotel_Review-g1019679-d1092443-Reviews-Hotel_Nemu-Shima_Mie_Prefecture_Kinki.html
Season Inn Amigos,517-0212,Mie Prefecture,818-1 Isobe-cho Sakazaki Shima,,$,http://www.tripadvisor.com/Hotel_Review-g1019679-d1092449-Reviews-Season_Inn_Amigos-Shima_Mie_Prefecture_Kinki.html
Haifu,517-0205,Mie Prefecture,"524 Watakano, Isobecho Shima",21,$$$$,http://www.tripadvisor.com/Hotel_Review-g1019679-d1092451-Reviews-Haifu-Shima_Mie_Prefecture_Kinki.html
Asashio,517-0205,Mie Prefecture,"443 Watakano, Isobecho Shima",,,http://www.tripadvisor.com/Hotel_Review-g1019679-d1094069-Reviews-Asashio-Shima_Mie_Prefecture_Kinki.html
Hiogiso,517-0501,Mie Prefecture,"943-1 Ugata, Agocho Shima",21,$$,http://www.tripadvisor.com/Hotel_Review-g1019679-d1094072-Reviews-Hiogiso-Shima_Mie_Prefecture_Kinki.html
Ajino Yado Ukijima,517-0205,Mie Prefecture,"47 Watakano, Isobe-cho Shima",,$,http://www.tripadvisor.com/Hotel_Review-g1019679-d1094074-Reviews-Ajino_Yado_Ukijima-Shima_Mie_Prefecture_Kinki.html
Chunichi Business Hotel,517-0501,Mie Prefecture,"4052 Ugata, Agocho Shima",,$,http://www.tripadvisor.com/Hotel_Review-g1019679-d1094075-Reviews-Chunichi_Business_Hotel-Shima_Mie_Prefecture_Kinki.html
Washukaku,517-0703,Mie Prefecture,"524 Wagu, Shimacho Shima",,,http://www.tripadvisor.com/Hotel_Review-g1019679-d1094078-Reviews-Washukaku-Shima_Mie_Prefecture_Kinki.html
Shima Mediterranean Village,517-0403,Mie Prefecture,2619-1 Hamajimachohazako Shima,17,$$$,http://www.tripadvisor.com/Hotel_Review-g1019679-d1112839-Reviews-Shima_Mediterranean_Village-Shima_Mie_Prefecture_Kinki.html
Haruka,517-0603,Mie Prefecture,3586 Daiochonakiri Shima,,,http://www.tripadvisor.com/Hotel_Review-g1019679-d1112841-Reviews-Haruka-Shima_Mie_Prefecture_Kinki.html
Zigamiya Ryokan,517-0604,Mie Prefecture,1093 Daiochofunakoshi Shima,,$$,http://www.tripadvisor.com/Hotel_Review-g1019679-d1112842-Reviews-Zigamiya_Ryokan-Shima_Mie_Prefecture_Kinki.html
Kanegen,517-0705,Mie Prefecture,"404 Goza, Shimacho Shima",,,http://www.tripadvisor.com/Hotel_Review-g1019679-d1112846-Reviews-Kanegen-Shima_Mie_Prefecture_Kinki.html
Hirohamaso,517-0703,Mie Prefecture,1593 Shimachowagu Shima,,$$,http://www.tripadvisor.com/Hotel_Review-g1019679-d1112848-Reviews-Hirohamaso-Shima_Mie_Prefecture_Kinki.html
Provence,517-0502,Mie Prefecture,"660 Shinmei, Agocho Shima",,$$,http://www.tripadvisor.com/Hotel_Review-g1019679-d1112878-Reviews-Provence-Shima_Mie_Prefecture_Kinki.html
Ikadaso Sanjo,517-0204,Mie Prefecture,883-12 Matoya Isobecho Shima,,$$,http://www.tripadvisor.com/Hotel_Review-g1019679-d1112885-Reviews-Ikadaso_Sanjo-Shima_Mie_Prefecture_Kinki.html
Satomura,517-0505,Mie Prefecture,"42 Koka, Agocho Shima",,$$$,http://www.tripadvisor.com/Hotel_Review-g1019679-d1112901-Reviews-Satomura-Shima_Mie_Prefecture_Kinki.html
Shiko,517-0404,Mie Prefecture,1035 Hamajima Hamajimacho Shima,,,http://www.tripadvisor.com/Hotel_Review-g1019679-d1112908-Reviews-Shiko-Shima_Mie_Prefecture_Kinki.html
Daikichi,517-0604,Mie Prefecture,3287-15 Daiochofunakoshi Shima,,$,http://www.tripadvisor.com/Hotel_Review-g1019679-d1112910-Reviews-Daikichi-Shima_Mie_Prefecture_Kinki.html
Seaside Hotel Tsutaya,517-0205,Mie Prefecture,524-3 Isobechowatakano Shima,,,http://www.tripadvisor.com/Hotel_Review-g1019679-d1112914-Reviews-Seaside_Hotel_Tsutaya-Shima_Mie_Prefecture_Kinki.html
Yutaka,517-0506,Mie Prefecture,3821-2 Agochoko Shima,,$$,http://www.tripadvisor.com/Hotel_Review-g1019679-d1112916-Reviews-Yutaka-Shima_Mie_Prefecture_Kinki.html
Yumenotuzuki,517-0403,Mie Prefecture,2472-13 Hamajimachohazako Shima,,,http://www.tripadvisor.com/Hotel_Review-g1019679-d1112920-Reviews-Yumenotuzuki-Shima_Mie_Prefecture_Kinki.html
Daioso,517-0603,Mie Prefecture,244 Daiochonakiri Shima,,,http://www.tripadvisor.com/Hotel_Review-g1019679-d1112923-Reviews-Daioso-Shima_Mie_Prefecture_Kinki.html
Gozamisaki,517-0705,Mie Prefecture,950 Goza Shimacho Shima,,$,http://www.tripadvisor.com/Hotel_Review-g1019679-d1112926-Reviews-Gozamisaki-Shima_Mie_Prefecture_Kinki.html
Isecho Ryokan,517-0507,Mie Prefecture,1433-3 Agochoanori Shima,,,http://www.tripadvisor.com/Hotel_Review-g1019679-d1112931-Reviews-Isecho_Ryokan-Shima_Mie_Prefecture_Kinki.html
Tachibana,517-0204,Mie Prefecture,"310 Matoya, Isobecho Shima",,$$$,http://www.tripadvisor.com/Hotel_Review-g1019679-d1113773-Reviews-Tachibana-Shima_Mie_Prefecture_Kinki.html
Sakichi,517-0507,Mie Prefecture,840 Agochoanori Shima,,,http://www.tripadvisor.com/Hotel_Review-g1019679-d1113779-Reviews-Sakichi-Shima_Mie_Prefecture_Kinki.html
Gen,517-0506,Mie Prefecture,2857 Agochoko Shima,,,http://www.tripadvisor.com/Hotel_Review-g1019679-d1113780-Reviews-Gen-Shima_Mie_Prefecture_Kinki.html
Business Hotel Kaiju,517-0404,Mie Prefecture,2790 Hamajimachohamajima Shima,,,http://www.tripadvisor.com/Hotel_Review-g1019679-d1113782-Reviews-Business_Hotel_Kaiju-Shima_Mie_Prefecture_Kinki.html
Maruyasu,517-0506,Mie Prefecture,3519-1 Agochoko Shima,,$,http://www.tripadvisor.com/Hotel_Review-g1019679-d1113784-Reviews-Maruyasu-Shima_Mie_Prefecture_Kinki.html
You Life Shima,517-0506,Mie Prefecture,1058 Agochoko Shima,,$,http://www.tripadvisor.com/Hotel_Review-g1019679-d1113786-Reviews-You_Life_Shima-Shima_Mie_Prefecture_Kinki.html
Hotaru,517-0502,Mie Prefecture,3618-37 Ugata Ago-cho Shima,,$$$$,http://www.tripadvisor.com/Hotel_Review-g1019679-d1113788-Reviews-Hotaru-Shima_Mie_Prefecture_Kinki.html
Resort Pension Shima,517-0701,Mie Prefecture,"4253 Katada, Shimacho Shima",,$,http://www.tripadvisor.com/Hotel_Review-g1019679-d1113791-Reviews-Resort_Pension_Shima-Shima_Mie_Prefecture_Kinki.html
Station Hotel Annex,517-0501,Mie Prefecture,1200-6 Agochougata Shima,,$,http://www.tripadvisor.com/Hotel_Review-g1019679-d1113792-Reviews-Station_Hotel_Annex-Shima_Mie_Prefecture_Kinki.html
Shaka Shijima Pension,517-0504,Mie Prefecture,1249-1 Ago-cho Shijima Shima,,$$$,http://www.tripadvisor.com/Hotel_Review-g1019679-d1113796-Reviews-Shaka_Shijima_Pension-Shima_Mie_Prefecture_Kinki.html
Ugata Business Hotel,517-0501,Mie Prefecture,4045-1 Agochougata Shima,,$,http://www.tripadvisor.com/Hotel_Review-g1019679-d1113799-Reviews-Ugata_Business_Hotel-Shima_Mie_Prefecture_Kinki.html
Bentenso,517-0502,Mie Prefecture,"686-2 Shinmei, Ago-cho Shima",3,$,http://www.tripadvisor.com/Hotel_Review-g1019679-d1113801-Reviews-Bentenso-Shima_Mie_Prefecture_Kinki.html
Kashikojima Harbor,517-0502,Mie Prefecture,754-24 Agochoshinmei Shima,,$,http://www.tripadvisor.com/Hotel_Review-g1019679-d1113806-Reviews-Kashikojima_Harbor-Shima_Mie_Prefecture_Kinki.html
Tomoyama Kanko Hotel,517-0604,Mie Prefecture,2746-37 Daiochofunakoshi Shima,,$$$,http://www.tripadvisor.com/Hotel_Review-g1019679-d1113808-Reviews-Tomoyama_Kanko_Hotel-Shima_Mie_Prefecture_Kinki.html
Campana Shima Oz Log Resort,517-0502,Mie Prefecture,1916-60 Shinmei Agocho Shima,30,$,http://www.tripadvisor.com/Hotel_Review-g1019679-d1113812-Reviews-Campana_Shima_Oz_Log_Resort-Shima_Mie_Prefecture_Kinki.html
Shishukaku,517-0507,Mie Prefecture,"3693-16 Anori, Agocho Shima",,$$$$,http://www.tripadvisor.com/Hotel_Review-g1019679-d1113818-Reviews-Shishukaku-Shima_Mie_Prefecture_Kinki.html
Hotel Makinoki,517-0603,Mie Prefecture,"2235-13 Nakiri, Daiocho Shima",,$$,http://www.tripadvisor.com/Hotel_Review-g1019679-d1113823-Reviews-Hotel_Makinoki-Shima_Mie_Prefecture_Kinki.html
Pension Peruru,517-0603,Mie Prefecture,2221-4 Daiochonakiri Shima,,$,http://www.tripadvisor.com/Hotel_Review-g1019679-d1113835-Reviews-Pension_Peruru-Shima_Mie_Prefecture_Kinki.html
Minshuku Yamaya,517-0705,Mie Prefecture,245-2 Shimachogoza Shima,,$$,http://www.tripadvisor.com/Hotel_Review-g1019679-d1113837-Reviews-Minshuku_Yamaya-Shima_Mie_Prefecture_Kinki.html
Marine House Tsuruyama,517-0505,Mie Prefecture,103 Agochokoka Shima,,$,http://www.tripadvisor.com/Hotel_Review-g1019679-d1113838-Reviews-Marine_House_Tsuruyama-Shima_Mie_Prefecture_Kinki.html
Resort Park Tomoyama,517-0604,Mie Prefecture,2746 Funakoshi Daiocho Shima,,$$,http://www.tripadvisor.com/Hotel_Review-g1019679-d1113845-Reviews-Resort_Park_Tomoyama-Shima_Mie_Prefecture_Kinki.html
Shiroi Mugiwaraboushi,517-0505,Mie Prefecture,1366-19 Agochokoka Shima,,,http://www.tripadvisor.com/Hotel_Review-g1019679-d1113847-Reviews-Shiroi_Mugiwaraboushi-Shima_Mie_Prefecture_Kinki.html
Heartful Hikobe,517-0502,Mie Prefecture,"950-5 Shinmei, Agocho Shima",,$$,http://www.tripadvisor.com/Hotel_Review-g1019679-d1113852-Reviews-Heartful_Hikobe-Shima_Mie_Prefecture_Kinki.html
Uomoto,517-0507,Mie Prefecture,1245 Agochoanori Shima,,$,http://www.tripadvisor.com/Hotel_Review-g1019679-d1113854-Reviews-Uomoto-Shima_Mie_Prefecture_Kinki.html
Ichiyo,517-0705,Mie Prefecture,161-3 Shimachogoza Shima,,$,http://www.tripadvisor.com/Hotel_Review-g1019679-d1113858-Reviews-Ichiyo-Shima_Mie_Prefecture_Kinki.html
Minshuku Ryokan Yamaman,517-0705,Mie Prefecture,482-1 Shimachogoza Shima,,,http://www.tripadvisor.com/Hotel_Review-g1019679-d1113859-Reviews-Minshuku_Ryokan_Yamaman-Shima_Mie_Prefecture_Kinki.html
Matsugaeya,517-0603,Mie Prefecture,1873-5 Funakoshi Daio-cho Shima,,$,http://www.tripadvisor.com/Hotel_Review-g1019679-d1113863-Reviews-Matsugaeya-Shima_Mie_Prefecture_Kinki.html
Minshuku Tama,517-0601,Mie Prefecture,423-1 Daiochoazena Shima,,$,http://www.tripadvisor.com/Hotel_Review-g1019679-d1113865-Reviews-Minshuku_Tama-Shima_Mie_Prefecture_Kinki.html
Koyamaso,517-0507,Mie Prefecture,830 Agochoanori Shima,,,http://www.tripadvisor.com/Hotel_Review-g1019679-d1113867-Reviews-Koyamaso-Shima_Mie_Prefecture_Kinki.html
Takesho,517-0703,Mie Prefecture,"3100-1 Wagu, Shimacho Shima",,$$,http://www.tripadvisor.com/Hotel_Review-g1019679-d1113869-Reviews-Takesho-Shima_Mie_Prefecture_Kinki.html
Hotel Kintetsu Aquavilla Ise Shima,517-0604,Mie Prefecture,3238-1 Funakoshi Daiocho Shima,127,$$,http://www.tripadvisor.com/Hotel_Review-g1019679-d1113872-Reviews-Hotel_Kintetsu_Aquavilla_Ise_Shima-Shima_Mie_Prefecture_Kinki.html
Anori Seaside Hotel,517-0507,Mie Prefecture,944-1 Agochoanori Shima,,$,http://www.tripadvisor.com/Hotel_Review-g1019679-d1113874-Reviews-Anori_Seaside_Hotel-Shima_Mie_Prefecture_Kinki.html
Misakiso,517-0705,Mie Prefecture,785 Shimachogoza Shima,,$,http://www.tripadvisor.com/Hotel_Review-g1019679-d1113876-Reviews-Misakiso-Shima_Mie_Prefecture_Kinki.html
Iseshima Youth Hostel,517-0213,Mie Prefecture,1219-82 Isobechoanagawa Shima,,$,http://www.tripadvisor.com/Hotel_Review-g1019679-d1113878-Reviews-Iseshima_Youth_Hostel-Shima_Mie_Prefecture_Kinki.html
Utei,517-0506,Mie Prefecture,3673-3 Agochoko Shima,,,http://www.tripadvisor.com/Hotel_Review-g1019679-d1113879-Reviews-Utei-Shima_Mie_Prefecture_Kinki.html
Watakanosou,517-0205,Mie Prefecture,7-1 Isobechowatakano Shima,,$$,http://www.tripadvisor.com/Hotel_Review-g1019679-d1113888-Reviews-Watakanosou-Shima_Mie_Prefecture_Kinki.html
Kashiko Hirohama,517-0502,Mie Prefecture,721-4 Agochoshinmei Shima,,,http://www.tripadvisor.com/Hotel_Review-g1019679-d1113895-Reviews-Kashiko_Hirohama-Shima_Mie_Prefecture_Kinki.html
Kashikojima Family Hotel Hanaya,517-0502,Mie Prefecture,737-13 Shinmei Ago-cho Shima,,$$,http://www.tripadvisor.com/Hotel_Review-g1019679-d1113897-Reviews-Kashikojima_Family_Hotel_Hanaya-Shima_Mie_Prefecture_Kinki.html
Pension Gu Gu,517-0501,Mie Prefecture,875-18 Agochougata Shima,,$,http://www.tripadvisor.com/Hotel_Review-g1019679-d1113900-Reviews-Pension_Gu_Gu-Shima_Mie_Prefecture_Kinki.html
Tokishizuku,517-0505,Mie Prefecture,4573 Agochokoka Shima,,,http://www.tripadvisor.com/Hotel_Review-g1019679-d1113908-Reviews-Tokishizuku-Shima_Mie_Prefecture_Kinki.html
Neboya,517-0505,Mie Prefecture,4578-1 Ago-cho Koka Shima,,$$$,http://www.tripadvisor.com/Hotel_Review-g1019679-d1113909-Reviews-Neboya-Shima_Mie_Prefecture_Kinki.html
Sunperla Shima,517-0204,Mie Prefecture,314 Isobechomatoya Shima,,$$,http://www.tripadvisor.com/Hotel_Review-g1019679-d1113913-Reviews-Sunperla_Shima-Shima_Mie_Prefecture_Kinki.html
Surfer's Lodge Duvach,517-0504,Mie Prefecture,1247-5 Agochoshijima Shima,,,http://www.tripadvisor.com/Hotel_Review-g1019679-d1113920-Reviews-Surfer_s_Lodge_Duvach-Shima_Mie_Prefecture_Kinki.html
Seaside Hogashima,517-0705,Mie Prefecture,481 Shimachogoza Shima,,$$,http://www.tripadvisor.com/Hotel_Review-g1019679-d1113922-Reviews-Seaside_Hogashima-Shima_Mie_Prefecture_Kinki.html
Horaiso,517-0404,Mie Prefecture,1416 Hamajima Hamajimacho Shima,,$$,http://www.tripadvisor.com/Hotel_Review-g1019679-d1113928-Reviews-Horaiso-Shima_Mie_Prefecture_Kinki.html
Yobokan,517-0507,Mie Prefecture,440-1 Agochoanori Shima,,,http://www.tripadvisor.com/Hotel_Review-g1019679-d1113941-Reviews-Yobokan-Shima_Mie_Prefecture_Kinki.html
Marine Blue,517-0705,Mie Prefecture,776 Shimachogoza Shima,,,http://www.tripadvisor.com/Hotel_Review-g1019679-d1113943-Reviews-Marine_Blue-Shima_Mie_Prefecture_Kinki.html
Marusada,517-0204,Mie Prefecture,934-5 Isobechomatoya Shima,,$$,http://www.tripadvisor.com/Hotel_Review-g1019679-d1113945-Reviews-Marusada-Shima_Mie_Prefecture_Kinki.html
Miharashiya,517-0705,Mie Prefecture,159 Shimachogoza Shima,,$,http://www.tripadvisor.com/Hotel_Review-g1019679-d1113948-Reviews-Miharashiya-Shima_Mie_Prefecture_Kinki.html
Marutora,517-0507,Mie Prefecture,"1408-1 Anori, Agocho Shima",,$$$$,http://www.tripadvisor.com/Hotel_Review-g1019679-d1113959-Reviews-Marutora-Shima_Mie_Prefecture_Kinki.html
Umikyu,517-0507,Mie Prefecture,3693-14 Anori Ago-cho Shima,,,http://www.tripadvisor.com/Hotel_Review-g1019679-d1113964-Reviews-Umikyu-Shima_Mie_Prefecture_Kinki.html
Marumitsu,517-0704,Mie Prefecture,656-2 Shimachokoshika Shima,,,http://www.tripadvisor.com/Hotel_Review-g1019679-d1113970-Reviews-Marumitsu-Shima_Mie_Prefecture_Kinki.html
Shimafusha,517-0705,Mie Prefecture,704-4 Shimachogoza Shima,,,http://www.tripadvisor.com/Hotel_Review-g1019679-d1113975-Reviews-Shimafusha-Shima_Mie_Prefecture_Kinki.html
Minshuku Morigen,517-0705,Mie Prefecture,364 Shimachogoza Shima,,$$,http://www.tripadvisor.com/Hotel_Review-g1019679-d1113976-Reviews-Minshuku_Morigen-Shima_Mie_Prefecture_Kinki.html
Grand Bunraku,517-0507,Mie Prefecture,832-1 Agochoanori Shima,,,http://www.tripadvisor.com/Hotel_Review-g1019679-d1113978-Reviews-Grand_Bunraku-Shima_Mie_Prefecture_Kinki.html
Tsuriyado Mikasho,517-0211,Mie Prefecture,366-1 Isobechosangasho Shima,,,http://www.tripadvisor.com/Hotel_Review-g1019679-d1113982-Reviews-Tsuriyado_Mikasho-Shima_Mie_Prefecture_Kinki.html
Shimawaso,517-0501,Mie Prefecture,1219-6 Agochougata Shima,,$$,http://www.tripadvisor.com/Hotel_Review-g1019679-d1113986-Reviews-Shimawaso-Shima_Mie_Prefecture_Kinki.html
Shinjuso,517-0502,Mie Prefecture,738-1 Shinmei Ago-cho Shima,,,http://www.tripadvisor.com/Hotel_Review-g1019679-d1113990-Reviews-Shinjuso-Shima_Mie_Prefecture_Kinki.html
Hitsujiya Corriedale,517-0204,Mie Prefecture,776-7 Isobechomatoya Shima,,,http://www.tripadvisor.com/Hotel_Review-g1019679-d1113994-Reviews-Hitsujiya_Corriedale-Shima_Mie_Prefecture_Kinki.html
Hotel Tokinoza,519-3204,Mie Prefecture,"3043-4 Higashinagashima, Kiinagashima-ku Kihoku-cho",45,$$,http://www.tripadvisor.com/Hotel_Review-g1121261-d1124409-Reviews-Hotel_Tokinoza-Kihoku_cho_Kitamuro_gun_Mie_Prefecture_Kinki.html
Unabara,519-3209,Mie Prefecture,"1032 Furusato, Kiinagashima-ku Kihoku-cho",,$,http://www.tripadvisor.com/Hotel_Review-g1121261-d1484130-Reviews-Unabara-Kihoku_cho_Kitamuro_gun_Mie_Prefecture_Kinki.html
Minshuku Azuma,519-3207,Mie Prefecture,"83-2 Doze, Kiinagashima-ku Kihoku-cho",,,http://www.tripadvisor.com/Hotel_Review-g1121261-d1484134-Reviews-Minshuku_Azuma-Kihoku_cho_Kitamuro_gun_Mie_Prefecture_Kinki.html
Minoshima,519-3209,Mie Prefecture,"1125 Furusato, Kiinagashima-ku Kihoku-cho",,$$$,http://www.tripadvisor.com/Hotel_Review-g1121261-d1484140-Reviews-Minoshima-Kihoku_cho_Kitamuro_gun_Mie_Prefecture_Kinki.html
Minshuku Sazanami,519-3206,Mie Prefecture,"1123-1 Kaino, Kiinagashima-ku Kihoku-cho",,$,http://www.tripadvisor.com/Hotel_Review-g1121261-d1484162-Reviews-Minshuku_Sazanami-Kihoku_cho_Kitamuro_gun_Mie_Prefecture_Kinki.html
Hamachidori,519-3204,Mie Prefecture,"2710-1 Higashi nagashima, Kii nagashima-ku Kihoku-cho",,,http://www.tripadvisor.com/Hotel_Review-g1121261-d1785576-Reviews-Hamachidori-Kihoku_cho_Kitamuro_gun_Mie_Prefecture_Kinki.html
Araisodokoro Hamakaze,519-3209,Mie Prefecture,"1077-1 Furusato, Kiinagashima-ku Kihoku-cho",,,http://www.tripadvisor.com/Hotel_Review-g1121261-d1862235-Reviews-Araisodokoro_Hamakaze-Kihoku_cho_Kitamuro_gun_Mie_Prefecture_Kinki.html
Ryori Minshuku Mihama,519-3209,Mie Prefecture,"1138-2 Furusato, Kiinagashima-ku Kihoku-cho",,$,http://www.tripadvisor.com/Hotel_Review-g1121261-d1862239-Reviews-Ryori_Minshuku_Mihama-Kihoku_cho_Kitamuro_gun_Mie_Prefecture_Kinki.html
Shikikatsugyo no Yado Kii no Matsushima,519-3209,Mie Prefecture,"1057 Furusato, Kiinagasima-ku Kihoku-cho",,$$,http://www.tripadvisor.com/Hotel_Review-g1121261-d1862242-Reviews-Shikikatsugyo_no_Yado_Kii_no_Matsushima-Kihoku_cho_Kitamuro_gun_Mie_Prefecture_Kinki.html
Minshuku Tachibana,519-3209,Mie Prefecture,"1138 Furusato, Kiinagashima-ku Kihoku-cho",,,http://www.tripadvisor.com/Hotel_Review-g1121261-d1862243-Reviews-Minshuku_Tachibana-Kihoku_cho_Kitamuro_gun_Mie_Prefecture_Kinki.html
Otani Minshuku,519-3207,Mie Prefecture,"147-2 Dose, Kiinagashima-ku Kihoku-cho",,$,http://www.tripadvisor.com/Hotel_Review-g1121261-d1862246-Reviews-Otani_Minshuku-Kihoku_cho_Kitamuro_gun_Mie_Prefecture_Kinki.html
Kinokuni,519-3206,Mie Prefecture,195 Kiinagashimakukaino Kihoku-cho,,$$,http://www.tripadvisor.com/Hotel_Review-g1121261-d1876894-Reviews-Kinokuni-Kihoku_cho_Kitamuro_gun_Mie_Prefecture_Kinki.html
Minsyuku misato,519-3209,Mie Prefecture,1310 Kiinagashimakufurusato Kihoku-cho,,,http://www.tripadvisor.com/Hotel_Review-g1121261-d1925282-Reviews-Minsyuku_misato-Kihoku_cho_Kitamuro_gun_Mie_Prefecture_Kinki.html
Sakagura to jizakana no yado momotaro,519-3206,Mie Prefecture,1065 Kiinagashimakukaino Kihoku-cho,,,http://www.tripadvisor.com/Hotel_Review-g1121261-d1925284-Reviews-Sakagura_to_jizakana_no_yado_momotaro-Kihoku_cho_Kitamuro_gun_Mie_Prefecture_Kinki.html
Ryokan Boyo,519-3412,Mie Prefecture,"138-1 Shimakatsuura, Umiyama-ku Kihoku-cho",,,http://www.tripadvisor.com/Hotel_Review-g1121261-d2041673-Reviews-Ryokan_Boyo-Kihoku_cho_Kitamuro_gun_Mie_Prefecture_Kinki.html
Misuzu,519-3208,Mie Prefecture,"297-4, Miura, Kiinagashima-ku Kihoku-cho",,,http://www.tripadvisor.com/Hotel_Review-g1121261-d2271587-Reviews-Misuzu-Kihoku_cho_Kitamuro_gun_Mie_Prefecture_Kinki.html
Magotaro Auto Camp,519-3204,Mie Prefecture,3034-4 Kiinagashimakuhigashinagashima Kihoku-cho,,,http://www.tripadvisor.com/Hotel_Review-g1121261-d2537347-Reviews-Magotaro_Auto_Camp-Kihoku_cho_Kitamuro_gun_Mie_Prefecture_Kinki.html
Uochu Ryokan,511-0432,Mie Prefecture,93 Hokuseicho Higashimura Inabe,,$,http://www.tripadvisor.com/Hotel_Review-g1019673-d1112778-Reviews-Uochu_Ryokan-Inabe_Mie_Prefecture_Kinki.html
Rokkoku Kogen Hotel,511-0437,Mie Prefecture,36-2 Hokusei-cho Kaito Inabe,,$,http://www.tripadvisor.com/Hotel_Review-g1019673-d1112784-Reviews-Rokkoku_Kogen_Hotel-Inabe_Mie_Prefecture_Kinki.html
