Sheraton Grande Ocean Resort,880-8545,Miyazaki Prefecture,"Hamayama, Yamasakicho Miyazaki",745,$$,http://www.tripadvisor.com/Hotel_Review-g298215-d301797-Reviews-Sheraton_Grande_Ocean_Resort-Miyazaki_Miyazaki_Prefecture_Kyushu_Okinawa.html
Hotel JAL City Miyazaki,880-0001,Miyazaki Prefecture,4-2-30 Tachibana-dori Nishi Miyazaki,210,$,http://www.tripadvisor.com/Hotel_Review-g298215-d307655-Reviews-Hotel_JAL_City_Miyazaki-Miyazaki_Miyazaki_Prefecture_Kyushu_Okinawa.html
Cottage Himuka,880-8545,Miyazaki Prefecture,"Hamayama, Yamasakicho Miyazaki",120,$$,http://www.tripadvisor.com/Hotel_Review-g298215-d311033-Reviews-Cottage_Himuka-Miyazaki_Miyazaki_Prefecture_Kyushu_Okinawa.html
ANA Holiday Inn Resort MIYAZAKI,889-2162,Miyazaki Prefecture,1-16-1 Aoshima Miyazaki,214,$,http://www.tripadvisor.com/Hotel_Review-g298215-d324344-Reviews-ANA_Holiday_Inn_Resort_MIYAZAKI-Miyazaki_Miyazaki_Prefecture_Kyushu_Okinawa.html
Apa Hotel Miyazaki Station Tachibanadori,880-0805,Miyazaki Prefecture,3-4-4 Tachibana-dori-higashi Miyazaki,153,$,http://www.tripadvisor.com/Hotel_Review-g298215-d324348-Reviews-Apa_Hotel_Miyazaki_Station_Tachibanadori-Miyazaki_Miyazaki_Prefecture_Kyushu_Okinawa.html
Miyazaki Kanko Hotel,880-8512,Miyazaki Prefecture,1-1-1 Matsuyama Miyazaki,375,$,http://www.tripadvisor.com/Hotel_Review-g298215-d324352-Reviews-Miyazaki_Kanko_Hotel-Miyazaki_Miyazaki_Prefecture_Kyushu_Okinawa.html
Miyazaki Royal Business Hotel,880-0867,Miyazaki Prefecture,2-5-20 Segashira Miyazaki,,$,http://www.tripadvisor.com/Hotel_Review-g298215-d1064396-Reviews-Miyazaki_Royal_Business_Hotel-Miyazaki_Miyazaki_Prefecture_Kyushu_Okinawa.html
Airline Hotel,880-0001,Miyazaki Prefecture,3-10-19 Tachibanadorinishi Miyazaki,237,$,http://www.tripadvisor.com/Hotel_Review-g298215-d1064405-Reviews-Airline_Hotel-Miyazaki_Miyazaki_Prefecture_Kyushu_Okinawa.html
Hotel Brisbane,880-0006,Miyazaki Prefecture,53-3 Chigusacho Miyazaki,,$,http://www.tripadvisor.com/Hotel_Review-g298215-d1064418-Reviews-Hotel_Brisbane-Miyazaki_Miyazaki_Prefecture_Kyushu_Okinawa.html
Hotel Brisbane's,880-0006,Miyazaki Prefecture,5-7 Chigusacho Miyazaki,,$,http://www.tripadvisor.com/Hotel_Review-g298215-d1064458-Reviews-Hotel_Brisbane_s-Miyazaki_Miyazaki_Prefecture_Kyushu_Okinawa.html
Hotel Hamaso,880-0864,Miyazaki Prefecture,151 Azumacho Miyazaki,,$,http://www.tripadvisor.com/Hotel_Review-g298215-d1064460-Reviews-Hotel_Hamaso-Miyazaki_Miyazaki_Prefecture_Kyushu_Okinawa.html
Hotel Kanezumi,880-0864,Miyazaki Prefecture,66 Azumacho Miyazaki,,$$,http://www.tripadvisor.com/Hotel_Review-g298215-d1064474-Reviews-Hotel_Kanezumi-Miyazaki_Miyazaki_Prefecture_Kyushu_Okinawa.html
Hotel Marix,880-0006,Miyazaki Prefecture,15-8 Chigusacho Miyazaki,374,$,http://www.tripadvisor.com/Hotel_Review-g298215-d1064476-Reviews-Hotel_Marix-Miyazaki_Miyazaki_Prefecture_Kyushu_Okinawa.html
Hotel Marix Lagoon,880-0021,Miyazaki Prefecture,3-105 Shimizu Miyazaki,176,$,http://www.tripadvisor.com/Hotel_Review-g298215-d1064479-Reviews-Hotel_Marix_Lagoon-Miyazaki_Miyazaki_Prefecture_Kyushu_Okinawa.html
Hotel Merieges,880-0805,Miyazaki Prefecture,3-1-11 Tachibanadorihigashi Miyazaki,174,$,http://www.tripadvisor.com/Hotel_Review-g298215-d1064484-Reviews-Hotel_Merieges-Miyazaki_Miyazaki_Prefecture_Kyushu_Okinawa.html
Hotel Sunlight Miyazaki,880-0904,Miyazaki Prefecture,1-1-1 Nakamurahigashi Miyazaki,98,,http://www.tripadvisor.com/Hotel_Review-g298215-d1064489-Reviews-Hotel_Sunlight_Miyazaki-Miyazaki_Miyazaki_Prefecture_Kyushu_Okinawa.html
Hotel Areaone Miyazaki,880-0012,Miyazaki Prefecture,1-2-21 Suehiro Miyazaki,69,$,http://www.tripadvisor.com/Hotel_Review-g298215-d1064494-Reviews-Hotel_Areaone_Miyazaki-Miyazaki_Miyazaki_Prefecture_Kyushu_Okinawa.html
Kamenoi Hotel,880-0211,Miyazaki Prefecture,9848-7 Shimotajima Sadowaracho Miyazaki,121,$,http://www.tripadvisor.com/Hotel_Review-g298215-d1064503-Reviews-Kamenoi_Hotel-Miyazaki_Miyazaki_Prefecture_Kyushu_Okinawa.html
Miyazaki Dai-ichi Hotel,880-0805,Miyazaki Prefecture,5-4-14 Tachibanadorihigashi Miyazaki,185,$,http://www.tripadvisor.com/Hotel_Review-g298215-d1064507-Reviews-Miyazaki_Dai_ichi_Hotel-Miyazaki_Miyazaki_Prefecture_Kyushu_Okinawa.html
Miyazaki 5C's Hotel,880-0005,Miyazaki Prefecture,42-1 Minamitakamatsu-cho Miyazaki,96,$,http://www.tripadvisor.com/Hotel_Review-g298215-d1064508-Reviews-Miyazaki_5C_s_Hotel-Miyazaki_Miyazaki_Prefecture_Kyushu_Okinawa.html
Miyazaki Lions Hotel,880-0003,Miyazaki Prefecture,4-39 Takamatsucho Miyazaki,,$,http://www.tripadvisor.com/Hotel_Review-g298215-d1064509-Reviews-Miyazaki_Lions_Hotel-Miyazaki_Miyazaki_Prefecture_Kyushu_Okinawa.html
Miyazaki Legal Hotel,880-0805,Miyazaki Prefecture,1-5-8 Tachibanadorihigashi Miyazaki,,$,http://www.tripadvisor.com/Hotel_Review-g298215-d1064518-Reviews-Miyazaki_Legal_Hotel-Miyazaki_Miyazaki_Prefecture_Kyushu_Okinawa.html
Hotel Grandy Miyazaki,880-0001,Miyazaki Prefecture,3-1-1 Tachibanadorinishi Miyazaki,208,$,http://www.tripadvisor.com/Hotel_Review-g298215-d1064522-Reviews-Hotel_Grandy_Miyazaki-Miyazaki_Miyazaki_Prefecture_Kyushu_Okinawa.html
Onsen Megumi,880-2114,Miyazaki Prefecture,28 Tomiyoshi Miyazaki,,,http://www.tripadvisor.com/Hotel_Review-g298215-d1064530-Reviews-Onsen_Megumi-Miyazaki_Miyazaki_Prefecture_Kyushu_Okinawa.html
Richmond Hotel Miyazaki Station-Side,880-0879,Miyazaki Prefecture,2-2-3 Miyazakiekihigashi Miyazaki,204,$,http://www.tripadvisor.com/Hotel_Review-g298215-d1064544-Reviews-Richmond_Hotel_Miyazaki_Station_Side-Miyazaki_Miyazaki_Prefecture_Kyushu_Okinawa.html
Bokusui Ryokan,880-0806,Miyazaki Prefecture,1-8-14 Hiroshima Miyazaki,,$$,http://www.tripadvisor.com/Hotel_Review-g298215-d1064545-Reviews-Bokusui_Ryokan-Miyazaki_Miyazaki_Prefecture_Kyushu_Okinawa.html
Sun Hotel Phoenix,880-0122,Miyazaki Prefecture,3083 Shioji Miyazaki,296,$$,http://www.tripadvisor.com/Hotel_Review-g298215-d1064552-Reviews-Sun_Hotel_Phoenix-Miyazaki_Miyazaki_Prefecture_Kyushu_Okinawa.html
Hotel Sky Tower,880-0812,Miyazaki Prefecture,2-1-26 Takachiho-dori Miyazaki,128,$,http://www.tripadvisor.com/Hotel_Review-g298215-d1083254-Reviews-Hotel_Sky_Tower-Miyazaki_Miyazaki_Prefecture_Kyushu_Okinawa.html
Super Hotel Miyazaki,880-0805,Miyazaki Prefecture,2-2-6 Tachibana-dori Higashi Miyazaki,,$,http://www.tripadvisor.com/Hotel_Review-g298215-d1083260-Reviews-Super_Hotel_Miyazaki-Miyazaki_Miyazaki_Prefecture_Kyushu_Okinawa.html
Ryokan Minshuku Kasuiso,880-0035,Miyazaki Prefecture,5666-4 Shimo Kitakata-machi Hanagiri Miyazaki,,$,http://www.tripadvisor.com/Hotel_Review-g298215-d1083265-Reviews-Ryokan_Minshuku_Kasuiso-Miyazaki_Miyazaki_Prefecture_Kyushu_Okinawa.html
Luxze Hitotsuba,880-8545,Miyazaki Prefecture,"Hamayama, Yamasakicho Miyazaki",138,$$,http://www.tripadvisor.com/Hotel_Review-g298215-d1083267-Reviews-Luxze_Hitotsuba-Miyazaki_Miyazaki_Prefecture_Kyushu_Okinawa.html
Miyazaki Oriental Hotel,880-0806,Miyazaki Prefecture,2-10-22 Hiroshima Miyazaki,,,http://www.tripadvisor.com/Hotel_Review-g298215-d1083268-Reviews-Miyazaki_Oriental_Hotel-Miyazaki_Miyazaki_Prefecture_Kyushu_Okinawa.html
Hotel Century Miyazaki,880-0801,Miyazaki Prefecture,1-4-27 Oimatsu Miyazaki,,$,http://www.tripadvisor.com/Hotel_Review-g298215-d1083272-Reviews-Hotel_Century_Miyazaki-Miyazaki_Miyazaki_Prefecture_Kyushu_Okinawa.html
Business Hotel Yakata,880-0012,Miyazaki Prefecture,1-4-26 Suehiro Miyazaki,,$,http://www.tripadvisor.com/Hotel_Review-g298215-d1083308-Reviews-Business_Hotel_Yakata-Miyazaki_Miyazaki_Prefecture_Kyushu_Okinawa.html
Business Hotel Ariake (Miyazaki),880-0904,Miyazaki Prefecture,2-5-16 Nakamura Azuma Miyazaki,,,http://www.tripadvisor.com/Hotel_Review-g298215-d1083313-Reviews-Business_Hotel_Ariake_Miyazaki-Miyazaki_Miyazaki_Prefecture_Kyushu_Okinawa.html
Aoshima Grand Hotel,889-2162,Miyazaki Prefecture,1-16-64 Aoshima Miyazaki,,$,http://www.tripadvisor.com/Hotel_Review-g298215-d1091954-Reviews-Aoshima_Grand_Hotel-Miyazaki_Miyazaki_Prefecture_Kyushu_Okinawa.html
Hotel Crein Tachibana,880-0805,Miyazaki Prefecture,1-7-9 Tachibana-dori Higashi Miyazaki,82,$,http://www.tripadvisor.com/Hotel_Review-g298215-d1093654-Reviews-Hotel_Crein_Tachibana-Miyazaki_Miyazaki_Prefecture_Kyushu_Okinawa.html
Aoshima Cinqmale,889-2164,Miyazaki Prefecture,7408 Oaza Oriuzako Miyazaki,40,$$,http://www.tripadvisor.com/Hotel_Review-g298215-d1093657-Reviews-Aoshima_Cinqmale-Miyazaki_Miyazaki_Prefecture_Kyushu_Okinawa.html
M's Hotel Clair Miyazaki,880-0805,Miyazaki Prefecture,1-8-6 Tachibanadorihigashi Miyazaki,156,$,http://www.tripadvisor.com/Hotel_Review-g298215-d1107275-Reviews-M_s_Hotel_Clair_Miyazaki-Miyazaki_Miyazaki_Prefecture_Kyushu_Okinawa.html
Yusunoki,880-2213,Miyazaki Prefecture,1102-466 Kamikuranaga Takaokacho Miyazaki,,$,http://www.tripadvisor.com/Hotel_Review-g298215-d1107277-Reviews-Yusunoki-Miyazaki_Miyazaki_Prefecture_Kyushu_Okinawa.html
Regalo Hotel Miyazaki,880-0805,Miyazaki Prefecture,2-9-18 Tachibanadorihigashi Miyazaki,,$,http://www.tripadvisor.com/Hotel_Review-g298215-d1107279-Reviews-Regalo_Hotel_Miyazaki-Miyazaki_Miyazaki_Prefecture_Kyushu_Okinawa.html
Toyoko Inn Miyazaki Station,880-0801,Miyazaki Prefecture,2-2-31 Oimatsu Miyazaki,,$,http://www.tripadvisor.com/Hotel_Review-g298215-d1107280-Reviews-Toyoko_Inn_Miyazaki_Station-Miyazaki_Miyazaki_Prefecture_Kyushu_Okinawa.html
Miyazaki City Hotel,880-0002,Miyazaki Prefecture,4-1 Chuodori Miyazaki,,$,http://www.tripadvisor.com/Hotel_Review-g298215-d1107283-Reviews-Miyazaki_City_Hotel-Miyazaki_Miyazaki_Prefecture_Kyushu_Okinawa.html
Hotel Plum,880-0001,Miyazaki Prefecture,3-10-4 Tachibana-dori Nishi Miyazaki,,,http://www.tripadvisor.com/Hotel_Review-g298215-d1107440-Reviews-Hotel_Plum-Miyazaki_Miyazaki_Prefecture_Kyushu_Okinawa.html
New Wel City Miyazaki,880-0879,Miyazaki Prefecture,1-2-8 Miyazakiekihigashi Miyazaki,,$,http://www.tripadvisor.com/Hotel_Review-g298215-d1107445-Reviews-New_Wel_City_Miyazaki-Miyazaki_Miyazaki_Prefecture_Kyushu_Okinawa.html
Business Hotel Suisen,880-0012,Miyazaki Prefecture,1-4-28 Suehiro Miyazaki,,$,http://www.tripadvisor.com/Hotel_Review-g298215-d1107448-Reviews-Business_Hotel_Suisen-Miyazaki_Miyazaki_Prefecture_Kyushu_Okinawa.html
City Hotel Kyte,880-0001,Miyazaki Prefecture,5-5-19 Tachibanadorinishi Miyazaki,,$,http://www.tripadvisor.com/Hotel_Review-g298215-d1107451-Reviews-City_Hotel_Kyte-Miyazaki_Miyazaki_Prefecture_Kyushu_Okinawa.html
Youth Hostel Miyazaki Women's Center,880-0803,Miyazaki Prefecture,1-3-10 Asahi Miyazaki,,,http://www.tripadvisor.com/Hotel_Review-g298215-d1107456-Reviews-Youth_Hostel_Miyazaki_Women_s_Center-Miyazaki_Miyazaki_Prefecture_Kyushu_Okinawa.html
Apron Tei,889-2301,Miyazaki Prefecture,7493 Uchiumi Miyazaki,,$,http://www.tripadvisor.com/Hotel_Review-g298215-d1107461-Reviews-Apron_Tei-Miyazaki_Miyazaki_Prefecture_Kyushu_Okinawa.html
Misakiso,889-2162,Miyazaki Prefecture,1-5-4 Aoshima Miyazaki,,,http://www.tripadvisor.com/Hotel_Review-g298215-d1107464-Reviews-Misakiso-Miyazaki_Miyazaki_Prefecture_Kyushu_Okinawa.html
Miyazaki Green Hotel,880-0022,Miyazaki Prefecture,2-36-1 Ohashi Miyazaki,,$,http://www.tripadvisor.com/Hotel_Review-g298215-d1107481-Reviews-Miyazaki_Green_Hotel-Miyazaki_Miyazaki_Prefecture_Kyushu_Okinawa.html
Toyoko Inn Miyazaki Chuodori,880-0002,Miyazaki Prefecture,4-14 Chuodori Miyazaki,139,$,http://www.tripadvisor.com/Hotel_Review-g298215-d1107485-Reviews-Toyoko_Inn_Miyazaki_Chuodori-Miyazaki_Miyazaki_Prefecture_Kyushu_Okinawa.html
Minami,889-2162,Miyazaki Prefecture,2-5-10 Aoshima Miyazaki,,$,http://www.tripadvisor.com/Hotel_Review-g298215-d1107491-Reviews-Minami-Miyazaki_Miyazaki_Prefecture_Kyushu_Okinawa.html
Pension Aoshima,889-2162,Miyazaki Prefecture,1-6-7 Aoshima Miyazaki,,$,http://www.tripadvisor.com/Hotel_Review-g298215-d1107495-Reviews-Pension_Aoshima-Miyazaki_Miyazaki_Prefecture_Kyushu_Okinawa.html
Aoshima Suikoen Hotel,889-2161,Miyazaki Prefecture,4664 Kaeda Miyazaki,,$,http://www.tripadvisor.com/Hotel_Review-g298215-d1107497-Reviews-Aoshima_Suikoen_Hotel-Miyazaki_Miyazaki_Prefecture_Kyushu_Okinawa.html
Odoso,880-0805,Miyazaki Prefecture,2-9-8 Tachibanadorihigashi Miyazaki,,,http://www.tripadvisor.com/Hotel_Review-g298215-d1107499-Reviews-Odoso-Miyazaki_Miyazaki_Prefecture_Kyushu_Okinawa.html
Pension San Martin,880-0936,Miyazaki Prefecture,3-3-4-1 Tenman Miyazaki,,,http://www.tripadvisor.com/Hotel_Review-g298215-d1107504-Reviews-Pension_San_Martin-Miyazaki_Miyazaki_Prefecture_Kyushu_Okinawa.html
Pension C Dolphin,889-2301,Miyazaki Prefecture,7710-9 Uchiumi Miyazaki,,$$,http://www.tripadvisor.com/Hotel_Review-g298215-d1107511-Reviews-Pension_C_Dolphin-Miyazaki_Miyazaki_Prefecture_Kyushu_Okinawa.html
Miyazaki International Airport Country Club Lodge,889-1702,Miyazaki Prefecture,5030-2 Tanochotsu Miyazaki,,,http://www.tripadvisor.com/Hotel_Review-g298215-d1107524-Reviews-Miyazaki_International_Airport_Country_Club_Lodge-Miyazaki_Miyazaki_Prefecture_Kyushu_.html
Chifuku,889-2162,Miyazaki Prefecture,1-1-11 Aoshima Miyazaki,,,http://www.tripadvisor.com/Hotel_Review-g298215-d1107527-Reviews-Chifuku-Miyazaki_Miyazaki_Prefecture_Kyushu_Okinawa.html
Satsumaso,880-0903,Miyazaki Prefecture,3-6-9 Ota Miyazaki,,$,http://www.tripadvisor.com/Hotel_Review-g298215-d1107530-Reviews-Satsumaso-Miyazaki_Miyazaki_Prefecture_Kyushu_Okinawa.html
Little Alice,880-0867,Miyazaki Prefecture,2-10-21 Segashira Miyazaki,,,http://www.tripadvisor.com/Hotel_Review-g298215-d1107535-Reviews-Little_Alice-Miyazaki_Miyazaki_Prefecture_Kyushu_Okinawa.html
KKR Miyazaki Himuka,880-0865,Miyazaki Prefecture,1-12-19 Matsuyama Miyazaki,,,http://www.tripadvisor.com/Hotel_Review-g298215-d1107895-Reviews-KKR_Miyazaki_Himuka-Miyazaki_Miyazaki_Prefecture_Kyushu_Okinawa.html
Jizoan,889-2162,Miyazaki Prefecture,1_6_4 Aoshima Miyazaki,,$$,http://www.tripadvisor.com/Hotel_Review-g298215-d1119059-Reviews-Jizoan-Miyazaki_Miyazaki_Prefecture_Kyushu_Okinawa.html
B and B Pia,889-2161 ,Miyazaki Prefecture,7450-4 Kaeda Miyazaki,,$,http://www.tripadvisor.com/Hotel_Review-g298215-d1146048-Reviews-B_and_B_Pia-Miyazaki_Miyazaki_Prefecture_Kyushu_Okinawa.html
Nagahigawa Onsen,889-1702 ,Miyazaki Prefecture,11297 Tano-cho Otsu Miyazaki,,$,http://www.tripadvisor.com/Hotel_Review-g298215-d1389987-Reviews-Nagahigawa_Onsen-Miyazaki_Miyazaki_Prefecture_Kyushu_Okinawa.html
Hotel Route Inn Miyazaki,880-0001,Miyazaki Prefecture,4-1-27 Tachibanadori Nishi Miyazaki,213,$,http://www.tripadvisor.com/Hotel_Review-g298215-d1568213-Reviews-Hotel_Route_Inn_Miyazaki-Miyazaki_Miyazaki_Prefecture_Kyushu_Okinawa.html
Ocean Home,889-2301,Miyazaki Prefecture,7481-46 Uchiumi Miyazaki,2,,http://www.tripadvisor.com/Hotel_Review-g298215-d1760486-Reviews-Ocean_Home-Miyazaki_Miyazaki_Prefecture_Kyushu_Okinawa.html
Amatsu,889-2162,Miyazaki Prefecture,3-2-31 Aoshima Miyazaki,,,http://www.tripadvisor.com/Hotel_Review-g298215-d1857414-Reviews-Amatsu-Miyazaki_Miyazaki_Prefecture_Kyushu_Okinawa.html
Hotel Kandabashi,880-0805,Miyazaki Prefecture,1-14-27 Tachibanadorihigashi Miyazaki,,,http://www.tripadvisor.com/Hotel_Review-g298215-d1857426-Reviews-Hotel_Kandabashi-Miyazaki_Miyazaki_Prefecture_Kyushu_Okinawa.html
Aiwa Miyazaki Resort Hotel,880-0303,Miyazaki Prefecture,105 Higashikaminaka Sadowaracho Miyazaki,,$,http://www.tripadvisor.com/Hotel_Review-g298215-d1857463-Reviews-Aiwa_Miyazaki_Resort_Hotel-Miyazaki_Miyazaki_Prefecture_Kyushu_Okinawa.html
Kawaroku,880-0021,Miyazaki Prefecture,1-5-4 Shimizu Miyazaki,,$,http://www.tripadvisor.com/Hotel_Review-g298215-d1862187-Reviews-Kawaroku-Miyazaki_Miyazaki_Prefecture_Kyushu_Okinawa.html
Business hotel Tsurutomi,880-0806,Miyazaki Prefecture,2-1-8 Hiroshima Miyazaki,,,http://www.tripadvisor.com/Hotel_Review-g298215-d1883207-Reviews-Business_hotel_Tsurutomi-Miyazaki_Miyazaki_Prefecture_Kyushu_Okinawa.html
Yurakuan Miyazaki,880-0852,Miyazaki Prefecture,244-81 Takasucho Miyazaki,,$,http://www.tripadvisor.com/Hotel_Review-g298215-d2251280-Reviews-Yurakuan_Miyazaki-Miyazaki_Miyazaki_Prefecture_Kyushu_Okinawa.html
JR Kyushu hotel Miyazaki,880-0811,Miyazaki Prefecture,1-10 Nishikimachi Miyazaki,141,$,http://www.tripadvisor.com/Hotel_Review-g298215-d2372497-Reviews-JR_Kyushu_hotel_Miyazaki-Miyazaki_Miyazaki_Prefecture_Kyushu_Okinawa.html
Route Inn Grantia Aoshima Taiyokaku,889-2163,Miyazaki Prefecture,1-16-2 Aoshimanishi Miyazaki,153,$,http://www.tripadvisor.com/Hotel_Review-g298215-d2529252-Reviews-Route_Inn_Grantia_Aoshima_Taiyokaku-Miyazaki_Miyazaki_Prefecture_Kyushu_Okinawa.html
Hotel Kiyotake,889-1604,Miyazaki Prefecture,"644-90 Funahiki Arakawa, Kiyotakecho Miyazaki",,,http://www.tripadvisor.com/Hotel_Review-g298215-d3294862-Reviews-Hotel_Kiyotake-Miyazaki_Miyazaki_Prefecture_Kyushu_Okinawa.html
Garden Terrace Miyazaki,880-0843,Miyazaki Prefecture,247-18 Shimoharacho Miyazaki,,$$$,http://www.tripadvisor.com/Hotel_Review-g298215-d3546932-Reviews-Garden_Terrace_Miyazaki-Miyazaki_Miyazaki_Prefecture_Kyushu_Okinawa.html
Aoshima Guesthouse Hooju,889-2162,Miyazaki Prefecture,2-7-29 Aoshima Miyazaki,5,$,http://www.tripadvisor.com/Hotel_Review-g298215-d3973606-Reviews-Aoshima_Guesthouse_Hooju-Miyazaki_Miyazaki_Prefecture_Kyushu_Okinawa.html
Business Hotel Hayashi-so,880-0003,Miyazaki Prefecture,5-10 Takamatsucho Miyazaki,,,http://www.tripadvisor.com/Hotel_Review-g298215-d4153607-Reviews-Business_Hotel_Hayashi_so-Miyazaki_Miyazaki_Prefecture_Kyushu_Okinawa.html
Guesthouse Heisa,880-2112,Miyazaki Prefecture,1041-4 Komatsu Miyazaki,,$,http://www.tripadvisor.com/Hotel_Review-g298215-d4341790-Reviews-Guesthouse_Heisa-Miyazaki_Miyazaki_Prefecture_Kyushu_Okinawa.html
Kominka Share House Hooju,889-2162,Miyazaki Prefecture,5068-1 Kaeda Miyazaki,,,http://www.tripadvisor.com/Hotel_Review-g298215-d6879088-Reviews-Kominka_Share_House_Hooju-Miyazaki_Miyazaki_Prefecture_Kyushu_Okinawa.html
Hotel Himawariso,880-0867,Miyazaki Prefecture,2-4-5 Segashira Miyazaki,,,http://www.tripadvisor.com/Hotel_Review-g298215-d6916006-Reviews-Hotel_Himawariso-Miyazaki_Miyazaki_Prefecture_Kyushu_Okinawa.html
Hotel Verfort Hyuga,883-0044,Miyazaki Prefecture,7-3 Uemachi Hyuga,72,$,http://www.tripadvisor.com/Hotel_Review-g1023426-d642645-Reviews-Hotel_Verfort_Hyuga-Hyuga_Miyazaki_Prefecture_Kyushu_Okinawa.html
Hyuga Dai-ichi Hotel,883-0045,Miyazaki Prefecture,11-5 Honmachi Hyuga,,$,http://www.tripadvisor.com/Hotel_Review-g1023426-d1064305-Reviews-Hyuga_Dai_ichi_Hotel-Hyuga_Miyazaki_Prefecture_Kyushu_Okinawa.html
Hamaguriso,883-0062,Miyazaki Prefecture,194 Isegahama Hyuga,,,http://www.tripadvisor.com/Hotel_Review-g1023426-d1106781-Reviews-Hamaguriso-Hyuga_Miyazaki_Prefecture_Kyushu_Okinawa.html
Hotel J's Hyuga Bluepark,883-0062,Miyazaki Prefecture,682-254 Hichiya Hyuga,,,http://www.tripadvisor.com/Hotel_Review-g1023426-d1106785-Reviews-Hotel_J_s_Hyuga_Bluepark-Hyuga_Miyazaki_Prefecture_Kyushu_Okinawa.html
Hermit Crab,889-1112,Miyazaki Prefecture,487 Saiwaki Hyuga,,,http://www.tripadvisor.com/Hotel_Review-g1023426-d1106790-Reviews-Hermit_Crab-Hyuga_Miyazaki_Prefecture_Kyushu_Okinawa.html
Pension Aoba,883-0066,Miyazaki Prefecture,1-108 Kamezaki Hyuga,,$,http://www.tripadvisor.com/Hotel_Review-g1023426-d1106793-Reviews-Pension_Aoba-Hyuga_Miyazaki_Prefecture_Kyushu_Okinawa.html
Hotel Melissa Hyuga,883-0044ã€€,Miyazaki Prefecture,17-7 Uemachi Hyuga,,$,http://www.tripadvisor.com/Hotel_Review-g1023426-d1107890-Reviews-Hotel_Melissa_Hyuga-Hyuga_Miyazaki_Prefecture_Kyushu_Okinawa.html
Rumieru Hyuga,883-0045,Miyazaki Prefecture,11-1 Honmachi Hyuga,,$,http://www.tripadvisor.com/Hotel_Review-g1023426-d1119065-Reviews-Rumieru_Hyuga-Hyuga_Miyazaki_Prefecture_Kyushu_Okinawa.html
New Hotel Hayata,883-0013 ,Miyazaki Prefecture,1-99 Shinsei-cho Hyuga,,,http://www.tripadvisor.com/Hotel_Review-g1023426-d1546898-Reviews-New_Hotel_Hayata-Hyuga_Miyazaki_Prefecture_Kyushu_Okinawa.html
Yashio Ryokan,883-0003,Miyazaki Prefecture,186 Isegahama Hyuga,,,http://www.tripadvisor.com/Hotel_Review-g1023426-d1772021-Reviews-Yashio_Ryokan-Hyuga_Miyazaki_Prefecture_Kyushu_Okinawa.html
Guest House Pumping,883-0022,Miyazaki Prefecture,10876-15 Hiraiwa Hyuga,,$$$$,http://www.tripadvisor.com/Hotel_Review-g1023426-d6467917-Reviews-Guest_House_Pumping-Hyuga_Miyazaki_Prefecture_Kyushu_Okinawa.html
Aya No Shokutaku,880-1301 ,Miyazaki Prefecture,4000 Irino Aya-cho,,$$,http://www.tripadvisor.com/Hotel_Review-g1121569-d1138634-Reviews-Aya_No_Shokutaku-Aya_cho_Higashimorokata_gun_Miyazaki_Prefecture_Kyushu_Okinawa.html
Ryoyotei,880-1303 ,Miyazaki Prefecture,1800-19 Minamata Aya-cho,,$$$$,http://www.tripadvisor.com/Hotel_Review-g1121569-d1138635-Reviews-Ryoyotei-Aya_cho_Higashimorokata_gun_Miyazaki_Prefecture_Kyushu_Okinawa.html
Ayuno Sansui,880-1302,Miyazaki Prefecture,1768-1 Kitamata Aya-cho,,,http://www.tripadvisor.com/Hotel_Review-g1121569-d1568203-Reviews-Ayuno_Sansui-Aya_cho_Higashimorokata_gun_Miyazaki_Prefecture_Kyushu_Okinawa.html
Kazebito no yado,880-1302,Miyazaki Prefecture,4595-4 Kitamata Aya-cho,,,http://www.tripadvisor.com/Hotel_Review-g1121569-d1883190-Reviews-Kazebito_no_yado-Aya_cho_Higashimorokata_gun_Miyazaki_Prefecture_Kyushu_Okinawa.html
Aya Teruhanomorinoyado,880-1302,Miyazaki Prefecture,3765 Kitamata Aya-cho,,$,http://www.tripadvisor.com/Hotel_Review-g1121569-d1912508-Reviews-Aya_Teruhanomorinoyado-Aya_cho_Higashimorokata_gun_Miyazaki_Prefecture_Kyushu_Okinawa.html
Shizenkyuyomura Center Ayagawaso,880-1302,Miyazaki Prefecture,5539 Kitamata Aya-cho,,$,http://www.tripadvisor.com/Hotel_Review-g1121569-d1912511-Reviews-Shizenkyuyomura_Center_Ayagawaso-Aya_cho_Higashimorokata_gun_Miyazaki_Prefecture_Kyus.html
Vessel hotel Miyakonojo,885-0004,Miyazaki Prefecture,5819-3 Tohoku-cho Miyakonojo,128,$,http://www.tripadvisor.com/Hotel_Review-g1023421-d1025816-Reviews-Vessel_hotel_Miyakonojo-Miyakonojo_Miyazaki_Prefecture_Kyushu_Okinawa.html
Hotel Alpha-1 Miyakonojo,885-0023,Miyazaki Prefecture,1-7 Sakaemachi Miyakonojo,273,$,http://www.tripadvisor.com/Hotel_Review-g1023421-d1064338-Reviews-Hotel_Alpha_1_Miyakonojo-Miyakonojo_Miyazaki_Prefecture_Kyushu_Okinawa.html
Miyakonojo Wing International Hotel,885-0024,Miyazaki Prefecture,35-10 Kitaharacho Miyakonojo,93,$,http://www.tripadvisor.com/Hotel_Review-g1023421-d1064352-Reviews-Miyakonojo_Wing_International_Hotel-Miyakonojo_Miyazaki_Prefecture_Kyushu_Okinawa.html
Miyakonojo Green Hotel,885-0023,Miyazaki Prefecture,27-2-1 Sakae-machi Miyakonojo,90,$,http://www.tripadvisor.com/Hotel_Review-g1023421-d1071402-Reviews-Miyakonojo_Green_Hotel-Miyakonojo_Miyazaki_Prefecture_Kyushu_Okinawa.html
Miyakonojo Royal Hotel,885-0024,Miyazaki Prefecture,1106-48 Kitahara-machi Miyakonojo,,$,http://www.tripadvisor.com/Hotel_Review-g1023421-d1083217-Reviews-Miyakonojo_Royal_Hotel-Miyakonojo_Miyazaki_Prefecture_Kyushu_Okinawa.html
Miyakonojo Sunplaza Hotel,885-0012,Miyazaki Prefecture,4-5975-1 Kamikawa Higashi Miyakonojo,,$,http://www.tripadvisor.com/Hotel_Review-g1023421-d1093622-Reviews-Miyakonojo_Sunplaza_Hotel-Miyakonojo_Miyazaki_Prefecture_Kyushu_Okinawa.html
Sun Hotel Miyakonojo,885-0023,Miyazaki Prefecture,18-5 Sakaemachi Miyakonojo,,$,http://www.tripadvisor.com/Hotel_Review-g1023421-d1093626-Reviews-Sun_Hotel_Miyakonojo-Miyakonojo_Miyazaki_Prefecture_Kyushu_Okinawa.html
Miyakonojo Station Hotel,885-0023,Miyazaki Prefecture,22-2 Sakaemachi Miyakonojo,,$,http://www.tripadvisor.com/Hotel_Review-g1023421-d1093629-Reviews-Miyakonojo_Station_Hotel-Miyakonojo_Miyazaki_Prefecture_Kyushu_Okinawa.html
Main Hotel Nakamura,885-0072,Miyazaki Prefecture,8-9 Kanmachi Miyakonojo,,$,http://www.tripadvisor.com/Hotel_Review-g1023421-d1106744-Reviews-Main_Hotel_Nakamura-Miyakonojo_Miyazaki_Prefecture_Kyushu_Okinawa.html
Laspa Takazaki,889-4505,Miyazaki Prefecture,1332-8 Omuta Takazakicho Miyakonojo,,,http://www.tripadvisor.com/Hotel_Review-g1023421-d1106750-Reviews-Laspa_Takazaki-Miyakonojo_Miyazaki_Prefecture_Kyushu_Okinawa.html
Tokiwaso,889-4602,Miyazaki Prefecture,2455-2 Nakakirishima Yamadacho Miyakonojo,,$$,http://www.tripadvisor.com/Hotel_Review-g1023421-d1106757-Reviews-Tokiwaso-Miyakonojo_Miyazaki_Prefecture_Kyushu_Okinawa.html
Hotel Nakayamaso,885-0077,Miyazaki Prefecture,3-20 Matsumotocho Miyakonojo,,,http://www.tripadvisor.com/Hotel_Review-g1023421-d1106761-Reviews-Hotel_Nakayamaso-Miyakonojo_Miyazaki_Prefecture_Kyushu_Okinawa.html
Miyakonojo Business Hotel,885-0023,Miyazaki Prefecture,9-1 Sakaemachi Miyakonojo,,,http://www.tripadvisor.com/Hotel_Review-g1023421-d1106764-Reviews-Miyakonojo_Business_Hotel-Miyakonojo_Miyazaki_Prefecture_Kyushu_Okinawa.html
Yupoppo,889-4602 ,Miyazaki Prefecture,"3340-2 Nakakirishima, Yamada-cho Miyakonojo",,,http://www.tripadvisor.com/Hotel_Review-g1023421-d1371696-Reviews-Yupoppo-Miyakonojo_Miyazaki_Prefecture_Kyushu_Okinawa.html
Miyakonojyo City Hotel,885-0079,Miyazaki Prefecture,3-2 Muta-cho Miyakonojo,,,http://www.tripadvisor.com/Hotel_Review-g1023421-d1858541-Reviews-Miyakonojyo_City_Hotel-Miyakonojo_Miyazaki_Prefecture_Kyushu_Okinawa.html
Business hotel Komaki,885-0079,Miyazaki Prefecture,25-10 Mutacho Miyakonojo,,$,http://www.tripadvisor.com/Hotel_Review-g1023421-d1883168-Reviews-Business_hotel_Komaki-Miyakonojo_Miyazaki_Prefecture_Kyushu_Okinawa.html
Minshuku Miyako no joso,885-0004,Miyazaki Prefecture,6361-1 Tohokucho Miyakonojo,,,http://www.tripadvisor.com/Hotel_Review-g1023421-d1883170-Reviews-Minshuku_Miyako_no_joso-Miyakonojo_Miyazaki_Prefecture_Kyushu_Okinawa.html
Nyaruru,889-1801,Miyazaki Prefecture,7724 Yamanokuchicho Tomiyoshi Miyakonojo,,,http://www.tripadvisor.com/Hotel_Review-g1023421-d1924225-Reviews-Nyaruru-Miyakonojo_Miyazaki_Prefecture_Kyushu_Okinawa.html
Aoidake Onsen Aoidakeso, 889-1803,Miyazaki Prefecture,2123 Yamanokuchicho-Yamanokuchi Miyakonojo,,,http://www.tripadvisor.com/Hotel_Review-g1023421-d1926175-Reviews-Aoidake_Onsen_Aoidakeso-Miyakonojo_Miyazaki_Prefecture_Kyushu_Okinawa.html
Miyakonojo Plaza Hotel,885-0023,Miyazaki Prefecture,19-5 Sakaemachi Miyakonojo,,$,http://www.tripadvisor.com/Hotel_Review-g1023421-d4341581-Reviews-Miyakonojo_Plaza_Hotel-Miyakonojo_Miyazaki_Prefecture_Kyushu_Okinawa.html
Toi Cape Hotel,888-0221,Miyazaki Prefecture,42-3 Ono Kushima,,,http://www.tripadvisor.com/Hotel_Review-g1023427-d1064329-Reviews-Toi_Cape_Hotel-Kushima_Miyazaki_Prefecture_Kyushu_Okinawa.html
Toimisaki National Housing,888-4151,Miyazaki Prefecture,42 Oaza Toi Ro Kushima,,$$,http://www.tripadvisor.com/Hotel_Review-g1023427-d1106798-Reviews-Toimisaki_National_Housing-Kushima_Miyazaki_Prefecture_Kyushu_Okinawa.html
Hotel Nakamuraso,888-0001,Miyazaki Prefecture,6714 Nishikata Kushima,,,http://www.tripadvisor.com/Hotel_Review-g1023427-d1106799-Reviews-Hotel_Nakamuraso-Kushima_Miyazaki_Prefecture_Kyushu_Okinawa.html
Toimisaki Ogonso,888-0222,Miyazaki Prefecture,48-7 Ono Kushima,,,http://www.tripadvisor.com/Hotel_Review-g1023427-d1106815-Reviews-Toimisaki_Ogonso-Kushima_Miyazaki_Prefecture_Kyushu_Okinawa.html
Ikoi no sato,888-0008,Miyazaki Prefecture,987 Honjo Kushima,,,http://www.tripadvisor.com/Hotel_Review-g1023427-d1883188-Reviews-Ikoi_no_sato-Kushima_Miyazaki_Prefecture_Kyushu_Okinawa.html
Hotel Shikitei,884-0002,Miyazaki Prefecture,5224 Kita-Takanabe Takanabe-cho,50,$,http://www.tripadvisor.com/Hotel_Review-g1121570-d628300-Reviews-Hotel_Shikitei-Takanabe_cho_Koyu_gun_Miyazaki_Prefecture_Kyushu_Okinawa.html
Kamenoi Hotel Miyazaki Takanabe,884-0005,Miyazaki Prefecture,3373 Mochida Takanabe-cho,,$,http://www.tripadvisor.com/Hotel_Review-g1121570-d1125815-Reviews-Kamenoi_Hotel_Miyazaki_Takanabe-Takanabe_cho_Koyu_gun_Miyazaki_Prefecture_Kyushu_Okin.html
Kappo ryokan Isotei,884-0004,Miyazaki Prefecture,6259-1 Kaguchiura Takanabe-cho,,,http://www.tripadvisor.com/Hotel_Review-g1121570-d1883193-Reviews-Kappo_ryokan_Isotei-Takanabe_cho_Koyu_gun_Miyazaki_Prefecture_Kyushu_Okinawa.html
Hotel Izumiya,884-0002,Miyazaki Prefecture,1368-4 Kitatakanabe Takanabe-cho,,$,http://www.tripadvisor.com/Hotel_Review-g1121570-d1883195-Reviews-Hotel_Izumiya-Takanabe_cho_Koyu_gun_Miyazaki_Prefecture_Kyushu_Okinawa.html
Ishikawa ryokan,884-0002,Miyazaki Prefecture,355 Kitatakanabe Takanabe-cho,,,http://www.tripadvisor.com/Hotel_Review-g1121570-d1883196-Reviews-Ishikawa_ryokan-Takanabe_cho_Koyu_gun_Miyazaki_Prefecture_Kyushu_Okinawa.html
Kamenoi Hotel Shintomi,889-1411,Miyazaki Prefecture,2-3-3 Tonda Shintomi-cho,1,$,http://www.tripadvisor.com/Hotel_Review-g1121571-d1883198-Reviews-Kamenoi_Hotel_Shintomi-Shintomi_cho_Koyu_gun_Miyazaki_Prefecture_Kyushu_Okinawa.html
Hozuki no yado Issei,881-1411,Miyazaki Prefecture,41-1 Murasho Nishimera-son,,,http://www.tripadvisor.com/Hotel_Review-g1121572-d1883199-Reviews-Hozuki_no_yado_Issei-Nishimera_son_Koyu_gun_Miyazaki_Prefecture_Kyushu_Okinawa.html
Nobeoka Urban Hotel,882-0824,Miyazaki Prefecture,2-3-3 Chuodori Nobeoka,87,$,http://www.tripadvisor.com/Hotel_Review-g1023422-d1064966-Reviews-Nobeoka_Urban_Hotel-Nobeoka_Miyazaki_Prefecture_Kyushu_Okinawa.html
Hotel Merieges Nobeoka,882-0047,Miyazaki Prefecture,1-4-28 Konyamachi Nobeoka,125,$,http://www.tripadvisor.com/Hotel_Review-g1023422-d1064968-Reviews-Hotel_Merieges_Nobeoka-Nobeoka_Miyazaki_Prefecture_Kyushu_Okinawa.html
Nobeoka Dai-ichi Hotel,882-0043,Miyazaki Prefecture,2-2-7 Gionmachi Nobeoka,,$,http://www.tripadvisor.com/Hotel_Review-g1023422-d1064969-Reviews-Nobeoka_Dai_ichi_Hotel-Nobeoka_Miyazaki_Prefecture_Kyushu_Okinawa.html
Nobeoka Green Hotel,882-0053,Miyazaki Prefecture,2-42 Saiwaimachi Nobeoka,,,http://www.tripadvisor.com/Hotel_Review-g1023422-d1064971-Reviews-Nobeoka_Green_Hotel-Nobeoka_Miyazaki_Prefecture_Kyushu_Okinawa.html
Nobeoka Hotel,882-0813,Miyazaki Prefecture,6-2 Higashihonkoji Nobeoka,,$,http://www.tripadvisor.com/Hotel_Review-g1023422-d1064974-Reviews-Nobeoka_Hotel-Nobeoka_Miyazaki_Prefecture_Kyushu_Okinawa.html
Plaza Hotel Nobeoka Riva,882-0827,Miyazaki Prefecture,4-2 Shinmachi Nobeoka,,$,http://www.tripadvisor.com/Hotel_Review-g1023422-d1065000-Reviews-Plaza_Hotel_Nobeoka_Riva-Nobeoka_Miyazaki_Prefecture_Kyushu_Okinawa.html
City Hotel Plaza Nobeoka,882-0053,Miyazaki Prefecture,2-41-2 Saiwaimachi Nobeoka,,$,http://www.tripadvisor.com/Hotel_Review-g1023422-d1065004-Reviews-City_Hotel_Plaza_Nobeoka-Nobeoka_Miyazaki_Prefecture_Kyushu_Okinawa.html
ETO Land, 882-0244,Miyazaki Prefecture,1183 Mi Nobeoka,,,http://www.tripadvisor.com/Hotel_Review-g1023422-d1083231-Reviews-ETO_Land-Nobeoka_Miyazaki_Prefecture_Kyushu_Okinawa.html
Business Hotel Fukuhara,882-0047,Miyazaki Prefecture,1-4-17 Konyamachi Nobeoka,,$,http://www.tripadvisor.com/Hotel_Review-g1023422-d1093634-Reviews-Business_Hotel_Fukuhara-Nobeoka_Miyazaki_Prefecture_Kyushu_Okinawa.html
Hotel Nobeoka,882-0053,Miyazaki Prefecture,3-2-1 Saiwaimachi Nobeoka,,,http://www.tripadvisor.com/Hotel_Review-g1023422-d1093636-Reviews-Hotel_Nobeoka-Nobeoka_Miyazaki_Prefecture_Kyushu_Okinawa.html
Business Hotel Kudo,882-0053,Miyazaki Prefecture,2-132 Saiwaimachi Nobeoka,,$,http://www.tripadvisor.com/Hotel_Review-g1023422-d1093639-Reviews-Business_Hotel_Kudo-Nobeoka_Miyazaki_Prefecture_Kyushu_Okinawa.html
Nobeoka Royal Hotel,882-0826,Miyazaki Prefecture,2-1-2 Funagura-machi Nobeoka,,,http://www.tripadvisor.com/Hotel_Review-g1023422-d1093642-Reviews-Nobeoka_Royal_Hotel-Nobeoka_Miyazaki_Prefecture_Kyushu_Okinawa.html
Hotel Toyo,882-0823,Miyazaki Prefecture,1-4-6 Nakamachi Nobeoka,,$,http://www.tripadvisor.com/Hotel_Review-g1023422-d1093645-Reviews-Hotel_Toyo-Nobeoka_Miyazaki_Prefecture_Kyushu_Okinawa.html
Nobeoka Washinton Hotel,882-0047,Miyazaki Prefecture,1-3-2 Konyamachi Nobeoka,,,http://www.tripadvisor.com/Hotel_Review-g1023422-d1106766-Reviews-Nobeoka_Washinton_Hotel-Nobeoka_Miyazaki_Prefecture_Kyushu_Okinawa.html
Kenrokuen,882-0053,Miyazaki Prefecture,1-3 Saiwaimachi Nobeoka,,$,http://www.tripadvisor.com/Hotel_Review-g1023422-d1106767-Reviews-Kenrokuen-Nobeoka_Miyazaki_Prefecture_Kyushu_Okinawa.html
Sazareishi Takashima,889-0301,Miyazaki Prefecture,2535-2 Kitauramachifurue Nobeoka,,$$$,http://www.tripadvisor.com/Hotel_Review-g1023422-d1106773-Reviews-Sazareishi_Takashima-Nobeoka_Miyazaki_Prefecture_Kyushu_Okinawa.html
Hirasaka Ryokan,882-0867,Miyazaki Prefecture,1-1 Kamaeguchimachi Nobeoka,,,http://www.tripadvisor.com/Hotel_Review-g1023422-d1106776-Reviews-Hirasaka_Ryokan-Nobeoka_Miyazaki_Prefecture_Kyushu_Okinawa.html
Hotel Route Inn Nobeoka Ekimae,882-0053,Miyazaki Prefecture,3-140 Saiwaimachi Nobeoka,159,$,http://www.tripadvisor.com/Hotel_Review-g1023422-d1368347-Reviews-Hotel_Route_Inn_Nobeoka_Ekimae-Nobeoka_Miyazaki_Prefecture_Kyushu_Okinawa.html
Shichifuku,882-0045,Miyazaki Prefecture,1-1-1 Senokuchimachi Nobeoka,,$,http://www.tripadvisor.com/Hotel_Review-g1023422-d1862198-Reviews-Shichifuku-Nobeoka_Miyazaki_Prefecture_Kyushu_Okinawa.html
Business ryokan Atago,882-0867,Miyazaki Prefecture,1-5432 Kamaeguchimachi Nobeoka,,,http://www.tripadvisor.com/Hotel_Review-g1023422-d1883172-Reviews-Business_ryokan_Atago-Nobeoka_Miyazaki_Prefecture_Kyushu_Okinawa.html
Ryokan Enjuso,882-0056,Miyazaki Prefecture,1104-8 Okatomimachi Nobeoka,,$,http://www.tripadvisor.com/Hotel_Review-g1023422-d1883173-Reviews-Ryokan_Enjuso-Nobeoka_Miyazaki_Prefecture_Kyushu_Okinawa.html
Hotel Primrose Saito,881-0034,Miyazaki Prefecture,3-13 Tsumacho Saito,74,$,http://www.tripadvisor.com/Hotel_Review-g1023428-d1568201-Reviews-Hotel_Primrose_Saito-Saito_Miyazaki_Prefecture_Kyushu_Okinawa.html
Takaya Onsen,881-0104,Miyazaki Prefecture,10726_Kanoda Saito,15,$,http://www.tripadvisor.com/Hotel_Review-g1023428-d2417882-Reviews-Takaya_Onsen-Saito_Miyazaki_Prefecture_Kyushu_Okinawa.html
Minshuku Makiyama,889-0602,Miyazaki Prefecture,2703-3 Iorigawa Kadogawa-cho,,,http://www.tripadvisor.com/Hotel_Review-g1121576-d1883200-Reviews-Minshuku_Makiyama-Kadogawa_cho_Higashiusuki_gun_Miyazaki_Prefecture_Kyushu_Okinawa.html
Mitsukoshi,883-1601,Miyazaki Prefecture,1747-24 Shimohukura Shiiba-son,,,http://www.tripadvisor.com/Hotel_Review-g1121578-d1138664-Reviews-Mitsukoshi-Shiiba_son_Higashiusuki_gun_Miyazaki_Prefecture_Kyushu_Okinawa.html
Tsurutomiyashiki,883-1601,Miyazaki Prefecture,1818 Shimofukura Shiiba-son,,,http://www.tripadvisor.com/Hotel_Review-g1121578-d1568204-Reviews-Tsurutomiyashiki-Shiiba_son_Higashiusuki_gun_Miyazaki_Prefecture_Kyushu_Okinawa.html
Ryoso Jinyanosato,883-1601,Miyazaki Prefecture,1788-1 Shimofukura Shiiba-son,,$,http://www.tripadvisor.com/Hotel_Review-g1121578-d1568205-Reviews-Ryoso_Jinyanosato-Shiiba_son_Higashiusuki_gun_Miyazaki_Prefecture_Kyushu_Okinawa.html
Minshuku Sakigake,883-1603,Miyazaki Prefecture,339-2 Fudono Shiiba-son,,,http://www.tripadvisor.com/Hotel_Review-g1121578-d1883202-Reviews-Minshuku_Sakigake-Shiiba_son_Higashiusuki_gun_Miyazaki_Prefecture_Kyushu_Okinawa.html
Ryujinkan,883-1601,Miyazaki Prefecture,"2090, Shimofukura Shiiba-son",,,http://www.tripadvisor.com/Hotel_Review-g1121578-d2025146-Reviews-Ryujinkan-Shiiba_son_Higashiusuki_gun_Miyazaki_Prefecture_Kyushu_Okinawa.html
Minshuku Yakihata,883-1603,Miyazaki Prefecture,843 Fudno Shiiba-son,,,http://www.tripadvisor.com/Hotel_Review-g1121578-d4353767-Reviews-Minshuku_Yakihata-Shiiba_son_Higashiusuki_gun_Miyazaki_Prefecture_Kyushu_Okinawa.html
Nichinan Kaigan Nango Prince Hotel,889-3204,Miyazaki Prefecture,Shiroura Nango-cho Nichinan,84,$,http://www.tripadvisor.com/Hotel_Review-g1023424-d301357-Reviews-Nichinan_Kaigan_Nango_Prince_Hotel-Nichinan_Miyazaki_Prefecture_Kyushu_Okinawa.html
Hotel J's Nichinan Resort,889-2402,Miyazaki Prefecture,2821-1 Gonohara Ko Nichinan,,$,http://www.tripadvisor.com/Hotel_Review-g1023424-d487285-Reviews-Hotel_J_s_Nichinan_Resort-Nichinan_Miyazaki_Prefecture_Kyushu_Okinawa.html
Udo Minshuku Drive-In,887-0101,Miyazaki Prefecture,4912-Otsu Miyaura Nichinan,,$,http://www.tripadvisor.com/Hotel_Review-g1023424-d1064919-Reviews-Udo_Minshuku_Drive_In-Nichinan_Miyazaki_Prefecture_Kyushu_Okinawa.html
Hotel Yataro,887-0102,Miyazaki Prefecture,1694-1 Futo Nichinan,,$,http://www.tripadvisor.com/Hotel_Review-g1023424-d1064924-Reviews-Hotel_Yataro-Nichinan_Miyazaki_Prefecture_Kyushu_Okinawa.html
Minshuku Nanko,887-0101,Miyazaki Prefecture,3317 Miyaura Nichinan,,,http://www.tripadvisor.com/Hotel_Review-g1023424-d1064928-Reviews-Minshuku_Nanko-Nichinan_Miyazaki_Prefecture_Kyushu_Okinawa.html
Suzuki Ryokan,887-0001,Miyazaki Prefecture,1-2-6 Aburatsu Nichinan,,,http://www.tripadvisor.com/Hotel_Review-g1023424-d1064930-Reviews-Suzuki_Ryokan-Nichinan_Miyazaki_Prefecture_Kyushu_Okinawa.html
Ryokan Fujiyasu,887-0014,Miyazaki Prefecture,2-11-10 Iwasaki Nichinan,,,http://www.tripadvisor.com/Hotel_Review-g1023424-d1064934-Reviews-Ryokan_Fujiyasu-Nichinan_Miyazaki_Prefecture_Kyushu_Okinawa.html
Kanpo no Yado Nichinan,889-2533,Miyazaki Prefecture,2228-1 Hoshikura Nichinan,,$,http://www.tripadvisor.com/Hotel_Review-g1023424-d1064939-Reviews-Kanpo_no_Yado_Nichinan-Nichinan_Miyazaki_Prefecture_Kyushu_Okinawa.html
Hotel Seasons Nichinan,887-0012,Miyazaki Prefecture,3-11-1 Sonoda Nichinan,,$,http://www.tripadvisor.com/Hotel_Review-g1023424-d1064941-Reviews-Hotel_Seasons_Nichinan-Nichinan_Miyazaki_Prefecture_Kyushu_Okinawa.html
Nichinan Daiichi Hotel,887-0014,Miyazaki Prefecture,3-3-13 Iwasaki Nichinan,,,http://www.tripadvisor.com/Hotel_Review-g1023424-d1118262-Reviews-Nichinan_Daiichi_Hotel-Nichinan_Miyazaki_Prefecture_Kyushu_Okinawa.html
Nemuno Hana,889-2402 ,Miyazaki Prefecture,2711 Gonohara Nichinan,,$$$$,http://www.tripadvisor.com/Hotel_Review-g1023424-d1138598-Reviews-Nemuno_Hana-Nichinan_Miyazaki_Prefecture_Kyushu_Okinawa.html
Kaniryokan Mia,889-3204,Miyazaki Prefecture,56-1 Nakamuraotsu Nangocho Nichinan,,$,http://www.tripadvisor.com/Hotel_Review-g1023424-d1568198-Reviews-Kaniryokan_Mia-Nichinan_Miyazaki_Prefecture_Kyushu_Okinawa.html
Ryokan Iroha,887-0014,Miyazaki Prefecture,3-7-1 Iwasaki Nichinan,,,http://www.tripadvisor.com/Hotel_Review-g1023424-d1568199-Reviews-Ryokan_Iroha-Nichinan_Miyazaki_Prefecture_Kyushu_Okinawa.html
Ryokan Yuri,889-2535,Miyazaki Prefecture,1-1-21 Obi Nichinan,,,http://www.tripadvisor.com/Hotel_Review-g1023424-d1883177-Reviews-Ryokan_Yuri-Nichinan_Miyazaki_Prefecture_Kyushu_Okinawa.html
Futo Minshuku,887-0102,Miyazaki Prefecture,1726 Futo Nichinan,,,http://www.tripadvisor.com/Hotel_Review-g1023424-d1883180-Reviews-Futo_Minshuku-Nichinan_Miyazaki_Prefecture_Kyushu_Okinawa.html
Hotel Maruman,889-3204,Miyazaki Prefecture,4893 Nangochonakamuraotsu Nichinan,,,http://www.tripadvisor.com/Hotel_Review-g1023424-d1883186-Reviews-Hotel_Maruman-Nichinan_Miyazaki_Prefecture_Kyushu_Okinawa.html
Sun Cherry Kitago,889-2401,Miyazaki Prefecture,1519-3O Ko Fuji Nichinan,,$,http://www.tripadvisor.com/Hotel_Review-g1023424-d1924233-Reviews-Sun_Cherry_Kitago-Nichinan_Miyazaki_Prefecture_Kyushu_Okinawa.html
Marushinso,889-2401,Miyazaki Prefecture,3619-2 Ko Ofuji Nichinan,,$,http://www.tripadvisor.com/Hotel_Review-g1023424-d1924235-Reviews-Marushinso-Nichinan_Miyazaki_Prefecture_Kyushu_Okinawa.html
Taikai,887-0101,Miyazaki Prefecture,568-1 Miyaura Nichinan,,,http://www.tripadvisor.com/Hotel_Review-g1023424-d1924237-Reviews-Taikai-Nichinan_Miyazaki_Prefecture_Kyushu_Okinawa.html
Business Hotel Surfin,889-3204 ,Miyazaki Prefecture,"57-1 Nakamura Ots, Nango-cho Nichinan",,,http://www.tripadvisor.com/Hotel_Review-g1023424-d6707248-Reviews-Business_Hotel_Surfin-Nichinan_Miyazaki_Prefecture_Kyushu_Okinawa.html
Hachinosu Cottage,889-2402,Miyazaki Prefecture,Ko 3853-1 Kitagocho Gonohara Nichinan,,,http://www.tripadvisor.com/Hotel_Review-g1023424-d7004281-Reviews-Hachinosu_Cottage-Nichinan_Miyazaki_Prefecture_Kyushu_Okinawa.html
Kyoumachi Kankou Hotel,889-4151,Miyazaki Prefecture,669 Mukae Ebino,,$,http://www.tripadvisor.com/Hotel_Review-g1023429-d1064291-Reviews-Kyoumachi_Kankou_Hotel-Ebino_Miyazaki_Prefecture_Kyushu_Okinawa.html
Ito,889-4164,Miyazaki Prefecture,689 Shomyoji Ebino,,$,http://www.tripadvisor.com/Hotel_Review-g1023429-d1106822-Reviews-Ito-Ebino_Miyazaki_Prefecture_Kyushu_Okinawa.html
Akebonoso,889-4151,Miyazaki Prefecture,825 Mukae Ebino,,$,http://www.tripadvisor.com/Hotel_Review-g1023429-d1106823-Reviews-Akebonoso-Ebino_Miyazaki_Prefecture_Kyushu_Okinawa.html
Ikoiso,889-4151,Miyazaki Prefecture,980 Mukae Ebino,,,http://www.tripadvisor.com/Hotel_Review-g1023429-d1106824-Reviews-Ikoiso-Ebino_Miyazaki_Prefecture_Kyushu_Okinawa.html
Masago Ryokan,889-4151,Miyazaki Prefecture,605 Mukae Ebino,,,http://www.tripadvisor.com/Hotel_Review-g1023429-d1106826-Reviews-Masago_Ryokan-Ebino_Miyazaki_Prefecture_Kyushu_Okinawa.html
Ebinokogen Onsen Hotel,889-4302,Miyazaki Prefecture,"1489, Suenaga Ebino",,$,http://www.tripadvisor.com/Hotel_Review-g1023429-d1117221-Reviews-Ebinokogen_Onsen_Hotel-Ebino_Miyazaki_Prefecture_Kyushu_Okinawa.html
Ebinoso,889-4151,Miyazaki Prefecture,590-11 Mukae Ebino,,,http://www.tripadvisor.com/Hotel_Review-g1023429-d1883189-Reviews-Ebinoso-Ebino_Miyazaki_Prefecture_Kyushu_Okinawa.html
Tsukimiso,889-4151,Miyazaki Prefecture,736 Mukae Ebino,,,http://www.tripadvisor.com/Hotel_Review-g1023429-d2032756-Reviews-Tsukimiso-Ebino_Miyazaki_Prefecture_Kyushu_Okinawa.html
Jubeenoyado,889-4151,Miyazaki Prefecture,212-1 Mukae Ebino,,$$,http://www.tripadvisor.com/Hotel_Review-g1023429-d2621511-Reviews-Jubeenoyado-Ebino_Miyazaki_Prefecture_Kyushu_Okinawa.html
Kyomachi Onsenkyo Gyokusenkan,889-4151,Miyazaki Prefecture,647-1 Mukae Ebino,,$,http://www.tripadvisor.com/Hotel_Review-g1023429-d3479356-Reviews-Kyomachi_Onsenkyo_Gyokusenkan-Ebino_Miyazaki_Prefecture_Kyushu_Okinawa.html
Hana Ryokan Iwatoya,882-1621,Miyazaki Prefecture,6332-1 Iwato Takachiho-cho,,$$,http://www.tripadvisor.com/Hotel_Review-g1121580-d1125748-Reviews-Hana_Ryokan_Iwatoya-Takachiho_cho_Nishiusuki_gun_Miyazaki_Prefecture_Kyushu_Okinawa.html
Hotel Shikimi,882-1101,Miyazaki Prefecture,729-29 Mitai Takachiho-cho,,$$$,http://www.tripadvisor.com/Hotel_Review-g1121580-d1125766-Reviews-Hotel_Shikimi-Takachiho_cho_Nishiusuki_gun_Miyazaki_Prefecture_Kyushu_Okinawa.html
Kaminoya,882-1101,Miyazaki Prefecture,806-5 Mitai Takachiho-cho,,,http://www.tripadvisor.com/Hotel_Review-g1121580-d1125779-Reviews-Kaminoya-Takachiho_cho_Nishiusuki_gun_Miyazaki_Prefecture_Kyushu_Okinawa.html
Hijiri Saketen,882-1101 ,Miyazaki Prefecture,812-9 Mitai Takachiho-cho,,$,http://www.tripadvisor.com/Hotel_Review-g1121580-d1138671-Reviews-Hijiri_Saketen-Takachiho_cho_Nishiusuki_gun_Miyazaki_Prefecture_Kyushu_Okinawa.html
Hotel Shinshu,882-1101 ,Miyazaki Prefecture,1227 Mitai Takachiho-cho,,$$,http://www.tripadvisor.com/Hotel_Review-g1121580-d1138674-Reviews-Hotel_Shinshu-Takachiho_cho_Nishiusuki_gun_Miyazaki_Prefecture_Kyushu_Okinawa.html
Imakuni Ryokan,882-1101 ,Miyazaki Prefecture,803-4 Mitai Takachiho-cho,,$$,http://www.tripadvisor.com/Hotel_Review-g1121580-d1138677-Reviews-Imakuni_Ryokan-Takachiho_cho_Nishiusuki_gun_Miyazaki_Prefecture_Kyushu_Okinawa.html
Shinsen,882-1101 ,Miyazaki Prefecture,1127-5 Mitai Takachiho-cho,8,$$$$,http://www.tripadvisor.com/Hotel_Review-g1121580-d1138682-Reviews-Shinsen-Takachiho_cho_Nishiusuki_gun_Miyazaki_Prefecture_Kyushu_Okinawa.html
Hotel Takachiho,882-1101 ,Miyazaki Prefecture,1037-4 Mitai Takachiho-cho,39,$$,http://www.tripadvisor.com/Hotel_Review-g1121580-d1138687-Reviews-Hotel_Takachiho-Takachiho_cho_Nishiusuki_gun_Miyazaki_Prefecture_Kyushu_Okinawa.html
Budo-no Ki,882-1102,Miyazaki Prefecture,1222 Oshikata Takachiho-cho,,$$,http://www.tripadvisor.com/Hotel_Review-g1121580-d1138691-Reviews-Budo_no_Ki-Takachiho_cho_Nishiusuki_gun_Miyazaki_Prefecture_Kyushu_Okinawa.html
Ryokan Suehiro,882-1101 ,Miyazaki Prefecture,983-7 Mitai Takachiho-cho,,$$,http://www.tripadvisor.com/Hotel_Review-g1121580-d1138697-Reviews-Ryokan_Suehiro-Takachiho_cho_Nishiusuki_gun_Miyazaki_Prefecture_Kyushu_Okinawa.html
Chigi,882-1102 ,Miyazaki Prefecture,404-6 Oshikata Takachiho-cho,,$$$,http://www.tripadvisor.com/Hotel_Review-g1121580-d1138700-Reviews-Chigi-Takachiho_cho_Nishiusuki_gun_Miyazaki_Prefecture_Kyushu_Okinawa.html
Business Hotel Kanaya,882-1101,Miyazaki Prefecture,8-ro Mitai Takachiho-cho,,$,http://www.tripadvisor.com/Hotel_Review-g1121580-d1568218-Reviews-Business_Hotel_Kanaya-Takachiho_cho_Nishiusuki_gun_Miyazaki_Prefecture_Kyushu_Okinawa.html
Takachiho Youth Hostel,882-1101,Miyazaki Prefecture,5899-2 Mitai Takachiho-cho,,,http://www.tripadvisor.com/Hotel_Review-g1121580-d1568219-Reviews-Takachiho_Youth_Hostel-Takachiho_cho_Nishiusuki_gun_Miyazaki_Prefecture_Kyushu_Okinaw.html
Ryokan Senju,882-1101,Miyazaki Prefecture,1148 Mitai Takachiho-cho,,$,http://www.tripadvisor.com/Hotel_Review-g1121580-d1568220-Reviews-Ryokan_Senju-Takachiho_cho_Nishiusuki_gun_Miyazaki_Prefecture_Kyushu_Okinawa.html
Minshuku Kunimigaoka,882-1102,Miyazaki Prefecture,946-2 Oshikata Takachiho-cho,,,http://www.tripadvisor.com/Hotel_Review-g1121580-d1568221-Reviews-Minshuku_Kunimigaoka-Takachiho_cho_Nishiusuki_gun_Miyazaki_Prefecture_Kyushu_Okinawa.html
Harume,882-1101,Miyazaki Prefecture,328-1 Mitai Takachiho-cho,,$,http://www.tripadvisor.com/Hotel_Review-g1121580-d1568223-Reviews-Harume-Takachiho_cho_Nishiusuki_gun_Miyazaki_Prefecture_Kyushu_Okinawa.html
Yamazato,882-1101,Miyazaki Prefecture,729-44 Mitai Takachiho-cho,,$$$,http://www.tripadvisor.com/Hotel_Review-g1121580-d1568224-Reviews-Yamazato-Takachiho_cho_Nishiusuki_gun_Miyazaki_Prefecture_Kyushu_Okinawa.html
Minshuku Akiko,882-1101,Miyazaki Prefecture,818-4 Mitai Takachiho-cho,,,http://www.tripadvisor.com/Hotel_Review-g1121580-d1568225-Reviews-Minshuku_Akiko-Takachiho_cho_Nishiusuki_gun_Miyazaki_Prefecture_Kyushu_Okinawa.html
Ogatama,882-1101,Miyazaki Prefecture,1270-1 Mitai Takachiho-cho,,,http://www.tripadvisor.com/Hotel_Review-g1121580-d1823474-Reviews-Ogatama-Takachiho_cho_Nishiusuki_gun_Miyazaki_Prefecture_Kyushu_Okinawa.html
Ryokan Yamatoya,882-1101,Miyazaki Prefecture,1148 Mitai Takachiho-cho,,$,http://www.tripadvisor.com/Hotel_Review-g1121580-d1860793-Reviews-Ryokan_Yamatoya-Takachiho_cho_Nishiusuki_gun_Miyazaki_Prefecture_Kyushu_Okinawa.html
Hotel Takadaya,882-1101,Miyazaki Prefecture,15 Mitai Takachiho-cho,,,http://www.tripadvisor.com/Hotel_Review-g1121580-d1862189-Reviews-Hotel_Takadaya-Takachiho_cho_Nishiusuki_gun_Miyazaki_Prefecture_Kyushu_Okinawa.html
Minshuku Sagiri,882-1101,Miyazaki Prefecture,5596-3 Mitai Takachiho-cho,,,http://www.tripadvisor.com/Hotel_Review-g1121580-d1883203-Reviews-Minshuku_Sagiri-Takachiho_cho_Nishiusuki_gun_Miyazaki_Prefecture_Kyushu_Okinawa.html
Kariboshi,882-1101,Miyazaki Prefecture,1073-3 Mitai Takachiho-cho,,$,http://www.tripadvisor.com/Hotel_Review-g1121580-d1883204-Reviews-Kariboshi-Takachiho_cho_Nishiusuki_gun_Miyazaki_Prefecture_Kyushu_Okinawa.html
Mingei no Yado Aya,882-1101,Miyazaki Prefecture,89-1 Mitai Takachiho-cho,,,http://www.tripadvisor.com/Hotel_Review-g1121580-d1883205-Reviews-Mingei_no_Yado_Aya-Takachiho_cho_Nishiusuki_gun_Miyazaki_Prefecture_Kyushu_Okinawa.html
Hanamaru,882-1101,Miyazaki Prefecture,1291 Mitai Takachiho-cho,,,http://www.tripadvisor.com/Hotel_Review-g1121580-d1909166-Reviews-Hanamaru-Takachiho_cho_Nishiusuki_gun_Miyazaki_Prefecture_Kyushu_Okinawa.html
Kaguranoyakata,882-1621,Miyazaki Prefecture,"92-2, Saiboru, Iwato Takachiho-cho",,,http://www.tripadvisor.com/Hotel_Review-g1121580-d2037637-Reviews-Kaguranoyakata-Takachiho_cho_Nishiusuki_gun_Miyazaki_Prefecture_Kyushu_Okinawa.html
Hotel Grateful Takachiho,882-1101,Miyazaki Prefecture,1352-1 Mitai Takachiho-cho,,$,http://www.tripadvisor.com/Hotel_Review-g1121580-d2425670-Reviews-Hotel_Grateful_Takachiho-Takachiho_cho_Nishiusuki_gun_Miyazaki_Prefecture_Kyushu_Okin.html
Guest House Iwato,882-1621,Miyazaki Prefecture,692-i Iwato Takachiho-cho,,,http://www.tripadvisor.com/Hotel_Review-g1121580-d3218624-Reviews-Guest_House_Iwato-Takachiho_cho_Nishiusuki_gun_Miyazaki_Prefecture_Kyushu_Okinawa.html
Tenhou,882-1621,Miyazaki Prefecture,76-8 Iwato Takachiho-cho,,$,http://www.tripadvisor.com/Hotel_Review-g1121580-d3309255-Reviews-Tenhou-Takachiho_cho_Nishiusuki_gun_Miyazaki_Prefecture_Kyushu_Okinawa.html
Shizuho,882-0011,Miyazaki Prefecture,814-6 Mitai Takachiho-cho,,,http://www.tripadvisor.com/Hotel_Review-g1121580-d6694365-Reviews-Shizuho-Takachiho_cho_Nishiusuki_gun_Miyazaki_Prefecture_Kyushu_Okinawa.html
Kamigakure,882-1101,Miyazaki Prefecture,1120-5 Mitai Takachiho-cho,,$$$$,http://www.tripadvisor.com/Hotel_Review-g1121580-d6716206-Reviews-Kamigakure-Takachiho_cho_Nishiusuki_gun_Miyazaki_Prefecture_Kyushu_Okinawa.html
Hotel Forest Pure,882-1201,Miyazaki Prefecture,4615 Kuraoka Gokase-cho,,$$,http://www.tripadvisor.com/Hotel_Review-g1121582-d1125806-Reviews-Hotel_Forest_Pure-Gokase_cho_Nishiusuki_gun_Miyazaki_Prefecture_Kyushu_Okinawa.html
Minshuku Yuyake,882-1202,Miyazaki Prefecture,6169 Kuwanochi Gokase-cho,,,http://www.tripadvisor.com/Hotel_Review-g1121582-d1568206-Reviews-Minshuku_Yuyake-Gokase_cho_Nishiusuki_gun_Miyazaki_Prefecture_Kyushu_Okinawa.html
Kijiya,882-1203,Miyazaki Prefecture,9223 Hirokino Sankasho Gokase-cho,,$$,http://www.tripadvisor.com/Hotel_Review-g1121582-d1568211-Reviews-Kijiya-Gokase_cho_Nishiusuki_gun_Miyazaki_Prefecture_Kyushu_Okinawa.html
Gion Ryokan,882-1201,Miyazaki Prefecture,2861 Kuraoka Gokase-cho,,,http://www.tripadvisor.com/Hotel_Review-g1121582-d2018054-Reviews-Gion_Ryokan-Gokase_cho_Nishiusuki_gun_Miyazaki_Prefecture_Kyushu_Okinawa.html
Enohanoie,882-1201,Miyazaki Prefecture,4615 Kuraoka Gokase-cho,,,http://www.tripadvisor.com/Hotel_Review-g1121582-d2070238-Reviews-Enohanoie-Gokase_cho_Nishiusuki_gun_Miyazaki_Prefecture_Kyushu_Okinawa.html
Business Hotel Kuraishi,886-0004,Miyazaki Prefecture,128-3 Hosono Kobayashi,,,http://www.tripadvisor.com/Hotel_Review-g1023425-d1064317-Reviews-Business_Hotel_Kuraishi-Kobayashi_Miyazaki_Prefecture_Kyushu_Okinawa.html
Kannogo Onsen,886-0004,Miyazaki Prefecture,5273-19 Hosono Kobayashi,,$,http://www.tripadvisor.com/Hotel_Review-g1023425-d1568200-Reviews-Kannogo_Onsen-Kobayashi_Miyazaki_Prefecture_Kyushu_Okinawa.html
Kosumosu Onsen,098-4227,Miyazaki Prefecture,1130-79 Minaminishikata Kobayashi,,,http://www.tripadvisor.com/Hotel_Review-g1023425-d1604485-Reviews-Kosumosu_Onsen-Kobayashi_Miyazaki_Prefecture_Kyushu_Okinawa.html
Kobayashi City Hotel Palace,886-0004,Miyazaki Prefecture,111 Honmachi Kobayashi,,,http://www.tripadvisor.com/Hotel_Review-g1023425-d1772696-Reviews-Kobayashi_City_Hotel_Palace-Kobayashi_Miyazaki_Prefecture_Kyushu_Okinawa.html
Miyazaki Kobayashi Prince Cottage,886-0005,Miyazaki Prefecture,1131 Minaminishikata Kobayashi,,,http://www.tripadvisor.com/Hotel_Review-g1023425-d1857402-Reviews-Miyazaki_Kobayashi_Prince_Cottage-Kobayashi_Miyazaki_Prefecture_Kyushu_Okinawa.html
Imamura Ryokan,886-0008,Miyazaki Prefecture,75 Honmachi Kobayashi,,,http://www.tripadvisor.com/Hotel_Review-g1023425-d4081334-Reviews-Imamura_Ryokan-Kobayashi_Miyazaki_Prefecture_Kyushu_Okinawa.html
Gokuraku Onsen Takumi no Yado,889-4414 ,Miyazaki Prefecture,7449 Kamamuta Takaharu-cho,,$,http://www.tripadvisor.com/Hotel_Review-g1121566-d1568843-Reviews-Gokuraku_Onsen_Takumi_no_Yado-Takaharu_cho_Nishimorokata_gun_Miyazaki_Prefecture_Kyus.html
Yunomoto Onsen,889-4414 ,Miyazaki Prefecture,7535 Kamamuta Takaharu-cho,,,http://www.tripadvisor.com/Hotel_Review-g1121566-d4889073-Reviews-Yunomoto_Onsen-Takaharu_cho_Nishimorokata_gun_Miyazaki_Prefecture_Kyushu_Okinawa.html
