Holiday Inn ANA Sendai,984-0051,Miyagi Prefecture,1-4-1 Shintera Wakabayashi Ku Sendai,165,$,http://www.tripadvisor.com/Hotel_Review-g298249-d299141-Reviews-Holiday_Inn_ANA_Sendai-Sendai_Miyagi_Prefecture_Tohoku.html
Sendai Kokusai Hotel,980-0021,Miyagi Prefecture,"4-6-1 Chuo, Aoba-ku Sendai",234,$,http://www.tripadvisor.com/Hotel_Review-g298249-d302459-Reviews-Sendai_Kokusai_Hotel-Sendai_Miyagi_Prefecture_Tohoku.html
Hotel Metropolitan Sendai,980-8477,Miyagi Prefecture,"1-1-1 Chuo, Aoba-ku Sendai",295,$,http://www.tripadvisor.com/Hotel_Review-g298249-d302460-Reviews-Hotel_Metropolitan_Sendai-Sendai_Miyagi_Prefecture_Tohoku.html
Marks G Hotel,983-0852 ,Miyagi Prefecture,"1-2-45 Tsutsuji-gaoka, Miyagino-ku Sendai",,,http://www.tripadvisor.com/Hotel_Review-g298249-d302461-Reviews-Marks_G_Hotel-Sendai_Miyagi_Prefecture_Tohoku.html
Hotel JAL City Sendai,980-0013,Miyagi Prefecture,"1-2-12 Kakyoin, Aoba-ku Sendai",238,$,http://www.tripadvisor.com/Hotel_Review-g298249-d307696-Reviews-Hotel_JAL_City_Sendai-Sendai_Miyagi_Prefecture_Tohoku.html
Hotel Hokke Club Sendai,980-0014,Miyagi Prefecture,"2-11-30 Honcho, Aoba-ku Sendai",151,$,http://www.tripadvisor.com/Hotel_Review-g298249-d479515-Reviews-Hotel_Hokke_Club_Sendai-Sendai_Miyagi_Prefecture_Tohoku.html
Hotel Grand Terrace Sendai Kokubucho,980-0803,Miyagi Prefecture,"2-2-2 Kokubuncho, Aoba-ku Sendai",294,$,http://www.tripadvisor.com/Hotel_Review-g298249-d479770-Reviews-Hotel_Grand_Terrace_Sendai_Kokubucho-Sendai_Miyagi_Prefecture_Tohoku.html
Unizo Inn Sendai,980-0021,Miyagi Prefecture,4-8-7 Chuo Aoba-ku Sendai,250,$,http://www.tripadvisor.com/Hotel_Review-g298249-d482006-Reviews-Unizo_Inn_Sendai-Sendai_Miyagi_Prefecture_Tohoku.html
Hotel Leopalace Sendai,983-0852,Miyagi Prefecture,"4-6-28 Tsutsujigaoka, Miyagino-ku Sendai",222,$,http://www.tripadvisor.com/Hotel_Review-g298249-d505510-Reviews-Hotel_Leopalace_Sendai-Sendai_Miyagi_Prefecture_Tohoku.html
Hotel Pearl City Sendai,980-0811,Miyagi Prefecture,"2-8-9 Ichiban-Cho, Aoba-ku Sendai",166,$,http://www.tripadvisor.com/Hotel_Review-g298249-d505511-Reviews-Hotel_Pearl_City_Sendai-Sendai_Miyagi_Prefecture_Tohoku.html
Sendai Royal Park Hotel,981-3204,Miyagi Prefecture,"6-2-1 Teraoka, Izumi-ku Sendai",110,$,http://www.tripadvisor.com/Hotel_Review-g298249-d547061-Reviews-Sendai_Royal_Park_Hotel-Sendai_Miyagi_Prefecture_Tohoku.html
Koyo Grand Hotel,980-0014,Miyagi Prefecture,"2-3-1 Honcho, Aoba-ku Sendai",149,$,http://www.tripadvisor.com/Hotel_Review-g298249-d583324-Reviews-Koyo_Grand_Hotel-Sendai_Miyagi_Prefecture_Tohoku.html
Ark Hotel Sendai,980-0804,Miyagi Prefecture,"2-2-10 Omachi, Aoba-ku Sendai",340,$,http://www.tripadvisor.com/Hotel_Review-g298249-d598473-Reviews-Ark_Hotel_Sendai-Sendai_Miyagi_Prefecture_Tohoku.html
Comfort Hotel Sendai East,983-0864,Miyagi Prefecture,"134-5 Nakakecho, Miyagino-ku Sendai",202,$,http://www.tripadvisor.com/Hotel_Review-g298249-d610208-Reviews-Comfort_Hotel_Sendai_East-Sendai_Miyagi_Prefecture_Tohoku.html
Sendai Sunplaza,983-0852,Miyagi Prefecture,"Tsutsujigaoka 5-11-1, Miyagino-ku Sendai",74,$,http://www.tripadvisor.com/Hotel_Review-g298249-d620770-Reviews-Sendai_Sunplaza-Sendai_Miyagi_Prefecture_Tohoku.html
Hotel Monterey Sendai,980-0021,Miyagi Prefecture,4-1-8 Chuo Aoba-ku Sendai,206,$,http://www.tripadvisor.com/Hotel_Review-g298249-d644607-Reviews-Hotel_Monterey_Sendai-Sendai_Miyagi_Prefecture_Tohoku.html
Comfort Hotel Sendai West,980-0021,Miyagi Prefecture,"3-5-11 Chuo, Aoba-ku Sendai",307,$,http://www.tripadvisor.com/Hotel_Review-g298249-d653114-Reviews-Comfort_Hotel_Sendai_West-Sendai_Miyagi_Prefecture_Tohoku.html
R & B Hotel Sendai Hirosedoriekimae,980-0014,Miyagi Prefecture,"2-6-37 Honcho, Aoba-ku Sendai",203,$,http://www.tripadvisor.com/Hotel_Review-g298249-d1082206-Reviews-R_B_Hotel_Sendai_Hirosedoriekimae-Sendai_Miyagi_Prefecture_Tohoku.html
Aisaki Ryokan,980-0023,Miyagi Prefecture,"5-6 Kitamemachi, Aoba-ku Sendai",,,http://www.tripadvisor.com/Hotel_Review-g298249-d1082351-Reviews-Aisaki_Ryokan-Sendai_Miyagi_Prefecture_Tohoku.html
Bansuitei Ikoiso,980-0801,Miyagi Prefecture,"1-8-31 Kimachidori, Aoba-ku Sendai",,$,http://www.tripadvisor.com/Hotel_Review-g298249-d1082435-Reviews-Bansuitei_Ikoiso-Sendai_Miyagi_Prefecture_Tohoku.html
Daiichi Inn Park,980-0014,Miyagi Prefecture,"1-10-21 Honcho, Aoba-ku Sendai",85,$,http://www.tripadvisor.com/Hotel_Review-g298249-d1082458-Reviews-Daiichi_Inn_Park-Sendai_Miyagi_Prefecture_Tohoku.html
Hotel Forest,980-0822,Miyagi Prefecture,"22-4 Tachimachi, Aoba-ku Sendai",,,http://www.tripadvisor.com/Hotel_Review-g298249-d1082472-Reviews-Hotel_Forest-Sendai_Miyagi_Prefecture_Tohoku.html
Dormy Inn EXPRESS Sendai Hirose-dori,980-0021,Miyagi Prefecture,"2-10-17 Chuo, Aoba-ku Sendai",120,$,http://www.tripadvisor.com/Hotel_Review-g298249-d1082475-Reviews-Dormy_Inn_EXPRESS_Sendai_Hirose_dori-Sendai_Miyagi_Prefecture_Tohoku.html
Dormy Inn Sendai Annex,980-0021,Miyagi Prefecture,"2-11-26 Chuo, Aoba-ku Sendai",168,$,http://www.tripadvisor.com/Hotel_Review-g298249-d1082481-Reviews-Dormy_Inn_Sendai_Annex-Sendai_Miyagi_Prefecture_Tohoku.html
Hotel Bel Air Sendai,980-0811,Miyagi Prefecture,"1-4-8 Ichibancho, Aoba-ku Sendai",125,$,http://www.tripadvisor.com/Hotel_Review-g298249-d1082484-Reviews-Hotel_Bel_Air_Sendai-Sendai_Miyagi_Prefecture_Tohoku.html
Hotel Foliage Sandai,980-0021,Miyagi Prefecture,"4-7-1 Chuo, Aoba-ku Sendai",190,$,http://www.tripadvisor.com/Hotel_Review-g298249-d1082488-Reviews-Hotel_Foliage_Sandai-Sendai_Miyagi_Prefecture_Tohoku.html
Hotel Green Arbor,980-0822,Miyagi Prefecture,"4-10 Tachimachi, Aoba-ku Sendai",64,$,http://www.tripadvisor.com/Hotel_Review-g298249-d1082493-Reviews-Hotel_Green_Arbor-Sendai_Miyagi_Prefecture_Tohoku.html
Akiu Grand Hotel,982-0241,Miyagi Prefecture,"12-2 Biwahara, Akiumachiyumoto, Taihaku-ku Sendai",,$,http://www.tripadvisor.com/Hotel_Review-g298249-d1082497-Reviews-Akiu_Grand_Hotel-Sendai_Miyagi_Prefecture_Tohoku.html
Hotel Green Mark,980-0021,Miyagi Prefecture,"4-8-10 Chuo, Aoba-ku Sendai",140,$,http://www.tripadvisor.com/Hotel_Review-g298249-d1082498-Reviews-Hotel_Green_Mark-Sendai_Miyagi_Prefecture_Tohoku.html
Hotel Green Well,980-0021,Miyagi Prefecture,"4-3-3 Chuo, Aoba-ku Sendai",,$,http://www.tripadvisor.com/Hotel_Review-g298249-d1082500-Reviews-Hotel_Green_Well-Sendai_Miyagi_Prefecture_Tohoku.html
Hotel Green Pacific,980-0021,Miyagi Prefecture,"1-7-29 Chuo, Aoba-ku Sendai",,$,http://www.tripadvisor.com/Hotel_Review-g298249-d1082502-Reviews-Hotel_Green_Pacific-Sendai_Miyagi_Prefecture_Tohoku.html
Hotel Green Palace,983-0803,Miyagi Prefecture,"2-4-5 Odawara, Miyagino-ku Sendai",88,$,http://www.tripadvisor.com/Hotel_Review-g298249-d1082506-Reviews-Hotel_Green_Palace-Sendai_Miyagi_Prefecture_Tohoku.html
Hotel Green Line,980-0824,Miyagi Prefecture,"1-20 Hasekuracho, Aoba-ku Sendai",,$,http://www.tripadvisor.com/Hotel_Review-g298249-d1082684-Reviews-Hotel_Green_Line-Sendai_Miyagi_Prefecture_Tohoku.html
Hotel Green Selec,980-0021,Miyagi Prefecture,"2-9-14 Honcho, Aoba-ku Sendai",77,$,http://www.tripadvisor.com/Hotel_Review-g298249-d1082690-Reviews-Hotel_Green_Selec-Sendai_Miyagi_Prefecture_Tohoku.html
Hotel East One Sendai,980-0811,Miyagi Prefecture,"1-1-5 Ichibancho, Aoba-ku Sendai",,,http://www.tripadvisor.com/Hotel_Review-g298249-d1082894-Reviews-Hotel_East_One_Sendai-Sendai_Miyagi_Prefecture_Tohoku.html
Sendai Rich hotel Kokubuncho,980-0803,Miyagi Prefecture,"2-14-25 Kokubuncho, Aoba-ku Sendai",,$,http://www.tripadvisor.com/Hotel_Review-g298249-d1082911-Reviews-Sendai_Rich_hotel_Kokubuncho-Sendai_Miyagi_Prefecture_Tohoku.html
Hotel Mayflower Sendai,980-0014,Miyagi Prefecture,"1-13-28 Honcho, Aoba-ku Sendai",183,$,http://www.tripadvisor.com/Hotel_Review-g298249-d1082928-Reviews-Hotel_Mayflower_Sendai-Sendai_Miyagi_Prefecture_Tohoku.html
Hotel New Mitoya,982-0241,Miyagi Prefecture,"102 Yakushi, Akiumachiyumoto, Taihaku-ku Sendai",186,$$,http://www.tripadvisor.com/Hotel_Review-g298249-d1082946-Reviews-Hotel_New_Mitoya-Sendai_Miyagi_Prefecture_Tohoku.html
Hotel Park Sendai 2,980-0004,Miyagi Prefecture,"1-1-79 Miyamachi, Aoba-ku Sendai",,$,http://www.tripadvisor.com/Hotel_Review-g298249-d1082948-Reviews-Hotel_Park_Sendai_2-Sendai_Miyagi_Prefecture_Tohoku.html
Hotel Palace Sendai,983-0803,Miyagi Prefecture,"1-1-5 Odawara, Miyagino-ku Sendai",,$,http://www.tripadvisor.com/Hotel_Review-g298249-d1082989-Reviews-Hotel_Palace_Sendai-Sendai_Miyagi_Prefecture_Tohoku.html
Hotel Prestige 2,980-0822,Miyagi Prefecture,"23-16 Tachimachi, Aoba-ku Sendai",,$,http://www.tripadvisor.com/Hotel_Review-g298249-d1083188-Reviews-Hotel_Prestige_2-Sendai_Miyagi_Prefecture_Tohoku.html
Hotel Crown Hills Sendai Aobadori,980-0021,Miyagi Prefecture,"2-3-18 Chuo, Aoba-ku Sendai",152,$,http://www.tripadvisor.com/Hotel_Review-g298249-d1083210-Reviews-Hotel_Crown_Hills_Sendai_Aobadori-Sendai_Miyagi_Prefecture_Tohoku.html
Hotel Central Sendai,980-0021,Miyagi Prefecture,"4-2-6 Chuo, Aoba-ku Sendai",97,$,http://www.tripadvisor.com/Hotel_Review-g298249-d1083228-Reviews-Hotel_Central_Sendai-Sendai_Miyagi_Prefecture_Tohoku.html
Hotel Sealuck Pal Sendai,984-0004,Miyagi Prefecture,"5-12 Rokuchonomehigashimachi, Wakabayashi-ku Sendai",176,$,http://www.tripadvisor.com/Hotel_Review-g298249-d1083249-Reviews-Hotel_Sealuck_Pal_Sendai-Sendai_Miyagi_Prefecture_Tohoku.html
Hotel Sumireh,980-0811,Miyagi Prefecture,"1-13-5 Ichibancho, Aoba-ku Sendai",,$,http://www.tripadvisor.com/Hotel_Review-g298249-d1083271-Reviews-Hotel_Sumireh-Sendai_Miyagi_Prefecture_Tohoku.html
Smile Hotel Sendai Kokubucho,980-0811,Miyagi Prefecture,"4-3-22 Ichinancho, Aoba-ku Sendai",192,$,http://www.tripadvisor.com/Hotel_Review-g298249-d1083274-Reviews-Smile_Hotel_Sendai_Kokubucho-Sendai_Miyagi_Prefecture_Tohoku.html
Hotel Unisite Sendai,980-0021,Miyagi Prefecture,"4-2-3 Chuo, Aoba-ku Sendai",,$,http://www.tripadvisor.com/Hotel_Review-g298249-d1083344-Reviews-Hotel_Unisite_Sendai-Sendai_Miyagi_Prefecture_Tohoku.html
Hotel Zuiho,982-0241,Miyagi Prefecture,"26-1 Nozoki, Akiumachiyumoto, Taihaku-ku Sendai",,$$$,http://www.tripadvisor.com/Hotel_Review-g298249-d1083349-Reviews-Hotel_Zuiho-Sendai_Miyagi_Prefecture_Tohoku.html
Okano Hotel,983-0851,Miyagi Prefecture,"21 Tsutsujigaoka, Miyagino-ku Sendai",,$,http://www.tripadvisor.com/Hotel_Review-g298249-d1083366-Reviews-Okano_Hotel-Sendai_Miyagi_Prefecture_Tohoku.html
Library Hotel Sendai - Ekimae,980-0021,Miyagi Prefecture,"3-8-27 Chuo, Aoba-ku Sendai",170,$,http://www.tripadvisor.com/Hotel_Review-g298249-d1083372-Reviews-Library_Hotel_Sendai_Ekimae-Sendai_Miyagi_Prefecture_Tohoku.html
Lala Resort Hotel Green Green,989-3431,Miyagi Prefecture,"5-12 Futatsubashi, Sakunami, Aoba-ku Sendai",206,$$$,http://www.tripadvisor.com/Hotel_Review-g298249-d1083389-Reviews-Lala_Resort_Hotel_Green_Green-Sendai_Miyagi_Prefecture_Tohoku.html
Ryokan Kawazoe Shiten,983-0038,Miyagi Prefecture,"4-23-31 Shinden, Miyagino-ku Sendai",,,http://www.tripadvisor.com/Hotel_Review-g298249-d1083392-Reviews-Ryokan_Kawazoe_Shiten-Sendai_Miyagi_Prefecture_Tohoku.html
Ryokan Tsukasa,980-0014,Miyagi Prefecture,"1-3-1 Honcho, Aoba-ku Sendai",,$,http://www.tripadvisor.com/Hotel_Review-g298249-d1083440-Reviews-Ryokan_Tsukasa-Sendai_Miyagi_Prefecture_Tohoku.html
Saryo Soen,982-0241,Miyagi Prefecture,"1 Akiumachiyumoto, Taihaku-ku Sendai",,$$$$,http://www.tripadvisor.com/Hotel_Review-g298249-d1084725-Reviews-Saryo_Soen-Sendai_Miyagi_Prefecture_Tohoku.html
Sendai Business Hotel,980-0011,Miyagi Prefecture,"1-4-25 Kamisugi, Aoba-ku Sendai",142,$,http://www.tripadvisor.com/Hotel_Review-g298249-d1084745-Reviews-Sendai_Business_Hotel-Sendai_Miyagi_Prefecture_Tohoku.html
Sendai Green Hotel,980-0012,Miyagi Prefecture,"2-5-6 Nishikicyo, Aoba-ku Sendai",,,http://www.tripadvisor.com/Hotel_Review-g298249-d1084765-Reviews-Sendai_Green_Hotel-Sendai_Miyagi_Prefecture_Tohoku.html
Nagamachi Hotel,982-0011,Miyagi Prefecture,3-9-7 Nagamachi Taihaku-ku Sendai,,$,http://www.tripadvisor.com/Hotel_Review-g298249-d1084790-Reviews-Nagamachi_Hotel-Sendai_Miyagi_Prefecture_Tohoku.html
Sendai Oroshi Center Hotel,984-0015,Miyagi Prefecture,"2-15-2 Oroshimachi, Wakabayashi-ku Sendai",,,http://www.tripadvisor.com/Hotel_Review-g298249-d1084818-Reviews-Sendai_Oroshi_Center_Hotel-Sendai_Miyagi_Prefecture_Tohoku.html
Ichinobo,989-3431,Miyagi Prefecture,"3 Nagahara, Sakunami, Aoba-ku Sendai",118,$$,http://www.tripadvisor.com/Hotel_Review-g298249-d1084923-Reviews-Ichinobo-Sendai_Miyagi_Prefecture_Tohoku.html
Yunohara - Hotel,989-3431,Miyagi Prefecture,"1 Motoki, Sakunami, Aoba-ku Sendai",,$$,http://www.tripadvisor.com/Hotel_Review-g298249-d1084942-Reviews-Yunohara_Hotel-Sendai_Miyagi_Prefecture_Tohoku.html
Hotel Futami,980-0014,Miyagi Prefecture,"2-4-13 Honcho, Aoba-ku Sendai",,$,http://www.tripadvisor.com/Hotel_Review-g298249-d1087832-Reviews-Hotel_Futami-Sendai_Miyagi_Prefecture_Tohoku.html
Orange Inn Sendaihigashi,983-0833,Miyagi Prefecture,"3-12-47 Higashisendai, Miyagino-ku Sendai",,$,http://www.tripadvisor.com/Hotel_Review-g298249-d1087849-Reviews-Orange_Inn_Sendaihigashi-Sendai_Miyagi_Prefecture_Tohoku.html
Hotel Taiyo,980-0014,Miyagi Prefecture,"2-17-28 Honcho, Aoba-ku Sendai",78,$,http://www.tripadvisor.com/Hotel_Review-g298249-d1088014-Reviews-Hotel_Taiyo-Sendai_Miyagi_Prefecture_Tohoku.html
Business Ryokan Otamaya,980-0814,Miyagi Prefecture,"6-14 Otamayashita, Aoba-ku Sendai",,,http://www.tripadvisor.com/Hotel_Review-g298249-d1088020-Reviews-Business_Ryokan_Otamaya-Sendai_Miyagi_Prefecture_Tohoku.html
Hotel Hananoyu,982-0241,Miyagi Prefecture,"33-1 Nozoki, Akiumachiyumoto, Taihaku-ku Sendai",,$$,http://www.tripadvisor.com/Hotel_Review-g298249-d1089969-Reviews-Hotel_Hananoyu-Sendai_Miyagi_Prefecture_Tohoku.html
Hotel Crescent,982-0241,Miyagi Prefecture,"1-2 Namezawa, Akiumachiyumoto, Taihaku-ku Sendai",,$$,http://www.tripadvisor.com/Hotel_Review-g298249-d1089978-Reviews-Hotel_Crescent-Sendai_Miyagi_Prefecture_Tohoku.html
Aoba Business Hotel,980-0814,Miyagi Prefecture,"8-9 Otamayashita, Aoba-ku Sendai",,,http://www.tripadvisor.com/Hotel_Review-g298249-d1089986-Reviews-Aoba_Business_Hotel-Sendai_Miyagi_Prefecture_Tohoku.html
Apa Hotel Sendai - Kotodai - Koen,980-0802,Miyagi Prefecture,"4-10 Futsukamachi, Aoba-ku Sendai",80,$,http://www.tripadvisor.com/Hotel_Review-g298249-d1090144-Reviews-Apa_Hotel_Sendai_Kotodai_Koen-Sendai_Miyagi_Prefecture_Tohoku.html
Apa Villa Hotel Sendaieki-Itsutsubashi,980-0022,Miyagi Prefecture,3-1-1 Itsutsubashi Wakabayashi-ku Sendai,610,$,http://www.tripadvisor.com/Hotel_Review-g298249-d1090148-Reviews-Apa_Villa_Hotel_Sendaieki_Itsutsubashi-Sendai_Miyagi_Prefecture_Tohoku.html
Business Hotel Hirosebashi,980-0011,Miyagi Prefecture,"1-1-8 Nagamachi, Taihaku-ku Sendai",,$,http://www.tripadvisor.com/Hotel_Review-g298249-d1090160-Reviews-Business_Hotel_Hirosebashi-Sendai_Miyagi_Prefecture_Tohoku.html
Sakan,982-0241,Miyagi Prefecture,"28 Yakushi, Akiumachiyumoto, Taihaku-ku Sendai",173,$$$,http://www.tripadvisor.com/Hotel_Review-g298249-d1090164-Reviews-Sakan-Sendai_Miyagi_Prefecture_Tohoku.html
Banjisanso,982-0244,Miyagi Prefecture,1 Otaira Akiumachi Baba Taihaku-ku Sendai,,,http://www.tripadvisor.com/Hotel_Review-g298249-d1090174-Reviews-Banjisanso-Sendai_Miyagi_Prefecture_Tohoku.html
Hotel Green City,981-0915,Miyagi Prefecture,"1-6-23 Toricho, Aoba-ku Sendai",,$,http://www.tripadvisor.com/Hotel_Review-g298249-d1090177-Reviews-Hotel_Green_City-Sendai_Miyagi_Prefecture_Tohoku.html
Hotel Jade,980-0804,Miyagi Prefecture,"2-13-24 Omachi, Aoba-ku Sendai",,$,http://www.tripadvisor.com/Hotel_Review-g298249-d1090180-Reviews-Hotel_Jade-Sendai_Miyagi_Prefecture_Tohoku.html
Hotel Kiyomizu,982-0241,Miyagi Prefecture,"1 Hiirakura, Akiumachiyumoto Sendai",,$$$$,http://www.tripadvisor.com/Hotel_Review-g298249-d1090184-Reviews-Hotel_Kiyomizu-Sendai_Miyagi_Prefecture_Tohoku.html
Hotel Park Sendai 1,980-0013,Miyagi Prefecture,"1-4-14 Kakyoin, Aoba-ku Sendai",,$,http://www.tripadvisor.com/Hotel_Review-g298249-d1090189-Reviews-Hotel_Park_Sendai_1-Sendai_Miyagi_Prefecture_Tohoku.html
Iwamatsu Ryokan,989-3431,Miyagi Prefecture,(Service is limited as of Apr. 2011) Sakunami Onsen Motoyu Aoba-ku Sendai,91,$$,http://www.tripadvisor.com/Hotel_Review-g298249-d1091971-Reviews-Iwamatsu_Ryokan-Sendai_Miyagi_Prefecture_Tohoku.html
Iwanumaya,982-0241,Miyagi Prefecture,"107 Yakushi, Akiumachiyumoto, Taihaku-ku Sendai",148,$$$,http://www.tripadvisor.com/Hotel_Review-g298249-d1091975-Reviews-Iwanumaya-Sendai_Miyagi_Prefecture_Tohoku.html
Rantei,982-0241,Miyagi Prefecture,"7-1 Kidoho, Akiumachi Yumoto, Taihaku-ku Sendai",68,$$,http://www.tripadvisor.com/Hotel_Review-g298249-d1091978-Reviews-Rantei-Sendai_Miyagi_Prefecture_Tohoku.html
Ryokan Chitoseya,980-0003,Miyagi Prefecture,"6-3-8 Odawara, Aoba-ku Sendai",,$,http://www.tripadvisor.com/Hotel_Review-g298249-d1093062-Reviews-Ryokan_Chitoseya-Sendai_Miyagi_Prefecture_Tohoku.html
Ryokan Sansaiso,982-0241,Miyagi Prefecture,"20 Yakushi, Akiucyoyumoto, Taihaku-ku Sendai",,$,http://www.tripadvisor.com/Hotel_Review-g298249-d1093140-Reviews-Ryokan_Sansaiso-Sendai_Miyagi_Prefecture_Tohoku.html
Ryokan Senshu,982-0241,Miyagi Prefecture,"127-4 Yakushi, Akiumachiyumoto, Taihaku-ku Sendai",,,http://www.tripadvisor.com/Hotel_Review-g298249-d1093145-Reviews-Ryokan_Senshu-Sendai_Miyagi_Prefecture_Tohoku.html
Sendai Garden Palace,983-0852,Miyagi Prefecture,"4-1-5 Tsutsujigaoka, Miyagino-ku Sendai",66,$,http://www.tripadvisor.com/Hotel_Review-g298249-d1093152-Reviews-Sendai_Garden_Palace-Sendai_Miyagi_Prefecture_Tohoku.html
Hotel Green Park,980-0822,Miyagi Prefecture,"27-32 Tachimachi, Aoba-ku Sendai",,$,http://www.tripadvisor.com/Hotel_Review-g298249-d1093161-Reviews-Hotel_Green_Park-Sendai_Miyagi_Prefecture_Tohoku.html
Hotel Route Inn Sendai Nagamachi Inter,982-0006,Miyagi Prefecture,"2-49-5 Higashi Koriyama, Taihaku-ku Sendai",,$,http://www.tripadvisor.com/Hotel_Review-g298249-d1093173-Reviews-Hotel_Route_Inn_Sendai_Nagamachi_Inter-Sendai_Miyagi_Prefecture_Tohoku.html
Hotel Premium Green Sovereign,980-0803,Miyagi Prefecture,"2-9-22 Kokubuncho, Aoba-ku Sendai",,$,http://www.tripadvisor.com/Hotel_Review-g298249-d1093203-Reviews-Hotel_Premium_Green_Sovereign-Sendai_Miyagi_Prefecture_Tohoku.html
Hotel Shoen,980-0014,Miyagi Prefecture,"1-4-30 Honcho, Aoba-ku Sendai",,,http://www.tripadvisor.com/Hotel_Review-g298249-d1093220-Reviews-Hotel_Shoen-Sendai_Miyagi_Prefecture_Tohoku.html
Richmond Hotel Sendai,980-0013,Miyagi Prefecture,"1-4-12 Kakyoin, Aoba-ku Sendai",344,$,http://www.tripadvisor.com/Hotel_Review-g298249-d1093222-Reviews-Richmond_Hotel_Sendai-Sendai_Miyagi_Prefecture_Tohoku.html
Mori No Hotel Sendai,980-0822,Miyagi Prefecture,"1-28 Tachimachi, Aoba-ku Sendai",77,$,http://www.tripadvisor.com/Hotel_Review-g298249-d1093223-Reviews-Mori_No_Hotel_Sendai-Sendai_Miyagi_Prefecture_Tohoku.html
Tenryukaku,980-0814,Miyagi Prefecture,"22-20 Otamayashita, Aoba-ku Sendai",,$,http://www.tripadvisor.com/Hotel_Review-g298249-d1093226-Reviews-Tenryukaku-Sendai_Miyagi_Prefecture_Tohoku.html
Hotel Shirahagi,980-0012,Miyagi Prefecture,"2-2-19 Nishikicho, Aoba-ku Sendai",,$,http://www.tripadvisor.com/Hotel_Review-g298249-d1093435-Reviews-Hotel_Shirahagi-Sendai_Miyagi_Prefecture_Tohoku.html
Super Hotel Sendai Hirosedori,980-0021,Miyagi Prefecture,"2-9-23 Chuo, Aoba-ku Sendai",,$,http://www.tripadvisor.com/Hotel_Review-g298249-d1093447-Reviews-Super_Hotel_Sendai_Hirosedori-Sendai_Miyagi_Prefecture_Tohoku.html
Richmond Hotel Premier Sendai Ekimae,980-0021,Miyagi Prefecture,"2-1-1 Chuo, Aoba-ku Sendai",184,$,http://www.tripadvisor.com/Hotel_Review-g298249-d1093452-Reviews-Richmond_Hotel_Premier_Sendai_Ekimae-Sendai_Miyagi_Prefecture_Tohoku.html
Super Hotel Inn Sendai Kokubuncho,980-0803,Miyagi Prefecture,"2-14-23 Kokubuncho, Aoba-ku Sendai",203,$,http://www.tripadvisor.com/Hotel_Review-g298249-d1093457-Reviews-Super_Hotel_Inn_Sendai_Kokubuncho-Sendai_Miyagi_Prefecture_Tohoku.html
Prince Hotel Aoba,983-0863,Miyagi Prefecture,"9-1 Kurumamachi, Miyagino-ku Sendai",,$,http://www.tripadvisor.com/Hotel_Review-g298249-d1093463-Reviews-Prince_Hotel_Aoba-Sendai_Miyagi_Prefecture_Tohoku.html
Library Hotel Higashi - Nibancho,980-0014,Miyagi Prefecture,"2-15-10 Honcho, Aoba-ku Sendai",230,$,http://www.tripadvisor.com/Hotel_Review-g298249-d1093467-Reviews-Library_Hotel_Higashi_Nibancho-Sendai_Miyagi_Prefecture_Tohoku.html
The Hotel Sendai,980-0822,Miyagi Prefecture,"2-21 Tachimachi, Aoba-ku Sendai",,,http://www.tripadvisor.com/Hotel_Review-g298249-d1093480-Reviews-The_Hotel_Sendai-Sendai_Miyagi_Prefecture_Tohoku.html
Dormy Inn Sendai Ekimae,980-0014,Miyagi Prefecture,"1-5-38 Honcho, Aoba-ku Sendai",148,$,http://www.tripadvisor.com/Hotel_Review-g298249-d1093495-Reviews-Dormy_Inn_Sendai_Ekimae-Sendai_Miyagi_Prefecture_Tohoku.html
Kenshu Center Shofuso,980-0011,Miyagi Prefecture,"3-4-3 Uesugi, Aoba-ku Sendai",,$,http://www.tripadvisor.com/Hotel_Review-g298249-d1093807-Reviews-Kenshu_Center_Shofuso-Sendai_Miyagi_Prefecture_Tohoku.html
Satoya Ryokan,982-0241,Miyagi Prefecture,"108 Yakushi, Akiumachiyumoto, Taihaku-ku Sendai",,$$,http://www.tripadvisor.com/Hotel_Review-g298249-d1093826-Reviews-Satoya_Ryokan-Sendai_Miyagi_Prefecture_Tohoku.html
Montana Resort,989-2455,Miyagi Prefecture,1-1 Kiritoshi Kitahase Iwanuma,47,$,http://www.tripadvisor.com/Hotel_Review-g1023412-d1073765-Reviews-Montana_Resort-Iwanuma_Miyagi_Prefecture_Tohoku.html
Bunkasou,989-1232,Miyagi Prefecture,35-1 Minamikaidoshita Ogawara-machi,,,http://www.tripadvisor.com/Hotel_Review-g1120936-d1875553-Reviews-Bunkasou-Ogawara_machi_Shibata_gun_Miyagi_Prefecture_Tohoku.html
Ogawara Greenhotel,989-1224 ,Miyagi Prefecture,108 Kanagase Ogawara-machi,,$,http://www.tripadvisor.com/Hotel_Review-g1120936-d4105323-Reviews-Ogawara_Greenhotel-Ogawara_machi_Shibata_gun_Miyagi_Prefecture_Tohoku.html
Hotel Harada in Sakura,989-1601,Miyagi Prefecture,1-2-3 Funaokachuo Shibata-machi,,,http://www.tripadvisor.com/Hotel_Review-g1120938-d2542105-Reviews-Hotel_Harada_in_Sakura-Shibata_machi_Shibata_gun_Miyagi_Prefecture_Tohoku.html
Aoneonsen Eco Hotel,989-0908,Miyagi Prefecture,1-37 Aoneonsen Kawasaki-machi,,,http://www.tripadvisor.com/Hotel_Review-g1120939-d1125654-Reviews-Aoneonsen_Eco_Hotel-Kawasaki_machi_Shibata_gun_Miyagi_Prefecture_Tohoku.html
Bougen,989-0908 ,Miyagi Prefecture,8-10 Aone Onsen Kawasaki-machi,,,http://www.tripadvisor.com/Hotel_Review-g1120939-d1153871-Reviews-Bougen-Kawasaki_machi_Shibata_gun_Miyagi_Prefecture_Tohoku.html
Ichinoyu,989-1502 ,Miyagi Prefecture,15-3 Imashuku Kawasaki-machi,,$$,http://www.tripadvisor.com/Hotel_Review-g1120939-d1153894-Reviews-Ichinoyu-Kawasaki_machi_Shibata_gun_Miyagi_Prefecture_Tohoku.html
Todaya,989-0908 ,Miyagi Prefecture,7-5 Aone Onsen Kawasaki-machi,,$$,http://www.tripadvisor.com/Hotel_Review-g1120939-d1153898-Reviews-Todaya-Kawasaki_machi_Shibata_gun_Miyagi_Prefecture_Tohoku.html
Ryusen,989-0908 ,Miyagi Prefecture,17-2 Aone Onsen Kawasaki-machi,,$,http://www.tripadvisor.com/Hotel_Review-g1120939-d1153900-Reviews-Ryusen-Kawasaki_machi_Shibata_gun_Miyagi_Prefecture_Tohoku.html
Fuboukaku,989-0908 ,Miyagi Prefecture,1-1 Aone Onsen Kawasaki-machi,,$$,http://www.tripadvisor.com/Hotel_Review-g1120939-d1153903-Reviews-Fuboukaku-Kawasaki_machi_Shibata_gun_Miyagi_Prefecture_Tohoku.html
Okazaki Ryokan,989-0908 ,Miyagi Prefecture,8-5 Aone Onsen Kawasakimachi Kawasaki-machi,,$,http://www.tripadvisor.com/Hotel_Review-g1120939-d1153904-Reviews-Okazaki_Ryokan-Kawasaki_machi_Shibata_gun_Miyagi_Prefecture_Tohoku.html
Happy Photo,989-1501,Miyagi Prefecture,22-4 Roppozan Maekawa Kawasaki-machi,,,http://www.tripadvisor.com/Hotel_Review-g1120939-d1515606-Reviews-Happy_Photo-Kawasaki_machi_Shibata_gun_Miyagi_Prefecture_Tohoku.html
Gaga Onsen,989-1501 ,Miyagi Prefecture,"1 Gaga, Maekawa Kawasaki-machi",,$$$$,http://www.tripadvisor.com/Hotel_Review-g1120939-d1540204-Reviews-Gaga_Onsen-Kawasaki_machi_Shibata_gun_Miyagi_Prefecture_Tohoku.html
Kanzan Chogetsu,989-0908,Miyagi Prefecture,17-1 Aoneonsen Kawasaki-machi,,$$$$,http://www.tripadvisor.com/Hotel_Review-g1120939-d1875548-Reviews-Kanzan_Chogetsu-Kawasaki_machi_Shibata_gun_Miyagi_Prefecture_Tohoku.html
Myogokan,989-0908,Miyagi Prefecture,4-4 Aoneonsen Kawasaki-machi,,,http://www.tripadvisor.com/Hotel_Review-g1120939-d1875550-Reviews-Myogokan-Kawasaki_machi_Shibata_gun_Miyagi_Prefecture_Tohoku.html
Rupopo Kawasaki,989-1502,Miyagi Prefecture,39 Imashuku Kawasaki-machi,,,http://www.tripadvisor.com/Hotel_Review-g1120939-d2542097-Reviews-Rupopo_Kawasaki-Kawasaki_machi_Shibata_gun_Miyagi_Prefecture_Tohoku.html
Business Hotel C&A,986-0831,Miyagi Prefecture,1-5-10 Haguro-cho Ishinomaki,,$,http://www.tripadvisor.com/Hotel_Review-g1023406-d1073768-Reviews-Business_Hotel_C_A-Ishinomaki_Miyagi_Prefecture_Tohoku.html
Hotel New Sakai,986-2523,Miyagi Prefecture,"1-7 Manjishita, Ayukawahama Ishinomaki",,$,http://www.tripadvisor.com/Hotel_Review-g1023406-d1089845-Reviews-Hotel_New_Sakai-Ishinomaki_Miyagi_Prefecture_Tohoku.html
Ishinomaki Grand Hotel,986-0827,Miyagi Prefecture,2-10 Sengokucho Ishinomaki,,$,http://www.tripadvisor.com/Hotel_Review-g1023406-d1089847-Reviews-Ishinomaki_Grand_Hotel-Ishinomaki_Miyagi_Prefecture_Tohoku.html
Park Inn Fujita,986-0805,Miyagi Prefecture,2-8-6 Ohashi Ishinomaki,,,http://www.tripadvisor.com/Hotel_Review-g1023406-d1089852-Reviews-Park_Inn_Fujita-Ishinomaki_Miyagi_Prefecture_Tohoku.html
Matsubaraso,986-0112,Miyagi Prefecture,"281-6 Suga, Nagatsura Ishinomaki",,,http://www.tripadvisor.com/Hotel_Review-g1023406-d1089867-Reviews-Matsubaraso-Ishinomaki_Miyagi_Prefecture_Tohoku.html
Ishinomaki Sunplaza Hotel,986-0824,Miyagi Prefecture,1-7-23 Tachimachi Ishinomaki,,$,http://www.tripadvisor.com/Hotel_Review-g1023406-d1093151-Reviews-Ishinomaki_Sunplaza_Hotel-Ishinomaki_Miyagi_Prefecture_Tohoku.html
Sakari Ryokan,986-0826,Miyagi Prefecture,4-7 Isenba Ishinomaki,,,http://www.tripadvisor.com/Hotel_Review-g1023406-d1102863-Reviews-Sakari_Ryokan-Ishinomaki_Miyagi_Prefecture_Tohoku.html
Casa de Costa,986-0872,Miyagi Prefecture,1-2-39 Tamichi-cho Ishinomaki,,,http://www.tripadvisor.com/Hotel_Review-g1023406-d1102909-Reviews-Casa_de_Costa-Ishinomaki_Miyagi_Prefecture_Tohoku.html
Pension & Restaurant Seikoudoku,986-2526,Miyagi Prefecture,107-40 Ajihama Kamisori-zaka Ishinomaki,,,http://www.tripadvisor.com/Hotel_Review-g1023406-d1102911-Reviews-Pension_Restaurant_Seikoudoku-Ishinomaki_Miyagi_Prefecture_Tohoku.html
Nakamuraya Ryokan,986-0822,Miyagi Prefecture,1-11-1 Chuo Ishinomaki,,,http://www.tripadvisor.com/Hotel_Review-g1023406-d1102914-Reviews-Nakamuraya_Ryokan-Ishinomaki_Miyagi_Prefecture_Tohoku.html
Business Hotel My Room Izumi,986-0832,Miyagi Prefecture,3-8-35 Izumicho Ishinomaki,,$,http://www.tripadvisor.com/Hotel_Review-g1023406-d1102939-Reviews-Business_Hotel_My_Room_Izumi-Ishinomaki_Miyagi_Prefecture_Tohoku.html
Futaba INN,986-0821,Miyagi Prefecture,1-2-15 Sumiyoshi-cho Ishinomaki,,$,http://www.tripadvisor.com/Hotel_Review-g1023406-d1102950-Reviews-Futaba_INN-Ishinomaki_Miyagi_Prefecture_Tohoku.html
Mizusawaya Ryokan,986-0822,Miyagi Prefecture,1-10-12 Chuo Ishinomaki,,,http://www.tripadvisor.com/Hotel_Review-g1023406-d1102960-Reviews-Mizusawaya_Ryokan-Ishinomaki_Miyagi_Prefecture_Tohoku.html
Pension Duck,986-0861,Miyagi Prefecture,111-1 Hebita_Shin Shimonuma Ishinomaki,,,http://www.tripadvisor.com/Hotel_Review-g1023406-d1102964-Reviews-Pension_Duck-Ishinomaki_Miyagi_Prefecture_Tohoku.html
Shomonkan,986-0826,Miyagi Prefecture,2-23 Isenba Ishinomaki,,$,http://www.tripadvisor.com/Hotel_Review-g1023406-d1102978-Reviews-Shomonkan-Ishinomaki_Miyagi_Prefecture_Tohoku.html
Inn Tochigi,986-0826,Miyagi Prefecture,2-12 Isenba Ishinomaki,,$,http://www.tripadvisor.com/Hotel_Review-g1023406-d1102982-Reviews-Inn_Tochigi-Ishinomaki_Miyagi_Prefecture_Tohoku.html
Business Inn Duck,986-0861,Miyagi Prefecture,67-4 Hebita Shin Shimonuma Ishinomaki,,,http://www.tripadvisor.com/Hotel_Review-g1023406-d1103004-Reviews-Business_Inn_Duck-Ishinomaki_Miyagi_Prefecture_Tohoku.html
My Room Ishinomaki,986-0831,Miyagi Prefecture,1-6-7 Hagurocho Ishinomaki,,,http://www.tripadvisor.com/Hotel_Review-g1023406-d1103082-Reviews-My_Room_Ishinomaki-Ishinomaki_Miyagi_Prefecture_Tohoku.html
My Room Suimei,986-0805,Miyagi Prefecture,1-2-21 Ohashi Ishinomaki,,,http://www.tripadvisor.com/Hotel_Review-g1023406-d1103146-Reviews-My_Room_Suimei-Ishinomaki_Miyagi_Prefecture_Tohoku.html
Katsura,986-0853,Miyagi Prefecture,15-8 Kadonowaki Yobanyachi Ishinomaki,,$,http://www.tripadvisor.com/Hotel_Review-g1023406-d1103147-Reviews-Katsura-Ishinomaki_Miyagi_Prefecture_Tohoku.html
Utility Sanbankan,986-0021,Miyagi Prefecture,2-3-18 Midoricho Ishinomaki,,,http://www.tripadvisor.com/Hotel_Review-g1023406-d1108365-Reviews-Utility_Sanbankan-Ishinomaki_Miyagi_Prefecture_Tohoku.html
Oiwake Onsen,986-0204 ,Miyagi Prefecture,"1 Omine, Onnagawa, Kitakami-cho Ishinomaki",,,http://www.tripadvisor.com/Hotel_Review-g1023406-d1520460-Reviews-Oiwake_Onsen-Ishinomaki_Miyagi_Prefecture_Tohoku.html
Ayers Rock Hotel Ishinomaki,986-0824,Miyagi Prefecture,1-6-21 Tachimachi Ishinomaki,,$,http://www.tripadvisor.com/Hotel_Review-g1023406-d1520462-Reviews-Ayers_Rock_Hotel_Ishinomaki-Ishinomaki_Miyagi_Prefecture_Tohoku.html
Hotel Route Inn Ishinomaki,986-0861 ,Miyagi Prefecture,"375-1 Shinkanenuma, Hebita Ishinomaki",169,$,http://www.tripadvisor.com/Hotel_Review-g1023406-d1537025-Reviews-Hotel_Route_Inn_Ishinomaki-Ishinomaki_Miyagi_Prefecture_Tohoku.html
My Room Coco,986-0831,Miyagi Prefecture,1-11-12 Hagurocho Ishinomaki,,,http://www.tripadvisor.com/Hotel_Review-g1023406-d1795556-Reviews-My_Room_Coco-Ishinomaki_Miyagi_Prefecture_Tohoku.html
HOTEL HAYASHIYA,986-0824,Miyagi Prefecture,2-4-28 Tachimachi Ishinomaki,,,http://www.tripadvisor.com/Hotel_Review-g1023406-d1875521-Reviews-HOTEL_HAYASHIYA-Ishinomaki_Miyagi_Prefecture_Tohoku.html
Minshuku Magariya,986-1322,Miyagi Prefecture,10-1 Ogatsuchowakehama Ishinomaki,,,http://www.tripadvisor.com/Hotel_Review-g1023406-d2548579-Reviews-Minshuku_Magariya-Ishinomaki_Miyagi_Prefecture_Tohoku.html
Value the Hotel Ishinomaki,986-0814,Miyagi Prefecture,3-15-37_Minami Nakasato Ishinomaki,82,$,http://www.tripadvisor.com/Hotel_Review-g1023406-d3929398-Reviews-Value_the_Hotel_Ishinomaki-Ishinomaki_Miyagi_Prefecture_Tohoku.html
Business Ryokan Miura,986-0849,Miyagi Prefecture,2-4-85 Nakayashiki Ishinomaki,,,http://www.tripadvisor.com/Hotel_Review-g1023406-d4455087-Reviews-Business_Ryokan_Miura-Ishinomaki_Miyagi_Prefecture_Tohoku.html
Stay Free,986-0042,Miyagi Prefecture,2-6-6 Kazuma Ishinomaki,,,http://www.tripadvisor.com/Hotel_Review-g1023406-d4464375-Reviews-Stay_Free-Ishinomaki_Miyagi_Prefecture_Tohoku.html
Sunfun Village,986-2135,Miyagi Prefecture,11 Watanoha Omori Ishinomaki,,$,http://www.tripadvisor.com/Hotel_Review-g1023406-d4738086-Reviews-Sunfun_Village-Ishinomaki_Miyagi_Prefecture_Tohoku.html
Ushiroyamaso,986âˆ’2411,Miyagi Prefecture,"8 Ushirayama, Kyubunso Ishinomaki",,,http://www.tripadvisor.com/Hotel_Review-g1023406-d6467924-Reviews-Ushiroyamaso-Ishinomaki_Miyagi_Prefecture_Tohoku.html
Hotel Hot Inn Ishimaski,986-0854,Miyagi Prefecture,1-4-17 Okaido Kita Ishinomaki,,,http://www.tripadvisor.com/Hotel_Review-g1023406-d6522327-Reviews-Hotel_Hot_Inn_Ishimaski-Ishinomaki_Miyagi_Prefecture_Tohoku.html
Kikuchi Ryokan,986-0822,Miyagi Prefecture,1-10-22 Chuo Ishinomaki,,$,http://www.tripadvisor.com/Hotel_Review-g1023406-d6726534-Reviews-Kikuchi_Ryokan-Ishinomaki_Miyagi_Prefecture_Tohoku.html
Satoya Ryokan,987-0361,Miyagi Prefecture,183-1 Toyosato-cho Shinden-machi Tome,,,http://www.tripadvisor.com/Hotel_Review-g1023414-d1103195-Reviews-Satoya_Ryokan-Tome_Miyagi_Prefecture_Tohoku.html
Ebitake Ryokan,987-0702,Miyagi Prefecture,59-1 Toyoma-machi Teraike Tome,,$,http://www.tripadvisor.com/Hotel_Review-g1023414-d1103197-Reviews-Ebitake_Ryokan-Tome_Miyagi_Prefecture_Tohoku.html
Boenkaku,987-0704,Miyagi Prefecture,316 Toyoma-machi Hinoto Uchinome Tome,,,http://www.tripadvisor.com/Hotel_Review-g1023414-d1103199-Reviews-Boenkaku-Tome_Miyagi_Prefecture_Tohoku.html
Hotel Route Inn Tome,648-0073,Miyagi Prefecture,"5-11-1 Nakae, Sanuma, Hasamacho Tome",,$,http://www.tripadvisor.com/Hotel_Review-g1023414-d6560791-Reviews-Hotel_Route_Inn_Tome-Tome_Miyagi_Prefecture_Tohoku.html
Family Lodge Hatagoya Sendai Watari,989-2301,Miyagi Prefecture,4-1 Ichirihara Okuma Nakaizumi Watari-cho,,$,http://www.tripadvisor.com/Hotel_Review-g1120941-d1515607-Reviews-Family_Lodge_Hatagoya_Sendai_Watari-Watari_cho_Watari_gun_Miyagi_Prefecture_Tohoku.html
Kikuchiya ryokan,989-2311,Miyagi Prefecture,"159-111 Okariya, Arahama Watari-cho",,,http://www.tripadvisor.com/Hotel_Review-g1120941-d1875540-Reviews-Kikuchiya_ryokan-Watari_cho_Watari_gun_Miyagi_Prefecture_Tohoku.html
Nakasyo ryokan,989-2351,Miyagi Prefecture,53 Nakamachi Higashi Watari-cho,,,http://www.tripadvisor.com/Hotel_Review-g1120941-d1875544-Reviews-Nakasyo_ryokan-Watari_cho_Watari_gun_Miyagi_Prefecture_Tohoku.html
Miharashi Ryokan,989-2201,Miyagi Prefecture,21-7 Ishida Yamadera Yamamoto-cho,,,http://www.tripadvisor.com/Hotel_Review-g1120942-d1515609-Reviews-Miharashi_Ryokan-Yamamoto_cho_Watari_gun_Miyagi_Prefecture_Tohoku.html
Smile Hotel Shiogama,985-0022,Miyagi Prefecture,18-31 Shintomi-cho Shiogama,,$,http://www.tripadvisor.com/Hotel_Review-g1023407-d1073606-Reviews-Smile_Hotel_Shiogama-Shiogama_Miyagi_Prefecture_Tohoku.html
Business Hotel Shinhama,985-0001,Miyagi Prefecture,1-16-12 Shinhamacho Shiogama,,$,http://www.tripadvisor.com/Hotel_Review-g1023407-d1514746-Reviews-Business_Hotel_Shinhama-Shiogama_Miyagi_Prefecture_Tohoku.html
Hotel Grand Palace Shiogama,985-0021,Miyagi Prefecture,3-5 Ojimacho Shiogama,,$,http://www.tripadvisor.com/Hotel_Review-g1023407-d1514747-Reviews-Hotel_Grand_Palace_Shiogama-Shiogama_Miyagi_Prefecture_Tohoku.html
Pension Onigahama,985-0192,Miyagi Prefecture,24-1 Onigahama Urato Katsurashima Shiogama,,$,http://www.tripadvisor.com/Hotel_Review-g1023407-d1514749-Reviews-Pension_Onigahama-Shiogama_Miyagi_Prefecture_Tohoku.html
Wakayoshiso,985-0013,Miyagi Prefecture,8-12 Gyucho Shiogama,,,http://www.tripadvisor.com/Hotel_Review-g1023407-d1862774-Reviews-Wakayoshiso-Shiogama_Miyagi_Prefecture_Tohoku.html
Funayado Touhokumaru,985-0003,Miyagi Prefecture,4-16-26 Kitahama Shiogama,,,http://www.tripadvisor.com/Hotel_Review-g1023407-d2542146-Reviews-Funayado_Touhokumaru-Shiogama_Miyagi_Prefecture_Tohoku.html
Annex Hotel Abe,989-5502,Miyagi Prefecture,24-3 Tsutsumidori Wakayanagikawaminami Kurihara,,$,http://www.tripadvisor.com/Hotel_Review-g1023415-d1073640-Reviews-Annex_Hotel_Abe-Kurihara_Miyagi_Prefecture_Tohoku.html
Ikoi-no-Mura Kurikoma,989-5371,Miyagi Prefecture,1 Koeihigashi Kurikomanumakura Kurihara,,,http://www.tripadvisor.com/Hotel_Review-g1023415-d1073650-Reviews-Ikoi_no_Mura_Kurikoma-Kurihara_Miyagi_Prefecture_Tohoku.html
Hotel Shibataya,987-2216,Miyagi Prefecture,2-5-39 Tsukidateizu Kurihara,,$,http://www.tripadvisor.com/Hotel_Review-g1023415-d1093169-Reviews-Hotel_Shibataya-Kurihara_Miyagi_Prefecture_Tohoku.html
Nuruyu Sanso,987-2511,Miyagi Prefecture,15-1 Azahonzawanuruyu Hanayama Kurihara,,$$,http://www.tripadvisor.com/Hotel_Review-g1023415-d1093174-Reviews-Nuruyu_Sanso-Kurihara_Miyagi_Prefecture_Tohoku.html
Abe Ryokan,989-5502,Miyagi Prefecture,40 Wakayanagi Kawaminami Minami-machi Kurihara,,,http://www.tripadvisor.com/Hotel_Review-g1023415-d1103208-Reviews-Abe_Ryokan-Kurihara_Miyagi_Prefecture_Tohoku.html
Hotel Epoca,989-5612,Miyagi Prefecture,279-2 Shiwahime Shinkumaya Kurihara,,$,http://www.tripadvisor.com/Hotel_Review-g1023415-d1103209-Reviews-Hotel_Epoca-Kurihara_Miyagi_Prefecture_Tohoku.html
Hotel Grand Plaza Urashima,987-2203,Miyagi Prefecture,18 Tsukidateshimo Miyano-machishita Kurihara,25,$,http://www.tripadvisor.com/Hotel_Review-g1023415-d1103210-Reviews-Hotel_Grand_Plaza_Urashima-Kurihara_Miyagi_Prefecture_Tohoku.html
Izumiso,989-5301,Miyagi Prefecture,3-1 Kurihara Iwagasaki Machiushiro Kurihara,,,http://www.tripadvisor.com/Hotel_Review-g1023415-d1103211-Reviews-Izumiso-Kurihara_Miyagi_Prefecture_Tohoku.html
Heilsam Kurikoma,989-5371 ,Miyagi Prefecture,50-1 Kurikomanumakura Kurihara,,$$,http://www.tripadvisor.com/Hotel_Review-g1023415-d1153644-Reviews-Heilsam_Kurikoma-Kurihara_Miyagi_Prefecture_Tohoku.html
City Hotel Kurihara,987-2205 ,Miyagi Prefecture,"1-3-4 Miyano Chuo, Tsukidate Kurihara",,,http://www.tripadvisor.com/Hotel_Review-g1023415-d1862640-Reviews-City_Hotel_Kurihara-Kurihara_Miyagi_Prefecture_Tohoku.html
Business hotel Wakayanagi,989-5502,Miyagi Prefecture,41 Wakayanagi kawaminami Kurihara,,,http://www.tripadvisor.com/Hotel_Review-g1023415-d1876888-Reviews-Business_hotel_Wakayanagi-Kurihara_Miyagi_Prefecture_Tohoku.html
Business Hotel Tsukidate,987-2252,Miyagi Prefecture,4-11-21 Tsukidateyakushi Kurihara,,$,http://www.tripadvisor.com/Hotel_Review-g1023415-d6456433-Reviews-Business_Hotel_Tsukidate-Kurihara_Miyagi_Prefecture_Tohoku.html
Resort Inn Matsushima,981-0213,Miyagi Prefecture,17 Sanjukari Matsushima Matsushima-machi,,$,http://www.tripadvisor.com/Hotel_Review-g319095-d319853-Reviews-Resort_Inn_Matsushima-Matsushima_machi_Miyagi_gun_Miyagi_Prefecture_Tohoku.html
Hotel Daimatsuso,981-0213,Miyagi Prefecture,25 Matsushima Matsushima-machi,41,$$,http://www.tripadvisor.com/Hotel_Review-g319095-d319854-Reviews-Hotel_Daimatsuso-Matsushima_machi_Miyagi_gun_Miyagi_Prefecture_Tohoku.html
Hotel Ichinobo,981-0215,Miyagi Prefecture,1-4 Takagihama Matsushima-machi,126,$$$$,http://www.tripadvisor.com/Hotel_Review-g319095-d319856-Reviews-Hotel_Ichinobo-Matsushima_machi_Miyagi_gun_Miyagi_Prefecture_Tohoku.html
Matsushima Century Hotel,981-0213,Miyagi Prefecture,8 Senzui Matsushima-machi,131,$$,http://www.tripadvisor.com/Hotel_Review-g319095-d319857-Reviews-Matsushima_Century_Hotel-Matsushima_machi_Miyagi_gun_Miyagi_Prefecture_Tohoku.html
Kozakura Ryokan,981-0213,Miyagi Prefecture,"13-7 Fugendo, Matsushima Matsushima-machi",,,http://www.tripadvisor.com/Hotel_Review-g319095-d319860-Reviews-Kozakura_Ryokan-Matsushima_machi_Miyagi_gun_Miyagi_Prefecture_Tohoku.html
Shintomitei,981-0213,Miyagi Prefecture,38-1 Matsushima Matsushima-machi,,$$,http://www.tripadvisor.com/Hotel_Review-g319095-d1125667-Reviews-Shintomitei-Matsushima_machi_Miyagi_gun_Miyagi_Prefecture_Tohoku.html
Hotel New Waraku,981-0213,Miyagi Prefecture,38-21 Matsushima Matsushima-machi,,$,http://www.tripadvisor.com/Hotel_Review-g319095-d1125819-Reviews-Hotel_New_Waraku-Matsushima_machi_Miyagi_gun_Miyagi_Prefecture_Tohoku.html
Hotel Soukan,981-0212,Miyagi Prefecture,1-1 Isozaki Matsushima-machi,134,$$,http://www.tripadvisor.com/Hotel_Review-g319095-d1125824-Reviews-Hotel_Soukan-Matsushima_machi_Miyagi_gun_Miyagi_Prefecture_Tohoku.html
Hotel Taikanso,981-0213,Miyagi Prefecture,10-76 Matsushima Matsushima-machi,237,$$$,http://www.tripadvisor.com/Hotel_Review-g319095-d1125840-Reviews-Hotel_Taikanso-Matsushima_machi_Miyagi_gun_Miyagi_Prefecture_Tohoku.html
Hotel Zekkeinoyakata,981-0213,Miyagi Prefecture,4-6 Matsushima Matsushima-machi,27,$$,http://www.tripadvisor.com/Hotel_Review-g319095-d1125848-Reviews-Hotel_Zekkeinoyakata-Matsushima_machi_Miyagi_gun_Miyagi_Prefecture_Tohoku.html
Ryokan Hikari,981-0213,Miyagi Prefecture,6-16 Matsushima Matsushima-machi,,$,http://www.tripadvisor.com/Hotel_Review-g319095-d1125869-Reviews-Ryokan_Hikari-Matsushima_machi_Miyagi_gun_Miyagi_Prefecture_Tohoku.html
Ryokan Seiunkaku,981-0213,Miyagi Prefecture,42-1 Matsushima Matsushima-machi,,,http://www.tripadvisor.com/Hotel_Review-g319095-d1125872-Reviews-Ryokan_Seiunkaku-Matsushima_machi_Miyagi_gun_Miyagi_Prefecture_Tohoku.html
Breeze Bay Seaside Resort Matsushima,981-0213 ,Miyagi Prefecture,1-10 Matsushima Matsushima-machi,43,$$,http://www.tripadvisor.com/Hotel_Review-g319095-d1153908-Reviews-Breeze_Bay_Seaside_Resort_Matsushima-Matsushima_machi_Miyagi_gun_Miyagi_Prefecture_Toh.html
Hotel New Komatsu Kofutei,981-0213,Miyagi Prefecture,35-2 Matsushima Matsushima-machi,43,$$$$,http://www.tripadvisor.com/Hotel_Review-g319095-d1153912-Reviews-Hotel_New_Komatsu_Kofutei-Matsushima_machi_Miyagi_gun_Miyagi_Prefecture_Tohoku.html
Hotel Ubudo,981-0213,Miyagi Prefecture,5-3 Matsushima Matsushima-machi,26,$$$$,http://www.tripadvisor.com/Hotel_Review-g319095-d1153915-Reviews-Hotel_Ubudo-Matsushima_machi_Miyagi_gun_Miyagi_Prefecture_Tohoku.html
Kochira Marutoku Gyogyobu,981-0213 ,Miyagi Prefecture,32-2 Matsushima Matsushima-machi,,,http://www.tripadvisor.com/Hotel_Review-g319095-d1153918-Reviews-Kochira_Marutoku_Gyogyobu-Matsushima_machi_Miyagi_gun_Miyagi_Prefecture_Tohoku.html
Shoan,981-0211 ,Miyagi Prefecture,1 Tetaru Matsushima-machi,,$$$$,http://www.tripadvisor.com/Hotel_Review-g319095-d1153920-Reviews-Shoan-Matsushima_machi_Miyagi_gun_Miyagi_Prefecture_Tohoku.html
Petite Hotel Bistro Abalon,981-0213,Miyagi Prefecture,26-21 Matsushima Matsushimamachi Matsushima-machi,12,$,http://www.tripadvisor.com/Hotel_Review-g319095-d1153924-Reviews-Petite_Hotel_Bistro_Abalon-Matsushima_machi_Miyagi_gun_Miyagi_Prefecture_Tohoku.html
Matsushima View Hotel,981-0213 ,Miyagi Prefecture,32 Matsushima Matsushima-machi,,,http://www.tripadvisor.com/Hotel_Review-g319095-d1163028-Reviews-Matsushima_View_Hotel-Matsushima_machi_Miyagi_gun_Miyagi_Prefecture_Tohoku.html
Matsushima Pacific Hotel,981-0213,Miyagi Prefecture,4 Agarihama Matsushima Matsushima-machi,,,http://www.tripadvisor.com/Hotel_Review-g319095-d1171129-Reviews-Matsushima_Pacific_Hotel-Matsushima_machi_Miyagi_gun_Miyagi_Prefecture_Tohoku.html
Ryokan Zuihokaku,981-0213,Miyagi Prefecture,26-11 Sanjugari Matsushima Matsushima-machi,,,http://www.tripadvisor.com/Hotel_Review-g319095-d1515610-Reviews-Ryokan_Zuihokaku-Matsushima_machi_Miyagi_gun_Miyagi_Prefecture_Tohoku.html
Palace Matsushima,981-0215,Miyagi Prefecture,38 Hama Takagi Matsushima-machi,24,$$,http://www.tripadvisor.com/Hotel_Review-g319095-d1515612-Reviews-Palace_Matsushima-Matsushima_machi_Miyagi_gun_Miyagi_Prefecture_Tohoku.html
Ryokan Motomiso,981-0213,Miyagi Prefecture,38-66 Dochinhama Matsushima Matsushima-machi,,,http://www.tripadvisor.com/Hotel_Review-g319095-d1515613-Reviews-Ryokan_Motomiso-Matsushima_machi_Miyagi_gun_Miyagi_Prefecture_Tohoku.html
Shinkan Motomiso,981-0213,Miyagi Prefecture,39-2 Dochinhama Matsushima Matsushima-machi,,$,http://www.tripadvisor.com/Hotel_Review-g319095-d1515614-Reviews-Shinkan_Motomiso-Matsushima_machi_Miyagi_gun_Miyagi_Prefecture_Tohoku.html
Hatago Matsushima Koumura,981-0215,Miyagi Prefecture,37-7 Takagi Matsushima-machi,,$,http://www.tripadvisor.com/Hotel_Review-g319095-d3371253-Reviews-Hatago_Matsushima_Koumura-Matsushima_machi_Miyagi_gun_Miyagi_Prefecture_Tohoku.html
Business Inn Seikou,985-0823,Miyagi Prefecture,3-9-15 Toyama Shichigahama-machi,,,http://www.tripadvisor.com/Hotel_Review-g1120944-d1875538-Reviews-Business_Inn_Seikou-Shichigahama_machi_Miyagi_gun_Miyagi_Prefecture_Tohoku.html
Pension mirai,985-0803,Miyagi Prefecture,43-4 nagasuka Hanabuchihama Shichigahama-machi,,,http://www.tripadvisor.com/Hotel_Review-g1120944-d1924055-Reviews-Pension_mirai-Shichigahama_machi_Miyagi_gun_Miyagi_Prefecture_Tohoku.html
Urashimaso,981-0101,Miyagi Prefecture,129 Akanuma Rifu-cho,,$$,http://www.tripadvisor.com/Hotel_Review-g1120945-d1125890-Reviews-Urashimaso-Rifu_cho_Miyagi_gun_Miyagi_Prefecture_Tohoku.html
Harbor House Kaname,981-0101,Miyagi Prefecture,98 Suga Akanuma Rifu-cho,,$$$$,http://www.tripadvisor.com/Hotel_Review-g1120945-d1875536-Reviews-Harbor_House_Kaname-Rifu_cho_Miyagi_gun_Miyagi_Prefecture_Tohoku.html
Uchiumi Ryokan,981-0122 ,Miyagi Prefecture,1 Myojinzawa Sugaya Rifu-cho,,,http://www.tripadvisor.com/Hotel_Review-g1120945-d4310739-Reviews-Uchiumi_Ryokan-Rifu_cho_Miyagi_gun_Miyagi_Prefecture_Tohoku.html
Kimuraya Ryokan,989-0231,Miyagi Prefecture,1-51 Kamasaki Fukuokakuramoto Shiroishi,,$,http://www.tripadvisor.com/Hotel_Review-g1023408-d1073559-Reviews-Kimuraya_Ryokan-Shiroishi_Miyagi_Prefecture_Tohoku.html
Mogamiya Ryokan,989-0231,Miyagi Prefecture,1-35 Kamasaki Fukuokakuramoto Shiroishi,,$$,http://www.tripadvisor.com/Hotel_Review-g1023408-d1073562-Reviews-Mogamiya_Ryokan-Shiroishi_Miyagi_Prefecture_Tohoku.html
Palace Resort Shiraishizao,989-0223,Miyagi Prefecture,1-2-1 Asahi-cho Shiroishi,,,http://www.tripadvisor.com/Hotel_Review-g1023408-d1073565-Reviews-Palace_Resort_Shiraishizao-Shiroishi_Miyagi_Prefecture_Tohoku.html
Ryokan Katsuraya,989-0233,Miyagi Prefecture,"23 Yumoto, Obara Shiroishi",,$$,http://www.tripadvisor.com/Hotel_Review-g1023408-d1073568-Reviews-Ryokan_Katsuraya-Shiroishi_Miyagi_Prefecture_Tohoku.html
Suzuki-ya Ryokan,989-0231,Miyagi Prefecture,1-38 Kamasaki Fukuokakuramoto Shiroishi,,$$,http://www.tripadvisor.com/Hotel_Review-g1023408-d1073573-Reviews-Suzuki_ya_Ryokan-Shiroishi_Miyagi_Prefecture_Tohoku.html
Tokinenoyado Yunushiichijo,989-0231,Miyagi Prefecture,"1-48 Kamasaki, Fukuokakuramoto Shiroishi",24,$$$,http://www.tripadvisor.com/Hotel_Review-g1023408-d1073574-Reviews-Tokinenoyado_Yunushiichijo-Shiroishi_Miyagi_Prefecture_Tohoku.html
Pacific Hotel Shiroishi,989-0207,Miyagi Prefecture,45-7 Dobamae Shiroishi,,$,http://www.tripadvisor.com/Hotel_Review-g1023408-d1093156-Reviews-Pacific_Hotel_Shiroishi-Shiroishi_Miyagi_Prefecture_Tohoku.html
Hotel Izumiya,989-0233,Miyagi Prefecture,Obara Onsen Shiroishi,,$$,http://www.tripadvisor.com/Hotel_Review-g1023408-d1103190-Reviews-Hotel_Izumiya-Shiroishi_Miyagi_Prefecture_Tohoku.html
Michnokuan,989-0231 ,Miyagi Prefecture,3-4-5 Fukuokakuramoto Shiroishi,,$$$$,http://www.tripadvisor.com/Hotel_Review-g1023408-d1153639-Reviews-Michnokuan-Shiroishi_Miyagi_Prefecture_Tohoku.html
Yakushinoyu,989-0231,Miyagi Prefecture,28-2 Yakushido Fukuoka Kuramoto Shiroishi,,$,http://www.tripadvisor.com/Hotel_Review-g1023408-d1514750-Reviews-Yakushinoyu-Shiroishi_Miyagi_Prefecture_Tohoku.html
Ryokan Shinyu,989-0233,Miyagi Prefecture,5-3 Obarashinyu Shiroishi,,,http://www.tripadvisor.com/Hotel_Review-g1023408-d3850863-Reviews-Ryokan_Shinyu-Shiroishi_Miyagi_Prefecture_Tohoku.html
Furoso,981-0411,Miyagi Prefecture,68-39 Yachinaka Nobiru Higashimatsushima,,,http://www.tripadvisor.com/Hotel_Review-g1023416-d1073775-Reviews-Furoso-Higashimatsushima_Miyagi_Prefecture_Tohoku.html
Saga Beach Hotel,981-0412,Miyagi Prefecture,"10 Matsugashima, Miyato Higashimatsushima",,,http://www.tripadvisor.com/Hotel_Review-g1023416-d1094724-Reviews-Saga_Beach_Hotel-Higashimatsushima_Miyagi_Prefecture_Tohoku.html
Koganesanso,981-0411,Miyagi Prefecture,68-46 Nobiru Minami Yokei Higashimatsushima,,,http://www.tripadvisor.com/Hotel_Review-g1023416-d1103659-Reviews-Koganesanso-Higashimatsushima_Miyagi_Prefecture_Tohoku.html
Yakushido,981-0412,Miyagi Prefecture,9 Miyato Ushi Yamazaki Higashimatsushima,,,http://www.tripadvisor.com/Hotel_Review-g1023416-d1103670-Reviews-Yakushido-Higashimatsushima_Miyagi_Prefecture_Tohoku.html
Nanbuso,981-0412,Miyagi Prefecture,13 Miyato Motoyashiki Higashimatsushima,,,http://www.tripadvisor.com/Hotel_Review-g1023416-d1103683-Reviews-Nanbuso-Higashimatsushima_Miyagi_Prefecture_Tohoku.html
Minshuku Isuzu,981-0412,Miyagi Prefecture,35 Miyato Sato Higashimatsushima,,$,http://www.tripadvisor.com/Hotel_Review-g1023416-d1103693-Reviews-Minshuku_Isuzu-Higashimatsushima_Miyagi_Prefecture_Tohoku.html
Minshuku Kaminoie,981-0412,Miyagi Prefecture,16-1 Miyato Tsukihama Higashimatsushima,,$$,http://www.tripadvisor.com/Hotel_Review-g1023416-d1103703-Reviews-Minshuku_Kaminoie-Higashimatsushima_Miyagi_Prefecture_Tohoku.html
Otakamori Kanko Hotel,981-0412,Miyagi Prefecture,3 Miyato Kawahara Higashimatsushima,,,http://www.tripadvisor.com/Hotel_Review-g1023416-d1103715-Reviews-Otakamori_Kanko_Hotel-Higashimatsushima_Miyagi_Prefecture_Tohoku.html
Minshuku Saga,981-0412,Miyagi Prefecture,54 Miyato Murohama Higashimatsushima,,,http://www.tripadvisor.com/Hotel_Review-g1023416-d1103731-Reviews-Minshuku_Saga-Higashimatsushima_Miyagi_Prefecture_Tohoku.html
Boyoso,981-0411,Miyagi Prefecture,68-63 Nobiru Yokei Higashimatsushima,,,http://www.tripadvisor.com/Hotel_Review-g1023416-d1103767-Reviews-Boyoso-Higashimatsushima_Miyagi_Prefecture_Tohoku.html
Yamane,981-0412,Miyagi Prefecture,38 Miyato Misaga Higashimatsushima,,,http://www.tripadvisor.com/Hotel_Review-g1023416-d1103774-Reviews-Yamane-Higashimatsushima_Miyagi_Prefecture_Tohoku.html
Kanpo no Yado Matsushima,981-0411,Miyagi Prefecture,"89-53 Minami-akasaki, Nobiru Higashimatsushima",,,http://www.tripadvisor.com/Hotel_Review-g1023416-d1103783-Reviews-Kanpo_no_Yado_Matsushima-Higashimatsushima_Miyagi_Prefecture_Tohoku.html
Four Seasons Yamoto,981-0503,Miyagi Prefecture,88-1 Yamoto Uramachi Higashimatsushima,,$,http://www.tripadvisor.com/Hotel_Review-g1023416-d1103799-Reviews-Four_Seasons_Yamoto-Higashimatsushima_Miyagi_Prefecture_Tohoku.html
Sakuraso,981-0412,Miyagi Prefecture,25 Miyato Sato Higashimatsushima,,$,http://www.tripadvisor.com/Hotel_Review-g1023416-d1103810-Reviews-Sakuraso-Higashimatsushima_Miyagi_Prefecture_Tohoku.html
Pension One Step,981-0412,Miyagi Prefecture,Miyato Ohama Kaigan Higashimatsushima,,,http://www.tripadvisor.com/Hotel_Review-g1023416-d1103816-Reviews-Pension_One_Step-Higashimatsushima_Miyagi_Prefecture_Tohoku.html
Pension Marine Ship,981-0411,Miyagi Prefecture,71-243 Nobiru Suzaki Higashimatsushima,,,http://www.tripadvisor.com/Hotel_Review-g1023416-d1103829-Reviews-Pension_Marine_Ship-Higashimatsushima_Miyagi_Prefecture_Tohoku.html
Okumatsushima Youth Hostel,981-0411,Miyagi Prefecture,89-48 Nobiru Minami Akasaki Higashimatsushima,,,http://www.tripadvisor.com/Hotel_Review-g1023416-d1103838-Reviews-Okumatsushima_Youth_Hostel-Higashimatsushima_Miyagi_Prefecture_Tohoku.html
Matsunamiso,981-0411 ,Miyagi Prefecture,"71-42 Nobiru, Suzaki Higashimatsushima",,,http://www.tripadvisor.com/Hotel_Review-g1023416-d1149015-Reviews-Matsunamiso-Higashimatsushima_Miyagi_Prefecture_Tohoku.html
Marukanso,981-0412,Miyagi Prefecture,4 Miyato Ohama Higashimatsushima,,,http://www.tripadvisor.com/Hotel_Review-g1023416-d1149029-Reviews-Marukanso-Higashimatsushima_Miyagi_Prefecture_Tohoku.html
Oku-matsushimaso,981-0412 ,Miyagi Prefecture,"27 Ohama, Miyato Higashimatsushima",,,http://www.tripadvisor.com/Hotel_Review-g1023416-d1153653-Reviews-Oku_matsushimaso-Higashimatsushima_Miyagi_Prefecture_Tohoku.html
Azumaya Kinryumaru,981-0412,Miyagi Prefecture,11 Tsukihama Miyato Higashimatsushima,,,http://www.tripadvisor.com/Hotel_Review-g1023416-d1875613-Reviews-Azumaya_Kinryumaru-Higashimatsushima_Miyagi_Prefecture_Tohoku.html
Hotel Okumatsushima,981-0412,Miyagi Prefecture,59-1 Motoyashiki Miyato Higashimatsushima,,,http://www.tripadvisor.com/Hotel_Review-g1023416-d2025089-Reviews-Hotel_Okumatsushima-Higashimatsushima_Miyagi_Prefecture_Tohoku.html
Value The Hotel Yamoto,981-0504,Miyagi Prefecture,215 Komatsu Higashimatsushima,455,$,http://www.tripadvisor.com/Hotel_Review-g1023416-d4738058-Reviews-Value_The_Hotel_Yamoto-Higashimatsushima_Miyagi_Prefecture_Tohoku.html
Hotel Metro,981-0301,Miyagi Prefecture,1-7-6 Ushiami Ekimae Higashimatsushima,,,http://www.tripadvisor.com/Hotel_Review-g1023416-d6452377-Reviews-Hotel_Metro-Higashimatsushima_Miyagi_Prefecture_Tohoku.html
Taiwa Park Hotel,981-3621,Miyagi Prefecture,5 Yoshioka Taiwacho Taiwa-cho,,$,http://www.tripadvisor.com/Hotel_Review-g1120946-d1153934-Reviews-Taiwa_Park_Hotel-Taiwa_cho_Kurokawa_gun_Miyagi_Prefecture_Tohoku.html
Minamikawa onsen,981-3625,Miyagi Prefecture,68-10 Yoshida Taiwa-cho,,,http://www.tripadvisor.com/Hotel_Review-g1120946-d1875534-Reviews-Minamikawa_onsen-Taiwa_cho_Kurokawa_gun_Miyagi_Prefecture_Tohoku.html
Bell Sunpia Miyagi Izumi,981-3623,Miyagi Prefecture,"31-1, Maezawa, Ono Taiwa-cho",,,http://www.tripadvisor.com/Hotel_Review-g1120946-d2025144-Reviews-Bell_Sunpia_Miyagi_Izumi-Taiwa_cho_Kurokawa_gun_Miyagi_Prefecture_Tohoku.html
Yamanokawa Ryokan,981-3625,Miyagi Prefecture,Yoshida Daigamori Taiwa-cho,,,http://www.tripadvisor.com/Hotel_Review-g1120946-d4350778-Reviews-Yamanokawa_Ryokan-Taiwa_cho_Kurokawa_gun_Miyagi_Prefecture_Tohoku.html
Hotel Route-inn Sendai Taiwa Inter,981-3621,Miyagi Prefecture,27-1 Yoshioka Taiwa-cho,,$,http://www.tripadvisor.com/Hotel_Review-g1120946-d5039814-Reviews-Hotel_Route_inn_Sendai_Taiwa_Inter-Taiwa_cho_Kurokawa_gun_Miyagi_Prefecture_Tohoku.html
Business Hotel Shinbashi,981-3602 ,Miyagi Prefecture,20 Aza Ishikamizawa Ohira Ohira-mura,,$,http://www.tripadvisor.com/Hotel_Review-g1120949-d1153193-Reviews-Business_Hotel_Shinbashi-Ohira_mura_Kurokawa_gun_Miyagi_Prefecture_Tohoku.html
Hotel Route Inn Natori,981-1224,Miyagi Prefecture,37 Sekinoshita Masuda Natori,207,$,http://www.tripadvisor.com/Hotel_Review-g1023409-d2233946-Reviews-Hotel_Route_Inn_Natori-Natori_Miyagi_Prefecture_Tohoku.html
Value The Hotel Natori,981-1222,Miyagi Prefecture,555-1 Hikarida Kamiyoden Natori,,$,http://www.tripadvisor.com/Hotel_Review-g1023409-d4242489-Reviews-Value_The_Hotel_Natori-Natori_Miyagi_Prefecture_Tohoku.html
Weekly Sho Sendai Natori,981-1217,Miyagi Prefecture,3-4-1 Mitazono Natori,,$,http://www.tripadvisor.com/Hotel_Review-g1023409-d4688790-Reviews-Weekly_Sho_Sendai_Natori-Natori_Miyagi_Prefecture_Tohoku.html
Hotel Boyo,988-0013,Miyagi Prefecture,3-1-25 Sakana-machi Kesennuma,,,http://www.tripadvisor.com/Hotel_Review-g1023417-d1073724-Reviews-Hotel_Boyo-Kesennuma_Miyagi_Prefecture_Tohoku.html
Hotel Ikkeikaku,988-0036,Miyagi Prefecture,1-4-7 Benten-cho Kesennuma,,$,http://www.tripadvisor.com/Hotel_Review-g1023417-d1073726-Reviews-Hotel_Ikkeikaku-Kesennuma_Miyagi_Prefecture_Tohoku.html
Hotel Pearl City Kesennuma,988-0077,Miyagi Prefecture,3-2-42 Furu-machi Kesennuma,80,$,http://www.tripadvisor.com/Hotel_Review-g1023417-d1073729-Reviews-Hotel_Pearl_City_Kesennuma-Kesennuma_Miyagi_Prefecture_Tohoku.html
Kesennuma Plaza Hotel,988-0014,Miyagi Prefecture,1-1 Kashizaki Kesennuma,,$$,http://www.tripadvisor.com/Hotel_Review-g1023417-d1073735-Reviews-Kesennuma_Plaza_Hotel-Kesennuma_Miyagi_Prefecture_Tohoku.html
Kameyama-so,988-0602,Miyagi Prefecture,190-58 Ohatsudaira Kesennuma,,,http://www.tripadvisor.com/Hotel_Review-g1023417-d1073739-Reviews-Kameyama_so-Kesennuma_Miyagi_Prefecture_Tohoku.html
Oshima Kanko Hotel Maruei,988-0606,Miyagi Prefecture,110 Isokusa Kesennuma,,,http://www.tripadvisor.com/Hotel_Review-g1023417-d1073743-Reviews-Oshima_Kanko_Hotel_Maruei-Kesennuma_Miyagi_Prefecture_Tohoku.html
Ryokan Akemiso,988-0621,Miyagi Prefecture,176 Oshima Nagasaki Kesennuma,,,http://www.tripadvisor.com/Hotel_Review-g1023417-d1073746-Reviews-Ryokan_Akemiso-Kesennuma_Miyagi_Prefecture_Tohoku.html
Sun Marine Hotel Kanyo,988-0021,Miyagi Prefecture,4-19 Minato-machi Kesennuma,,$,http://www.tripadvisor.com/Hotel_Review-g1023417-d1073748-Reviews-Sun_Marine_Hotel_Kanyo-Kesennuma_Miyagi_Prefecture_Tohoku.html
Central Hotel Matuken,988-0044,Miyagi Prefecture,6-8 Kamiyama Kesennuma,,$,http://www.tripadvisor.com/Hotel_Review-g1023417-d1089822-Reviews-Central_Hotel_Matuken-Kesennuma_Miyagi_Prefecture_Tohoku.html
Kesennuma Park Hotel,988-0037,Miyagi Prefecture,6-23 Uoichibamae Kesennuma,,,http://www.tripadvisor.com/Hotel_Review-g1023417-d1089827-Reviews-Kesennuma_Park_Hotel-Kesennuma_Miyagi_Prefecture_Tohoku.html
Ryokan Kuroshio,988-0688,Miyagi Prefecture,111 Komagata Kesennuma,,$$$,http://www.tripadvisor.com/Hotel_Review-g1023417-d1089829-Reviews-Ryokan_Kuroshio-Kesennuma_Miyagi_Prefecture_Tohoku.html
Ryokan Kaikokan,988-0131,Miyagi Prefecture,142 Matsuzakiozaki Kesennuma,,,http://www.tripadvisor.com/Hotel_Review-g1023417-d1089832-Reviews-Ryokan_Kaikokan-Kesennuma_Miyagi_Prefecture_Tohoku.html
Kesennuma Hotel,988-0037,Miyagi Prefecture,3-15 Uoichibamae Kesennuma,,,http://www.tripadvisor.com/Hotel_Review-g1023417-d1089837-Reviews-Kesennuma_Hotel-Kesennuma_Miyagi_Prefecture_Tohoku.html
Ainsu Kuriko,988-0621,Miyagi Prefecture,272 Nagasaki Kesennuma,,,http://www.tripadvisor.com/Hotel_Review-g1023417-d1093186-Reviews-Ainsu_Kuriko-Kesennuma_Miyagi_Prefecture_Tohoku.html
Qkamura Kisennuma Oshima,988-0603,Miyagi Prefecture,16 Sotobatake Kesennuma,,$,http://www.tripadvisor.com/Hotel_Review-g1023417-d1103851-Reviews-Qkamura_Kisennuma_Oshima-Kesennuma_Miyagi_Prefecture_Tohoku.html
Chiba Kaisan,988-0542,Miyagi Prefecture,196 Karakuwa-cho Naka Kesennuma,,,http://www.tripadvisor.com/Hotel_Review-g1023417-d1103859-Reviews-Chiba_Kaisan-Kesennuma_Miyagi_Prefecture_Tohoku.html
Kawakuraso,988-0554,Miyagi Prefecture,4-1 Karakuwa-cho Sakihama Kesennuma,,,http://www.tripadvisor.com/Hotel_Review-g1023417-d1103862-Reviews-Kawakuraso-Kesennuma_Miyagi_Prefecture_Tohoku.html
Azuma Inn,988-0534,Miyagi Prefecture,53-1 Karakuwa-cho Shukuura Kesennuma,,,http://www.tripadvisor.com/Hotel_Review-g1023417-d1103865-Reviews-Azuma_Inn-Kesennuma_Miyagi_Prefecture_Tohoku.html
Kanemasu,988-0036,Miyagi Prefecture,1-7-11 Bentencho Kesennuma,,,http://www.tripadvisor.com/Hotel_Review-g1023417-d1103869-Reviews-Kanemasu-Kesennuma_Miyagi_Prefecture_Tohoku.html
Business Inn Komatsu,988-0112,Miyagi Prefecture,71 Matsuzaki Maehama Kesennuma,,,http://www.tripadvisor.com/Hotel_Review-g1023417-d1103872-Reviews-Business_Inn_Komatsu-Kesennuma_Miyagi_Prefecture_Tohoku.html
Tsubakiso Kagetsu,988-0621,Miyagi Prefecture,81-1 Oshima Nagasaki Kesennuma,,,http://www.tripadvisor.com/Hotel_Review-g1023417-d1103896-Reviews-Tsubakiso_Kagetsu-Kesennuma_Miyagi_Prefecture_Tohoku.html
Kugunari,988-0605,Miyagi Prefecture,96-3 Uranohama Kesennuma,,,http://www.tripadvisor.com/Hotel_Review-g1023417-d1103903-Reviews-Kugunari-Kesennuma_Miyagi_Prefecture_Tohoku.html
Hamanasu Kaiyoukan,988-0275 ,Miyagi Prefecture,1 Kudamaru Motoyoshicho Kesennuma,,,http://www.tripadvisor.com/Hotel_Review-g1023417-d1153943-Reviews-Hamanasu_Kaiyoukan-Kesennuma_Miyagi_Prefecture_Tohoku.html
Minshuku Sakinoya,988-0241,Miyagi Prefecture,29 Hajikami Iwaisaki Kesennuma,,,http://www.tripadvisor.com/Hotel_Review-g1023417-d1514751-Reviews-Minshuku_Sakinoya-Kesennuma_Miyagi_Prefecture_Tohoku.html
Marine side Kesennuma,988-0043,Miyagi Prefecture,30-2 Nango Kesennuma,,,http://www.tripadvisor.com/Hotel_Review-g1023417-d1875594-Reviews-Marine_side_Kesennuma-Kesennuma_Miyagi_Prefecture_Tohoku.html
Island Hayashi,988-0604,Miyagi Prefecture,86-8 Mawaritate Kesennuma,,$,http://www.tripadvisor.com/Hotel_Review-g1023417-d2037599-Reviews-Island_Hayashi-Kesennuma_Miyagi_Prefecture_Tohoku.html
Rias Karakuwa Youth Hostel,988-0563,Miyagi Prefecture,2-8 Karakuwachonakai Kesennuma,,,http://www.tripadvisor.com/Hotel_Review-g1023417-d2282479-Reviews-Rias_Karakuwa_Youth_Hostel-Kesennuma_Miyagi_Prefecture_Tohoku.html
Ryokan Sanriku,988-0284,Miyagi Prefecture,15-6 Motoyoshichokoganesawa Kesennuma,,,http://www.tripadvisor.com/Hotel_Review-g1023417-d2542132-Reviews-Ryokan_Sanriku-Kesennuma_Miyagi_Prefecture_Tohoku.html
Minshuku Hamanasu,988-0531,Miyagi Prefecture,195-1 Karakuwachotakaishihama Kesennuma,,,http://www.tripadvisor.com/Hotel_Review-g1023417-d2542135-Reviews-Minshuku_Hamanasu-Kesennuma_Miyagi_Prefecture_Tohoku.html
Onabeya,988-0013 ,Miyagi Prefecture,1-3-14 Sakanamachi Kesennuma,,,http://www.tripadvisor.com/Hotel_Review-g1023417-d3642767-Reviews-Onabeya-Kesennuma_Miyagi_Prefecture_Tohoku.html
New Rise Kesennuma-Branch,988-0043,Miyagi Prefecture,7-20 Nango Kesennuma,,$,http://www.tripadvisor.com/Hotel_Review-g1023417-d4341663-Reviews-New_Rise_Kesennuma_Branch-Kesennuma_Miyagi_Prefecture_Tohoku.html
Cottage Kikuta,988-0243,Miyagi Prefecture,10 Hajikamimagi Kesennuma,,$$,http://www.tripadvisor.com/Hotel_Review-g1023417-d5009938-Reviews-Cottage_Kikuta-Kesennuma_Miyagi_Prefecture_Tohoku.html
Kinkokan,988-0083,Miyagi Prefecture,1-27 Irisawa Kesennuma,,$$$$,http://www.tripadvisor.com/Hotel_Review-g1023417-d5230955-Reviews-Kinkokan-Kesennuma_Miyagi_Prefecture_Tohoku.html
Accommo Inn Kesennuma,988-0829,Miyagi Prefecture,2-1 Shinden Kesennuma,,$,http://www.tripadvisor.com/Hotel_Review-g1023417-d5895729-Reviews-Accommo_Inn_Kesennuma-Kesennuma_Miyagi_Prefecture_Tohoku.html
Minshuku Kosakaso,988-0621,Miyagi Prefecture,91 Nagasaki Kesennuma,,,http://www.tripadvisor.com/Hotel_Review-g1023417-d6222887-Reviews-Minshuku_Kosakaso-Kesennuma_Miyagi_Prefecture_Tohoku.html
Hotel Route Inn Kesennuma,988-0121,Miyagi Prefecture,32-1 Matsuzakikaya Kesennuma,,$$,http://www.tripadvisor.com/Hotel_Review-g1023417-d6883269-Reviews-Hotel_Route_Inn_Kesennuma-Kesennuma_Miyagi_Prefecture_Tohoku.html
Business Hotel Sendaiya,987-0001,Miyagi Prefecture,1-1 Fujigasaki Misato-machi,,$,http://www.tripadvisor.com/Hotel_Review-g1120953-d2542100-Reviews-Business_Hotel_Sendaiya-Misato_machi_Toda_gun_Miyagi_Prefecture_Tohoku.html
Ryokan Asahikan,987-0002,Miyagi Prefecture,8 Fujigasaki Misato-machi,,,http://www.tripadvisor.com/Hotel_Review-g1120953-d2542124-Reviews-Ryokan_Asahikan-Misato_machi_Toda_gun_Miyagi_Prefecture_Tohoku.html
Green Hotel Kakuda,981-1505,Miyagi Prefecture,37-1 Azaoomachi Kakuda Kakuda,,$,http://www.tripadvisor.com/Hotel_Review-g1023410-d1093160-Reviews-Green_Hotel_Kakuda-Kakuda_Miyagi_Prefecture_Tohoku.html
Aoyagi Inn,981-1505,Miyagi Prefecture,61 Kakuda_Tamachi Kakuda,,,http://www.tripadvisor.com/Hotel_Review-g1023410-d1103192-Reviews-Aoyagi_Inn-Kakuda_Miyagi_Prefecture_Tohoku.html
Taishokan,981-1505,Miyagi Prefecture,4 Kakuda Asahi-machi Kakuda,,,http://www.tripadvisor.com/Hotel_Review-g1023410-d1103194-Reviews-Taishokan-Kakuda_Miyagi_Prefecture_Tohoku.html
Ryokan Bentenkaku,989-6821ã€€,Miyagi Prefecture,87 Naruko-onsen Kurumayu Osaki,,$$,http://www.tripadvisor.com/Hotel_Review-g1023418-d665902-Reviews-Ryokan_Bentenkaku-Osaki_Miyagi_Prefecture_Tohoku.html
Kashikiri Rotenburo-no-Yado Hotel Ogiya,989-6822,Miyagi Prefecture,38-1 Narukonsenshinyashiki Osaki,,$$,http://www.tripadvisor.com/Hotel_Review-g1023418-d1073631-Reviews-Kashikiri_Rotenburo_no_Yado_Hotel_Ogiya-Osaki_Miyagi_Prefecture_Tohoku.html
Onikobe Lodge,989-6941,Miyagi Prefecture,"23-38 Motomiyahara, Onikobe, Naruko-onsen Osaki",,,http://www.tripadvisor.com/Hotel_Review-g1023418-d1073633-Reviews-Onikobe_Lodge-Osaki_Miyagi_Prefecture_Tohoku.html
Naruko Hotel,989-6823,Miyagi Prefecture,36 Narukonsenyumoto Osaki,128,$$,http://www.tripadvisor.com/Hotel_Review-g1023418-d1073634-Reviews-Naruko_Hotel-Osaki_Miyagi_Prefecture_Tohoku.html
Naruko Kanko Hotel,989-6823,Miyagi Prefecture,41 Narukonsenyumoto Osaki,99,$$,http://www.tripadvisor.com/Hotel_Review-g1023418-d1073635-Reviews-Naruko_Kanko_Hotel-Osaki_Miyagi_Prefecture_Tohoku.html
Ginnosho,989-6823,Miyagi Prefecture,55 Narukonsen Yumoto Osaki,,$$$,http://www.tripadvisor.com/Hotel_Review-g1023418-d1073636-Reviews-Ginnosho-Osaki_Miyagi_Prefecture_Tohoku.html
Yusaya Ryokan,989-6823,Miyagi Prefecture,84 Narukonsenyumoto Osaki,,$$$,http://www.tripadvisor.com/Hotel_Review-g1023418-d1073637-Reviews-Yusaya_Ryokan-Osaki_Miyagi_Prefecture_Tohoku.html
Hotel Kameya,989-6821,Miyagi Prefecture,54-6 Narukonsenkurumayu Osaki,,$,http://www.tripadvisor.com/Hotel_Review-g1023418-d1079960-Reviews-Hotel_Kameya-Osaki_Miyagi_Prefecture_Tohoku.html
Naruko Pearl Hotel Ideyutei,989-6821,Miyagi Prefecture,56-4 Azakurumayu Narukomachi Osaki,,$,http://www.tripadvisor.com/Hotel_Review-g1023418-d1093191-Reviews-Naruko_Pearl_Hotel_Ideyutei-Osaki_Miyagi_Prefecture_Tohoku.html
Kounkaku,989-6821,Miyagi Prefecture,"17 Kurumayu, Narukoonsen Osaki",,$$,http://www.tripadvisor.com/Hotel_Review-g1023418-d1093194-Reviews-Kounkaku-Osaki_Miyagi_Prefecture_Tohoku.html
Hotel Central Park,989-6163,Miyagi Prefecture,6-13 Furukawadaimachi Osaki,,$,http://www.tripadvisor.com/Hotel_Review-g1023418-d1093195-Reviews-Hotel_Central_Park-Osaki_Miyagi_Prefecture_Tohoku.html
Select Inn Furukawa,989-6171,Miyagi Prefecture,1-9-45 Furukawakitamachi Osaki,,$,http://www.tripadvisor.com/Hotel_Review-g1023418-d1093198-Reviews-Select_Inn_Furukawa-Osaki_Miyagi_Prefecture_Tohoku.html
Plaza Hotel Furukawa,989-6162,Miyagi Prefecture,2-1-18 Furukawaekimaeodori Osaki,,,http://www.tripadvisor.com/Hotel_Review-g1023418-d1093204-Reviews-Plaza_Hotel_Furukawa-Osaki_Miyagi_Prefecture_Tohoku.html
Fukiyuso,989-6832,Miyagi Prefecture,15-12 Azahoshinuma Narukoonsen Osaki,,,http://www.tripadvisor.com/Hotel_Review-g1023418-d1093207-Reviews-Fukiyuso-Osaki_Miyagi_Prefecture_Tohoku.html
Naruko Tenjin,989-6823,Miyagi Prefecture,58-10 Azayumoto Narukoonsen Osaki,,,http://www.tripadvisor.com/Hotel_Review-g1023418-d1093211-Reviews-Naruko_Tenjin-Osaki_Miyagi_Prefecture_Tohoku.html
Hotel Onikobe,989-6941,Miyagi Prefecture,26-17 Naruko-osen Onikobe Azaoshimizu Osaki,,$$,http://www.tripadvisor.com/Hotel_Review-g1023418-d1095152-Reviews-Hotel_Onikobe-Osaki_Miyagi_Prefecture_Tohoku.html
Tohokku inn Hotel Furukawaekimae,989-6162,Miyagi Prefecture,1-4-29 Furukawa Ekimae Odori Osaki,,$,http://www.tripadvisor.com/Hotel_Review-g1023418-d1104242-Reviews-Tohokku_inn_Hotel_Furukawaekimae-Osaki_Miyagi_Prefecture_Tohoku.html
Excel Inn Furukawa,989-6162,Miyagi Prefecture,3-1-3 Furukawa Ekimae Odori Osaki,107,$,http://www.tripadvisor.com/Hotel_Review-g1023418-d1104243-Reviews-Excel_Inn_Furukawa-Osaki_Miyagi_Prefecture_Tohoku.html
Pension Mori Rinko,989-6941,Miyagi Prefecture,9-8 Naruko Onsen Onikobe Komukaihara Osaki,,$,http://www.tripadvisor.com/Hotel_Review-g1023418-d1104245-Reviews-Pension_Mori_Rinko-Osaki_Miyagi_Prefecture_Tohoku.html
Tamatsukuriso,989-6711,Miyagi Prefecture,62 Naruko Onsen Kawatabi Osaki,,,http://www.tripadvisor.com/Hotel_Review-g1023418-d1104247-Reviews-Tamatsukuriso-Osaki_Miyagi_Prefecture_Tohoku.html
Masuya,989-6823,Miyagi Prefecture,82 Naruko Onsen Yumoto Osaki,,$$,http://www.tripadvisor.com/Hotel_Review-g1023418-d1104283-Reviews-Masuya-Osaki_Miyagi_Prefecture_Tohoku.html
Naruko Ryokan,989-6821,Miyagi Prefecture,54-11 Naruko Onsen Kurumayu Osaki,,$,http://www.tripadvisor.com/Hotel_Review-g1023418-d1104284-Reviews-Naruko_Ryokan-Osaki_Miyagi_Prefecture_Tohoku.html
Pension Mickey House,989-6941,Miyagi Prefecture,9-16 Naruko Onsen Onikobe Komukaihara Osaki,,,http://www.tripadvisor.com/Hotel_Review-g1023418-d1104285-Reviews-Pension_Mickey_House-Osaki_Miyagi_Prefecture_Tohoku.html
Pension Shirokko Inn,989-6941,Miyagi Prefecture,9-7 Naruko Onsen Onikobe Komukaihara Osaki,,,http://www.tripadvisor.com/Hotel_Review-g1023418-d1104286-Reviews-Pension_Shirokko_Inn-Osaki_Miyagi_Prefecture_Tohoku.html
Meishokan,989-6811,Miyagi Prefecture,12-1 Naruko_Onsen Akayu Osaki,,,http://www.tripadvisor.com/Hotel_Review-g1023418-d1104287-Reviews-Meishokan-Osaki_Miyagi_Prefecture_Tohoku.html
Soyokaze,989-4104,Miyagi Prefecture,6-7 Kashimadai Hironaga Ishikawahara Yonbankou Osaki,,,http://www.tripadvisor.com/Hotel_Review-g1023418-d1104288-Reviews-Soyokaze-Osaki_Miyagi_Prefecture_Tohoku.html
Hotel Takishima,989-6822,Miyagi Prefecture,28-1 Naruko Onsen Shinyashiki Osaki,,,http://www.tripadvisor.com/Hotel_Review-g1023418-d1104290-Reviews-Hotel_Takishima-Osaki_Miyagi_Prefecture_Tohoku.html
Taketomo Ryokan,989-6811,Miyagi Prefecture,18 Naruko Onsen Washinosu Osaki,,$,http://www.tripadvisor.com/Hotel_Review-g1023418-d1104291-Reviews-Taketomo_Ryokan-Osaki_Miyagi_Prefecture_Tohoku.html
Sannojoyu,989-6832,Miyagi Prefecture,77-53 Naruko Onsen Hoshinuma Osaki,,$,http://www.tripadvisor.com/Hotel_Review-g1023418-d1104292-Reviews-Sannojoyu-Osaki_Miyagi_Prefecture_Tohoku.html
Shimizuya Ryokan Honten,989-6153,Miyagi Prefecture,11-11 Furukawa Nanoka-machi Osaki,,,http://www.tripadvisor.com/Hotel_Review-g1023418-d1104293-Reviews-Shimizuya_Ryokan_Honten-Osaki_Miyagi_Prefecture_Tohoku.html
Shofukutei,989-6711,Miyagi Prefecture,2-1 Naruko Onsen Uenohara Osaki,,,http://www.tripadvisor.com/Hotel_Review-g1023418-d1104296-Reviews-Shofukutei-Osaki_Miyagi_Prefecture_Tohoku.html
Higashi Kawarayu Ryokan,989-6824,Miyagi Prefecture,42-1 Naruko Onsen Kawarayu Osaki,,,http://www.tripadvisor.com/Hotel_Review-g1023418-d1104297-Reviews-Higashi_Kawarayu_Ryokan-Osaki_Miyagi_Prefecture_Tohoku.html
Ubanoyu Ryokan,989-6824,Miyagi Prefecture,65 Naruko Onsen Kawarayu Osaki,,$,http://www.tripadvisor.com/Hotel_Review-g1023418-d1104298-Reviews-Ubanoyu_Ryokan-Osaki_Miyagi_Prefecture_Tohoku.html
Marumiya Ryokan,989-6811,Miyagi Prefecture,33-2 Naruko Onsen Akayu Osaki,,$,http://www.tripadvisor.com/Hotel_Review-g1023418-d1104299-Reviews-Marumiya_Ryokan-Osaki_Miyagi_Prefecture_Tohoku.html
Shiunkyo,989-6801,Miyagi Prefecture,1-8 Naruko Onsen Suezawa Osaki,,$,http://www.tripadvisor.com/Hotel_Review-g1023418-d1104300-Reviews-Shiunkyo-Osaki_Miyagi_Prefecture_Tohoku.html
Benisen,989-6711,Miyagi Prefecture,83-4 Naruko Onsen Kyuden Osaki,,$,http://www.tripadvisor.com/Hotel_Review-g1023418-d1104304-Reviews-Benisen-Osaki_Miyagi_Prefecture_Tohoku.html
Todoroki Ryokan,989-6941,Miyagi Prefecture,1 Naruko Onsen Onikobe Todoroki Osaki,,$$$,http://www.tripadvisor.com/Hotel_Review-g1023418-d1104305-Reviews-Todoroki_Ryokan-Osaki_Miyagi_Prefecture_Tohoku.html
Senshokan,989-6832,Miyagi Prefecture,28-2 Naruko Onsen Hoshinuma Osaki,,$$,http://www.tripadvisor.com/Hotel_Review-g1023418-d1104306-Reviews-Senshokan-Osaki_Miyagi_Prefecture_Tohoku.html
Sugawara,989-6822,Miyagi Prefecture,5 Naruko Onsen Shinyashiki Osaki,,$,http://www.tripadvisor.com/Hotel_Review-g1023418-d1104307-Reviews-Sugawara-Osaki_Miyagi_Prefecture_Tohoku.html
Higashi Taganoyu,989-6822,Miyagi Prefecture,160 Naruko Onsen Shinyashiki Osaki,,$,http://www.tripadvisor.com/Hotel_Review-g1023418-d1104308-Reviews-Higashi_Taganoyu-Osaki_Miyagi_Prefecture_Tohoku.html
Taishokan,989-6822,Miyagi Prefecture,126 Naruko Onsen Shinyashiki Osaki,,$,http://www.tripadvisor.com/Hotel_Review-g1023418-d1104309-Reviews-Taishokan-Osaki_Miyagi_Prefecture_Tohoku.html
Kamuroso,989-6941,Miyagi Prefecture,24 Naruko Onsen Onikobe Osaki,,$$,http://www.tripadvisor.com/Hotel_Review-g1023418-d1104310-Reviews-Kamuroso-Osaki_Miyagi_Prefecture_Tohoku.html
Takuhide,989-6832,Miyagi Prefecture,20-9 Narukonsenhoshinuma Osaki,,$$$,http://www.tripadvisor.com/Hotel_Review-g1023418-d1104314-Reviews-Takuhide-Osaki_Miyagi_Prefecture_Tohoku.html
Hanabuchiso,989-6832,Miyagi Prefecture,133-2 Naruko Onsen Hoshinuma Osaki,,$,http://www.tripadvisor.com/Hotel_Review-g1023418-d1104319-Reviews-Hanabuchiso-Osaki_Miyagi_Prefecture_Tohoku.html
Motohebino-yu,989-6832,Miyagi Prefecture,22 Narukonsenhoshinuma Osaki,,,http://www.tripadvisor.com/Hotel_Review-g1023418-d1104321-Reviews-Motohebino_yu-Osaki_Miyagi_Prefecture_Tohoku.html
Taishinkan,989-6941,Miyagi Prefecture,22 Naruko Onsen Onikobe Miyazawa Osaki,,,http://www.tripadvisor.com/Hotel_Review-g1023418-d1104322-Reviews-Taishinkan-Osaki_Miyagi_Prefecture_Tohoku.html
Kankotei,989-6437,Miyagi Prefecture,49 Iwadeyama Shiroyama Osaki,,,http://www.tripadvisor.com/Hotel_Review-g1023418-d1104323-Reviews-Kankotei-Osaki_Miyagi_Prefecture_Tohoku.html
Pension Cow Bell,989-6941,Miyagi Prefecture,9-19 Naruko Onsen Onikobe Komukaihara Osaki,,,http://www.tripadvisor.com/Hotel_Review-g1023418-d1104324-Reviews-Pension_Cow_Bell-Osaki_Miyagi_Prefecture_Tohoku.html
Hoden,989-6403,Miyagi Prefecture,40 Iwadeyama Kaminome Higashi Houden Osaki,,,http://www.tripadvisor.com/Hotel_Review-g1023418-d1104824-Reviews-Hoden-Osaki_Miyagi_Prefecture_Tohoku.html
Pension Alpine,989-6941,Miyagi Prefecture,9-17 Naruko Onsen Onikobe Komukaihara Osaki,,$,http://www.tripadvisor.com/Hotel_Review-g1023418-d1104839-Reviews-Pension_Alpine-Osaki_Miyagi_Prefecture_Tohoku.html
Ryoyokan,989-6711,Miyagi Prefecture,117 Naruko Onsen Kawatabi Osaki,,,http://www.tripadvisor.com/Hotel_Review-g1023418-d1105395-Reviews-Ryoyokan-Osaki_Miyagi_Prefecture_Tohoku.html
Echigoya Ryokan,989-6711 ,Miyagi Prefecture,24-9 Watabi Naruko Onsen Osaki,,$$,http://www.tripadvisor.com/Hotel_Review-g1023418-d1153658-Reviews-Echigoya_Ryokan-Osaki_Miyagi_Prefecture_Tohoku.html
Hoshinoyu Ryokan,989-6832 ,Miyagi Prefecture,36-20 Narukonsen hoshinuma Osaki,,$,http://www.tripadvisor.com/Hotel_Review-g1023418-d1153660-Reviews-Hoshinoyu_Ryokan-Osaki_Miyagi_Prefecture_Tohoku.html
Hotel Route Inn Furukawa Station,989-6162 ,Miyagi Prefecture,1-4-18 Furukawa Ekimaeodori Osaki,,$,http://www.tripadvisor.com/Hotel_Review-g1023418-d1153663-Reviews-Hotel_Route_Inn_Furukawa_Station-Osaki_Miyagi_Prefecture_Tohoku.html
Kanshichiyu,989-6811 ,Miyagi Prefecture,18 Akayu Naruko Onsen Osaki,,$,http://www.tripadvisor.com/Hotel_Review-g1023418-d1153666-Reviews-Kanshichiyu-Osaki_Miyagi_Prefecture_Tohoku.html
Isazen Ryokan,989-6811 ,Miyagi Prefecture,11 Naruko-Onsen Akayu Osaki,,$,http://www.tripadvisor.com/Hotel_Review-g1023418-d1153674-Reviews-Isazen_Ryokan-Osaki_Miyagi_Prefecture_Tohoku.html
Pension Annex,989-6941,Miyagi Prefecture,9-36 Onikobe Naruk Onsen Onikobe Osaki,,,http://www.tripadvisor.com/Hotel_Review-g1023418-d1153676-Reviews-Pension_Annex-Osaki_Miyagi_Prefecture_Tohoku.html
Pension Little Wood,989-6941 ,Miyagi Prefecture,9-18 Onikobe Naruk Onsen Osaki,,,http://www.tripadvisor.com/Hotel_Review-g1023418-d1153682-Reviews-Pension_Little_Wood-Osaki_Miyagi_Prefecture_Tohoku.html
Ryokan Onuma,989-6811 ,Miyagi Prefecture,34 Narukonsen akayu Osaki,,$,http://www.tripadvisor.com/Hotel_Review-g1023418-d1153688-Reviews-Ryokan_Onuma-Osaki_Miyagi_Prefecture_Tohoku.html
Ryokan Yusa,989-6711 ,Miyagi Prefecture,52-1 Shinmachi Shita Naruko Onsen Osaki,,$,http://www.tripadvisor.com/Hotel_Review-g1023418-d1153699-Reviews-Ryokan_Yusa-Osaki_Miyagi_Prefecture_Tohoku.html
Takuhide Nonbirikan,989-6802,Miyagi Prefecture,15-3 Suezawa Nishi Narukonsen Osaki,,,http://www.tripadvisor.com/Hotel_Review-g1023418-d1153704-Reviews-Takuhide_Nonbirikan-Osaki_Miyagi_Prefecture_Tohoku.html
Takatou Ryokan,989-6711 ,Miyagi Prefecture,23-1 Kizawa Naruko Onsen Osaki,,$,http://www.tripadvisor.com/Hotel_Review-g1023418-d1153705-Reviews-Takatou_Ryokan-Osaki_Miyagi_Prefecture_Tohoku.html
Yado Miyama,989-6711 ,Miyagi Prefecture,91 Yogai Naruko Onsen Osaki,10,$,http://www.tripadvisor.com/Hotel_Review-g1023418-d1153709-Reviews-Yado_Miyama-Osaki_Miyagi_Prefecture_Tohoku.html
Numakura,989-6711,Miyagi Prefecture,38-1 Watabi Naruko Onsen Osaki,,$$,http://www.tripadvisor.com/Hotel_Review-g1023418-d1153711-Reviews-Numakura-Osaki_Miyagi_Prefecture_Tohoku.html
Pension Furaibo,989-6941,Miyagi Prefecture,9-33 Komukaihara Narukonsen Onikobe Osaki,,$$,http://www.tripadvisor.com/Hotel_Review-g1023418-d1514752-Reviews-Pension_Furaibo-Osaki_Miyagi_Prefecture_Tohoku.html
Pension On the Rock,989-6941,Miyagi Prefecture,9-26 Komukaihara Narukonsen Onikobe Osaki,,$,http://www.tripadvisor.com/Hotel_Review-g1023418-d1514753-Reviews-Pension_On_the_Rock-Osaki_Miyagi_Prefecture_Tohoku.html
Higashihebinoyu,989-6832,Miyagi Prefecture,6-1 Hpshinuma Osaki,,,http://www.tripadvisor.com/Hotel_Review-g1023418-d1723771-Reviews-Higashihebinoyu-Osaki_Miyagi_Prefecture_Tohoku.html
Minshuku Ryokan Ninomiyaso,989-6711 ,Miyagi Prefecture,"136 Aza Baba, Naruko Onsen Osaki",,$,http://www.tripadvisor.com/Hotel_Review-g1023418-d1862797-Reviews-Minshuku_Ryokan_Ninomiyaso-Osaki_Miyagi_Prefecture_Tohoku.html
Nakayama sanso,989-6832,Miyagi Prefecture,19-24 Narukonsen hoshinuma Osaki,,$,http://www.tripadvisor.com/Hotel_Review-g1023418-d1875575-Reviews-Nakayama_sanso-Osaki_Miyagi_Prefecture_Tohoku.html
Hotel New Arao,989-6811,Miyagi Prefecture,"40 Akayu, Narukonsen Osaki",,$$,http://www.tripadvisor.com/Hotel_Review-g1023418-d1875581-Reviews-Hotel_New_Arao-Osaki_Miyagi_Prefecture_Tohoku.html
Fukiage ryokan Houunkaku,989-6941,Miyagi Prefecture,16 Fukiage Onikobe Narukonsen Osaki,,,http://www.tripadvisor.com/Hotel_Review-g1023418-d1875584-Reviews-Fukiage_ryokan_Houunkaku-Osaki_Miyagi_Prefecture_Tohoku.html
Naruko Yasuragiso,989-6832,Miyagi Prefecture,"18-2 Hoshinuma, Narukonsen Osaki",,$$,http://www.tripadvisor.com/Hotel_Review-g1023418-d1875590-Reviews-Naruko_Yasuragiso-Osaki_Miyagi_Prefecture_Tohoku.html
Chubachi,989-6711,Miyagi Prefecture,38-5 Yogai Naruko Onsen Osaki,,$,http://www.tripadvisor.com/Hotel_Review-g1023418-d1924228-Reviews-Chubachi-Osaki_Miyagi_Prefecture_Tohoku.html
Ryokan Nanbuya,989-6811,Miyagi Prefecture,90-18 Washinosu Naruko Onsen Osaki,,$$,http://www.tripadvisor.com/Hotel_Review-g1023418-d1924232-Reviews-Ryokan_Nanbuya-Osaki_Miyagi_Prefecture_Tohoku.html
Hotel Mogami,989-6822,Miyagi Prefecture,"119-3, Naruko Onsen Shinyashiki Osaki",,,http://www.tripadvisor.com/Hotel_Review-g1023418-d2036360-Reviews-Hotel_Mogami-Osaki_Miyagi_Prefecture_Tohoku.html
Value the Hotel Sambongi,989-6322,Miyagi Prefecture,146 Minamiyachi Sambongi Osaki,,$,http://www.tripadvisor.com/Hotel_Review-g1023418-d4745872-Reviews-Value_the_Hotel_Sambongi-Osaki_Miyagi_Prefecture_Tohoku.html
Toraya,989-6823,Miyagi Prefecture,26-3 Yumoto Narukoonsen Osaki,,,http://www.tripadvisor.com/Hotel_Review-g1023418-d4945451-Reviews-Toraya-Osaki_Miyagi_Prefecture_Tohoku.html
Fujishima Ryokan,989-6711,Miyagi Prefecture,84 Narukoonsen Kawatabi Osaki,,,http://www.tripadvisor.com/Hotel_Review-g1023418-d5006159-Reviews-Fujishima_Ryokan-Osaki_Miyagi_Prefecture_Tohoku.html
Kanomataya,986-2261,Miyagi Prefecture,472-1 Onagawahama Onagawa-cho,,,http://www.tripadvisor.com/Hotel_Review-g1120954-d1125898-Reviews-Kanomataya-Onagawa_cho_Oshika_gun_Miyagi_Prefecture_Tohoku.html
Kaisenkaku,986-2226 ,Miyagi Prefecture,35 Takashirohama Onagawa-cho,,,http://www.tripadvisor.com/Hotel_Review-g1120954-d1153938-Reviews-Kaisenkaku-Onagawa_cho_Oshika_gun_Miyagi_Prefecture_Tohoku.html
Hanayuubi,986-2231,Miyagi Prefecture,130 Urashukuhama Onagawa-cho,,$$,http://www.tripadvisor.com/Hotel_Review-g1120954-d1153939-Reviews-Hanayuubi-Onagawa_cho_Oshika_gun_Miyagi_Prefecture_Tohoku.html
Slow Life Village Nonohama,986-2223,Miyagi Prefecture,100-8 Nonohama Onagawa-cho,,$,http://www.tripadvisor.com/Hotel_Review-g1120954-d1153940-Reviews-Slow_Life_Village_Nonohama-Onagawa_cho_Oshika_gun_Miyagi_Prefecture_Tohoku.html
Nanamiya Ryokan,986-2245,Miyagi Prefecture,5-1 Kotobukicho Onagawa-cho,,,http://www.tripadvisor.com/Hotel_Review-g1120954-d1515616-Reviews-Nanamiya_Ryokan-Onagawa_cho_Oshika_gun_Miyagi_Prefecture_Tohoku.html
Seiwasou,986-2271,Miyagi Prefecture,118 Shimizucho Onagawa-cho,,,http://www.tripadvisor.com/Hotel_Review-g1120954-d1875524-Reviews-Seiwasou-Onagawa_cho_Oshika_gun_Miyagi_Prefecture_Tohoku.html
Ishinomakiya,986-2243,Miyagi Prefecture,13-1 Washinokamihama Onagawa-cho,,,http://www.tripadvisor.com/Hotel_Review-g1120954-d1875529-Reviews-Ishinomakiya-Onagawa_cho_Oshika_gun_Miyagi_Prefecture_Tohoku.html
El Faro,986-2271 ,Miyagi Prefecture,Shimizucho Onagawa-cho,,$,http://www.tripadvisor.com/Hotel_Review-g1120954-d4038076-Reviews-El_Faro-Onagawa_cho_Oshika_gun_Miyagi_Prefecture_Tohoku.html
Business Hotel Hanaki,985-0874,Miyagi Prefecture,4-8-33 Yawata Tagajo,,$,http://www.tripadvisor.com/Hotel_Review-g1023411-d1073575-Reviews-Business_Hotel_Hanaki-Tagajo_Miyagi_Prefecture_Tohoku.html
Business Yado My-room Takajo,985-0832,Miyagi Prefecture,1-2-5 Oshiro Tagajo,,,http://www.tripadvisor.com/Hotel_Review-g1023411-d1073577-Reviews-Business_Yado_My_room_Takajo-Tagajo_Miyagi_Prefecture_Tohoku.html
Sun Hotel Tagajo,985-0874,Miyagi Prefecture,4-7-52 Yawata Tagajo,,$,http://www.tripadvisor.com/Hotel_Review-g1023411-d1073579-Reviews-Sun_Hotel_Tagajo-Tagajo_Miyagi_Prefecture_Tohoku.html
Business Hotel Fuji,985-0832,Miyagi Prefecture,1-2-47 Oshiro Tagajo,,,http://www.tripadvisor.com/Hotel_Review-g1023411-d1093164-Reviews-Business_Hotel_Fuji-Tagajo_Miyagi_Prefecture_Tohoku.html
Hotel Route Inn Tagajo,985-0845,Miyagi Prefecture,1-1-15 Machimae Tagajo,152,$,http://www.tripadvisor.com/Hotel_Review-g1023411-d1093166-Reviews-Hotel_Route_Inn_Tagajo-Tagajo_Miyagi_Prefecture_Tohoku.html
Hotel Castle Plaza Tagajo,985-0842,Miyagi Prefecture,1-1-60 Sakuragi Tagajo,,$,http://www.tripadvisor.com/Hotel_Review-g1023411-d1093167-Reviews-Hotel_Castle_Plaza_Tagajo-Tagajo_Miyagi_Prefecture_Tohoku.html
Onoya Hotel,985-0832,Miyagi Prefecture,1-9-2 Oshiro Tagajo,,,http://www.tripadvisor.com/Hotel_Review-g1023411-d1093168-Reviews-Onoya_Hotel-Tagajo_Miyagi_Prefecture_Tohoku.html
Premier Inn Sendai Tagajyo,985-0845 ,Miyagi Prefecture,1-1-8 Machimae Tagajo,120,$,http://www.tripadvisor.com/Hotel_Review-g1023411-d1500983-Reviews-Premier_Inn_Sendai_Tagajyo-Tagajo_Miyagi_Prefecture_Tohoku.html
Ayers Rock hotel Sendai Tagajo,985-0832,Miyagi Prefecture,1-12-1 Oshiro Tagajo,,$,http://www.tripadvisor.com/Hotel_Review-g1023411-d2526824-Reviews-Ayers_Rock_hotel_Sendai_Tagajo-Tagajo_Miyagi_Prefecture_Tohoku.html
Hotel Route Inn Tagajo-Eki Higashi,985-0874,Miyagi Prefecture,Hachiman 4-4-77 Tagajo,,$$,http://www.tripadvisor.com/Hotel_Review-g1023411-d6487724-Reviews-Hotel_Route_Inn_Tagajo_Eki_Higashi-Tagajo_Miyagi_Prefecture_Tohoku.html
Miyagi Zao Royal Hotel,989-0916,Miyagi Prefecture,1-1 Oniishihara Togatta Onsen Zao-machi,377,$,http://www.tripadvisor.com/Hotel_Review-g1104107-d505433-Reviews-Miyagi_Zao_Royal_Hotel-Zao_machi_Katta_gun_Miyagi_Prefecture_Tohoku.html
Genbei,989-0912,Miyagi Prefecture,5-1 Togatta Onsen Nakamachi Zao-machi,,$$,http://www.tripadvisor.com/Hotel_Review-g1104107-d1125570-Reviews-Genbei-Zao_machi_Katta_gun_Miyagi_Prefecture_Tohoku.html
Miyagi Zaokogen Hotel,989-0800,Miyagi Prefecture,Togatta Onsen Zao-machi,,$,http://www.tripadvisor.com/Hotel_Review-g1104107-d1125598-Reviews-Miyagi_Zaokogen_Hotel-Zao_machi_Katta_gun_Miyagi_Prefecture_Tohoku.html
Ryokan Sanjiro,989-0913,Miyagi Prefecture,3 Togatta Onsen Motomachi Zao-machi,,$$$,http://www.tripadvisor.com/Hotel_Review-g1104107-d1125626-Reviews-Ryokan_Sanjiro-Zao_machi_Katta_gun_Miyagi_Prefecture_Tohoku.html
Yutomori Club,989-0916,Miyagi Prefecture,128 Togatta Onsen Zao-machi,,$$$,http://www.tripadvisor.com/Hotel_Review-g1104107-d1125640-Reviews-Yutomori_Club-Zao_machi_Katta_gun_Miyagi_Prefecture_Tohoku.html
Daikon No Hana,989-0916,Miyagi Prefecture,21-7 Toogattaonsen Kitayama Zao-machi,,$$$$,http://www.tripadvisor.com/Hotel_Review-g1104107-d1146220-Reviews-Daikon_No_Hana-Zao_machi_Katta_gun_Miyagi_Prefecture_Tohoku.html
Azumaya Ryokan,989-0919 ,Miyagi Prefecture,8 Togatta Onsen Motomachi Zao-machi,,,http://www.tripadvisor.com/Hotel_Review-g1104107-d1153714-Reviews-Azumaya_Ryokan-Zao_machi_Katta_gun_Miyagi_Prefecture_Tohoku.html
Barenya So Ho,989-0916 ,Miyagi Prefecture,43-1 Togatta Onsen Zao-machi,,$$,http://www.tripadvisor.com/Hotel_Review-g1104107-d1153721-Reviews-Barenya_So_Ho-Zao_machi_Katta_gun_Miyagi_Prefecture_Tohoku.html
Lovely,989-0916 ,Miyagi Prefecture,168-82 Togatta Onsen Zao-machi,9,$$,http://www.tripadvisor.com/Hotel_Review-g1104107-d1153725-Reviews-Lovely-Zao_machi_Katta_gun_Miyagi_Prefecture_Tohoku.html
Cotton Club,989-0916 ,Miyagi Prefecture,3-405 Togatta Onsen Zao-machi,,$$,http://www.tripadvisor.com/Hotel_Review-g1104107-d1153738-Reviews-Cotton_Club-Zao_machi_Katta_gun_Miyagi_Prefecture_Tohoku.html
Family Pension Alpha,989-0916 ,Miyagi Prefecture,168-7 Togata Onsen Zao-machi,,$$,http://www.tripadvisor.com/Hotel_Review-g1104107-d1153783-Reviews-Family_Pension_Alpha-Zao_machi_Katta_gun_Miyagi_Prefecture_Tohoku.html
Onuma Ryokan Momo No Hana,989-0914,Miyagi Prefecture,2 Asahicho Togatta Onsen Zao-machi,,$$,http://www.tripadvisor.com/Hotel_Review-g1104107-d1153841-Reviews-Onuma_Ryokan_Momo_No_Hana-Zao_machi_Katta_gun_Miyagi_Prefecture_Tohoku.html
Pension yamanoie lapis,989-0916 ,Miyagi Prefecture,168-40 Togatta Onsan Zao-machi,,,http://www.tripadvisor.com/Hotel_Review-g1104107-d1153844-Reviews-Pension_yamanoie_lapis-Zao_machi_Katta_gun_Miyagi_Prefecture_Tohoku.html
Pension Donguri,989-0916 ,Miyagi Prefecture,1-178 Nanokahara Togatta Onsen Zao-machi,,$$,http://www.tripadvisor.com/Hotel_Review-g1104107-d1153845-Reviews-Pension_Donguri-Zao_machi_Katta_gun_Miyagi_Prefecture_Tohoku.html
Pension Donguri Bekkan,989-0916 ,Miyagi Prefecture,1-235 Nanokahara Togatta Onsen Zao-machi,,$,http://www.tripadvisor.com/Hotel_Review-g1104107-d1153848-Reviews-Pension_Donguri_Bekkan-Zao_machi_Katta_gun_Miyagi_Prefecture_Tohoku.html
Pension Frambois,989-0916,Miyagi Prefecture,168-37 Togatta Onsen Zao-machi,,,http://www.tripadvisor.com/Hotel_Review-g1104107-d1153850-Reviews-Pension_Frambois-Zao_machi_Katta_gun_Miyagi_Prefecture_Tohoku.html
Pension Rainbow Hills,989-0916,Miyagi Prefecture,177 Togatta Onsen Zao-machi,,$,http://www.tripadvisor.com/Hotel_Review-g1104107-d1153851-Reviews-Pension_Rainbow_Hills-Zao_machi_Katta_gun_Miyagi_Prefecture_Tohoku.html
Pension Soramame,989-0916,Miyagi Prefecture,168-83 Togatta Onsen Zao-machi,,$$,http://www.tripadvisor.com/Hotel_Review-g1104107-d1153852-Reviews-Pension_Soramame-Zao_machi_Katta_gun_Miyagi_Prefecture_Tohoku.html
Pension Tanpopo,989-0916ã€€,Miyagi Prefecture,168-20 Uenohara Togatta Onsen Zao-machi,9,$,http://www.tripadvisor.com/Hotel_Review-g1104107-d1153854-Reviews-Pension_Tanpopo-Zao_machi_Katta_gun_Miyagi_Prefecture_Tohoku.html
Pension Woodchuck,989-0916 ,Miyagi Prefecture,1-236 Togatta Onsen Zao-machi,,$,http://www.tripadvisor.com/Hotel_Review-g1104107-d1153855-Reviews-Pension_Woodchuck-Zao_machi_Katta_gun_Miyagi_Prefecture_Tohoku.html
Petit Pension White Terrace,989-0916 ,Miyagi Prefecture,168-84 Togatta Onsen Zaomachi Zao-machi,,$,http://www.tripadvisor.com/Hotel_Review-g1104107-d1153856-Reviews-Petit_Pension_White_Terrace-Zao_machi_Katta_gun_Miyagi_Prefecture_Tohoku.html
Pension Cosmos,989-0916,Miyagi Prefecture,168-85 Togatta Onsen Zao-machi,,$,http://www.tripadvisor.com/Hotel_Review-g1104107-d1153858-Reviews-Pension_Cosmos-Zao_machi_Katta_gun_Miyagi_Prefecture_Tohoku.html
Laforet Zao Resort and Spa,989-0916 ,Miyagi Prefecture,2-1 Togatta Onsen Zao-machi,,$,http://www.tripadvisor.com/Hotel_Review-g1104107-d1153859-Reviews-Laforet_Zao_Resort_and_Spa-Zao_machi_Katta_gun_Miyagi_Prefecture_Tohoku.html
Tamaya Ryokan,989-0913 ,Miyagi Prefecture,21 Honmachi Togatta Onsen Zao-machi,,$$,http://www.tripadvisor.com/Hotel_Review-g1104107-d1153860-Reviews-Tamaya_Ryokan-Zao_machi_Katta_gun_Miyagi_Prefecture_Tohoku.html
Ryokan Daichu,989-0914 ,Miyagi Prefecture,1 Asahicho Togatta Onsen Zao-machi,,$$$$,http://www.tripadvisor.com/Hotel_Review-g1104107-d1153863-Reviews-Ryokan_Daichu-Zao_machi_Katta_gun_Miyagi_Prefecture_Tohoku.html
Toogatta Hotel Sansatei,989-0916 ,Miyagi Prefecture,30 Togatta Onsen Zao-machi,,$$,http://www.tripadvisor.com/Hotel_Review-g1104107-d1153865-Reviews-Toogatta_Hotel_Sansatei-Zao_machi_Katta_gun_Miyagi_Prefecture_Tohoku.html
Zao Shikitei,989-0916,Miyagi Prefecture,301 Togatta Onsen Zao-machi,,,http://www.tripadvisor.com/Hotel_Review-g1104107-d1153867-Reviews-Zao_Shikitei-Zao_machi_Katta_gun_Miyagi_Prefecture_Tohoku.html
Yamabuki,989-0916,Miyagi Prefecture,"21-70 Togatta-onsenn, Aza kozumazaka Zao-machi",,$$$$,http://www.tripadvisor.com/Hotel_Review-g1104107-d1165930-Reviews-Yamabuki-Zao_machi_Katta_gun_Miyagi_Prefecture_Tohoku.html
Pension Tomsoya,989-0916 ,Miyagi Prefecture,"1-127 Nanokahara, Toogattaonsen Zao-machi",,,http://www.tripadvisor.com/Hotel_Review-g1104107-d1391751-Reviews-Pension_Tomsoya-Zao_machi_Katta_gun_Miyagi_Prefecture_Tohoku.html
Genkiso,989-0916,Miyagi Prefecture,367-3 Nanokahara Togatta_Onsen Zao-machi,,,http://www.tripadvisor.com/Hotel_Review-g1104107-d1515602-Reviews-Genkiso-Zao_machi_Katta_gun_Miyagi_Prefecture_Tohoku.html
Chikusenso Mt.Zao Onsen Resort & Spa,989-0916,Miyagi Prefecture,88-11 Uenohara Togatta onsen Zao-machi,30,$$$$,http://www.tripadvisor.com/Hotel_Review-g1104107-d1875562-Reviews-Chikusenso_Mt_Zao_Onsen_Resort_Spa-Zao_machi_Katta_gun_Miyagi_Prefecture_Tohoku.html
Pension Morinokyujitsu,989-0916,Miyagi Prefecture,1-719 Nanokahara Togatta onsen Zao-machi,,,http://www.tripadvisor.com/Hotel_Review-g1104107-d1875568-Reviews-Pension_Morinokyujitsu-Zao_machi_Katta_gun_Miyagi_Prefecture_Tohoku.html
Pension Fukinoto,989-0916,Miyagi Prefecture,27-8 Kurosawa Togattaonsen Zao-machi,,$$$,http://www.tripadvisor.com/Hotel_Review-g1104107-d1875571-Reviews-Pension_Fukinoto-Zao_machi_Katta_gun_Miyagi_Prefecture_Tohoku.html
Zaomets,989-0916,Miyagi Prefecture,"3-148 Uwanohara, Togattaonsen Zao-machi",,,http://www.tripadvisor.com/Hotel_Review-g1104107-d1875585-Reviews-Zaomets-Zao_machi_Katta_gun_Miyagi_Prefecture_Tohoku.html
Sumikawa,989-0921,Miyagi Prefecture,13-8 Kamazawa Enda Zao-machi,,$,http://www.tripadvisor.com/Hotel_Review-g1104107-d1926231-Reviews-Sumikawa-Zao_machi_Katta_gun_Miyagi_Prefecture_Tohoku.html
Yadoya,989-0916 ,Miyagi Prefecture,"168-45 Uenohara, Togattaonsen Zao-machi",,,http://www.tripadvisor.com/Hotel_Review-g1104107-d2027853-Reviews-Yadoya-Zao_machi_Katta_gun_Miyagi_Prefecture_Tohoku.html
Wendy House,989-0916,Miyagi Prefecture,________168-38 Zao-machi,,,http://www.tripadvisor.com/Hotel_Review-g1104107-d2349224-Reviews-Wendy_House-Zao_machi_Katta_gun_Miyagi_Prefecture_Tohoku.html
Pension Hidamari,989-0916,Miyagi Prefecture,168-19 Togattaonsen Zao-machi,,$,http://www.tripadvisor.com/Hotel_Review-g1104107-d2542103-Reviews-Pension_Hidamari-Zao_machi_Katta_gun_Miyagi_Prefecture_Tohoku.html
Togattaonsen Bahansenhoyoukan,989-0916,Miyagi Prefecture,75-99 Togattaonsen Zao-machi,,,http://www.tripadvisor.com/Hotel_Review-g1104107-d2542149-Reviews-Togattaonsen_Bahansenhoyoukan-Zao_machi_Katta_gun_Miyagi_Prefecture_Tohoku.html
Minamisanriku Hotel Kanyo,986-0766,Miyagi Prefecture,99-17 Shizugawa Kurosaki Minamisanriku-cho,244,$$,http://www.tripadvisor.com/Hotel_Review-g1120956-d1125914-Reviews-Minamisanriku_Hotel_Kanyo-Minamisanriku_cho_Motoyoshi_gun_Miyagi_Prefecture_Tohoku.html
New Tomarizakiso,988-0442,Miyagi Prefecture,34 Utatsubandokoro Minamisanriku-cho,,$,http://www.tripadvisor.com/Hotel_Review-g1120956-d1125919-Reviews-New_Tomarizakiso-Minamisanriku_cho_Motoyoshi_gun_Miyagi_Prefecture_Tohoku.html
Seikansou,988-0441,Miyagi Prefecture,105-1 Utatsutanogashira Minamisanriku-cho,,,http://www.tripadvisor.com/Hotel_Review-g1120956-d1125926-Reviews-Seikansou-Minamisanriku_cho_Motoyoshi_gun_Miyagi_Prefecture_Tohoku.html
Pension Ohing,986-0781 ,Miyagi Prefecture,104-1 Tokura Minamisanriku-cho,,,http://www.tripadvisor.com/Hotel_Review-g1120956-d1153944-Reviews-Pension_Ohing-Minamisanriku_cho_Motoyoshi_gun_Miyagi_Prefecture_Tohoku.html
Minshuku Attsumae,986-0717,Miyagi Prefecture,165 Shizugawasodehama Minamisanriku-cho,,,http://www.tripadvisor.com/Hotel_Review-g1120956-d1874667-Reviews-Minshuku_Attsumae-Minamisanriku_cho_Motoyoshi_gun_Miyagi_Prefecture_Tohoku.html
Hinodesou,986-0781,Miyagi Prefecture,4-1 Tokura_terahama Minamisanriku-cho,,,http://www.tripadvisor.com/Hotel_Review-g1120956-d1875519-Reviews-Hinodesou-Minamisanriku_cho_Motoyoshi_gun_Miyagi_Prefecture_Tohoku.html
Minsyuku mukai,986-0717,Miyagi Prefecture,184 Shizugawasodehama Minamisanriku-cho,,,http://www.tripadvisor.com/Hotel_Review-g1120956-d1924056-Reviews-Minsyuku_mukai-Minamisanriku_cho_Motoyoshi_gun_Miyagi_Prefecture_Tohoku.html
Minshuku Tennomae,986-0717 ,Miyagi Prefecture,111 Shizugawa Sodehama Minamisanriku-cho,,,http://www.tripadvisor.com/Hotel_Review-g1120956-d2037597-Reviews-Minshuku_Tennomae-Minamisanriku_cho_Motoyoshi_gun_Miyagi_Prefecture_Tohoku.html
Nagashizusou,986-0781,Miyagi Prefecture,30-1 Tokura Minamisanriku-cho,,,http://www.tripadvisor.com/Hotel_Review-g1120956-d3661814-Reviews-Nagashizusou-Minamisanriku_cho_Motoyoshi_gun_Miyagi_Prefecture_Tohoku.html
MInshyuku Shitamichiso,986-0717,Miyagi Prefecture,162 Shizukawa Sodehama Minamisanriku-cho,,,http://www.tripadvisor.com/Hotel_Review-g1120956-d6694145-Reviews-MInshyuku_Shitamichiso-Minamisanriku_cho_Motoyoshi_gun_Miyagi_Prefecture_Tohoku.html
