Hotel Europe Nagasaki,859-3293,Nagasaki Prefecture,7-7 Huis Ten Bosch Sasebo,329,$$$$,http://www.tripadvisor.com/Hotel_Review-g298217-d301715-Reviews-Hotel_Europe_Nagasaki-Sasebo_Nagasaki_Prefecture_Kyushu_Okinawa.html
Hotel Nikko Huis Ten Bosch,859-3243,Nagasaki Prefecture,6 Huis Ten Bosch Machi Sasebo,388,$$,http://www.tripadvisor.com/Hotel_Review-g298217-d302381-Reviews-Hotel_Nikko_Huis_Ten_Bosch-Sasebo_Nagasaki_Prefecture_Kyushu_Okinawa.html
Leo Plaza Hotel Sasebo,857-0863,Nagasaki Prefecture,4-28 Miuracho Sasebo,37,$,http://www.tripadvisor.com/Hotel_Review-g298217-d307659-Reviews-Leo_Plaza_Hotel_Sasebo-Sasebo_Nagasaki_Prefecture_Kyushu_Okinawa.html
Hotel Okura JR Huis Ten Bosch,859-3296 ,Nagasaki Prefecture,"10 Huis Ten Bosch-cho, Sasebo-shi Sasebo",320,$$,http://www.tripadvisor.com/Hotel_Review-g298217-d307671-Reviews-Hotel_Okura_JR_Huis_Ten_Bosch-Sasebo_Nagasaki_Prefecture_Kyushu_Okinawa.html
Chisun Grand Sasebo,857-0055 ,Nagasaki Prefecture,5-24 Minatomachi Sasebo,162,$,http://www.tripadvisor.com/Hotel_Review-g298217-d457075-Reviews-Chisun_Grand_Sasebo-Sasebo_Nagasaki_Prefecture_Kyushu_Okinawa.html
Yumihari-no-Oka Hotel,857-0069,Nagasaki Prefecture,510 Udogoe-cho Sasebo,105,$,http://www.tripadvisor.com/Hotel_Review-g298217-d628761-Reviews-Yumihari_no_Oka_Hotel-Sasebo_Nagasaki_Prefecture_Kyushu_Okinawa.html
Sasebo Washington Hotel,857-0834,Nagasaki Prefecture,12-7 Shiomi-cho Sasebo,190,$,http://www.tripadvisor.com/Hotel_Review-g298217-d648116-Reviews-Sasebo_Washington_Hotel-Sasebo_Nagasaki_Prefecture_Kyushu_Okinawa.html
Hotel Resol Sasebo,857-0862,Nagasaki Prefecture,8-17 Shirahaecho Sasebo,154,$,http://www.tripadvisor.com/Hotel_Review-g298217-d1071245-Reviews-Hotel_Resol_Sasebo-Sasebo_Nagasaki_Prefecture_Kyushu_Okinawa.html
Forest Villa,859-3293,Nagasaki Prefecture,7-7 Hausutenbosumachi Sasebo,105,$$,http://www.tripadvisor.com/Hotel_Review-g298217-d1071249-Reviews-Forest_Villa-Sasebo_Nagasaki_Prefecture_Kyushu_Okinawa.html
Sasebo Green Hotel,857-0853,Nagasaki Prefecture,4-1 Miura-machi Sasebo,74,$,http://www.tripadvisor.com/Hotel_Review-g298217-d1071250-Reviews-Sasebo_Green_Hotel-Sasebo_Nagasaki_Prefecture_Kyushu_Okinawa.html
Hanamizuki Onsen SASPA,858-0922,Nagasaki Prefecture,1129 Kashimaecho Sasebo,,$$,http://www.tripadvisor.com/Hotel_Review-g298217-d1071252-Reviews-Hanamizuki_Onsen_SASPA-Sasebo_Nagasaki_Prefecture_Kyushu_Okinawa.html
Hotel Sunroute Sasebo,857-0871,Nagasaki Prefecture,1-15 Motoshima-cho Sasebo,106,$,http://www.tripadvisor.com/Hotel_Review-g298217-d1071253-Reviews-Hotel_Sunroute_Sasebo-Sasebo_Nagasaki_Prefecture_Kyushu_Okinawa.html
Hotel Banshouro,857-0027,Nagasaki Prefecture,5-32 Tanigo-cho Sasebo,,,http://www.tripadvisor.com/Hotel_Review-g298217-d1071254-Reviews-Hotel_Banshouro-Sasebo_Nagasaki_Prefecture_Kyushu_Okinawa.html
Saikaibashi Corazon Hotel,859-3451,Nagasaki Prefecture,2523-1 Hariohigashi-machi Sasebo,91,$$,http://www.tripadvisor.com/Hotel_Review-g298217-d1071260-Reviews-Saikaibashi_Corazon_Hotel-Sasebo_Nagasaki_Prefecture_Kyushu_Okinawa.html
Grand First Inn Sasebo,857-0876,Nagasaki Prefecture,7-1 Shiohama-cho Sasebo,,$,http://www.tripadvisor.com/Hotel_Review-g298217-d1071261-Reviews-Grand_First_Inn_Sasebo-Sasebo_Nagasaki_Prefecture_Kyushu_Okinawa.html
Sasebo Daiichi Hotel,857-0863,Nagasaki Prefecture,4-4 Miura-cho Sasebo,84,$,http://www.tripadvisor.com/Hotel_Review-g298217-d1071263-Reviews-Sasebo_Daiichi_Hotel-Sasebo_Nagasaki_Prefecture_Kyushu_Okinawa.html
Business Hotel Suizanso,857-0040,Nagasaki Prefecture,4-20 Hira-machi Sasebo,,,http://www.tripadvisor.com/Hotel_Review-g298217-d1071265-Reviews-Business_Hotel_Suizanso-Sasebo_Nagasaki_Prefecture_Kyushu_Okinawa.html
Business Kaneko Hotel,857-0864,Nagasaki Prefecture,8-23 Tono-cho Sasebo,,$,http://www.tripadvisor.com/Hotel_Review-g298217-d1071266-Reviews-Business_Kaneko_Hotel-Sasebo_Nagasaki_Prefecture_Kyushu_Okinawa.html
Fuji International Hotel,857-0053,Nagasaki Prefecture,8-8 Tokiwa-cho Sasebo,132,$,http://www.tripadvisor.com/Hotel_Review-g298217-d1085797-Reviews-Fuji_International_Hotel-Sasebo_Nagasaki_Prefecture_Kyushu_Okinawa.html
Ryokan Tsukumosou,857-0801,Nagasaki Prefecture,8-3 Gion-cho Sasebo,,$,http://www.tripadvisor.com/Hotel_Review-g298217-d1085829-Reviews-Ryokan_Tsukumosou-Sasebo_Nagasaki_Prefecture_Kyushu_Okinawa.html
Sun Hotel Iida,857-0878,Nagasaki Prefecture,"4-19, Yamagata-cho Sasebo",,,http://www.tripadvisor.com/Hotel_Review-g298217-d1085848-Reviews-Sun_Hotel_Iida-Sasebo_Nagasaki_Prefecture_Kyushu_Okinawa.html
Sasebo Terminal Hotel,857-0862,Nagasaki Prefecture,"7-4, Shirahae-cho Sasebo",,$,http://www.tripadvisor.com/Hotel_Review-g298217-d1085866-Reviews-Sasebo_Terminal_Hotel-Sasebo_Nagasaki_Prefecture_Kyushu_Okinawa.html
Hanaichi,857-1231,Nagasaki Prefecture,190 Funakoshi-cho Sasebo,,,http://www.tripadvisor.com/Hotel_Review-g298217-d1085999-Reviews-Hanaichi-Sasebo_Nagasaki_Prefecture_Kyushu_Okinawa.html
Business Hotel Byblos,857-0802,Nagasaki Prefecture,5-3 Kouten-cho Sasebo,40,$,http://www.tripadvisor.com/Hotel_Review-g298217-d1086008-Reviews-Business_Hotel_Byblos-Sasebo_Nagasaki_Prefecture_Kyushu_Okinawa.html
Sasebo Palace Hotel,857-0027,Nagasaki Prefecture,4-14 Tanigou-cho Sasebo,,$,http://www.tripadvisor.com/Hotel_Review-g298217-d1086022-Reviews-Sasebo_Palace_Hotel-Sasebo_Nagasaki_Prefecture_Kyushu_Okinawa.html
Central Hotel Sasebo,857-0872,Nagasaki Prefecture,3-2 Kamikyo-machi Sasebo,166,$,http://www.tripadvisor.com/Hotel_Review-g298217-d1086023-Reviews-Central_Hotel_Sasebo-Sasebo_Nagasaki_Prefecture_Kyushu_Okinawa.html
Hotel Lorelei,859-3236,Nagasaki Prefecture,449 Haenosakicho Sasebo,90,$,http://www.tripadvisor.com/Hotel_Review-g298217-d1092124-Reviews-Hotel_Lorelei-Sasebo_Nagasaki_Prefecture_Kyushu_Okinawa.html
First Inn Haiki,859-3215,Nagasaki Prefecture,1-1-2 Haiki Sasebo,,$,http://www.tripadvisor.com/Hotel_Review-g298217-d1106141-Reviews-First_Inn_Haiki-Sasebo_Nagasaki_Prefecture_Kyushu_Okinawa.html
Business Hotel Tokyo,857-0042,Nagasaki Prefecture,3-11 Takasago-cho Sasebo,,$,http://www.tripadvisor.com/Hotel_Review-g298217-d1106163-Reviews-Business_Hotel_Tokyo-Sasebo_Nagasaki_Prefecture_Kyushu_Okinawa.html
Shioneso,859-3241,Nagasaki Prefecture,11-1 Arifukucho Sasebo,,$,http://www.tripadvisor.com/Hotel_Review-g298217-d1110920-Reviews-Shioneso-Sasebo_Nagasaki_Prefecture_Kyushu_Okinawa.html
Business Hotel Shochiku,857-0803,Nagasaki Prefecture,8-10 Katsutomicho Sasebo,,$,http://www.tripadvisor.com/Hotel_Review-g298217-d1110922-Reviews-Business_Hotel_Shochiku-Sasebo_Nagasaki_Prefecture_Kyushu_Okinawa.html
Hotel Amsterdam,859-3293,Nagasaki Prefecture,7-7 Hausutenbosu-machi Sasebo,105,$$,http://www.tripadvisor.com/Hotel_Review-g298217-d1117297-Reviews-Hotel_Amsterdam-Sasebo_Nagasaki_Prefecture_Kyushu_Okinawa.html
Kujukushima Kanko Hotel,858-8589,Nagasaki Prefecture,740 Kashimaecho Sasebo,72,$,http://www.tripadvisor.com/Hotel_Review-g298217-d1117341-Reviews-Kujukushima_Kanko_Hotel-Sasebo_Nagasaki_Prefecture_Kyushu_Okinawa.html
Yamanoren,859-6403,Nagasaki Prefecture,316 Sechibaru-cho Uenohara Sasebo,,$$$,http://www.tripadvisor.com/Hotel_Review-g298217-d1117348-Reviews-Yamanoren-Sasebo_Nagasaki_Prefecture_Kyushu_Okinawa.html
Business Hotel Fujiya,859-6101,Nagasaki Prefecture,155 Nagasakamen Sasebo,,$,http://www.tripadvisor.com/Hotel_Review-g298217-d1125847-Reviews-Business_Hotel_Fujiya-Sasebo_Nagasaki_Prefecture_Kyushu_Okinawa.html
Toyoko Inn Sasebo ekimae,857-0863,Nagasaki Prefecture,1-4 Miuracho Sasebo,,$,http://www.tripadvisor.com/Hotel_Review-g298217-d1497082-Reviews-Toyoko_Inn_Sasebo_ekimae-Sasebo_Nagasaki_Prefecture_Kyushu_Okinawa.html
Omiya Ryokan,859-6101,Nagasaki Prefecture,168-2 Nagasakamen Sasebo,,$$,http://www.tripadvisor.com/Hotel_Review-g298217-d1568573-Reviews-Omiya_Ryokan-Sasebo_Nagasaki_Prefecture_Kyushu_Okinawa.html
The Paradise Garden Sasebo,859-3226,Nagasaki Prefecture,853-12 Sakiokacho Sasebo,41,$$,http://www.tripadvisor.com/Hotel_Review-g298217-d1569222-Reviews-The_Paradise_Garden_Sasebo-Sasebo_Nagasaki_Prefecture_Kyushu_Okinawa.html
Hotel Lotus House,857-0805,Nagasaki Prefecture,8-17 Kogetsucho Sasebo,82,$,http://www.tripadvisor.com/Hotel_Review-g298217-d1569323-Reviews-Hotel_Lotus_House-Sasebo_Nagasaki_Prefecture_Kyushu_Okinawa.html
Saikai Inn,857-0863,Nagasaki Prefecture,1-30 Miuracho Sasebo,,,http://www.tripadvisor.com/Hotel_Review-g298217-d1862248-Reviews-Saikai_Inn-Sasebo_Nagasaki_Prefecture_Kyushu_Okinawa.html
Fujiya Ryokan,857-0805,Nagasaki Prefecture,4-19 Kogetsucho Sasebo,,,http://www.tripadvisor.com/Hotel_Review-g298217-d1883787-Reviews-Fujiya_Ryokan-Sasebo_Nagasaki_Prefecture_Kyushu_Okinawa.html
Pension Marutagoya,857-0065,Nagasaki Prefecture,1424 Onocho Sasebo,,,http://www.tripadvisor.com/Hotel_Review-g298217-d1883799-Reviews-Pension_Marutagoya-Sasebo_Nagasaki_Prefecture_Kyushu_Okinawa.html
"Watermark Hotel Nagasaki, Huis Ten Bosch",859-3243,Nagasaki Prefecture,7-9 Huis Ten Bosch Sasebo,228,$$,http://www.tripadvisor.com/Hotel_Review-g298217-d2180661-Reviews-Watermark_Hotel_Nagasaki_Huis_Ten_Bosch-Sasebo_Nagasaki_Prefecture_Kyushu_Okinawa.html
Sea Park Hotel Fujikura,857-4901,Nagasaki Prefecture,14 Ukumachitaira Sasebo,,,http://www.tripadvisor.com/Hotel_Review-g298217-d3497910-Reviews-Sea_Park_Hotel_Fujikura-Sasebo_Nagasaki_Prefecture_Kyushu_Okinawa.html
Umonosachi,859-6206,Nagasaki Prefecture,388-27 Nagushi Kamachicho Sasebo,,$,http://www.tripadvisor.com/Hotel_Review-g298217-d5005454-Reviews-Umonosachi-Sasebo_Nagasaki_Prefecture_Kyushu_Okinawa.html
Yamashita Ryokan,857-3271,Nagasaki Prefecture,3175 Kuroshimacho Sasebo,,,http://www.tripadvisor.com/Hotel_Review-g298217-d5512037-Reviews-Yamashita_Ryokan-Sasebo_Nagasaki_Prefecture_Kyushu_Okinawa.html
Navy Lodge Sasebo,85700,Nagasaki Prefecture,Sasebo Naval Base Sasebo,,$,http://www.tripadvisor.com/Hotel_Review-g298217-d6592832-Reviews-Navy_Lodge_Sasebo-Sasebo_Nagasaki_Prefecture_Kyushu_Okinawa.html
Hotel Bielefeld,854-0066,Nagasaki Prefecture,1442-1 Kuyama-machi Isahaya,,,http://www.tripadvisor.com/Hotel_Review-g1022849-d1070256-Reviews-Hotel_Bielefeld-Isahaya_Nagasaki_Prefecture_Kyushu_Okinawa.html
Isahaya Park Inn,854-0061,Nagasaki Prefecture,3 Uzu-machi Isahaya,,,http://www.tripadvisor.com/Hotel_Review-g1022849-d1070258-Reviews-Isahaya_Park_Inn-Isahaya_Nagasaki_Prefecture_Kyushu_Okinawa.html
L And L Hotel Senryu,854-0071,Nagasaki Prefecture,13-29 Eishou Higashi-machi Isahaya,32,$,http://www.tripadvisor.com/Hotel_Review-g1022849-d1085243-Reviews-L_And_L_Hotel_Senryu-Isahaya_Nagasaki_Prefecture_Kyushu_Okinawa.html
Global Hotel,854-0071,Nagasaki Prefecture,3-4 Eishou Higashi-machi Isahaya,,$,http://www.tripadvisor.com/Hotel_Review-g1022849-d1085252-Reviews-Global_Hotel-Isahaya_Nagasaki_Prefecture_Kyushu_Okinawa.html
Hotel New Global,854-0012,Nagasaki Prefecture,1-6 Honmachi Isahaya,,$,http://www.tripadvisor.com/Hotel_Review-g1022849-d1085260-Reviews-Hotel_New_Global-Isahaya_Nagasaki_Prefecture_Kyushu_Okinawa.html
Hotel Route Inn Isahaya Inter,854-0063,Nagasaki Prefecture,1682-1 Kaizu-machi Isahaya,,$,http://www.tripadvisor.com/Hotel_Review-g1022849-d1085280-Reviews-Hotel_Route_Inn_Isahaya_Inter-Isahaya_Nagasaki_Prefecture_Kyushu_Okinawa.html
Isahaya Green Hotel,854-0071,Nagasaki Prefecture,9-38 Tenman-Machi Isahaya,,$,http://www.tripadvisor.com/Hotel_Review-g1022849-d1085343-Reviews-Isahaya_Green_Hotel-Isahaya_Nagasaki_Prefecture_Kyushu_Okinawa.html
Isahaya Station Hotel,854-0071,Nagasaki Prefecture,1-32 Eishou Higashi-machi Isahaya,54,$,http://www.tripadvisor.com/Hotel_Review-g1022849-d1085364-Reviews-Isahaya_Station_Hotel-Isahaya_Nagasaki_Prefecture_Kyushu_Okinawa.html
New Station Hotel,854-0071,Nagasaki Prefecture,5-4 Eishou Higashi-machi Isahaya,,$,http://www.tripadvisor.com/Hotel_Review-g1022849-d1085370-Reviews-New_Station_Hotel-Isahaya_Nagasaki_Prefecture_Kyushu_Okinawa.html
Sanki Plaza Hotel,854-0001,Nagasaki Prefecture,32-2 Fukudamachi Isahaya,,,http://www.tripadvisor.com/Hotel_Review-g1022849-d1108380-Reviews-Sanki_Plaza_Hotel-Isahaya_Nagasaki_Prefecture_Kyushu_Okinawa.html
Healthy Pal Isahaya,854-0071,Nagasaki Prefecture,24-5 Eishohigashimachi Isahaya,,,http://www.tripadvisor.com/Hotel_Review-g1022849-d1108387-Reviews-Healthy_Pal_Isahaya-Isahaya_Nagasaki_Prefecture_Kyushu_Okinawa.html
Hotel Grand Palace Isahaya,854-0061,Nagasaki Prefecture,3-35 Uzumachi Isahaya,,$,http://www.tripadvisor.com/Hotel_Review-g1022849-d1108391-Reviews-Hotel_Grand_Palace_Isahaya-Isahaya_Nagasaki_Prefecture_Kyushu_Okinawa.html
Ikoinomura Nagasaki,859-0125,Nagasaki Prefecture,1080 Takakicho Zenjuji Isahaya,,$,http://www.tripadvisor.com/Hotel_Review-g1022849-d1108400-Reviews-Ikoinomura_Nagasaki-Isahaya_Nagasaki_Prefecture_Kyushu_Okinawa.html
Business Hotel Oishi,854-0022,Nagasaki Prefecture,3-26 Saiwaimachi Isahaya,,,http://www.tripadvisor.com/Hotel_Review-g1022849-d1108404-Reviews-Business_Hotel_Oishi-Isahaya_Nagasaki_Prefecture_Kyushu_Okinawa.html
New Station Hotel Premier,854-0072,Nagasaki Prefecture,4-26 Eishomachi Isahaya,,$,http://www.tripadvisor.com/Hotel_Review-g1022849-d1108406-Reviews-New_Station_Hotel_Premier-Isahaya_Nagasaki_Prefecture_Kyushu_Okinawa.html
Isahaya Truck Station,854-0063,Nagasaki Prefecture,1051-12 Kaizumachi Isahaya,,$,http://www.tripadvisor.com/Hotel_Review-g1022849-d1108413-Reviews-Isahaya_Truck_Station-Isahaya_Nagasaki_Prefecture_Kyushu_Okinawa.html
Hishiya Ryokan,854-0006,Nagasaki Prefecture,9-44 Tenmanmachi Isahaya,,,http://www.tripadvisor.com/Hotel_Review-g1022849-d1108422-Reviews-Hishiya_Ryokan-Isahaya_Nagasaki_Prefecture_Kyushu_Okinawa.html
Isahaya Terminal Hotel,854-0071,Nagasaki Prefecture,18-1 Eishohigashimachi Isahaya,,$,http://www.tripadvisor.com/Hotel_Review-g1022849-d1108423-Reviews-Isahaya_Terminal_Hotel-Isahaya_Nagasaki_Prefecture_Kyushu_Okinawa.html
Isahaya Daiichi Hotel,854-0006,Nagasaki Prefecture,36-11 Tenmanmachi Isahaya,,$,http://www.tripadvisor.com/Hotel_Review-g1022849-d1108425-Reviews-Isahaya_Daiichi_Hotel-Isahaya_Nagasaki_Prefecture_Kyushu_Okinawa.html
Hotel Janome,854-0071,Nagasaki Prefecture,1-39 Eishohigashimachi Isahaya,,$,http://www.tripadvisor.com/Hotel_Review-g1022849-d1108427-Reviews-Hotel_Janome-Isahaya_Nagasaki_Prefecture_Kyushu_Okinawa.html
Doguya,854-0004,Nagasaki Prefecture,8-7 Kanayamachi Isahaya,,$,http://www.tripadvisor.com/Hotel_Review-g1022849-d1108429-Reviews-Doguya-Isahaya_Nagasaki_Prefecture_Kyushu_Okinawa.html
Indainda,859-0146 ,Nagasaki Prefecture,502-2 Takakicho Kanasaki Isahaya,,$,http://www.tripadvisor.com/Hotel_Review-g1022849-d1146082-Reviews-Indainda-Isahaya_Nagasaki_Prefecture_Kyushu_Okinawa.html
Isahaya City Hotel,854-0025,Nagasaki Prefecture,3-18 Yasakacho Isahaya,,$,http://www.tripadvisor.com/Hotel_Review-g1022849-d1368500-Reviews-Isahaya_City_Hotel-Isahaya_Nagasaki_Prefecture_Kyushu_Okinawa.html
Business Ryokan Mikadoya,854-0022,Nagasaki Prefecture,4-33 Saiwaimachi Isahaya,,$,http://www.tripadvisor.com/Hotel_Review-g1022849-d1568365-Reviews-Business_Ryokan_Mikadoya-Isahaya_Nagasaki_Prefecture_Kyushu_Okinawa.html
Foggy Villa,854-0126,Nagasaki Prefecture,1188 Matsuzatomachi Isahaya,,,http://www.tripadvisor.com/Hotel_Review-g1022849-d1857428-Reviews-Foggy_Villa-Isahaya_Nagasaki_Prefecture_Kyushu_Okinawa.html
Maritime,854-0207,Nagasaki Prefecture,942-1 Moriyamacho Karakohigashi Isahaya,,$$$$,http://www.tripadvisor.com/Hotel_Review-g1022849-d1918206-Reviews-Maritime-Isahaya_Nagasaki_Prefecture_Kyushu_Okinawa.html
Nagasaki International Hotel,856-0827,Nagasaki Prefecture,1-973-1 Kako-machi Omura,117,$,http://www.tripadvisor.com/Hotel_Review-g1059464-d1071234-Reviews-Nagasaki_International_Hotel-Omura_Nagasaki_Prefecture_Kyushu_Okinawa.html
Omura Marina Hotel,856-0837,Nagasaki Prefecture,500-6 Nishihon-machi Omura,,$,http://www.tripadvisor.com/Hotel_Review-g1059464-d1071238-Reviews-Omura_Marina_Hotel-Omura_Nagasaki_Prefecture_Kyushu_Okinawa.html
Omura Yasuda Ocean Hotel,856-0837,Nagasaki Prefecture,480 Nishihonmachi Omura,,$,http://www.tripadvisor.com/Hotel_Review-g1059464-d1071239-Reviews-Omura_Yasuda_Ocean_Hotel-Omura_Nagasaki_Prefecture_Kyushu_Okinawa.html
Sauna And Capsule Qua Qua,856-0836,Nagasaki Prefecture,25-18 Saiwai-machi Omura,,,http://www.tripadvisor.com/Hotel_Review-g1059464-d1085702-Reviews-Sauna_And_Capsule_Qua_Qua-Omura_Nagasaki_Prefecture_Kyushu_Okinawa.html
Izumoya Ryokan,856-0831,Nagasaki Prefecture,375-1 Higashi Honmachi Omura,,,http://www.tripadvisor.com/Hotel_Review-g1059464-d1085766-Reviews-Izumoya_Ryokan-Omura_Nagasaki_Prefecture_Kyushu_Okinawa.html
Lake Inn Omura,856-0825,Nagasaki Prefecture,98 Nishisanjo-cho Omura,,,http://www.tripadvisor.com/Hotel_Review-g1059464-d1085787-Reviews-Lake_Inn_Omura-Omura_Nagasaki_Prefecture_Kyushu_Okinawa.html
Omura Central Hotel,856-0826,Nagasaki Prefecture,18-13 Higashisanjocho Omura,,$,http://www.tripadvisor.com/Hotel_Review-g1059464-d1110817-Reviews-Omura_Central_Hotel-Omura_Nagasaki_Prefecture_Kyushu_Okinawa.html
Business Hotel Kogashima,856-0817,Nagasaki Prefecture,1776-1 Kogashimamachi Omura,,,http://www.tripadvisor.com/Hotel_Review-g1059464-d1110820-Reviews-Business_Hotel_Kogashima-Omura_Nagasaki_Prefecture_Kyushu_Okinawa.html
Furusato,856-0824,Nagasaki Prefecture,688-1 Mizutamachi Omura,,$,http://www.tripadvisor.com/Hotel_Review-g1059464-d1110829-Reviews-Furusato-Omura_Nagasaki_Prefecture_Kyushu_Okinawa.html
Chisun Inn Omura Nagasaki Airport,856-0828,Nagasaki Prefecture,1-814 Kuidetsu Omura,92,$,http://www.tripadvisor.com/Hotel_Review-g1059464-d1110842-Reviews-Chisun_Inn_Omura_Nagasaki_Airport-Omura_Nagasaki_Prefecture_Kyushu_Okinawa.html
Minato Ryokan,856-0817,Nagasaki Prefecture,532-4 Kogashimamachi Omura,,$,http://www.tripadvisor.com/Hotel_Review-g1059464-d1110848-Reviews-Minato_Ryokan-Omura_Nagasaki_Prefecture_Kyushu_Okinawa.html
Ukigame,856-0035,Nagasaki Prefecture,250-5 Takebemachi Omura,,,http://www.tripadvisor.com/Hotel_Review-g1059464-d1110865-Reviews-Ukigame-Omura_Nagasaki_Prefecture_Kyushu_Okinawa.html
Business Hotel Sun Omura,856-0827,Nagasaki Prefecture,2-685-2 Kakomachi Omura,,,http://www.tripadvisor.com/Hotel_Review-g1059464-d1110870-Reviews-Business_Hotel_Sun_Omura-Omura_Nagasaki_Prefecture_Kyushu_Okinawa.html
Takenaka,856-0835,Nagasaki Prefecture,2-1496-3 Kubara Omura,,,http://www.tripadvisor.com/Hotel_Review-g1059464-d1110879-Reviews-Takenaka-Omura_Nagasaki_Prefecture_Kyushu_Okinawa.html
Villa Terrace Omura,856-0836,Nagasaki Prefecture,25-189 Saiwaimachi Omura,,$$$,http://www.tripadvisor.com/Hotel_Review-g1059464-d1568437-Reviews-Villa_Terrace_Omura-Omura_Nagasaki_Prefecture_Kyushu_Okinawa.html
Ryokan Iroha,856-0831,Nagasaki Prefecture,472 Higashihonmachi Omura,,,http://www.tripadvisor.com/Hotel_Review-g1059464-d1568529-Reviews-Ryokan_Iroha-Omura_Nagasaki_Prefecture_Kyushu_Okinawa.html
Omura Station Hotel,856-0828,Nagasaki Prefecture,3-385-6 Kuidetsu Omura,72,$,http://www.tripadvisor.com/Hotel_Review-g1059464-d1862245-Reviews-Omura_Station_Hotel-Omura_Nagasaki_Prefecture_Kyushu_Okinawa.html
Crowne Plaza ANA Nagasaki Gloverhill,850-0931,Nagasaki Prefecture,1-18 Minamiyamate-machi Nagasaki,217,$,http://www.tripadvisor.com/Hotel_Review-g298568-d300563-Reviews-Crowne_Plaza_ANA_Nagasaki_Gloverhill-Nagasaki_Nagasaki_Prefecture_Kyushu_Okinawa.html
Nagasaki Tokyu Hotel,850-0931 ,Nagasaki Prefecture,1-18 Minamiyamate-machi Nagasaki,,,http://www.tripadvisor.com/Hotel_Review-g298568-d302517-Reviews-Nagasaki_Tokyu_Hotel-Nagasaki_Nagasaki_Prefecture_Kyushu_Okinawa.html
Hotel JAL City Nagasaki,850-0842,Nagasaki Prefecture,13-10 Shinchi-machi Nagasaki,170,$,http://www.tripadvisor.com/Hotel_Review-g298568-d307662-Reviews-Hotel_JAL_City_Nagasaki-Nagasaki_Nagasaki_Prefecture_Kyushu_Okinawa.html
Hotel Majestic,850-0931,Nagasaki Prefecture,2-28 Minami Yamatemachi Nagasaki,23,$,http://www.tripadvisor.com/Hotel_Review-g298568-d324001-Reviews-Hotel_Majestic-Nagasaki_Nagasaki_Prefecture_Kyushu_Okinawa.html
Hotel New Nagasaki,850-0057,Nagasaki Prefecture,14-5 Daikoku-machi Nagasaki,130,$$,http://www.tripadvisor.com/Hotel_Review-g298568-d324004-Reviews-Hotel_New_Nagasaki-Nagasaki_Nagasaki_Prefecture_Kyushu_Okinawa.html
Hotel Wingport Nagasaki,850-0057,Nagasaki Prefecture,9-2 Daikoku-machi Nagasaki,200,$,http://www.tripadvisor.com/Hotel_Review-g298568-d324007-Reviews-Hotel_Wingport_Nagasaki-Nagasaki_Nagasaki_Prefecture_Kyushu_Okinawa.html
Minshuku Tampopo,852-8016,Nagasaki Prefecture,21-7 Hoeicho Nagasaki,,$,http://www.tripadvisor.com/Hotel_Review-g298568-d324009-Reviews-Minshuku_Tampopo-Nagasaki_Nagasaki_Prefecture_Kyushu_Okinawa.html
Hotel Monterey Nagasaki,850-0918,Nagasaki Prefecture,1-22 Ouramachi Nagasaki,123,$,http://www.tripadvisor.com/Hotel_Review-g298568-d324011-Reviews-Hotel_Monterey_Nagasaki-Nagasaki_Nagasaki_Prefecture_Kyushu_Okinawa.html
Best Western Premier Hotel Nagasaki,850-0045,Nagasaki Prefecture,2-26 Takaramachi Nagasaki,181,$,http://www.tripadvisor.com/Hotel_Review-g298568-d324014-Reviews-Best_Western_Premier_Hotel_Nagasaki-Nagasaki_Nagasaki_Prefecture_Kyushu_Okinawa.html
Nagasaki Washington Hotel,850-0842,Nagasaki Prefecture,9-1 Shinchi-machi Nagasaki,300,$,http://www.tripadvisor.com/Hotel_Review-g298568-d324017-Reviews-Nagasaki_Washington_Hotel-Nagasaki_Nagasaki_Prefecture_Kyushu_Okinawa.html
Pension Dejimano Ki,850-0862 ,Nagasaki Prefecture,10-16 Dejima-machi Nagasaki,,$,http://www.tripadvisor.com/Hotel_Review-g298568-d324018-Reviews-Pension_Dejimano_Ki-Nagasaki_Nagasaki_Prefecture_Kyushu_Okinawa.html
Sakamotoya,850-0037,Nagasaki Prefecture,2-13 Kanaya-machi Nagasaki,,$$$,http://www.tripadvisor.com/Hotel_Review-g298568-d324020-Reviews-Sakamotoya-Nagasaki_Nagasaki_Prefecture_Kyushu_Okinawa.html
Comfort Hotel Nagasaki,850-0034,Nagasaki Prefecture,8-17 Kabashima - machi Nagasaki,150,$,http://www.tripadvisor.com/Hotel_Review-g298568-d487497-Reviews-Comfort_Hotel_Nagasaki-Nagasaki_Nagasaki_Prefecture_Kyushu_Okinawa.html
Hotel New Tanda,850-0843,Nagasaki Prefecture,2-24 Tokiwa-machi Nagasaki,135,$,http://www.tripadvisor.com/Hotel_Review-g298568-d504984-Reviews-Hotel_New_Tanda-Nagasaki_Nagasaki_Prefecture_Kyushu_Okinawa.html
Hotel Ark Inn Tennen,850-0851,Nagasaki Prefecture,6-31 Furukawa-machi Nagasaki,,$,http://www.tripadvisor.com/Hotel_Review-g298568-d558382-Reviews-Hotel_Ark_Inn_Tennen-Nagasaki_Nagasaki_Prefecture_Kyushu_Okinawa.html
Nagasaki Club Niban-kan,852-8117,Nagasaki Prefecture,10-18 Hirano-machi Nagasaki,,,http://www.tripadvisor.com/Hotel_Review-g298568-d562107-Reviews-Nagasaki_Club_Niban_kan-Nagasaki_Nagasaki_Prefecture_Kyushu_Okinawa.html
Nagasaki Orion Hotel,850-0057,Nagasaki Prefecture,4-11 Daikoku Nagasaki,,$,http://www.tripadvisor.com/Hotel_Review-g298568-d562108-Reviews-Nagasaki_Orion_Hotel-Nagasaki_Nagasaki_Prefecture_Kyushu_Okinawa.html
Nagasaki Royal Chester Hotel,852-8156,Nagasaki Prefecture,3-6-10 Akasako Nagasaki,,$,http://www.tripadvisor.com/Hotel_Review-g298568-d562110-Reviews-Nagasaki_Royal_Chester_Hotel-Nagasaki_Nagasaki_Prefecture_Kyushu_Okinawa.html
Inasayama Kanko Hotel,852-8008,Nagasaki Prefecture,40-23 Akebonomachi Nagasaki,170,$$,http://www.tripadvisor.com/Hotel_Review-g298568-d566752-Reviews-Inasayama_Kanko_Hotel-Nagasaki_Nagasaki_Prefecture_Kyushu_Okinawa.html
President Hotel,852-8145,Nagasaki Prefecture,6-33 Showa Nagasaki,,$,http://www.tripadvisor.com/Hotel_Review-g298568-d566756-Reviews-President_Hotel-Nagasaki_Nagasaki_Prefecture_Kyushu_Okinawa.html
JR Kyushu Hotel Nagasaki,850-0058,Nagasaki Prefecture,1-1 Onouecho Nagasaki,144,$,http://www.tripadvisor.com/Hotel_Review-g298568-d604495-Reviews-JR_Kyushu_Hotel_Nagasaki-Nagasaki_Nagasaki_Prefecture_Kyushu_Okinawa.html
Nishikiso Annex,850-0837,Nagasaki Prefecture,1-2-7 Nishi-Kojima Nagasaki,,,http://www.tripadvisor.com/Hotel_Review-g298568-d624228-Reviews-Nishikiso_Annex-Nagasaki_Nagasaki_Prefecture_Kyushu_Okinawa.html
Alpha Inn Nagasaki,852-8107,Nagasaki Prefecture,10-18 Hamaguchi-machi Nagasaki,,$,http://www.tripadvisor.com/Hotel_Review-g298568-d1070266-Reviews-Alpha_Inn_Nagasaki-Nagasaki_Nagasaki_Prefecture_Kyushu_Okinawa.html
Ryokan Makoto,852-8115,Nagasaki Prefecture,5-27 Oka-machi Nagasaki,,$,http://www.tripadvisor.com/Hotel_Review-g298568-d1070268-Reviews-Ryokan_Makoto-Nagasaki_Nagasaki_Prefecture_Kyushu_Okinawa.html
Nagasaki Blue Sky Hotel,852-8007,Nagasaki Prefecture,18-1 Enora-machi Nagasaki,,$,http://www.tripadvisor.com/Hotel_Review-g298568-d1070271-Reviews-Nagasaki_Blue_Sky_Hotel-Nagasaki_Nagasaki_Prefecture_Kyushu_Okinawa.html
Business Hotel Hitotsubashi,852-8145,Nagasaki Prefecture,2-20-4 Showa Nagasaki,,$,http://www.tripadvisor.com/Hotel_Review-g298568-d1070297-Reviews-Business_Hotel_Hitotsubashi-Nagasaki_Nagasaki_Prefecture_Kyushu_Okinawa.html
Business Royal Hotel,850-0052,Nagasaki Prefecture,4-28 Chikugo-machi Nagasaki,,$,http://www.tripadvisor.com/Hotel_Review-g298568-d1070301-Reviews-Business_Royal_Hotel-Nagasaki_Nagasaki_Prefecture_Kyushu_Okinawa.html
Chokei Hotel,852-8117,Nagasaki Prefecture,10-26 Hirano-machi Nagasaki,,$,http://www.tripadvisor.com/Hotel_Review-g298568-d1070304-Reviews-Chokei_Hotel-Nagasaki_Nagasaki_Prefecture_Kyushu_Okinawa.html
Hotel Ikeda,850-0036,Nagasaki Prefecture,6-23 Goto-machi Nagasaki,,$,http://www.tripadvisor.com/Hotel_Review-g298568-d1070405-Reviews-Hotel_Ikeda-Nagasaki_Nagasaki_Prefecture_Kyushu_Okinawa.html
Hotel Siebold,852-8135,Nagasaki Prefecture,1-6 Chitose-machi Nagasaki,,,http://www.tripadvisor.com/Hotel_Review-g298568-d1070410-Reviews-Hotel_Siebold-Nagasaki_Nagasaki_Prefecture_Kyushu_Okinawa.html
Hotel Annex Nakamachi,850-0055,Nagasaki Prefecture,4-26 Naka-machi Nagasaki,,$,http://www.tripadvisor.com/Hotel_Review-g298568-d1070424-Reviews-Hotel_Annex_Nakamachi-Nagasaki_Nagasaki_Prefecture_Kyushu_Okinawa.html
Nagasaki Hotel Ihokan,850-0052,Nagasaki Prefecture,2-1 Chikugo-machi Nagasaki,,$,http://www.tripadvisor.com/Hotel_Review-g298568-d1070460-Reviews-Nagasaki_Hotel_Ihokan-Nagasaki_Nagasaki_Prefecture_Kyushu_Okinawa.html
Hotel Passage Kinkai,851-3211,Nagasaki Prefecture,171 Kinkaitonehara-machi Nagasaki,,$$,http://www.tripadvisor.com/Hotel_Review-g298568-d1070472-Reviews-Hotel_Passage_Kinkai-Nagasaki_Nagasaki_Prefecture_Kyushu_Okinawa.html
Minato Park Nagasaki,850-0842,Nagasaki Prefecture,8-16 Shinchi-machi Nagasaki,,,http://www.tripadvisor.com/Hotel_Review-g298568-d1070833-Reviews-Minato_Park_Nagasaki-Nagasaki_Nagasaki_Prefecture_Kyushu_Okinawa.html
Nagasaki Hotel Seifu,852-8005,Nagasaki Prefecture,523 Otori-machi Nagasaki,100,$$,http://www.tripadvisor.com/Hotel_Review-g298568-d1070837-Reviews-Nagasaki_Hotel_Seifu-Nagasaki_Nagasaki_Prefecture_Kyushu_Okinawa.html
Ocean Palace Resort,851-3103,Nagasaki Prefecture,95 Kinkaitone-machi Nagasaki,,$$,http://www.tripadvisor.com/Hotel_Review-g298568-d1070850-Reviews-Ocean_Palace_Resort-Nagasaki_Nagasaki_Prefecture_Kyushu_Okinawa.html
Nagasaki Bus Terminal Hotel,850-0842,Nagasaki Prefecture,1-14 Shinchimachi Nagasaki,161,$,http://www.tripadvisor.com/Hotel_Review-g298568-d1070856-Reviews-Nagasaki_Bus_Terminal_Hotel-Nagasaki_Nagasaki_Prefecture_Kyushu_Okinawa.html
Hotel Saint Paul Nagasaki,852-8117,Nagasaki Prefecture,4-16 Hiranomachi Nagasaki,,$,http://www.tripadvisor.com/Hotel_Review-g298568-d1070862-Reviews-Hotel_Saint_Paul_Nagasaki-Nagasaki_Nagasaki_Prefecture_Kyushu_Okinawa.html
Newport Centre Hotel,851-2211,Nagasaki Prefecture,2-9-42 Kyodomari Nagasaki,,,http://www.tripadvisor.com/Hotel_Review-g298568-d1070882-Reviews-Newport_Centre_Hotel-Nagasaki_Nagasaki_Prefecture_Kyushu_Okinawa.html
Nagasaki Ibis,850-0034,Nagasaki Prefecture,8-19 Kabashima-machi Nagasaki,,,http://www.tripadvisor.com/Hotel_Review-g298568-d1070918-Reviews-Nagasaki_Ibis-Nagasaki_Nagasaki_Prefecture_Kyushu_Okinawa.html
Hotel Nagasaki,850-0007,Nagasaki Prefecture,2-16-1 Tateyama Nagasaki,,$,http://www.tripadvisor.com/Hotel_Review-g298568-d1079975-Reviews-Hotel_Nagasaki-Nagasaki_Nagasaki_Prefecture_Kyushu_Okinawa.html
APA Hotel Nagasaki Eki Minami,850-0035,Nagasaki Prefecture,9-2 Motofuna-machi Nagasaki,96,$,http://www.tripadvisor.com/Hotel_Review-g298568-d1087462-Reviews-APA_Hotel_Nagasaki_Eki_Minami-Nagasaki_Nagasaki_Prefecture_Kyushu_Okinawa.html
Apa Hotel Nagasaki Ekimae,850-0057,Nagasaki Prefecture,2-1 Daikokumachi Nagasaki,,$,http://www.tripadvisor.com/Hotel_Review-g298568-d1087485-Reviews-Apa_Hotel_Nagasaki_Ekimae-Nagasaki_Nagasaki_Prefecture_Kyushu_Okinawa.html
Fujiwara Ryokan,850-0054,Nagasaki Prefecture,6-12 Uwa-machi Nagasaki,5,$,http://www.tripadvisor.com/Hotel_Review-g298568-d1087635-Reviews-Fujiwara_Ryokan-Nagasaki_Nagasaki_Prefecture_Kyushu_Okinawa.html
Business Hotel Dejima,850-8691,Nagasaki Prefecture,2-13 Dejima-machi Nagasaki,,,http://www.tripadvisor.com/Hotel_Review-g298568-d1088160-Reviews-Business_Hotel_Dejima-Nagasaki_Nagasaki_Prefecture_Kyushu_Okinawa.html
Victoria Inn Nagasaki,850-0841,Nagasaki Prefecture,6-24 Dozamachi Nagasaki,87,$,http://www.tripadvisor.com/Hotel_Review-g298568-d1088381-Reviews-Victoria_Inn_Nagasaki-Nagasaki_Nagasaki_Prefecture_Kyushu_Okinawa.html
Hotel Belleview Nagasaki Dejima,850-0861,Nagasaki Prefecture,1-20 Edomachi Nagasaki,201,$,http://www.tripadvisor.com/Hotel_Review-g298568-d1088392-Reviews-Hotel_Belleview_Nagasaki_Dejima-Nagasaki_Nagasaki_Prefecture_Kyushu_Okinawa.html
Hotel Cuore Nagasaki Eki Mae,850-0057,Nagasaki Prefecture,7-3 Daikokumachi Nagasaki,161,$,http://www.tripadvisor.com/Hotel_Review-g298568-d1088396-Reviews-Hotel_Cuore_Nagasaki_Eki_Mae-Nagasaki_Nagasaki_Prefecture_Kyushu_Okinawa.html
Hotel Saint Hill Nagasaki,850-0052,Nagasaki Prefecture,4-10 Chikugo-machi Nagasaki,,$,http://www.tripadvisor.com/Hotel_Review-g298568-d1088398-Reviews-Hotel_Saint_Hill_Nagasaki-Nagasaki_Nagasaki_Prefecture_Kyushu_Okinawa.html
Hotel Ship Victoria,850-0937,Nagasaki Prefecture,5-16 Kozone-machi Nagasaki,,,http://www.tripadvisor.com/Hotel_Review-g298568-d1088402-Reviews-Hotel_Ship_Victoria-Nagasaki_Nagasaki_Prefecture_Kyushu_Okinawa.html
Megami Ohashiso,850-0076,Nagasaki Prefecture,2-208-1 Kibachi Nagasaki,,,http://www.tripadvisor.com/Hotel_Review-g298568-d1088404-Reviews-Megami_Ohashiso-Nagasaki_Nagasaki_Prefecture_Kyushu_Okinawa.html
Minshuku Tsudoi,850-0985,Nagasaki Prefecture,1-7 Hirasemachi Nagasaki,,,http://www.tripadvisor.com/Hotel_Review-g298568-d1088407-Reviews-Minshuku_Tsudoi-Nagasaki_Nagasaki_Prefecture_Kyushu_Okinawa.html
Nagasaki IK Hotel,850-0056,Nagasaki Prefecture,7-17 Ebisu-machi Nagasaki,45,$,http://www.tripadvisor.com/Hotel_Review-g298568-d1088415-Reviews-Nagasaki_IK_Hotel-Nagasaki_Nagasaki_Prefecture_Kyushu_Okinawa.html
Richmond Hotel Nagasaki Shianbashi,850-0901,Nagasaki Prefecture,"6-38, Motoshikkui-machi Nagasaki",209,$,http://www.tripadvisor.com/Hotel_Review-g298568-d1088590-Reviews-Richmond_Hotel_Nagasaki_Shianbashi-Nagasaki_Nagasaki_Prefecture_Kyushu_Okinawa.html
Toyoko Inn Nagasaki Eki Mae,850-0036,Nagasaki Prefecture,"5-45, Goshima-cho Nagasaki",220,$,http://www.tripadvisor.com/Hotel_Review-g298568-d1088685-Reviews-Toyoko_Inn_Nagasaki_Eki_Mae-Nagasaki_Nagasaki_Prefecture_Kyushu_Okinawa.html
Business Hotel Miyukisou,851-0831,Nagasaki Prefecture,6-64 Kajiyamachi Nagasaki,,$,http://www.tripadvisor.com/Hotel_Review-g298568-d1088750-Reviews-Business_Hotel_Miyukisou-Nagasaki_Nagasaki_Prefecture_Kyushu_Okinawa.html
Business Hotel New Port,850-0035,Nagasaki Prefecture,16-12 Motofuna-machi Nagasaki,,$,http://www.tripadvisor.com/Hotel_Review-g298568-d1088753-Reviews-Business_Hotel_New_Port-Nagasaki_Nagasaki_Prefecture_Kyushu_Okinawa.html
Pension Baden Heim,850-0022,Nagasaki Prefecture,54 Uma-machi Nagasaki,,$,http://www.tripadvisor.com/Hotel_Review-g298568-d1089234-Reviews-Pension_Baden_Heim-Nagasaki_Nagasaki_Prefecture_Kyushu_Okinawa.html
Luke Plaza Hotel,852-8007,Nagasaki Prefecture,17-15 Enouramachi Nagasaki,87,$,http://www.tripadvisor.com/Hotel_Review-g298568-d1092125-Reviews-Luke_Plaza_Hotel-Nagasaki_Nagasaki_Prefecture_Kyushu_Okinawa.html
Yataro,850-0803,Nagasaki Prefecture,2-1 Kazagashiramachi Nagasaki,,$,http://www.tripadvisor.com/Hotel_Review-g298568-d1092127-Reviews-Yataro-Nagasaki_Nagasaki_Prefecture_Kyushu_Okinawa.html
Yasuragi Iojima,851-1201,Nagasaki Prefecture,1-3277-7 Iojimamachi Nagasaki,122,$$,http://www.tripadvisor.com/Hotel_Review-g298568-d1094975-Reviews-Yasuragi_Iojima-Nagasaki_Nagasaki_Prefecture_Kyushu_Okinawa.html
New Urakami Hotel,852-8106,Nagasaki Prefecture,10-6 Iwakawamachi Nagasaki,,$,http://www.tripadvisor.com/Hotel_Review-g298568-d1106186-Reviews-New_Urakami_Hotel-Nagasaki_Nagasaki_Prefecture_Kyushu_Okinawa.html
Nagasaki City Hotel Annex 3,852-8117,Nagasaki Prefecture,3-2 Hiranomachi Nagasaki,38,$,http://www.tripadvisor.com/Hotel_Review-g298568-d1106201-Reviews-Nagasaki_City_Hotel_Annex_3-Nagasaki_Nagasaki_Prefecture_Kyushu_Okinawa.html
Nagasaki Shikimi Heights,851-1123,Nagasaki Prefecture,2671-1 Yotsuemachi Nagasaki,,$,http://www.tripadvisor.com/Hotel_Review-g298568-d1110926-Reviews-Nagasaki_Shikimi_Heights-Nagasaki_Nagasaki_Prefecture_Kyushu_Okinawa.html
Fukumoto Ryokan,850-0862,Nagasaki Prefecture,3-8 Dejimamachi Nagasaki,,,http://www.tripadvisor.com/Hotel_Review-g298568-d1110944-Reviews-Fukumoto_Ryokan-Nagasaki_Nagasaki_Prefecture_Kyushu_Okinawa.html
Nagasaki Ebisu Youth Hostel,850-0056,Nagasaki Prefecture,6-10 Ebisumachi Nagasaki,,,http://www.tripadvisor.com/Hotel_Review-g298568-d1110949-Reviews-Nagasaki_Ebisu_Youth_Hostel-Nagasaki_Nagasaki_Prefecture_Kyushu_Okinawa.html
Chisun Grand Hotel Nagasaki,850-0036,Nagasaki Prefecture,5-35 Gotomachi Nagasaki,153,$,http://www.tripadvisor.com/Hotel_Review-g298568-d1110950-Reviews-Chisun_Grand_Hotel_Nagasaki-Nagasaki_Nagasaki_Prefecture_Kyushu_Okinawa.html
Kirara,851-0506,Nagasaki Prefecture,2473-1 Wakimisakimachi Nagasaki,,$,http://www.tripadvisor.com/Hotel_Review-g298568-d1110951-Reviews-Kirara-Nagasaki_Nagasaki_Prefecture_Kyushu_Okinawa.html
Nagasaki Nisshokan,850-0051,Nagasaki Prefecture,20-1 Nishizakamachi Nagasaki,,$,http://www.tripadvisor.com/Hotel_Review-g298568-d1110955-Reviews-Nagasaki_Nisshokan-Nagasaki_Nagasaki_Prefecture_Kyushu_Okinawa.html
Nagasaki International Hostel Akari,850-0871,Nagasaki Prefecture,2-2 Kojiyamachi Nagasaki,,$,http://www.tripadvisor.com/Hotel_Review-g298568-d1110959-Reviews-Nagasaki_International_Hostel_Akari-Nagasaki_Nagasaki_Prefecture_Kyushu_Okinawa.html
Capsule Inn Koyokan,850-0034,Nagasaki Prefecture,7-9 Kabashimamachi Nagasaki,,$,http://www.tripadvisor.com/Hotel_Review-g298568-d1110994-Reviews-Capsule_Inn_Koyokan-Nagasaki_Nagasaki_Prefecture_Kyushu_Okinawa.html
Business Hotel New Top Nagasaki,852-8107,Nagasaki Prefecture,13-18 Hamaguchimachi Nagasaki,,$,http://www.tripadvisor.com/Hotel_Review-g298568-d1110998-Reviews-Business_Hotel_New_Top_Nagasaki-Nagasaki_Nagasaki_Prefecture_Kyushu_Okinawa.html
Shogetu Ryokan,852-8002,Nagasaki Prefecture,11-21 Bentenmachi Nagasaki,,$,http://www.tripadvisor.com/Hotel_Review-g298568-d1111190-Reviews-Shogetu_Ryokan-Nagasaki_Nagasaki_Prefecture_Kyushu_Okinawa.html
Weekly Monthly Mansion Tagami,851-0134,Nagasaki Prefecture,81-1 Tanakamachi Nagasaki,,$,http://www.tripadvisor.com/Hotel_Review-g298568-d1111195-Reviews-Weekly_Monthly_Mansion_Tagami-Nagasaki_Nagasaki_Prefecture_Kyushu_Okinawa.html
Emi,851-0241,Nagasaki Prefecture,2190 Mogimachi Nagasaki,,,http://www.tripadvisor.com/Hotel_Review-g298568-d1111198-Reviews-Emi-Nagasaki_Nagasaki_Prefecture_Kyushu_Okinawa.html
Nomozakiso,851-0505,Nagasaki Prefecture,1904 Nomomachi Nagasaki,,,http://www.tripadvisor.com/Hotel_Review-g298568-d1111201-Reviews-Nomozakiso-Nagasaki_Nagasaki_Prefecture_Kyushu_Okinawa.html
Fumi,850-0057,Nagasaki Prefecture,4-9 Daikokumachi Nagasaki,,,http://www.tripadvisor.com/Hotel_Review-g298568-d1111202-Reviews-Fumi-Nagasaki_Nagasaki_Prefecture_Kyushu_Okinawa.html
Nagasaki Guest House,850-0056,Nagasaki Prefecture,3-2 Ebisumachi Nagasaki,,$,http://www.tripadvisor.com/Hotel_Review-g298568-d1111209-Reviews-Nagasaki_Guest_House-Nagasaki_Nagasaki_Prefecture_Kyushu_Okinawa.html
Wel City Nagasaki,852-8104,Nagasaki Prefecture,3-20 Morimachi Nagasaki,,,http://www.tripadvisor.com/Hotel_Review-g298568-d1111217-Reviews-Wel_City_Nagasaki-Nagasaki_Nagasaki_Prefecture_Kyushu_Okinawa.html
Meganebashi,850-0871,Nagasaki Prefecture,2-2 Kojiyamachi Nagasaki,,,http://www.tripadvisor.com/Hotel_Review-g298568-d1111221-Reviews-Meganebashi-Nagasaki_Nagasaki_Prefecture_Kyushu_Okinawa.html
Nagasaki Catholic Center,852-8113,Nagasaki Prefecture,10-34 Ueno-machi Nagasaki,,$,http://www.tripadvisor.com/Hotel_Review-g298568-d1117410-Reviews-Nagasaki_Catholic_Center-Nagasaki_Nagasaki_Prefecture_Kyushu_Okinawa.html
Nagasaki Sky Hotel,852-8007,Nagasaki Prefecture,18-1 Enoramachi Nagasaki,,$,http://www.tripadvisor.com/Hotel_Review-g298568-d1117459-Reviews-Nagasaki_Sky_Hotel-Nagasaki_Nagasaki_Prefecture_Kyushu_Okinawa.html
Masumi Honkan,851-2204ã€€,Nagasaki Prefecture,235-4 Miemachi Nagasaki,,$,http://www.tripadvisor.com/Hotel_Review-g298568-d1146223-Reviews-Masumi_Honkan-Nagasaki_Nagasaki_Prefecture_Kyushu_Okinawa.html
Masumi,851-2213,Nagasaki Prefecture,2194-4 Tairamachi Nagasaki,,,http://www.tripadvisor.com/Hotel_Review-g298568-d1146235-Reviews-Masumi-Nagasaki_Nagasaki_Prefecture_Kyushu_Okinawa.html
New Asahiya Ryokan,850-0035,Nagasaki Prefecture,8-1 Motofunamachi Nagasaki,,,http://www.tripadvisor.com/Hotel_Review-g298568-d1569358-Reviews-New_Asahiya_Ryokan-Nagasaki_Nagasaki_Prefecture_Kyushu_Okinawa.html
Sakamotoya Bekkan,850-0037,Nagasaki Prefecture,2-4 Kanayamachi Nagasaki,,,http://www.tripadvisor.com/Hotel_Review-g298568-d1600359-Reviews-Sakamotoya_Bekkan-Nagasaki_Nagasaki_Prefecture_Kyushu_Okinawa.html
Hotel Dormy Inn Nagasaki,850-0841,Nagasaki Prefecture,7-24 Dozamachi Nagasaki,160,$,http://www.tripadvisor.com/Hotel_Review-g298568-d1789635-Reviews-Hotel_Dormy_Inn_Nagasaki-Nagasaki_Nagasaki_Prefecture_Kyushu_Okinawa.html
Nagasaki Kagamiya,850-0012,Nagasaki Prefecture,1-12-9 Hongouchi Nagasaki,,$,http://www.tripadvisor.com/Hotel_Review-g298568-d1807366-Reviews-Nagasaki_Kagamiya-Nagasaki_Nagasaki_Prefecture_Kyushu_Okinawa.html
Umino Kenkomura,851-0505,Nagasaki Prefecture,692-1 Nomomachi Nagasaki,,$,http://www.tripadvisor.com/Hotel_Review-g298568-d1842042-Reviews-Umino_Kenkomura-Nagasaki_Nagasaki_Prefecture_Kyushu_Okinawa.html
Nagasaki City Hotel,850-0052,Nagasaki Prefecture,8-23 Chikugomachi Nagasaki,,,http://www.tripadvisor.com/Hotel_Review-g298568-d1857458-Reviews-Nagasaki_City_Hotel-Nagasaki_Nagasaki_Prefecture_Kyushu_Okinawa.html
Garden Terrace Nagasaki Hotels & Resorts,850-0064,Nagasaki Prefecture,2-3 Akizukimachi Nagasaki,21,$$$,http://www.tripadvisor.com/Hotel_Review-g298568-d1862247-Reviews-Garden_Terrace_Nagasaki_Hotels_Resorts-Nagasaki_Nagasaki_Prefecture_Kyushu_Okinawa.html
Hotel Amandi,852-8008,Nagasaki Prefecture,39-38 Akebonomachi Nagasaki,,$,http://www.tripadvisor.com/Hotel_Review-g298568-d1883800-Reviews-Hotel_Amandi-Nagasaki_Nagasaki_Prefecture_Kyushu_Okinawa.html
Sunset Villa/ Nomozaki Golf Club,851-0506,Nagasaki Prefecture,345 Wakimisakimachi Nagasaki,,,http://www.tripadvisor.com/Hotel_Review-g298568-d1911297-Reviews-Sunset_Villa_Nomozaki_Golf_Club-Nagasaki_Nagasaki_Prefecture_Kyushu_Okinawa.html
Hotel Sotome Inn,851-2403,Nagasaki Prefecture,657-2 Konoura Egawamachi Nagasaki,,,http://www.tripadvisor.com/Hotel_Review-g298568-d2027884-Reviews-Hotel_Sotome_Inn-Nagasaki_Nagasaki_Prefecture_Kyushu_Okinawa.html
Business Minshuku Pekinhanten,850-0078,Nagasaki Prefecture,1-337-11Kaminoshimamachi Nagasaki,,,http://www.tripadvisor.com/Hotel_Review-g298568-d2035967-Reviews-Business_Minshuku_Pekinhanten-Nagasaki_Nagasaki_Prefecture_Kyushu_Okinawa.html
Nisshokan Bettei Koyotei,850-0007,Nagasaki Prefecture,5-13-65 Tateyama Nagasaki,,$$$,http://www.tripadvisor.com/Hotel_Review-g298568-d2079502-Reviews-Nisshokan_Bettei_Koyotei-Nagasaki_Nagasaki_Prefecture_Kyushu_Okinawa.html
Nisshokan Shinkan Baishokaku,850-0041,Nagasaki Prefecture,2-14-1 Hamahira Nagasaki,,$$,http://www.tripadvisor.com/Hotel_Review-g298568-d2079512-Reviews-Nisshokan_Shinkan_Baishokaku-Nagasaki_Nagasaki_Prefecture_Kyushu_Okinawa.html
Ryokan Korakuso,850-0903,Nagasaki Prefecture,2-4 Yoriaimachi Nagasaki,,,http://www.tripadvisor.com/Hotel_Review-g298568-d2305966-Reviews-Ryokan_Korakuso-Nagasaki_Nagasaki_Prefecture_Kyushu_Okinawa.html
Casa Noda,850-0035,Nagasaki Prefecture,"NS Building 3F, 6-1 Motofunamachi Nagasaki",3,$,http://www.tripadvisor.com/Hotel_Review-g298568-d2370259-Reviews-Casa_Noda-Nagasaki_Nagasaki_Prefecture_Kyushu_Okinawa.html
Olive Bay Hotel,857-2403,Nagasaki Prefecture,1577-8 Oshima-cho Saikai,32,$$,http://www.tripadvisor.com/Hotel_Review-g1022850-d1071242-Reviews-Olive_Bay_Hotel-Saikai_Nagasaki_Prefecture_Kyushu_Okinawa.html
Hotel Sakito,857-3102,Nagasaki Prefecture,362-1 Sakitocho Hongo Saikai,,$$$,http://www.tripadvisor.com/Hotel_Review-g1022850-d1108432-Reviews-Hotel_Sakito-Saikai_Nagasaki_Prefecture_Kyushu_Okinawa.html
Totonoyado,851-3422,Nagasaki Prefecture,96-2 Seihicho Komukaego Saikai,,,http://www.tripadvisor.com/Hotel_Review-g1022850-d1108435-Reviews-Totonoyado-Saikai_Nagasaki_Prefecture_Kyushu_Okinawa.html
Inosanoura Cottage,857-2221 ,Nagasaki Prefecture,1133-48 Saikaicho Nakauraminamigo Saikai,,$$,http://www.tripadvisor.com/Hotel_Review-g1022850-d1146101-Reviews-Inosanoura_Cottage-Saikai_Nagasaki_Prefecture_Kyushu_Okinawa.html
Business Hotel Hashimoto,851-3424,Nagasaki Prefecture,1916 Ogushigo Seihicho Saikai,,$,http://www.tripadvisor.com/Hotel_Review-g1022850-d1862244-Reviews-Business_Hotel_Hashimoto-Saikai_Nagasaki_Prefecture_Kyushu_Okinawa.html
Nagasaki Saikai Woody House M,851-3423,Nagasaki Prefecture,3190-46 Seihichoyakiharago Saikai,,,http://www.tripadvisor.com/Hotel_Review-g1022850-d1918209-Reviews-Nagasaki_Saikai_Woody_House_M-Saikai_Nagasaki_Prefecture_Kyushu_Okinawa.html
Sakito RV Village,857-3102,Nagasaki Prefecture,362-1 Jotomachi Hongo Saikai,,,http://www.tripadvisor.com/Hotel_Review-g1022850-d2027891-Reviews-Sakito_RV_Village-Saikai_Nagasaki_Prefecture_Kyushu_Okinawa.html
Auberge Akadama,857-2401,Nagasaki Prefecture,1383-4 Oshimacho Saikai,,,http://www.tripadvisor.com/Hotel_Review-g1022850-d2666497-Reviews-Auberge_Akadama-Saikai_Nagasaki_Prefecture_Kyushu_Okinawa.html
Minshuku Oshima,857-2401,Nagasaki Prefecture,738 Oshimacho Saikai,,,http://www.tripadvisor.com/Hotel_Review-g1022850-d3322450-Reviews-Minshuku_Oshima-Saikai_Nagasaki_Prefecture_Kyushu_Okinawa.html
Kinpa Ryokan,857-2311,Nagasaki Prefecture,2400 Osetocho Tairauchigo Saikai,,,http://www.tripadvisor.com/Hotel_Review-g1022850-d5954129-Reviews-Kinpa_Ryokan-Saikai_Nagasaki_Prefecture_Kyushu_Okinawa.html
Togitsu Yasuda Ocean Hotel,851-2105 ,Nagasaki Prefecture,542 Togitsucho Urago Togitsu-cho,,$,http://www.tripadvisor.com/Hotel_Review-g1121515-d1146190-Reviews-Togitsu_Yasuda_Ocean_Hotel-Togitsu_cho_Nishisonogi_gun_Nagasaki_Prefecture_Kyushu_Oki.html
Business Hotel Chidori,855-0802,Nagasaki Prefecture,2-7393-4 Benten-machi Shimabara,,$,http://www.tripadvisor.com/Hotel_Review-g616029-d1071269-Reviews-Business_Hotel_Chidori-Shimabara_Nagasaki_Prefecture_Kyushu_Okinawa.html
Hotel & Spa Hanamizuki,855-0044,Nagasaki Prefecture,548 Naka-machi Shimabara,42,$,http://www.tripadvisor.com/Hotel_Review-g616029-d1071270-Reviews-Hotel_Spa_Hanamizuki-Shimabara_Nagasaki_Prefecture_Kyushu_Okinawa.html
Tsukumo Hotel,855-0864,Nagasaki Prefecture,3552-53 Cho Chichibugauramachi Shimabara,41,$$,http://www.tripadvisor.com/Hotel_Review-g616029-d1071274-Reviews-Tsukumo_Hotel-Shimabara_Nagasaki_Prefecture_Kyushu_Okinawa.html
Business Hotel Gaikou,855-0862,Nagasaki Prefecture,1-36 Shinminato Shimabara,,$,http://www.tripadvisor.com/Hotel_Review-g616029-d1086094-Reviews-Business_Hotel_Gaikou-Shimabara_Nagasaki_Prefecture_Kyushu_Okinawa.html
Hotel Hakusan,855-0822,Nagasaki Prefecture,19 Nakagumi-machi Shimabara,,$,http://www.tripadvisor.com/Hotel_Review-g616029-d1086100-Reviews-Hotel_Hakusan-Shimabara_Nagasaki_Prefecture_Kyushu_Okinawa.html
Hotel Nanpurou,855-0802,Nagasaki Prefecture,2-7331-1 Benten-machi Shimabara,,$,http://www.tripadvisor.com/Hotel_Review-g616029-d1086102-Reviews-Hotel_Nanpurou-Shimabara_Nagasaki_Prefecture_Kyushu_Okinawa.html
Iwanaga Ryokan,855-0805,Nagasaki Prefecture,176 Hori-machi Shimabara,,,http://www.tripadvisor.com/Hotel_Review-g616029-d1086106-Reviews-Iwanaga_Ryokan-Shimabara_Nagasaki_Prefecture_Kyushu_Okinawa.html
Ryokan Kaiboso,855-0861,Nagasaki Prefecture,45 Shimokawa Shiri-machi Shimabara,,$$,http://www.tripadvisor.com/Hotel_Review-g616029-d1086109-Reviews-Ryokan_Kaiboso-Shimabara_Nagasaki_Prefecture_Kyushu_Okinawa.html
Shimabara Daiichi Hotel,855-0842,Nagasaki Prefecture,1-1284-1 Shirachimomoyama Shimabara,,,http://www.tripadvisor.com/Hotel_Review-g616029-d1086129-Reviews-Shimabara_Daiichi_Hotel-Shimabara_Nagasaki_Prefecture_Kyushu_Okinawa.html
Shimabara Station Hotel,855-0046,Nagasaki Prefecture,930 Imagawa-machi Shimabara,,$,http://www.tripadvisor.com/Hotel_Review-g616029-d1087383-Reviews-Shimabara_Station_Hotel-Shimabara_Nagasaki_Prefecture_Kyushu_Okinawa.html
Rent House Sun Light,855-0881,Nagasaki Prefecture,Hei 6251 Kadouchi-machi Shimabara,,,http://www.tripadvisor.com/Hotel_Review-g616029-d1089150-Reviews-Rent_House_Sun_Light-Shimabara_Nagasaki_Prefecture_Kyushu_Okinawa.html
Business Hotel Toraya,855-0823,Nagasaki Prefecture,1-4 Minatomachi Shimabara,,$,http://www.tripadvisor.com/Hotel_Review-g616029-d1111224-Reviews-Business_Hotel_Toraya-Shimabara_Nagasaki_Prefecture_Kyushu_Okinawa.html
New Queen Hotel,855-0823,Nagasaki Prefecture,299 Minatomachi Shimabara,,,http://www.tripadvisor.com/Hotel_Review-g616029-d1111226-Reviews-New_Queen_Hotel-Shimabara_Nagasaki_Prefecture_Kyushu_Okinawa.html
Naniwa,855-0864,Nagasaki Prefecture,3523-20 Chichibugauramachi cho Shimabara,,,http://www.tripadvisor.com/Hotel_Review-g616029-d1111231-Reviews-Naniwa-Shimabara_Nagasaki_Prefecture_Kyushu_Okinawa.html
Kagetsu,855-0034,Nagasaki Prefecture,783 Tamachi Shimabara,,,http://www.tripadvisor.com/Hotel_Review-g616029-d1912504-Reviews-Kagetsu-Shimabara_Nagasaki_Prefecture_Kyushu_Okinawa.html
Hotel Seaside Shimabara,855-0862,Nagasaki Prefecture,1-38-1 Shin-minato Shimabara,,$,http://www.tripadvisor.com/Hotel_Review-g616029-d4341864-Reviews-Hotel_Seaside_Shimabara-Shimabara_Nagasaki_Prefecture_Kyushu_Okinawa.html
Shimabara Youth Hostel,855-0861 ,Nagasaki Prefecture,7938 Shimokawashirimachi Shimabara,,,http://www.tripadvisor.com/Hotel_Review-g616029-d6023757-Reviews-Shimabara_Youth_Hostel-Shimabara_Nagasaki_Prefecture_Kyushu_Okinawa.html
Hirado Kaijyo Hotel,859-5102,Nagasaki Prefecture,2231-3 Okubo-cho Hirado,,$$,http://www.tripadvisor.com/Hotel_Review-g1022851-d678347-Reviews-Hirado_Kaijyo_Hotel-Hirado_Nagasaki_Prefecture_Kyushu_Okinawa.html
Hotel Ranpu,859-5132,Nagasaki Prefecture,55 Kawachicho Hirado,150,$$,http://www.tripadvisor.com/Hotel_Review-g1022851-d1070201-Reviews-Hotel_Ranpu-Hirado_Nagasaki_Prefecture_Kyushu_Okinawa.html
Hirado Wakigawa Hotel,859-5121,Nagasaki Prefecture,1123-1 Iwanoue-cho Hirado,41,$,http://www.tripadvisor.com/Hotel_Review-g1022851-d1070206-Reviews-Hirado_Wakigawa_Hotel-Hirado_Nagasaki_Prefecture_Kyushu_Okinawa.html
Kokusai Kanko Hotel Kishoutei,859-5102,Nagasaki Prefecture,2520 Okubo-cho Hirado,,$$,http://www.tripadvisor.com/Hotel_Review-g1022851-d1070224-Reviews-Kokusai_Kanko_Hotel_Kishoutei-Hirado_Nagasaki_Prefecture_Kyushu_Okinawa.html
Puchi Hotel Tabirando,859-4826,Nagasaki Prefecture,210-6 Nodamen Tabira-cho Hirado,,,http://www.tripadvisor.com/Hotel_Review-g1022851-d1070230-Reviews-Puchi_Hotel_Tabirando-Hirado_Nagasaki_Prefecture_Kyushu_Okinawa.html
Ryotei Hirado Saigetsuan,859-5153,Nagasaki Prefecture,178-1 Toishigawa-cho Hirado,,$$$$,http://www.tripadvisor.com/Hotel_Review-g1022851-d1070234-Reviews-Ryotei_Hirado_Saigetsuan-Hirado_Nagasaki_Prefecture_Kyushu_Okinawa.html
Ryokan Tanoura Onsen,859-5102,Nagasaki Prefecture,201-125 Okubocho Hirado,,$$$,http://www.tripadvisor.com/Hotel_Review-g1022851-d1109307-Reviews-Ryokan_Tanoura_Onsen-Hirado_Nagasaki_Prefecture_Kyushu_Okinawa.html
Otsubo Hotel,859-5115,Nagasaki Prefecture,88 Shinmachi Hirado,,,http://www.tripadvisor.com/Hotel_Review-g1022851-d1109316-Reviews-Otsubo_Hotel-Hirado_Nagasaki_Prefecture_Kyushu_Okinawa.html
Umeyashiki Kairakuen,859-5122,Nagasaki Prefecture,348 Akenokawachicho Hirado,,,http://www.tripadvisor.com/Hotel_Review-g1022851-d1109324-Reviews-Umeyashiki_Kairakuen-Hirado_Nagasaki_Prefecture_Kyushu_Okinawa.html
Imoto Ryokan,859-5104,Nagasaki Prefecture,873 Sakigatacho Hirado,,$,http://www.tripadvisor.com/Hotel_Review-g1022851-d1109326-Reviews-Imoto_Ryokan-Hirado_Nagasaki_Prefecture_Kyushu_Okinawa.html
Isaribikan,859-5803,Nagasaki Prefecture,1756 Oshimamura Nishiudo Hirado,,,http://www.tripadvisor.com/Hotel_Review-g1022851-d1109332-Reviews-Isaribikan-Hirado_Nagasaki_Prefecture_Kyushu_Okinawa.html
Grass House,859-4821,Nagasaki Prefecture,1111-3 Tabiracho Okubomen Hirado,,$,http://www.tripadvisor.com/Hotel_Review-g1022851-d1109334-Reviews-Grass_House-Hirado_Nagasaki_Prefecture_Kyushu_Okinawa.html
Kaiboso,859-5122,Nagasaki Prefecture,299-14 Akenokawachicho Hirado,,,http://www.tripadvisor.com/Hotel_Review-g1022851-d1109337-Reviews-Kaiboso-Hirado_Nagasaki_Prefecture_Kyushu_Okinawa.html
Kitaura Ryokan,859-4825,Nagasaki Prefecture,288 Tabiracho Yamauchimen Hirado,,,http://www.tripadvisor.com/Hotel_Review-g1022851-d1109340-Reviews-Kitaura_Ryokan-Hirado_Nagasaki_Prefecture_Kyushu_Okinawa.html
Chapel Inn Firando,859-5104,Nagasaki Prefecture,765 Sakigatacho Hirado,,,http://www.tripadvisor.com/Hotel_Review-g1022851-d1109344-Reviews-Chapel_Inn_Firando-Hirado_Nagasaki_Prefecture_Kyushu_Okinawa.html
Ginrinsou,859-5102 ,Nagasaki Prefecture,1518 Okubocho Hirado,,$,http://www.tripadvisor.com/Hotel_Review-g1022851-d1146113-Reviews-Ginrinsou-Hirado_Nagasaki_Prefecture_Kyushu_Okinawa.html
Kurata Bekkan,859-5701 ,Nagasaki Prefecture,5272 Ikitsukicho Ichibu Hirado,,,http://www.tripadvisor.com/Hotel_Review-g1022851-d1146128-Reviews-Kurata_Bekkan-Hirado_Nagasaki_Prefecture_Kyushu_Okinawa.html
Yamaya Ryokan,859-5701,Nagasaki Prefecture,5201 Ikitsukicho Ichibu Hirado,,,http://www.tripadvisor.com/Hotel_Review-g1022851-d1568389-Reviews-Yamaya_Ryokan-Hirado_Nagasaki_Prefecture_Kyushu_Okinawa.html
Samson hotel,859-4826,Nagasaki Prefecture,210-6 Tabirachonodamen Hirado,28,$,http://www.tripadvisor.com/Hotel_Review-g1022851-d1883218-Reviews-Samson_hotel-Hirado_Nagasaki_Prefecture_Kyushu_Okinawa.html
Business Sky Sea Hotel,859-5117,Nagasaki Prefecture,273 Uonotanacho Hirado,,,http://www.tripadvisor.com/Hotel_Review-g1022851-d6733100-Reviews-Business_Sky_Sea_Hotel-Hirado_Nagasaki_Prefecture_Kyushu_Okinawa.html
Yukai,859-3617 ,Nagasaki Prefecture,150 Kawatanacho Mitsugoego Kawatana-cho,,$,http://www.tripadvisor.com/Hotel_Review-g1121517-d1146209-Reviews-Yukai-Kawatana_cho_Higashisonogi_gun_Nagasaki_Prefecture_Kyushu_Okinawa.html
Kawatana New Crane Kanko Hotel,859-3605,Nagasaki Prefecture,448-4 Momozugo Kawatana-cho,,,http://www.tripadvisor.com/Hotel_Review-g1121517-d1568556-Reviews-Kawatana_New_Crane_Kanko_Hotel-Kawatana_cho_Higashisonogi_gun_Nagasaki_Prefecture_Kyu.html
Kokumon Shukusha Kujakuso,859-3618,Nagasaki Prefecture,272 Ogushigo Kawatana-cho,,$$,http://www.tripadvisor.com/Hotel_Review-g1121517-d1568563-Reviews-Kokumon_Shukusha_Kujakuso-Kawatana_cho_Higashisonogi_gun_Nagasaki_Prefecture_Kyushu_O.html
Hotel Tsushima,817-0021,Nagasaki Prefecture,765 Imayashiki Izuhara-machi Tsushima,50,$,http://www.tripadvisor.com/Hotel_Review-g1022846-d1085422-Reviews-Hotel_Tsushima-Tsushima_Nagasaki_Prefecture_Kyushu_Okinawa.html
Maruya Hotel,817-0022,Nagasaki Prefecture,1409 Kokubu Izuhara-machi Tsushima,,$$,http://www.tripadvisor.com/Hotel_Review-g1022846-d1085621-Reviews-Maruya_Hotel-Tsushima_Nagasaki_Prefecture_Kyushu_Okinawa.html
Tsushima Grand Hotel,817-0322,Nagasaki Prefecture,"Ko-41-10 Kechi, Mitsushima-machi Tsushima",,$$,http://www.tripadvisor.com/Hotel_Review-g1022846-d1085684-Reviews-Tsushima_Grand_Hotel-Tsushima_Nagasaki_Prefecture_Kyushu_Okinawa.html
Youth Hostel Tsushima Seizanji,817-0022,Nagasaki Prefecture,1453 Izuharamachi Kokubu Tsushima,,$,http://www.tripadvisor.com/Hotel_Review-g1022846-d1107990-Reviews-Youth_Hostel_Tsushima_Seizanji-Tsushima_Nagasaki_Prefecture_Kyushu_Okinawa.html
Chingu Honkan,817-0005,Nagasaki Prefecture,10 Izuharamachi Jikihara Tsushima,,,http://www.tripadvisor.com/Hotel_Review-g1022846-d1108002-Reviews-Chingu_Honkan-Tsushima_Nagasaki_Prefecture_Kyushu_Okinawa.html
Bijotsuka Sanso,817-0154,Nagasaki Prefecture,1506-7 Izuharamachi Tsutsu Tsushima,,,http://www.tripadvisor.com/Hotel_Review-g1022846-d1108013-Reviews-Bijotsuka_Sanso-Tsushima_Nagasaki_Prefecture_Kyushu_Okinawa.html
Umenoya,817-0151,Nagasaki Prefecture,442 Izuharamachi Yoranaiin Tsushima,,,http://www.tripadvisor.com/Hotel_Review-g1022846-d1108019-Reviews-Umenoya-Tsushima_Nagasaki_Prefecture_Kyushu_Okinawa.html
Ueno,817-0024,Nagasaki Prefecture,1088 Izuharamachi Otebashi Tsushima,,,http://www.tripadvisor.com/Hotel_Review-g1022846-d1108022-Reviews-Ueno-Tsushima_Nagasaki_Prefecture_Kyushu_Okinawa.html
Ohashi Ryokan,817-1301,Nagasaki Prefecture,5-4 Minemachi Mine Tsushima,,,http://www.tripadvisor.com/Hotel_Review-g1022846-d1108024-Reviews-Ohashi_Ryokan-Tsushima_Nagasaki_Prefecture_Kyushu_Okinawa.html
Hisagoya,817-0023,Nagasaki Prefecture,1011-1 Izuharamachi Tabuchi Tsushima,,,http://www.tripadvisor.com/Hotel_Review-g1022846-d1108031-Reviews-Hisagoya-Tsushima_Nagasaki_Prefecture_Kyushu_Okinawa.html
Peko-chan,817-0032,Nagasaki Prefecture,722 Izuharamachi Kuta Tsushima,,,http://www.tripadvisor.com/Hotel_Review-g1022846-d1108034-Reviews-Peko_chan-Tsushima_Nagasaki_Prefecture_Kyushu_Okinawa.html
Sakurakan,817-0323,Nagasaki Prefecture,676-9 Mitsushimamachi Ofunakoshi Tsushima,,,http://www.tripadvisor.com/Hotel_Review-g1022846-d1108037-Reviews-Sakurakan-Tsushima_Nagasaki_Prefecture_Kyushu_Okinawa.html
Yanagiya Hotel,817-0021,Nagasaki Prefecture,768 Izuharamachi Imayashiki Tsushima,,,http://www.tripadvisor.com/Hotel_Review-g1022846-d1108040-Reviews-Yanagiya_Hotel-Tsushima_Nagasaki_Prefecture_Kyushu_Okinawa.html
Lodge Tsushima,817-0322,Nagasaki Prefecture,306 Mitsushimamachi Kechi otsu Tsushima,,,http://www.tripadvisor.com/Hotel_Review-g1022846-d1108045-Reviews-Lodge_Tsushima-Tsushima_Nagasaki_Prefecture_Kyushu_Okinawa.html
Hara Ryokan,817-1602,Nagasaki Prefecture,983 Kamiagatamachi Sasuna otsu Tsushima,,,http://www.tripadvisor.com/Hotel_Review-g1022846-d1108047-Reviews-Hara_Ryokan-Tsushima_Nagasaki_Prefecture_Kyushu_Okinawa.html
Kamitsushimaso,817-1703,Nagasaki Prefecture,390 Nishidomari Kamitsushimamaschi Tsushima,,$,http://www.tripadvisor.com/Hotel_Review-g1022846-d1857406-Reviews-Kamitsushimaso-Tsushima_Nagasaki_Prefecture_Kyushu_Okinawa.html
Ryokan Banshokaku,817-0023,Nagasaki Prefecture,808 Izuharamachitabuchi Tsushima,,,http://www.tripadvisor.com/Hotel_Review-g1022846-d1883210-Reviews-Ryokan_Banshokaku-Tsushima_Nagasaki_Prefecture_Kyushu_Okinawa.html
Hotel Belle Foret,817-0021,Nagasaki Prefecture,660 Izuharamachi Imayashiki Tsushima,,,http://www.tripadvisor.com/Hotel_Review-g1022846-d1989127-Reviews-Hotel_Belle_Foret-Tsushima_Nagasaki_Prefecture_Kyushu_Okinawa.html
Tsushima Miuda Pension,817-1703,Nagasaki Prefecture,1201 Kamitsushimamachinishidomari Tsushima,,,http://www.tripadvisor.com/Hotel_Review-g1022846-d2304062-Reviews-Tsushima_Miuda_Pension-Tsushima_Nagasaki_Prefecture_Kyushu_Okinawa.html
Seaside Hotel Hamayu,817-0024,Nagasaki Prefecture,1048 Izuharamachi Otebashi Tsushima,,,http://www.tripadvisor.com/Hotel_Review-g1022846-d4889440-Reviews-Seaside_Hotel_Hamayu-Tsushima_Nagasaki_Prefecture_Kyushu_Okinawa.html
Kaseya Ryokan,854-0621 ,Nagasaki Prefecture,315 Unzen Obamacho Unzen,,$,http://www.tripadvisor.com/Hotel_Review-g1022852-d325863-Reviews-Kaseya_Ryokan-Unzen_Nagasaki_Prefecture_Kyushu_Okinawa.html
Kyushu Hotel,854-0697,Nagasaki Prefecture,"320 Unzen, Obama-cho Unzen",98,$$,http://www.tripadvisor.com/Hotel_Review-g1022852-d325864-Reviews-Kyushu_Hotel-Unzen_Nagasaki_Prefecture_Kyushu_Okinawa.html
Unzen Miyazaki Ryokan,854-0692,Nagasaki Prefecture,320 Obama-cho Unzen Unzen,98,$$$,http://www.tripadvisor.com/Hotel_Review-g1022852-d325865-Reviews-Unzen_Miyazaki_Ryokan-Unzen_Nagasaki_Prefecture_Kyushu_Okinawa.html
Kokumin Shukusha Seiunso,854-0621 ,Nagasaki Prefecture,"500-1 Unzen, Obamacho Unzen",,$$,http://www.tripadvisor.com/Hotel_Review-g1022852-d325866-Reviews-Kokumin_Shukusha_Seiunso-Unzen_Nagasaki_Prefecture_Kyushu_Okinawa.html
Unzen Kanko Hotel,854-0621,Nagasaki Prefecture,320 Obamachounzen Unzen,39,$$$,http://www.tripadvisor.com/Hotel_Review-g1022852-d325867-Reviews-Unzen_Kanko_Hotel-Unzen_Nagasaki_Prefecture_Kyushu_Okinawa.html
Iseya Ryokan,854-0514,Nagasaki Prefecture,"905 Kitahonmachi, Obamacho Unzen",,$,http://www.tripadvisor.com/Hotel_Review-g1022852-d487545-Reviews-Iseya_Ryokan-Unzen_Nagasaki_Prefecture_Kyushu_Okinawa.html
Azumaen,854-0621,Nagasaki Prefecture,181 Unzen Obama-cho Unzen,27,$$,http://www.tripadvisor.com/Hotel_Review-g1022852-d1071384-Reviews-Azumaen-Unzen_Nagasaki_Prefecture_Kyushu_Okinawa.html
Unzen Iwaki Ryokan,854-0621,Nagasaki Prefecture,318 Unzen Obama-cho Unzen,,$$,http://www.tripadvisor.com/Hotel_Review-g1022852-d1071392-Reviews-Unzen_Iwaki_Ryokan-Unzen_Nagasaki_Prefecture_Kyushu_Okinawa.html
Toyokan Bekkan Shinyu Hotel,854-0621,Nagasaki Prefecture,320 Unzen Obama-cho Unzen,65,$$,http://www.tripadvisor.com/Hotel_Review-g1022852-d1071394-Reviews-Toyokan_Bekkan_Shinyu_Hotel-Unzen_Nagasaki_Prefecture_Kyushu_Okinawa.html
Uguisuya Ryokan,854-0514,Nagasaki Prefecture,905-35 Kitahonmachi Obama-cho Unzen,,$,http://www.tripadvisor.com/Hotel_Review-g1022852-d1071396-Reviews-Uguisuya_Ryokan-Unzen_Nagasaki_Prefecture_Kyushu_Okinawa.html
Unzen Sky Hotel,854-0621,Nagasaki Prefecture,323-1 Unzen Obamacho Unzen,,$$,http://www.tripadvisor.com/Hotel_Review-g1022852-d1071399-Reviews-Unzen_Sky_Hotel-Unzen_Nagasaki_Prefecture_Kyushu_Okinawa.html
Yumoto Hotel,854-0621,Nagasaki Prefecture,316 Unzen Obama-cho Unzen,70,$$,http://www.tripadvisor.com/Hotel_Review-g1022852-d1071400-Reviews-Yumoto_Hotel-Unzen_Nagasaki_Prefecture_Kyushu_Okinawa.html
Hanzuiryo,854-0621,Nagasaki Prefecture,"380-1 Unzen, Obamacho Unzen",,$$$$,http://www.tripadvisor.com/Hotel_Review-g1022852-d1106104-Reviews-Hanzuiryo-Unzen_Nagasaki_Prefecture_Kyushu_Okinawa.html
Kasugaya Ryokan,854-0301,Nagasaki Prefecture,3995 Ainomachiko Unzen,,,http://www.tripadvisor.com/Hotel_Review-g1022852-d1109350-Reviews-Kasugaya_Ryokan-Unzen_Nagasaki_Prefecture_Kyushu_Okinawa.html
Obama Town Hotel,854-0514,Nagasaki Prefecture,877-6 Obamacho Kitahonmachi Unzen,,$,http://www.tripadvisor.com/Hotel_Review-g1022852-d1109358-Reviews-Obama_Town_Hotel-Unzen_Nagasaki_Prefecture_Kyushu_Okinawa.html
Tsukinoshizuku,854-0514,Nagasaki Prefecture,934 Obamacho Kitahonmachi Unzen,,,http://www.tripadvisor.com/Hotel_Review-g1022852-d1109371-Reviews-Tsukinoshizuku-Unzen_Nagasaki_Prefecture_Kyushu_Okinawa.html
Yunoka,854-0514,Nagasaki Prefecture,905-26 Obamachokitahonmachi Unzen,,$,http://www.tripadvisor.com/Hotel_Review-g1022852-d1109384-Reviews-Yunoka-Unzen_Nagasaki_Prefecture_Kyushu_Okinawa.html
Fukutokuya,854-0514,Nagasaki Prefecture,930 Obamacho Kitahonmachi Unzen,,$,http://www.tripadvisor.com/Hotel_Review-g1022852-d1109397-Reviews-Fukutokuya-Unzen_Nagasaki_Prefecture_Kyushu_Okinawa.html
Tsutaya Ryokan,854-0514,Nagasaki Prefecture,907 Obamacho Kitahonmachi Unzen,,$,http://www.tripadvisor.com/Hotel_Review-g1022852-d1109403-Reviews-Tsutaya_Ryokan-Unzen_Nagasaki_Prefecture_Kyushu_Okinawa.html
Yamadaya,854-0514,Nagasaki Prefecture,905-7 Obamacho Kitahonmachi Unzen,,$,http://www.tripadvisor.com/Hotel_Review-g1022852-d1109416-Reviews-Yamadaya-Unzen_Nagasaki_Prefecture_Kyushu_Okinawa.html
Fujiya,854-0514,Nagasaki Prefecture,927-3 Obamacho Kitahonmachi Unzen,,$,http://www.tripadvisor.com/Hotel_Review-g1022852-d1109425-Reviews-Fujiya-Unzen_Nagasaki_Prefecture_Kyushu_Okinawa.html
Shunyokan,854-0514,Nagasaki Prefecture,1680 Obamacho Kitahonmachi Unzen,,$,http://www.tripadvisor.com/Hotel_Review-g1022852-d1109441-Reviews-Shunyokan-Unzen_Nagasaki_Prefecture_Kyushu_Okinawa.html
Unzensan Jumyoin,859-1314,Nagasaki Prefecture,2323 Kunimicho Hijikuroko Unzen,,,http://www.tripadvisor.com/Hotel_Review-g1022852-d1109447-Reviews-Unzensan_Jumyoin-Unzen_Nagasaki_Prefecture_Kyushu_Okinawa.html
Ebisuya Ryokan,854-0514,Nagasaki Prefecture,930 Obamacho Kitahonmachi Unzen,,$,http://www.tripadvisor.com/Hotel_Review-g1022852-d1109454-Reviews-Ebisuya_Ryokan-Unzen_Nagasaki_Prefecture_Kyushu_Okinawa.html
Unzen,854-0621,Nagasaki Prefecture,140 Obamacho Unzen Unzen,,$,http://www.tripadvisor.com/Hotel_Review-g1022852-d1109458-Reviews-Unzen-Unzen_Nagasaki_Prefecture_Kyushu_Okinawa.html
Hakuunso,854-0514,Nagasaki Prefecture,940 Obamacho Kitahonmachi Unzen,,,http://www.tripadvisor.com/Hotel_Review-g1022852-d1109465-Reviews-Hakuunso-Unzen_Nagasaki_Prefecture_Kyushu_Okinawa.html
Harushimaya Ryokan,854-0514,Nagasaki Prefecture,930 Obamacho Kitahonmachi Unzen,,,http://www.tripadvisor.com/Hotel_Review-g1022852-d1109471-Reviews-Harushimaya_Ryokan-Unzen_Nagasaki_Prefecture_Kyushu_Okinawa.html
Yumei Hotel,854-0621,Nagasaki Prefecture,380 Obamacho Unzen Unzen,,$,http://www.tripadvisor.com/Hotel_Review-g1022852-d1109484-Reviews-Yumei_Hotel-Unzen_Nagasaki_Prefecture_Kyushu_Okinawa.html
Obama Business Hotel,854-0514,Nagasaki Prefecture,114 Obamacho Kitahonmachi Unzen,,$,http://www.tripadvisor.com/Hotel_Review-g1022852-d1109489-Reviews-Obama_Business_Hotel-Unzen_Nagasaki_Prefecture_Kyushu_Okinawa.html
KKR Unzen Sanso,854-0621,Nagasaki Prefecture,480-1 Obamacho Unzen Unzen,,,http://www.tripadvisor.com/Hotel_Review-g1022852-d1109502-Reviews-KKR_Unzen_Sanso-Unzen_Nagasaki_Prefecture_Kyushu_Okinawa.html
Qkamura Unzen,854-0501,Nagasaki Prefecture,3953 Obamcho Yamahata Unzen,,$,http://www.tripadvisor.com/Hotel_Review-g1022852-d1109520-Reviews-Qkamura_Unzen-Unzen_Nagasaki_Prefecture_Kyushu_Okinawa.html
Ryokan Kunisaki,854-0513,Nagasaki Prefecture,10-8 Obamachominamihonmachi Unzen,,$$,http://www.tripadvisor.com/Hotel_Review-g1022852-d1109568-Reviews-Ryokan_Kunisaki-Unzen_Nagasaki_Prefecture_Kyushu_Okinawa.html
Fukudaya,854-0621,Nagasaki Prefecture,380-2 Obamacho Unzen Unzen,34,$$,http://www.tripadvisor.com/Hotel_Review-g1022852-d1109578-Reviews-Fukudaya-Unzen_Nagasaki_Prefecture_Kyushu_Okinawa.html
Yugaku no Yakata,859-1303,Nagasaki Prefecture,1230 Kunimicho Kojirohei Unzen,,$,http://www.tripadvisor.com/Hotel_Review-g1022852-d1109596-Reviews-Yugaku_no_Yakata-Unzen_Nagasaki_Prefecture_Kyushu_Okinawa.html
Fukiya,854-0621,Nagasaki Prefecture,320 Obamacho Unzen Unzen,77,$$,http://www.tripadvisor.com/Hotel_Review-g1022852-d1109607-Reviews-Fukiya-Unzen_Nagasaki_Prefecture_Kyushu_Okinawa.html
Grand View Uomi,854-0514,Nagasaki Prefecture,943 Obamacho Kitahonmachi Unzen,,,http://www.tripadvisor.com/Hotel_Review-g1022852-d1109615-Reviews-Grand_View_Uomi-Unzen_Nagasaki_Prefecture_Kyushu_Okinawa.html
Ryokan Tanakasou,854-0514,Nagasaki Prefecture,14-7 Obamacho Kitahonmachi Unzen,,,http://www.tripadvisor.com/Hotel_Review-g1022852-d1145116-Reviews-Ryokan_Tanakasou-Unzen_Nagasaki_Prefecture_Kyushu_Okinawa.html
Obamasou,854-0513 ,Nagasaki Prefecture,7 Obamacho Minamihonmachi Unzen,,$,http://www.tripadvisor.com/Hotel_Review-g1022852-d1146144-Reviews-Obamasou-Unzen_Nagasaki_Prefecture_Kyushu_Okinawa.html
Orange Bay,854-0517 ,Nagasaki Prefecture,20-3 Marina Obamacho Unzen,7,$$,http://www.tripadvisor.com/Hotel_Review-g1022852-d1146150-Reviews-Orange_Bay-Unzen_Nagasaki_Prefecture_Kyushu_Okinawa.html
Unzen Mikado Hotel,859-0621,Nagasaki Prefecture,320-6 Obamacho Unzen Unzen,,,http://www.tripadvisor.com/Hotel_Review-g1022852-d1146165-Reviews-Unzen_Mikado_Hotel-Unzen_Nagasaki_Prefecture_Kyushu_Okinawa.html
Rest House Mori No Shirabe,854-0407 ,Nagasaki Prefecture,4568-59 Chidiwachoko Unzen,,$$,http://www.tripadvisor.com/Hotel_Review-g1022852-d1146174-Reviews-Rest_House_Mori_No_Shirabe-Unzen_Nagasaki_Prefecture_Kyushu_Okinawa.html
Hotel Toyokan,854-0698,Nagasaki Prefecture,"128 Unzen, Obamacho Unzen",,$,http://www.tripadvisor.com/Hotel_Review-g1022852-d1169418-Reviews-Hotel_Toyokan-Unzen_Nagasaki_Prefecture_Kyushu_Okinawa.html
Ryokan Wataya,854-0514,Nagasaki Prefecture,930 Obamachokitahonmachi Unzen,,$,http://www.tripadvisor.com/Hotel_Review-g1022852-d1882748-Reviews-Ryokan_Wataya-Unzen_Nagasaki_Prefecture_Kyushu_Okinawa.html
Kappo ryokan Kangetsuso,859-1322,Nagasaki Prefecture,93 Kunimichotairaotsu Unzen,,,http://www.tripadvisor.com/Hotel_Review-g1022852-d1882750-Reviews-Kappo_ryokan_Kangetsuso-Unzen_Nagasaki_Prefecture_Kyushu_Okinawa.html
One price hotel at Shinyu,854-0621,Nagasaki Prefecture,320 Obamacho unzen Unzen,,$,http://www.tripadvisor.com/Hotel_Review-g1022852-d2526931-Reviews-One_price_hotel_at_Shinyu-Unzen_Nagasaki_Prefecture_Kyushu_Okinawa.html
Minshuku Chiyo,857-4701,Nagasaki Prefecture,1358-6 Fuefukigo Odika-cho,,,http://www.tripadvisor.com/Hotel_Review-g1121519-d1883473-Reviews-Minshuku_Chiyo-Odika_cho_Kitamatsura_gun_Nagasaki_Prefecture_Kyushu_Okinawa.html
Minshuku Tatomi,857-4701,Nagasaki Prefecture,1891 Fuefukigo Odika-cho,,,http://www.tripadvisor.com/Hotel_Review-g1121519-d4353752-Reviews-Minshuku_Tatomi-Odika_cho_Kitamatsura_gun_Nagasaki_Prefecture_Kyushu_Okinawa.html
Hotel Island Iki,811-5136,Nagasaki Prefecture,1687-1 Katabarufure Gonoura-cho Iki,,$$$,http://www.tripadvisor.com/Hotel_Review-g1022847-d1070237-Reviews-Hotel_Island_Iki-Iki_Nagasaki_Prefecture_Kyushu_Okinawa.html
Iki Kanko Hotel,811-5136,Nagasaki Prefecture,221 Gonoura-cho Katahara Iki,,$,http://www.tripadvisor.com/Hotel_Review-g1022847-d1070243-Reviews-Iki_Kanko_Hotel-Iki_Nagasaki_Prefecture_Kyushu_Okinawa.html
Mukai Ryokan,811-5133,Nagasaki Prefecture,528 Gonoura-cho Honmura Fure Iki,,,http://www.tripadvisor.com/Hotel_Review-g1022847-d1070250-Reviews-Mukai_Ryokan-Iki_Nagasaki_Prefecture_Kyushu_Okinawa.html
Hotel Stellacote Taiankaku,811-5133,Nagasaki Prefecture,760-1 Gonora-cho Honmurafure Iki,49,$$,http://www.tripadvisor.com/Hotel_Review-g1022847-d1093672-Reviews-Hotel_Stellacote_Taiankaku-Iki_Nagasaki_Prefecture_Kyushu_Okinawa.html
Ikijimaso,811-5556,Nagasaki Prefecture,101 Katsumotocho Tateishinishifure Iki,,$$,http://www.tripadvisor.com/Hotel_Review-g1022847-d1108053-Reviews-Ikijimaso-Iki_Nagasaki_Prefecture_Kyushu_Okinawa.html
Satsuki House,811-5203,Nagasaki Prefecture,1049-2 Ishidacho Tsutsukihigashifure Iki,,,http://www.tripadvisor.com/Hotel_Review-g1022847-d1108058-Reviews-Satsuki_House-Iki_Nagasaki_Prefecture_Kyushu_Okinawa.html
Taikobo,811-5155,Nagasaki Prefecture,1601-1 Gonoracho Mugiyafure Iki,,$,http://www.tripadvisor.com/Hotel_Review-g1022847-d1108060-Reviews-Taikobo-Iki_Nagasaki_Prefecture_Kyushu_Okinawa.html
Nishiokaya Ryokan,811-5135,Nagasaki Prefecture,37 Gonoracho Gonora Iki,,$,http://www.tripadvisor.com/Hotel_Review-g1022847-d1108061-Reviews-Nishiokaya_Ryokan-Iki_Nagasaki_Prefecture_Kyushu_Okinawa.html
Takinoue,811-5136,Nagasaki Prefecture,2559 Gonoracho Katabarufure Iki,,,http://www.tripadvisor.com/Hotel_Review-g1022847-d1108072-Reviews-Takinoue-Iki_Nagasaki_Prefecture_Kyushu_Okinawa.html
Marine Hoseiso,811-5203,Nagasaki Prefecture,399 Ishidacho Tsutsukihigashifure Iki,,,http://www.tripadvisor.com/Hotel_Review-g1022847-d1108089-Reviews-Marine_Hoseiso-Iki_Nagasaki_Prefecture_Kyushu_Okinawa.html
Kinkaiso,811-5203,Nagasaki Prefecture,1636 Ishidacho Tsutsukihigashifure Iki,,,http://www.tripadvisor.com/Hotel_Review-g1022847-d1108092-Reviews-Kinkaiso-Iki_Nagasaki_Prefecture_Kyushu_Okinawa.html
Katsumaruso,811-5311,Nagasaki Prefecture,1327-3 Ashibecho Moroyoshihonmurafure Iki,,$,http://www.tripadvisor.com/Hotel_Review-g1022847-d1108097-Reviews-Katsumaruso-Iki_Nagasaki_Prefecture_Kyushu_Okinawa.html
Kairi Murakami,811-5556,Nagasaki Prefecture,119-2 Katsumotocho Tateishinishifure Iki,15,$$$$,http://www.tripadvisor.com/Hotel_Review-g1022847-d1108104-Reviews-Kairi_Murakami-Iki_Nagasaki_Prefecture_Kyushu_Okinawa.html
Hirayama Ryokan,811-5556,Nagasaki Prefecture,77 Katsumotocho Tateishinishifure Iki,,$$,http://www.tripadvisor.com/Hotel_Review-g1022847-d1108110-Reviews-Hirayama_Ryokan-Iki_Nagasaki_Prefecture_Kyushu_Okinawa.html
Amimoto,811-5214,Nagasaki Prefecture,176 Ishidacho Indojiura Iki,,$,http://www.tripadvisor.com/Hotel_Review-g1022847-d1108123-Reviews-Amimoto-Iki_Nagasaki_Prefecture_Kyushu_Okinawa.html
Iki Marina Hotel,811-5135,Nagasaki Prefecture,205-1 Gonouracho Gonoura Iki,49,$,http://www.tripadvisor.com/Hotel_Review-g1022847-d1108127-Reviews-Iki_Marina_Hotel-Iki_Nagasaki_Prefecture_Kyushu_Okinawa.html
Iki Bokujo,811-5202,Nagasaki Prefecture,1786 Ishidacho Tustsuki Nakafure Iki,,$,http://www.tripadvisor.com/Hotel_Review-g1022847-d1108134-Reviews-Iki_Bokujo-Iki_Nagasaki_Prefecture_Kyushu_Okinawa.html
Kaiboso,811-5556,Nagasaki Prefecture,484 Katsumotocho Tateishinishifure Iki,,,http://www.tripadvisor.com/Hotel_Review-g1022847-d1108137-Reviews-Kaiboso-Iki_Nagasaki_Prefecture_Kyushu_Okinawa.html
Kaneya Annex,811-5316,Nagasaki Prefecture,472-12 Ashibecho Moroyoshioishifure Iki,,$,http://www.tripadvisor.com/Hotel_Review-g1022847-d1108138-Reviews-Kaneya_Annex-Iki_Nagasaki_Prefecture_Kyushu_Okinawa.html
View Hotel Iki,811-5135,Nagasaki Prefecture,401 Gonouracho Gonoura Iki,,$$$,http://www.tripadvisor.com/Hotel_Review-g1022847-d1108142-Reviews-View_Hotel_Iki-Iki_Nagasaki_Prefecture_Kyushu_Okinawa.html
Seaside Inn Hakuo,811-5203,Nagasaki Prefecture,1899-2 Ishidacho Tsutsukihigashifure Iki,,,http://www.tripadvisor.com/Hotel_Review-g1022847-d1108146-Reviews-Seaside_Inn_Hakuo-Iki_Nagasaki_Prefecture_Kyushu_Okinawa.html
Chigaso,811-5203,Nagasaki Prefecture,1085 Ishidacho Tsutsukihigashifure Iki,16,$,http://www.tripadvisor.com/Hotel_Review-g1022847-d1108150-Reviews-Chigaso-Iki_Nagasaki_Prefecture_Kyushu_Okinawa.html
Akaruinoson,811-5751,Nagasaki Prefecture,1102 Ashibecho Nakanogonakafure Iki,,,http://www.tripadvisor.com/Hotel_Review-g1022847-d1108155-Reviews-Akaruinoson-Iki_Nagasaki_Prefecture_Kyushu_Okinawa.html
Memory House,811-5203,Nagasaki Prefecture,1177 Ishidacho Tsutsukihigashifure Iki,,$$,http://www.tripadvisor.com/Hotel_Review-g1022847-d1108161-Reviews-Memory_House-Iki_Nagasaki_Prefecture_Kyushu_Okinawa.html
Sengokuso,811-5551,Nagasaki Prefecture,58 Katsumotocho Yunomotora Iki,,$,http://www.tripadvisor.com/Hotel_Review-g1022847-d1108166-Reviews-Sengokuso-Iki_Nagasaki_Prefecture_Kyushu_Okinawa.html
Fukukawaso,811-5213,Nagasaki Prefecture,540 Ishidacho Minamifure Iki,,,http://www.tripadvisor.com/Hotel_Review-g1022847-d1108168-Reviews-Fukukawaso-Iki_Nagasaki_Prefecture_Kyushu_Okinawa.html
Bentenso,811-5136,Nagasaki Prefecture,1558 Gonouracho Katabarufure Iki,,$$,http://www.tripadvisor.com/Hotel_Review-g1022847-d1108181-Reviews-Bentenso-Iki_Nagasaki_Prefecture_Kyushu_Okinawa.html
Toraiso,811-5203,Nagasaki Prefecture,1747 Ishidacho Tsutsukihigashifure Iki,,,http://www.tripadvisor.com/Hotel_Review-g1022847-d1108192-Reviews-Toraiso-Iki_Nagasaki_Prefecture_Kyushu_Okinawa.html
Bekkan Senbaso,811-5151 ,Nagasaki Prefecture,37 Gonoracho Wataraura Iki,,$,http://www.tripadvisor.com/Hotel_Review-g1022847-d1146059-Reviews-Bekkan_Senbaso-Iki_Nagasaki_Prefecture_Kyushu_Okinawa.html
Pension Wakou,811-5153 ,Nagasaki Prefecture,107 Gonouracho Watarana Nishihure Iki,,$$,http://www.tripadvisor.com/Hotel_Review-g1022847-d1146068-Reviews-Pension_Wakou-Iki_Nagasaki_Prefecture_Kyushu_Okinawa.html
Wafu Pension Ikibokujo,811-5202 ,Nagasaki Prefecture,1786 Ishidacho Tsutsukinakafure Iki,,$,http://www.tripadvisor.com/Hotel_Review-g1022847-d1146075-Reviews-Wafu_Pension_Ikibokujo-Iki_Nagasaki_Prefecture_Kyushu_Okinawa.html
Minshuku Horaiso,811-5203,Nagasaki Prefecture,1837-1 Ishidacho Tsutsuki Higashifure Iki,,$,http://www.tripadvisor.com/Hotel_Review-g1022847-d1568348-Reviews-Minshuku_Horaiso-Iki_Nagasaki_Prefecture_Kyushu_Okinawa.html
Azumaya Rokan,811-5551,Nagasaki Prefecture,59 Katsumotocho Yunomotoura Iki,,$$,http://www.tripadvisor.com/Hotel_Review-g1022847-d1568356-Reviews-Azumaya_Rokan-Iki_Nagasaki_Prefecture_Kyushu_Okinawa.html
Minshuku Hitomi,811-5203,Nagasaki Prefecture,1750 Ishidachotsutsukihigashifure Iki,,$,http://www.tripadvisor.com/Hotel_Review-g1022847-d1883212-Reviews-Minshuku_Hitomi-Iki_Nagasaki_Prefecture_Kyushu_Okinawa.html
Iki Daiichi hotel,811-5133,Nagasaki Prefecture,519-7 Gonorachohonmurafure Iki,,,http://www.tripadvisor.com/Hotel_Review-g1022847-d1883914-Reviews-Iki_Daiichi_hotel-Iki_Nagasaki_Prefecture_Kyushu_Okinawa.html
Pension Souvenir,811-5213,Nagasaki Prefecture,61 Ishidachominamifure Iki,,$,http://www.tripadvisor.com/Hotel_Review-g1022847-d2258717-Reviews-Pension_Souvenir-Iki_Nagasaki_Prefecture_Kyushu_Okinawa.html
Ryokan New Choshu,811-5221,Nagasaki Prefecture,984-2 Ishidacho Ikeda Higahsi Fure Iki,,$,http://www.tripadvisor.com/Hotel_Review-g1022847-d4341573-Reviews-Ryokan_New_Choshu-Iki_Nagasaki_Prefecture_Kyushu_Okinawa.html
Minshuku Tomitaso,811-5136 ,Nagasaki Prefecture,676 Gonoura Hommura Fure Iki,,,http://www.tripadvisor.com/Hotel_Review-g1022847-d6636895-Reviews-Minshuku_Tomitaso-Iki_Nagasaki_Prefecture_Kyushu_Okinawa.html
Business Hotel Kaifu,859-4507,Nagasaki Prefecture,274-4 Shonomen Shisa-cho Matsuura,,$,http://www.tripadvisor.com/Hotel_Review-g1022853-d1070261-Reviews-Business_Hotel_Kaifu-Matsuura_Nagasaki_Prefecture_Kyushu_Okinawa.html
Hotel Obaikaku,859-4507,Nagasaki Prefecture,361 Shonomen Shisa-cho Matsuura,,$,http://www.tripadvisor.com/Hotel_Review-g1022853-d1070263-Reviews-Hotel_Obaikaku-Matsuura_Nagasaki_Prefecture_Kyushu_Okinawa.html
Takeshima Center,859-4305,Nagasaki Prefecture,1894 Takashimacho Nakadorimen Matsuura,,,http://www.tripadvisor.com/Hotel_Review-g1022853-d1109620-Reviews-Takeshima_Center-Matsuura_Nagasaki_Prefecture_Kyushu_Okinawa.html
Yoshinoya,859-4301,Nagasaki Prefecture,649 Takashimacho Aouramen Matsuura,,,http://www.tripadvisor.com/Hotel_Review-g1022853-d1109623-Reviews-Yoshinoya-Matsuura_Nagasaki_Prefecture_Kyushu_Okinawa.html
Mongolia Village Rest House,859-4302,Nagasaki Prefecture,1646-1 Takashimacho Aomen Matsuura,,,http://www.tripadvisor.com/Hotel_Review-g1022853-d1109627-Reviews-Mongolia_Village_Rest_House-Matsuura_Nagasaki_Prefecture_Kyushu_Okinawa.html
Matsuura City Hotel,859-4501 ,Nagasaki Prefecture,1782-1 Shisacho Uramen Matsuura,,$,http://www.tripadvisor.com/Hotel_Review-g1022853-d1146181-Reviews-Matsuura_City_Hotel-Matsuura_Nagasaki_Prefecture_Kyushu_Okinawa.html
Tubaki Sou,848-0401,Nagasaki Prefecture,625_1 Fukushimacho Kinaisemen Matsuura,,$$,http://www.tripadvisor.com/Hotel_Review-g1022853-d3434272-Reviews-Tubaki_Sou-Matsuura_Nagasaki_Prefecture_Kyushu_Okinawa.html
Hashiguchi Ryokan,853-2301 ,Nagasaki Prefecture,163 Wakamatsugo Shinkamigoto-cho,,$,http://www.tripadvisor.com/Hotel_Review-g1121523-d1146213-Reviews-Hashiguchi_Ryokan-Shinkamigoto_cho_Minamimatsura_gun_Nagasaki_Prefecture_Kyushu_Okina.html
Minshuku Koyo,857-4604,Nagasaki Prefecture,385 Tsuwazakigo Shinkamigoto-cho,,,http://www.tripadvisor.com/Hotel_Review-g1121523-d1568943-Reviews-Minshuku_Koyo-Shinkamigoto_cho_Minamimatsura_gun_Nagasaki_Prefecture_Kyushu_Okinawa.html
Arikawa Beach Hotel Ura,857-4211,Nagasaki Prefecture,574 Arikawago Shinkamigoto-cho,,$,http://www.tripadvisor.com/Hotel_Review-g1121523-d1569026-Reviews-Arikawa_Beach_Hotel_Ura-Shinkamigoto_cho_Minamimatsura_gun_Nagasaki_Prefecture_Kyushu.html
Maeda Ryokan,857-4404,Nagasaki Prefecture,1364 Aokatago Shinkamigoto-cho,,,http://www.tripadvisor.com/Hotel_Review-g1121523-d1569127-Reviews-Maeda_Ryokan-Shinkamigoto_cho_Minamimatsura_gun_Nagasaki_Prefecture_Kyushu_Okinawa.html
Ryokan Maekawaso,853-2301,Nagasaki Prefecture,167 Wakamatsugo Shinkamigoto-cho,,,http://www.tripadvisor.com/Hotel_Review-g1121523-d1569147-Reviews-Ryokan_Maekawaso-Shinkamigoto_cho_Minamimatsura_gun_Nagasaki_Prefecture_Kyushu_Okinaw.html
Ryokan Shimizuso,853-2301,Nagasaki Prefecture,160-6 Wakamatsu_ Shinkamigoto-cho,,$,http://www.tripadvisor.com/Hotel_Review-g1121523-d1569155-Reviews-Ryokan_Shimizuso-Shinkamigoto_cho_Minamimatsura_gun_Nagasaki_Prefecture_Kyushu_Okinaw.html
Hotel Marinepia,857-4211,Nagasaki Prefecture,2555-1 Arikawago Shinkamigoto-cho,,,http://www.tripadvisor.com/Hotel_Review-g1121523-d1879891-Reviews-Hotel_Marinepia-Shinkamigoto_cho_Minamimatsura_gun_Nagasaki_Prefecture_Kyushu_Okinawa.html
Hotel Shinko,853-3101,Nagasaki Prefecture,1005 Naraogo Shinkamigoto-cho,,,http://www.tripadvisor.com/Hotel_Review-g1121523-d1883476-Reviews-Hotel_Shinko-Shinkamigoto_cho_Minamimatsura_gun_Nagasaki_Prefecture_Kyushu_Okinawa.html
Minshuku Shiosai,857-4103,Nagasaki Prefecture,448-16 Enohamago Shinkamigoto-cho,,,http://www.tripadvisor.com/Hotel_Review-g1121523-d1883526-Reviews-Minshuku_Shiosai-Shinkamigoto_cho_Minamimatsura_gun_Nagasaki_Prefecture_Kyushu_Okinaw.html
Minshuku Arikawa,857-4211,Nagasaki Prefecture,568-2 Arikawago Shinkamigoto-cho,,,http://www.tripadvisor.com/Hotel_Review-g1121523-d1883529-Reviews-Minshuku_Arikawa-Shinkamigoto_cho_Minamimatsura_gun_Nagasaki_Prefecture_Kyushu_Okinaw.html
Minshuku Saikaiso,857-4404,Nagasaki Prefecture,1797-1 Aokatago Shinkamigoto-cho,,,http://www.tripadvisor.com/Hotel_Review-g1121523-d1883531-Reviews-Minshuku_Saikaiso-Shinkamigoto_cho_Minamimatsura_gun_Nagasaki_Prefecture_Kyushu_Okina.html
Kamigoto Kanko Hotel,857-4404,Nagasaki Prefecture,1714 Aokatago Shinkamigoto-cho,,$,http://www.tripadvisor.com/Hotel_Review-g1121523-d1883534-Reviews-Kamigoto_Kanko_Hotel-Shinkamigoto_cho_Minamimatsura_gun_Nagasaki_Prefecture_Kyushu_Ok.html
Minshuku Ebiya,853-2301,Nagasaki Prefecture,483 Wakamatsugo Shinkamigoto-cho,,,http://www.tripadvisor.com/Hotel_Review-g1121523-d1883537-Reviews-Minshuku_Ebiya-Shinkamigoto_cho_Minamimatsura_gun_Nagasaki_Prefecture_Kyushu_Okinawa.html
Norimura Ryokan,857-4404,Nagasaki Prefecture,1117-2 Aokatago Shinkamigoto-cho,,,http://www.tripadvisor.com/Hotel_Review-g1121523-d1883543-Reviews-Norimura_Ryokan-Shinkamigoto_cho_Minamimatsura_gun_Nagasaki_Prefecture_Kyushu_Okinawa.html
Minshuku Arata,853-3101,Nagasaki Prefecture,"798-1, Naraogo Shinkamigoto-cho",,,http://www.tripadvisor.com/Hotel_Review-g1121523-d2037627-Reviews-Minshuku_Arata-Shinkamigoto_cho_Minamimatsura_gun_Nagasaki_Prefecture_Kyushu_Okinawa.html
Margherita,857-4601,Nagasaki Prefecture,1074 Kogushigo Shinkamigoto-cho,28,$$,http://www.tripadvisor.com/Hotel_Review-g1121523-d3477679-Reviews-Margherita-Shinkamigoto_cho_Minamimatsura_gun_Nagasaki_Prefecture_Kyushu_Okinawa.html
Hotel Melissa,857-4511,Nagasaki Prefecture,129 Urakuwago Shinkamigoto-cho,,,http://www.tripadvisor.com/Hotel_Review-g1121523-d6620566-Reviews-Hotel_Melissa-Shinkamigoto_cho_Minamimatsura_gun_Nagasaki_Prefecture_Kyushu_Okinawa.html
Business Hotel Irieso,853-0031,Nagasaki Prefecture,691-1 Yoshikugi-cho Goto,,$,http://www.tripadvisor.com/Hotel_Review-g1022848-d1070197-Reviews-Business_Hotel_Irieso-Goto_Nagasaki_Prefecture_Kyushu_Okinawa.html
Mameya Ryokan,853-0501,Nagasaki Prefecture,130 Arakawa Tamanouramachi Goto,,,http://www.tripadvisor.com/Hotel_Review-g1022848-d1084161-Reviews-Mameya_Ryokan-Goto_Nagasaki_Prefecture_Kyushu_Okinawa.html
Goto Bus Terminal Hotel,853-0015,Nagasaki Prefecture,1-2-1 Higashihama-machi Goto,50,$,http://www.tripadvisor.com/Hotel_Review-g1022848-d1084169-Reviews-Goto_Bus_Terminal_Hotel-Goto_Nagasaki_Prefecture_Kyushu_Okinawa.html
Campana Hotel,853-0015,Nagasaki Prefecture,1-1-1 Higashihama-machi Goto,,$,http://www.tripadvisor.com/Hotel_Review-g1022848-d1084181-Reviews-Campana_Hotel-Goto_Nagasaki_Prefecture_Kyushu_Okinawa.html
Goto Con-kana Kingdom,853-0013,Nagasaki Prefecture,2413 Kamiozu-cho Goto,,$$,http://www.tripadvisor.com/Hotel_Review-g1022848-d1084215-Reviews-Goto_Con_kana_Kingdom-Goto_Nagasaki_Prefecture_Kyushu_Okinawa.html
Business Hotel Chateau Inn Fukue,853-0017,Nagasaki Prefecture,1-7-12 Bukeyashiki Goto,,$,http://www.tripadvisor.com/Hotel_Review-g1022848-d1108367-Reviews-Business_Hotel_Chateau_Inn_Fukue-Goto_Nagasaki_Prefecture_Kyushu_Okinawa.html
Goto Daiichi Hotel,853-0001,Nagasaki Prefecture,6-19 Sakaemachi Goto,,$$,http://www.tripadvisor.com/Hotel_Review-g1022848-d1108370-Reviews-Goto_Daiichi_Hotel-Goto_Nagasaki_Prefecture_Kyushu_Okinawa.html
Business Hotel Emily,853-0001,Nagasaki Prefecture,4-5 Sakaemachi Goto,22,,http://www.tripadvisor.com/Hotel_Review-g1022848-d1108372-Reviews-Business_Hotel_Emily-Goto_Nagasaki_Prefecture_Kyushu_Okinawa.html
Kanko,853-0064,Nagasaki Prefecture,3-1-7 Miono Goto,,,http://www.tripadvisor.com/Hotel_Review-g1022848-d1108377-Reviews-Kanko-Goto_Nagasaki_Prefecture_Kyushu_Okinawa.html
Goto Miiraku Sunset Youth Hostel,853-0601 ,Nagasaki Prefecture,493 Miirakumachi Hamanokuri Goto,,,http://www.tripadvisor.com/Hotel_Review-g1022848-d1546964-Reviews-Goto_Miiraku_Sunset_Youth_Hostel-Goto_Nagasaki_Prefecture_Kyushu_Okinawa.html
Ryokan Nakamotoso,853-0017,Nagasaki Prefecture,1-4-41 Bukeyashiki Goto,,,http://www.tripadvisor.com/Hotel_Review-g1022848-d1883213-Reviews-Ryokan_Nakamotoso-Goto_Nagasaki_Prefecture_Kyushu_Okinawa.html
Pension Gonhouse,853-0013,Nagasaki Prefecture,"1271-4, Kamiozucho Goto",,,http://www.tripadvisor.com/Hotel_Review-g1022848-d2087994-Reviews-Pension_Gonhouse-Goto_Nagasaki_Prefecture_Kyushu_Okinawa.html
Sansan Tomie Camp Mura,853-0214 ,Nagasaki Prefecture,1333 Tsuchitori Tomiemachi Goto,,,http://www.tripadvisor.com/Hotel_Review-g1022848-d4830296-Reviews-Sansan_Tomie_Camp_Mura-Goto_Nagasaki_Prefecture_Kyushu_Okinawa.html
Guest House Utojuku,853-0033,Nagasaki Prefecture,500-5 Kibacho Goto,,$,http://www.tripadvisor.com/Hotel_Review-g1022848-d6402222-Reviews-Guest_House_Utojuku-Goto_Nagasaki_Prefecture_Kyushu_Okinawa.html
Business Hotel Island,853-0002,Nagasaki Prefecture,1-15 Chuocho Goto,,,http://www.tripadvisor.com/Hotel_Review-g1022848-d6495339-Reviews-Business_Hotel_Island-Goto_Nagasaki_Prefecture_Kyushu_Okinawa.html
Matsuo,859-2503,Nagasaki Prefecture,158 Kuchinotsuchotei Minamishimabara,,$,http://www.tripadvisor.com/Hotel_Review-g1022854-d1109852-Reviews-Matsuo-Minamishimabara_Nagasaki_Prefecture_Kyushu_Okinawa.html
Masago,859-2414,Nagasaki Prefecture,133 Minamiarimacho Tei Minamishimabara,,$,http://www.tripadvisor.com/Hotel_Review-g1022854-d1109857-Reviews-Masago-Minamishimabara_Nagasaki_Prefecture_Kyushu_Okinawa.html
Unzen Mikado Hotel Honkan,859-1501,Nagasaki Prefecture,5292-2 Fukaechoko Minamishimabara,110,$$$,http://www.tripadvisor.com/Hotel_Review-g1022854-d1110387-Reviews-Unzen_Mikado_Hotel_Honkan-Minamishimabara_Nagasaki_Prefecture_Kyushu_Okinawa.html
Ryokan Shiro,859-2414,Nagasaki Prefecture,170 Minamiarimachotei Minamishimabara,,$,http://www.tripadvisor.com/Hotel_Review-g1022854-d1110812-Reviews-Ryokan_Shiro-Minamishimabara_Nagasaki_Prefecture_Kyushu_Okinawa.html
Shirahama,859-2502,Nagasaki Prefecture,2829-1 Kuchinotsucho Ko Shirahama Minamishimabara,,,http://www.tripadvisor.com/Hotel_Review-g1022854-d1883470-Reviews-Shirahama-Minamishimabara_Nagasaki_Prefecture_Kyushu_Okinawa.html
Eco Park Ronshobaru,859-2303,Nagasaki Prefecture,Hei 4731 Kitaarimacho Minamishimabara,,,http://www.tripadvisor.com/Hotel_Review-g1022854-d6486542-Reviews-Eco_Park_Ronshobaru-Minamishimabara_Nagasaki_Prefecture_Kyushu_Okinawa.html
