Nara Hotel,630-8301,Nara Prefecture,1096 Takabatake-cho Nara,129,$$,http://www.tripadvisor.com/Hotel_Review-g298198-d307626-Reviews-Nara_Hotel-Nara_Nara_Prefecture_Kinki.html
Kikusuiro,630-8301,Nara Prefecture,1130 Takahatacho Nara,,$$$,http://www.tripadvisor.com/Hotel_Review-g298198-d319870-Reviews-Kikusuiro-Nara_Nara_Prefecture_Kinki.html
Seikanso,630-8327,Nara Prefecture,29 Higashi Kitsuji-cho Nara,,$,http://www.tripadvisor.com/Hotel_Review-g298198-d319871-Reviews-Seikanso-Nara_Nara_Prefecture_Kinki.html
Hotel Sunroute Nara,630-8301,Nara Prefecture,1110 Takabatakecho Nara,95,$,http://www.tripadvisor.com/Hotel_Review-g298198-d325783-Reviews-Hotel_Sunroute_Nara-Nara_Nara_Prefecture_Kinki.html
Hotel Fujita Nara,630-8236,Nara Prefecture,47-1 Shimo-Sanjocho Nara,117,$,http://www.tripadvisor.com/Hotel_Review-g298198-d325892-Reviews-Hotel_Fujita_Nara-Nara_Nara_Prefecture_Kinki.html
Hotel Nikko Nara,630-8122,Nara Prefecture,8-1 Sanjo Hommachi Nara,330,$,http://www.tripadvisor.com/Hotel_Review-g298198-d574405-Reviews-Hotel_Nikko_Nara-Nara_Nara_Prefecture_Kinki.html
Petit Hotel Nara Club,630-8204,Nara Prefecture,21 Kitamikado-cho Nara,,$$,http://www.tripadvisor.com/Hotel_Review-g298198-d613525-Reviews-Petit_Hotel_Nara_Club-Nara_Nara_Prefecture_Kinki.html
Hotel Half Time,630-8114,Nara Prefecture,2-11-1 Shibatsuji-cho Nara,,$,http://www.tripadvisor.com/Hotel_Review-g298198-d628499-Reviews-Hotel_Half_Time-Nara_Nara_Prefecture_Kinki.html
Ryokan Matsumae,630-8362,Nara Prefecture,28-1 Higashi Terabayashicho Nara,23,$,http://www.tripadvisor.com/Hotel_Review-g298198-d629858-Reviews-Ryokan_Matsumae-Nara_Nara_Prefecture_Kinki.html
Kankaso,630-8212,Nara Prefecture,10 Kasugano-cho Nara,,$$,http://www.tripadvisor.com/Hotel_Review-g298198-d754016-Reviews-Kankaso-Nara_Nara_Prefecture_Kinki.html
Comfort Hotel NARA,630-8244,Nara Prefecture,321 3 Sanjo cho Nara,131,$,http://www.tripadvisor.com/Hotel_Review-g298198-d1025759-Reviews-Comfort_Hotel_NARA-Nara_Nara_Prefecture_Kinki.html
Kasuga Hotel,630-8213,Nara Prefecture,40 Noboriojicho Nara,32,$$,http://www.tripadvisor.com/Hotel_Review-g298198-d1059273-Reviews-Kasuga_Hotel-Nara_Nara_Prefecture_Kinki.html
Asukaso,630-8301,Nara Prefecture,1113-3 Takabatakecho Nara,28,$$,http://www.tripadvisor.com/Hotel_Review-g298198-d1064292-Reviews-Asukaso-Nara_Nara_Prefecture_Kinki.html
Daibutsukan,630-8301,Nara Prefecture,250 Takabatakecho Nara,30,$,http://www.tripadvisor.com/Hotel_Review-g298198-d1066598-Reviews-Daibutsukan-Nara_Nara_Prefecture_Kinki.html
Furuichi Ryokan,630-8362,Nara Prefecture,6 Higashiterabayashicho Nara,,$,http://www.tripadvisor.com/Hotel_Review-g298198-d1066600-Reviews-Furuichi_Ryokan-Nara_Nara_Prefecture_Kinki.html
Hotel Mimatsu,630-8233,Nara Prefecture,10 Ogawacho Nara,,$,http://www.tripadvisor.com/Hotel_Review-g298198-d1066603-Reviews-Hotel_Mimatsu-Nara_Nara_Prefecture_Kinki.html
Cotton 100 %,630-8301,Nara Prefecture,1122-21 Takabatakecho Nara,,$,http://www.tripadvisor.com/Hotel_Review-g298198-d1066614-Reviews-Cotton_100-Nara_Nara_Prefecture_Kinki.html
Nara Park Hotel,631-0845,Nara Prefecture,4-18-1 Horai Nara,35,$$,http://www.tripadvisor.com/Hotel_Review-g298198-d1066627-Reviews-Nara_Park_Hotel-Nara_Nara_Prefecture_Kinki.html
Nara Washington Hotel Plaza,630-8236,Nara Prefecture,31-1 Shimosanjocho Nara,204,$,http://www.tripadvisor.com/Hotel_Review-g298198-d1066631-Reviews-Nara_Washington_Hotel_Plaza-Nara_Nara_Prefecture_Kinki.html
People's Inn Hanakomichi,630-8226,Nara Prefecture,23 Konishicho Nara,30,$,http://www.tripadvisor.com/Hotel_Review-g298198-d1066642-Reviews-People_s_Inn_Hanakomichi-Nara_Nara_Prefecture_Kinki.html
Ryokan Hakuhou,630-8228,Nara Prefecture,4-1 Kamisanjocho Nara,20,$,http://www.tripadvisor.com/Hotel_Review-g298198-d1066644-Reviews-Ryokan_Hakuhou-Nara_Nara_Prefecture_Kinki.html
Ryokan Nanto,630-8228,Nara Prefecture,29 Kamisanjo-cho Nara,,$$,http://www.tripadvisor.com/Hotel_Review-g298198-d1066646-Reviews-Ryokan_Nanto-Nara_Nara_Prefecture_Kinki.html
Heijo,630-8202,Nara Prefecture,728 Kawakamicho Nara,,$$,http://www.tripadvisor.com/Hotel_Review-g298198-d1066651-Reviews-Heijo-Nara_Nara_Prefecture_Kinki.html
Toyoko Inn Nara Shin Omiya Ekimae,630-8114ã€€,Nara Prefecture,4-3-2 Shibatsujicho Nara,139,$,http://www.tripadvisor.com/Hotel_Review-g298198-d1084756-Reviews-Toyoko_Inn_Nara_Shin_Omiya_Ekimae-Nara_Nara_Prefecture_Kinki.html
Green Hotel Ashibi,630-8214,Nara Prefecture,16-1 Higashimuki Kitamachi Nara,,$,http://www.tripadvisor.com/Hotel_Review-g298198-d1086827-Reviews-Green_Hotel_Ashibi-Nara_Nara_Prefecture_Kinki.html
Hatago Hasegawa,630-8301,Nara Prefecture,1474 Takabatakecho Nara,,$,http://www.tripadvisor.com/Hotel_Review-g298198-d1086838-Reviews-Hatago_Hasegawa-Nara_Nara_Prefecture_Kinki.html
Hotel Asyl Nara,630-8247,Nara Prefecture,1-58 Aburasakacho Nara,42,$,http://www.tripadvisor.com/Hotel_Review-g298198-d1086897-Reviews-Hotel_Asyl_Nara-Nara_Nara_Prefecture_Kinki.html
Hotel Asyl Nara Annex,630-8014,Nara Prefecture,1-4-45 Shijooji Nara,81,$,http://www.tripadvisor.com/Hotel_Review-g298198-d1086906-Reviews-Hotel_Asyl_Nara_Annex-Nara_Nara_Prefecture_Kinki.html
Hotel Allamanda,630-8001,Nara Prefecture,1857-3 Hokkejicho Nara,13,$$,http://www.tripadvisor.com/Hotel_Review-g298198-d1086944-Reviews-Hotel_Allamanda-Nara_Nara_Prefecture_Kinki.html
Mikasa,630-8202,Nara Prefecture,728 Kawakamicho Nara,34,$$$,http://www.tripadvisor.com/Hotel_Review-g298198-d1086966-Reviews-Mikasa-Nara_Nara_Prefecture_Kinki.html
Hotel New Wakasa,630-8274,Nara Prefecture,1 Kitahanda Higashi-machi Nara,22,$$,http://www.tripadvisor.com/Hotel_Review-g298198-d1087043-Reviews-Hotel_New_Wakasa-Nara_Nara_Prefecture_Kinki.html
Hotel Yamatoji,630-8301,Nara Prefecture,1118 Bodaicho Nara,,$$,http://www.tripadvisor.com/Hotel_Review-g298198-d1087068-Reviews-Hotel_Yamatoji-Nara_Nara_Prefecture_Kinki.html
Kanko Hotel Tamaru,630-8273,Nara Prefecture,41 Oshiagecho Nara,,$$,http://www.tripadvisor.com/Hotel_Review-g298198-d1087073-Reviews-Kanko_Hotel_Tamaru-Nara_Nara_Prefecture_Kinki.html
Kanponoyado Nara,630-8002,Nara Prefecture,3-9-1 Nijocho Nara,,$$,http://www.tripadvisor.com/Hotel_Review-g298198-d1087083-Reviews-Kanponoyado_Nara-Nara_Nara_Prefecture_Kinki.html
Kasuganoso,630-8113,Nara Prefecture,757-2 Horencho Nara,31,$,http://www.tripadvisor.com/Hotel_Review-g298198-d1087086-Reviews-Kasuganoso-Nara_Nara_Prefecture_Kinki.html
KKR Nara Mikasaso,630-8301,Nara Prefecture,1224 Takabatakecho Nara,,$$,http://www.tripadvisor.com/Hotel_Review-g298198-d1087097-Reviews-KKR_Nara_Mikasaso-Nara_Nara_Prefecture_Kinki.html
Yamashiroya,630-8042,Nara Prefecture,1-15 Nishinokyocho Nara,,$,http://www.tripadvisor.com/Hotel_Review-g298198-d1087132-Reviews-Yamashiroya-Nara_Nara_Prefecture_Kinki.html
Kotonoyado Musashino,630-8212,Nara Prefecture,90 Kasuganocho Nara,,$$$,http://www.tripadvisor.com/Hotel_Review-g298198-d1087681-Reviews-Kotonoyado_Musashino-Nara_Nara_Prefecture_Kinki.html
Nara Hakushikaso,630-8266,Nara Prefecture,4 Hanashibacho Nara,26,$$,http://www.tripadvisor.com/Hotel_Review-g298198-d1087684-Reviews-Nara_Hakushikaso-Nara_Nara_Prefecture_Kinki.html
Nara International Seminar House,630-8213,Nara Prefecture,63 Noboriojicho Nara,,$,http://www.tripadvisor.com/Hotel_Review-g298198-d1087896-Reviews-Nara_International_Seminar_House-Nara_Nara_Prefecture_Kinki.html
Tsukihitei,630-8212,Nara Prefecture,158 Kasuganocho Nara,,$$$$,http://www.tripadvisor.com/Hotel_Review-g298198-d1087987-Reviews-Tsukihitei-Nara_Nara_Prefecture_Kinki.html
Yado Yoshino,630-8374,Nara Prefecture,19 Imamikado-cho Nara,,$$$$,http://www.tripadvisor.com/Hotel_Review-g298198-d1087990-Reviews-Yado_Yoshino-Nara_Nara_Prefecture_Kinki.html
Nara Royal Hotel,630-8001,Nara Prefecture,254 Hokkejicho Nara,127,$,http://www.tripadvisor.com/Hotel_Review-g298198-d1087991-Reviews-Nara_Royal_Hotel-Nara_Nara_Prefecture_Kinki.html
Shikitei,630-8301,Nara Prefecture,1163 Takabatakecho Nara,,$$$$,http://www.tripadvisor.com/Hotel_Review-g298198-d1087997-Reviews-Shikitei-Nara_Nara_Prefecture_Kinki.html
Super Hotel JR Naraekimae,630-8244,Nara Prefecture,500-1Sanjocho Nara,,,http://www.tripadvisor.com/Hotel_Review-g298198-d1087999-Reviews-Super_Hotel_JR_Naraekimae-Nara_Nara_Prefecture_Kinki.html
Takamadoyama Hotel,630-8302,Nara Prefecture,1072 Byakugoji-cho Nara,,,http://www.tripadvisor.com/Hotel_Review-g298198-d1088005-Reviews-Takamadoyama_Hotel-Nara_Nara_Prefecture_Kinki.html
Tenpyo Hotel,630-8218,Nara Prefecture,1 Taruicho Nara,,$$$,http://www.tripadvisor.com/Hotel_Review-g298198-d1088006-Reviews-Tenpyo_Hotel-Nara_Nara_Prefecture_Kinki.html
Hotel Wellness Asukaji,630-8301,Nara Prefecture,778-1 Takabatake-cho Nara,22,$,http://www.tripadvisor.com/Hotel_Review-g298198-d1088008-Reviews-Hotel_Wellness_Asukaji-Nara_Nara_Prefecture_Kinki.html
Business Hotel Century,630-8024,Nara Prefecture,10-21 Amagatsujinakamachi Nara,,,http://www.tripadvisor.com/Hotel_Review-g298198-d1088010-Reviews-Business_Hotel_Century-Nara_Nara_Prefecture_Kinki.html
Business Hotel Shindai,630-8002,Nara Prefecture,1-52-1 Nijo-cho Nara,,$,http://www.tripadvisor.com/Hotel_Review-g298198-d1088011-Reviews-Business_Hotel_Shindai-Nara_Nara_Prefecture_Kinki.html
Business Hotel Takamado,630-8115,Nara Prefecture,6-5-3 Omiyacho Nara,,$,http://www.tripadvisor.com/Hotel_Review-g298198-d1088013-Reviews-Business_Hotel_Takamado-Nara_Nara_Prefecture_Kinki.html
Ryokan Kosen,630-8301,Nara Prefecture,1125 Takabatakecho Nara,,$,http://www.tripadvisor.com/Hotel_Review-g298198-d1088042-Reviews-Ryokan_Kosen-Nara_Nara_Prefecture_Kinki.html
Sun Hotel Nara,630-8122,Nara Prefecture,4-21 Sanjohonmachi Nara,175,$,http://www.tripadvisor.com/Hotel_Review-g298198-d1088049-Reviews-Sun_Hotel_Nara-Nara_Nara_Prefecture_Kinki.html
Super Hotel Nara Shinomiyaekimae,630-8114,Nara Prefecture,4-2-7 Shibatsujicho Nara,97,$,http://www.tripadvisor.com/Hotel_Review-g298198-d1088054-Reviews-Super_Hotel_Nara_Shinomiyaekimae-Nara_Nara_Prefecture_Kinki.html
Tenpyo Ryokan,630-8215,Nara Prefecture,9 Higashimukinakamachi Nara,,$$,http://www.tripadvisor.com/Hotel_Review-g298198-d1088062-Reviews-Tenpyo_Ryokan-Nara_Nara_Prefecture_Kinki.html
Yoshidaya,630-8301,Nara Prefecture,246 Takabatakecho Nara,,$$$,http://www.tripadvisor.com/Hotel_Review-g298198-d1088065-Reviews-Yoshidaya-Nara_Nara_Prefecture_Kinki.html
Nakata B&B,630-8234,Nara Prefecture,1-1 Teramachi Nara,,,http://www.tripadvisor.com/Hotel_Review-g298198-d1089409-Reviews-Nakata_B_B-Nara_Nara_Prefecture_Kinki.html
Matsunoya Ryokan,630-8211 ,Nara Prefecture,487 Zoshicho Nara,,,http://www.tripadvisor.com/Hotel_Review-g298198-d1108457-Reviews-Matsunoya_Ryokan-Nara_Nara_Prefecture_Kinki.html
Ryokan Sansui,631-0033,Nara Prefecture,1-3-26 Ayameikeminami Nara,,$,http://www.tripadvisor.com/Hotel_Review-g298198-d1116807-Reviews-Ryokan_Sansui-Nara_Nara_Prefecture_Kinki.html
Shin Omiya Business Hotel,630-8114,Nara Prefecture,2-11-16 Shibatsujicho Nara,,,http://www.tripadvisor.com/Hotel_Review-g298198-d1117080-Reviews-Shin_Omiya_Business_Hotel-Nara_Nara_Prefecture_Kinki.html
Tsubakiso,630-8343,Nara Prefecture,35 Tsubaicho Nara,9,$$$,http://www.tripadvisor.com/Hotel_Review-g298198-d1117119-Reviews-Tsubakiso-Nara_Nara_Prefecture_Kinki.html
Miura,630-1237,Nara Prefecture,543 Yagyucho Nara,,$,http://www.tripadvisor.com/Hotel_Review-g298198-d1117126-Reviews-Miura-Nara_Nara_Prefecture_Kinki.html
Manyoso,630-8301,Nara Prefecture,1201-1 Takabatakecho Nara,,,http://www.tripadvisor.com/Hotel_Review-g298198-d1117161-Reviews-Manyoso-Nara_Nara_Prefecture_Kinki.html
Business Hotel New Takatsuji,630-8114,Nara Prefecture,4-12-5 Shibatsujicho Nara,,,http://www.tripadvisor.com/Hotel_Review-g298198-d1143135-Reviews-Business_Hotel_New_Takatsuji-Nara_Nara_Prefecture_Kinki.html
Hotel Cube,630-8301,Nara Prefecture,1122 Takabatakecho Nara,174,$,http://www.tripadvisor.com/Hotel_Review-g298198-d1143147-Reviews-Hotel_Cube-Nara_Nara_Prefecture_Kinki.html
Nara Ugaya Guest House,630-8235,Nara Prefecture,4-1 Okukomori-cho Nara,,$,http://www.tripadvisor.com/Hotel_Review-g298198-d1395133-Reviews-Nara_Ugaya_Guest_House-Nara_Nara_Prefecture_Kinki.html
Super Hotel Lohas JR Nara-eki,630-8122,Nara Prefecture,1-2 Sanjohonmachi Nara,234,$,http://www.tripadvisor.com/Hotel_Review-g298198-d1485683-Reviews-Super_Hotel_Lohas_JR_Nara_eki-Nara_Nara_Prefecture_Kinki.html
Family Lodge Hatagoya Narahariten,632-0221,Nara Prefecture,2411-3 Tsugeshiraishi-cho Nara,,$,http://www.tripadvisor.com/Hotel_Review-g298198-d1485685-Reviews-Family_Lodge_Hatagoya_Narahariten-Nara_Nara_Prefecture_Kinki.html
Naraken Seisyonen Kaikan,630-8108,Nara Prefecture,1-3-1 Horen Sahoyama Nara,,,http://www.tripadvisor.com/Hotel_Review-g298198-d1583645-Reviews-Naraken_Seisyonen_Kaikan-Nara_Nara_Prefecture_Kinki.html
Bosco Villa,632-0251,Nara Prefecture,3918 Haricho Nara,,$$,http://www.tripadvisor.com/Hotel_Review-g298198-d1599942-Reviews-Bosco_Villa-Nara_Nara_Prefecture_Kinki.html
Naramachi,630-8322,Nara Prefecture,30 Kitakyobatecho Nara,4,$,http://www.tripadvisor.com/Hotel_Review-g298198-d1625125-Reviews-Naramachi-Nara_Nara_Prefecture_Kinki.html
Business Tourist Hotel Rakuyo,630-8306 ,Nara Prefecture,908-5 Kideracho Nara,,$,http://www.tripadvisor.com/Hotel_Review-g298198-d1635327-Reviews-Business_Tourist_Hotel_Rakuyo-Nara_Nara_Prefecture_Kinki.html
Magatama no Ie,630-8301,Nara Prefecture,626-4 Takabatakecho Nara,,,http://www.tripadvisor.com/Hotel_Review-g298198-d1766566-Reviews-Magatama_no_Ie-Nara_Nara_Prefecture_Kinki.html
Guest House Nara Komachi,630-8357,Nara Prefecture,41-2 Surugamachi Nara,9,$,http://www.tripadvisor.com/Hotel_Review-g298198-d1769029-Reviews-Guest_House_Nara_Komachi-Nara_Nara_Prefecture_Kinki.html
Yuzan Guesthouse,630-8115,Nara Prefecture,1-4-10 Omiyacho Nara,4,$,http://www.tripadvisor.com/Hotel_Review-g298198-d1811697-Reviews-Yuzan_Guesthouse-Nara_Nara_Prefecture_Kinki.html
Business Ryokan Hinodeya,630-8115,Nara Prefecture,5-3-20 Omiyacho Nara,,,http://www.tripadvisor.com/Hotel_Review-g298198-d1877867-Reviews-Business_Ryokan_Hinodeya-Nara_Nara_Prefecture_Kinki.html
Noborioji Hotel,630-8213,Nara Prefecture,40-1 Noborioji-cho Nara,12,$$$,http://www.tripadvisor.com/Hotel_Review-g298198-d1904023-Reviews-Noborioji_Hotel-Nara_Nara_Prefecture_Kinki.html
Sarusawaso,630-8361,Nara Prefecture,3 Ikenocho Nara,,,http://www.tripadvisor.com/Hotel_Review-g298198-d1910230-Reviews-Sarusawaso-Nara_Nara_Prefecture_Kinki.html
Guesthouse Sakuraya,630-8335,Nara Prefecture,1 Narukawacho Nara,3,,http://www.tripadvisor.com/Hotel_Review-g298198-d1929837-Reviews-Guesthouse_Sakuraya-Nara_Nara_Prefecture_Kinki.html
Guesthouse Makura,630-8374,Nara Prefecture,27-1 Imamikadocho Nara,,,http://www.tripadvisor.com/Hotel_Review-g298198-d1991162-Reviews-Guesthouse_Makura-Nara_Nara_Prefecture_Kinki.html
Nara Backpackers,630-8283,Nara Prefecture,31 Yurugicho Nara,,$,http://www.tripadvisor.com/Hotel_Review-g298198-d2257353-Reviews-Nara_Backpackers-Nara_Nara_Prefecture_Kinki.html
Guesthouse Narabiyori,630-8254,Nara Prefecture,2-1 Shobuikecho Nara,,$,http://www.tripadvisor.com/Hotel_Review-g298198-d2432633-Reviews-Guesthouse_Narabiyori-Nara_Nara_Prefecture_Kinki.html
Hotobil,630-8142,Nara Prefecture,181-15 Kainozukacho Nara,2,$$,http://www.tripadvisor.com/Hotel_Review-g298198-d2485614-Reviews-Hotobil-Nara_Nara_Prefecture_Kinki.html
Takama Guest House,630-8253,Nara Prefecture,27-1 Nashiharacho Nara,4,$,http://www.tripadvisor.com/Hotel_Review-g298198-d2513816-Reviews-Takama_Guest_House-Nara_Nara_Prefecture_Kinki.html
Guest House Tamura,630-8301,Nara Prefecture,1107-2 Takabatakecho Nara,,$,http://www.tripadvisor.com/Hotel_Review-g298198-d2542115-Reviews-Guest_House_Tamura-Nara_Nara_Prefecture_Kinki.html
Minshuku Nodaya,630-8374,Nara Prefecture,30 Imamikadocho Nara,,,http://www.tripadvisor.com/Hotel_Review-g298198-d2542136-Reviews-Minshuku_Nodaya-Nara_Nara_Prefecture_Kinki.html
Guesthouse Iki,630-8228,Nara Prefecture,1-5 Kamisanjocho Nara,,$,http://www.tripadvisor.com/Hotel_Review-g298198-d2628173-Reviews-Guesthouse_Iki-Nara_Nara_Prefecture_Kinki.html
ML International Hostel,630-8114,Nara Prefecture,2-11-1-5F Shibatsujicho Nara,,$,http://www.tripadvisor.com/Hotel_Review-g298198-d2666536-Reviews-ML_International_Hostel-Nara_Nara_Prefecture_Kinki.html
Deer Park Inn,630-8212,Nara Prefecture,158-5 Kasuganocho Nara,,$,http://www.tripadvisor.com/Hotel_Review-g298198-d5979686-Reviews-Deer_Park_Inn-Nara_Nara_Prefecture_Kinki.html
Nara Youth Hostel,630-8108 ,Nara Prefecture,4-3-2 Horensahoyama Nara,,,http://www.tripadvisor.com/Hotel_Review-g298198-d6023557-Reviews-Nara_Youth_Hostel-Nara_Nara_Prefecture_Kinki.html
Edosan,630-8301,Nara Prefecture,1167 Takahatacho Nara,,,http://www.tripadvisor.com/Hotel_Review-g298198-d6650606-Reviews-Edosan-Nara_Nara_Prefecture_Kinki.html
Wakasa Bettei,630-8274,Nara Prefecture,1 Kitahanda Higashimachi Nara,,$$$,http://www.tripadvisor.com/Hotel_Review-g298198-d6699502-Reviews-Wakasa_Bettei-Nara_Nara_Prefecture_Kinki.html
Itaniya,633-0112,Nara Prefecture,828 Hase Sakurai,,$$,http://www.tripadvisor.com/Hotel_Review-g1022860-d1070152-Reviews-Itaniya-Sakurai_Nara_Prefecture_Kinki.html
Taishourou,633-0001,Nara Prefecture,459 Miwa Sakurai,,$,http://www.tripadvisor.com/Hotel_Review-g1022860-d1070156-Reviews-Taishourou-Sakurai_Nara_Prefecture_Kinki.html
Tounomine Kanko Hotel,633-0032,Nara Prefecture,432 Tonomine Sakurai,,$$,http://www.tripadvisor.com/Hotel_Review-g1022860-d1070160-Reviews-Tounomine_Kanko_Hotel-Sakurai_Nara_Prefecture_Kinki.html
Bizenya,633-0112,Nara Prefecture,2434-2 Hase Sakurai,,$$,http://www.tripadvisor.com/Hotel_Review-g1022860-d1086736-Reviews-Bizenya-Sakurai_Nara_Prefecture_Kinki.html
Tomiyamakan,633-0091,Nara Prefecture,183-6 Sakurai Sakurai,,$,http://www.tripadvisor.com/Hotel_Review-g1022860-d1086750-Reviews-Tomiyamakan-Sakurai_Nara_Prefecture_Kinki.html
Hotel Wellness Yamatoji,633-0045,Nara Prefecture,299-1 Yamada Sakurai,,$,http://www.tripadvisor.com/Hotel_Review-g1022860-d1086765-Reviews-Hotel_Wellness_Yamatoji-Sakurai_Nara_Prefecture_Kinki.html
Yamatoya,633-0112,Nara Prefecture,749-1 Hase Sakurai,,$,http://www.tripadvisor.com/Hotel_Review-g1022860-d1116996-Reviews-Yamatoya-Sakurai_Nara_Prefecture_Kinki.html
Kaikaro,633-0091,Nara Prefecture,202 Sakurai Sakurai,,$,http://www.tripadvisor.com/Hotel_Review-g1022860-d1116999-Reviews-Kaikaro-Sakurai_Nara_Prefecture_Kinki.html
Kasuikan,633-0112,Nara Prefecture,909 Hase Sakurai,,,http://www.tripadvisor.com/Hotel_Review-g1022860-d1117008-Reviews-Kasuikan-Sakurai_Nara_Prefecture_Kinki.html
Yoshinokan,633-0112,Nara Prefecture,763 Hase Sakurai,,$$,http://www.tripadvisor.com/Hotel_Review-g1022860-d1117016-Reviews-Yoshinokan-Sakurai_Nara_Prefecture_Kinki.html
Tanakaya,633-0112,Nara Prefecture,748 Hase Sakurai,,$$,http://www.tripadvisor.com/Hotel_Review-g1022860-d1862213-Reviews-Tanakaya-Sakurai_Nara_Prefecture_Kinki.html
Pention Sun Sherry,633-0091,Nara Prefecture,203-4 Sakurai Sakurai,,$,http://www.tripadvisor.com/Hotel_Review-g1022860-d1876987-Reviews-Pention_Sun_Sherry-Sakurai_Nara_Prefecture_Kinki.html
Machiya Guest House Miwa,633-0001,Nara Prefecture,400 Miwa Sakurai,,$,http://www.tripadvisor.com/Hotel_Review-g1022860-d5861522-Reviews-Machiya_Guest_House_Miwa-Sakurai_Nara_Prefecture_Kinki.html
Michinori no Yado,630-2342,Nara Prefecture,1222 Hirodai Yamazoe-mura,,$$,http://www.tripadvisor.com/Hotel_Review-g1121311-d1877046-Reviews-Michinori_no_Yado-Yamazoe_mura_Yamabe_gun_Nara_Prefecture_Kinki.html
Fukunoya Ryokan,635-0025,Nara Prefecture,3-1-58 Jinraku Yamatotakada,,$,http://www.tripadvisor.com/Hotel_Review-g1022855-d1070145-Reviews-Fukunoya_Ryokan-Yamatotakada_Nara_Prefecture_Kinki.html
Isokane Inn,635-0061,Nara Prefecture,4-18 Isono Higashi-cho Yamatotakada,,$,http://www.tripadvisor.com/Hotel_Review-g1022855-d1108451-Reviews-Isokane_Inn-Yamatotakada_Nara_Prefecture_Kinki.html
Nikaku,635-0097,Nara Prefecture,9-1 Kitahon-machi Yamatotakada,,$$,http://www.tripadvisor.com/Hotel_Review-g1022855-d1108455-Reviews-Nikaku-Yamatotakada_Nara_Prefecture_Kinki.html
Futakami,635-0072,Nara Prefecture,247-1 Arii Yamatotakada,,$,http://www.tripadvisor.com/Hotel_Review-g1022855-d1876971-Reviews-Futakami-Yamatotakada_Nara_Prefecture_Kinki.html
Tokiwa,635-0061,Nara Prefecture,4-16 Isonohigashicho Yamatotakada,,,http://www.tripadvisor.com/Hotel_Review-g1022855-d2258784-Reviews-Tokiwa-Yamatotakada_Nara_Prefecture_Kinki.html
Yamato Gojo Fujiikan,637-0005,Nara Prefecture,1-10-4 Sue Gojo,,$,http://www.tripadvisor.com/Hotel_Review-g1022861-d1070172-Reviews-Yamato_Gojo_Fujiikan-Gojo_Nara_Prefecture_Kinki.html
Riverside Hotel,637-0043,Nara Prefecture,2-1-33 Shinmachi Gojo,,$,http://www.tripadvisor.com/Hotel_Review-g1022861-d1086794-Reviews-Riverside_Hotel-Gojo_Nara_Prefecture_Kinki.html
Nishiyoshino Saeki,637-0102,Nara Prefecture,695 Kurobuchi Nishiyoshino-cho Gojo,,,http://www.tripadvisor.com/Hotel_Review-g1022861-d1117031-Reviews-Nishiyoshino_Saeki-Gojo_Nara_Prefecture_Kinki.html
Kyokusenbo,637-0068,Nara Prefecture,25 Hiuchicho Gojo,,,http://www.tripadvisor.com/Hotel_Review-g1022861-d1117038-Reviews-Kyokusenbo-Gojo_Nara_Prefecture_Kinki.html
Oto Cosmic Park Hoshinokuni,637-0417,Nara Prefecture,"249 Sakamoto, Oto-cho Gojo",,$$,http://www.tripadvisor.com/Hotel_Review-g1022861-d1862127-Reviews-Oto_Cosmic_Park_Hoshinokuni-Gojo_Nara_Prefecture_Kinki.html
Kashiwaso,637-0102,Nara Prefecture,"1323 Kurobuchi, Nishiyoshino-cho Gojo",,,http://www.tripadvisor.com/Hotel_Review-g1022861-d1862201-Reviews-Kashiwaso-Gojo_Nara_Prefecture_Kinki.html
Komorebi,637-0105,Nara Prefecture,"210 Yusio, Nishiyoshino-cho Gojo",,,http://www.tripadvisor.com/Hotel_Review-g1022861-d1875061-Reviews-Komorebi-Gojo_Nara_Prefecture_Kinki.html
Miyoshino Ryokan,637-0005,Nara Prefecture,2-4-14 Sue Gojo,,$,http://www.tripadvisor.com/Hotel_Review-g1022861-d2258783-Reviews-Miyoshino_Ryokan-Gojo_Nara_Prefecture_Kinki.html
Montbell Gojo Youth Hostel,637-0031,Nara Prefecture,533 Kojima Gojo,,$$$$,http://www.tripadvisor.com/Hotel_Review-g1022861-d6612788-Reviews-Montbell_Gojo_Youth_Hostel-Gojo_Nara_Prefecture_Kinki.html
Senjuin,636-0923,Nara Prefecture,2280 Shigisan Heguri-cho,,$,http://www.tripadvisor.com/Hotel_Review-g1121312-d1171422-Reviews-Senjuin-Heguri_cho_Ikoma_gun_Nara_Prefecture_Kinki.html
Gyokuzo-in,636-0923,Nara Prefecture,2280 Shigisan Heguri-cho,,$$,http://www.tripadvisor.com/Hotel_Review-g1121312-d1368330-Reviews-Gyokuzo_in-Heguri_cho_Ikoma_gun_Nara_Prefecture_Kinki.html
Kanponoyado Yamato Heguri,636-0905,Nara Prefecture,2-16-1 Kamisho Heguri-cho,,$$,http://www.tripadvisor.com/Hotel_Review-g1121312-d1485563-Reviews-Kanponoyado_Yamato_Heguri-Heguri_cho_Ikoma_gun_Nara_Prefecture_Kinki.html
Jofukuin,636-0923,Nara Prefecture,2280-1 Shigisan Heguri-cho,,$$$,http://www.tripadvisor.com/Hotel_Review-g1121312-d1877051-Reviews-Jofukuin-Heguri_cho_Ikoma_gun_Nara_Prefecture_Kinki.html
Senkoji Youth Hostel,636-0945,Nara Prefecture,188 Narukawa Heguri-cho,,,http://www.tripadvisor.com/Hotel_Review-g1121312-d6023563-Reviews-Senkoji_Youth_Hostel-Heguri_cho_Ikoma_gun_Nara_Prefecture_Kinki.html
Hotel Vanguard,636-0822,Nara Prefecture,2-9-38 Tatsunominami Sango-cho,,$$,http://www.tripadvisor.com/Hotel_Review-g1121313-d1124420-Reviews-Hotel_Vanguard-Sango_cho_Ikoma_gun_Nara_Prefecture_Kinki.html
Ryotei Ryokan Miyoshi,636-0831,Nara Prefecture,5-7 Shigisanhigashi Sango-cho,,$$,http://www.tripadvisor.com/Hotel_Review-g1121313-d1124427-Reviews-Ryotei_Ryokan_Miyoshi-Sango_cho_Ikoma_gun_Nara_Prefecture_Kinki.html
Shigisan Kanko Hotel,636-0832,Nara Prefecture,2-40 Shigisannishi Sango-cho,,$$,http://www.tripadvisor.com/Hotel_Review-g1121313-d1124437-Reviews-Shigisan_Kanko_Hotel-Sango_cho_Ikoma_gun_Nara_Prefecture_Kinki.html
Kakimotoya,636-0831,Nara Prefecture,5-8 Shigisan Higashi Sango-cho,,$,http://www.tripadvisor.com/Hotel_Review-g1121313-d1598964-Reviews-Kakimotoya-Sango_cho_Ikoma_gun_Nara_Prefecture_Kinki.html
Horyuji B&B,636-0154,Nara Prefecture,6-12-1 Tatsutanishi Ikarugacho Sango-cho,,$,http://www.tripadvisor.com/Hotel_Review-g1121313-d6495749-Reviews-Horyuji_B_B-Sango_cho_Ikoma_gun_Nara_Prefecture_Kinki.html
Ryori Ryokan Ukawaya,636-0114,Nara Prefecture,3-3-11 Horyujinishi Ikaruga-cho,,$,http://www.tripadvisor.com/Hotel_Review-g1121314-d1877053-Reviews-Ryori_Ryokan_Ukawaya-Ikaruga_cho_Ikoma_gun_Nara_Prefecture_Kinki.html
Horyuji Grtand Hotel,636-0103,Nara Prefecture,2-1-12 Kozen Ikaruga-cho,,,http://www.tripadvisor.com/Hotel_Review-g1121314-d2542138-Reviews-Horyuji_Grtand_Hotel-Ikaruga_cho_Ikoma_gun_Nara_Prefecture_Kinki.html
Business Hotel Ohmikado,639-1103,Nara Prefecture,23 Minoshocho Yamatokoriyama,,$,http://www.tripadvisor.com/Hotel_Review-g1022856-d1066589-Reviews-Business_Hotel_Ohmikado-Yamatokoriyama_Nara_Prefecture_Kinki.html
Sun Hotel Yamatokoriyama,639-1123,Nara Prefecture,635-1 Tsutsuicho Yamatokoriyama,,$,http://www.tripadvisor.com/Hotel_Review-g1022856-d1116968-Reviews-Sun_Hotel_Yamatokoriyama-Yamatokoriyama_Nara_Prefecture_Kinki.html
Ikaruga Hotel,639-1042,Nara Prefecture,730 Koizumicho Yamatokoriyama,,$,http://www.tripadvisor.com/Hotel_Review-g1022856-d1116970-Reviews-Ikaruga_Hotel-Yamatokoriyama_Nara_Prefecture_Kinki.html
Super Hotel Nara Yamatokoriyama,639-1121,Nara Prefecture,205-1 Sugimachi Yamatokoriyama,92,$,http://www.tripadvisor.com/Hotel_Review-g1022856-d1641311-Reviews-Super_Hotel_Nara_Yamatokoriyama-Yamatokoriyama_Nara_Prefecture_Kinki.html
Ryokan Ogawa,639-1150,Nara Prefecture,16 Zakokumachi Yamatokoriyama,,$$$$,http://www.tripadvisor.com/Hotel_Review-g1022856-d1876977-Reviews-Ryokan_Ogawa-Yamatokoriyama_Nara_Prefecture_Kinki.html
Grand Sunpia Nara,639-1132,Nara Prefecture,92-15 Takadacho Yamatokoriyama,,$$$$,http://www.tripadvisor.com/Hotel_Review-g1022856-d7038739-Reviews-Grand_Sunpia_Nara-Yamatokoriyama_Nara_Prefecture_Kinki.html
Katsuragi Kogen Lodge,639-2312,Nara Prefecture,2569 Kujira Gose,,,http://www.tripadvisor.com/Hotel_Review-g1022862-d1312349-Reviews-Katsuragi_Kogen_Lodge-Gose_Nara_Prefecture_Kinki.html
Okukochi Sanso,633-1212,Nara Prefecture,1037 Imai Soni-mura,,,http://www.tripadvisor.com/Hotel_Review-g1121319-d1862211-Reviews-Okukochi_Sanso-Soni_mura_Uda_gun_Nara_Prefecture_Kinki.html
Minshuku Kijiya,633-1201,Nara Prefecture,2123-2 Igami Soni-mura,,,http://www.tripadvisor.com/Hotel_Review-g1121319-d1877056-Reviews-Minshuku_Kijiya-Soni_mura_Uda_gun_Nara_Prefecture_Kinki.html
Kogen Hotel Soni,633-1212,Nara Prefecture,1341-1 Imai Soni-mura,,$$,http://www.tripadvisor.com/Hotel_Review-g1121319-d1877059-Reviews-Kogen_Hotel_Soni-Soni_mura_Uda_gun_Nara_Prefecture_Kinki.html
Business Hotel Kirakusou,632-0016,Nara Prefecture,366-2 Kawaharajocho Tenri,,$,http://www.tripadvisor.com/Hotel_Review-g1022857-d1066577-Reviews-Business_Hotel_Kirakusou-Tenri_Nara_Prefecture_Kinki.html
Business Ryokan Yamabe,632-0017,Nara Prefecture,543 Tabecho Tenri,,$,http://www.tripadvisor.com/Hotel_Review-g1022857-d1066578-Reviews-Business_Ryokan_Yamabe-Tenri_Nara_Prefecture_Kinki.html
Hotel Kitaooji,632-0017,Nara Prefecture,94-1 Tabecho Tenri,,$,http://www.tripadvisor.com/Hotel_Review-g1022857-d1066582-Reviews-Hotel_Kitaooji-Tenri_Nara_Prefecture_Kinki.html
Nara Plaza Hotel,632-0084,Nara Prefecture,600-1 Kabata-cho Tenri,79,$,http://www.tripadvisor.com/Hotel_Review-g1022857-d1066586-Reviews-Nara_Plaza_Hotel-Tenri_Nara_Prefecture_Kinki.html
Hotel Ikoi,632-0016,Nara Prefecture,298 Kawaharajocho Tenri,16,$,http://www.tripadvisor.com/Hotel_Review-g1022857-d1086673-Reviews-Hotel_Ikoi-Tenri_Nara_Prefecture_Kinki.html
Tenri Kanko Hotel,632-0016,Nara Prefecture,759 Kawaharajocho Tenri,,,http://www.tripadvisor.com/Hotel_Review-g1022857-d1116978-Reviews-Tenri_Kanko_Hotel-Tenri_Nara_Prefecture_Kinki.html
Ryokufuukaku,630-0266,Nara Prefecture,16-4 Monzencho Ikoma,,,http://www.tripadvisor.com/Hotel_Review-g1022863-d1070162-Reviews-Ryokufuukaku-Ikoma_Nara_Prefecture_Kinki.html
Sanki,630-0266,Nara Prefecture,14-11 Monzencho Ikoma,,,http://www.tripadvisor.com/Hotel_Review-g1022863-d1070168-Reviews-Sanki-Ikoma_Nara_Prefecture_Kinki.html
Koga Ryokan,630-0266,Nara Prefecture,10-8 Monzencho Ikoma,,,http://www.tripadvisor.com/Hotel_Review-g1022863-d1117047-Reviews-Koga_Ryokan-Ikoma_Nara_Prefecture_Kinki.html
Takiman,630-0266,Nara Prefecture,16-3 Monzencho Ikoma,,,http://www.tripadvisor.com/Hotel_Review-g1022863-d1117061-Reviews-Takiman-Ikoma_Nara_Prefecture_Kinki.html
Tsukimino,630-0266,Nara Prefecture,12-2 Monzencho Ikoma,,,http://www.tripadvisor.com/Hotel_Review-g1022863-d1117071-Reviews-Tsukimino-Ikoma_Nara_Prefecture_Kinki.html
Kanko Ryokan Kurondoso,630-0101,Nara Prefecture,5035 Takayama-cho Ikoma,,,http://www.tripadvisor.com/Hotel_Review-g1022863-d1877021-Reviews-Kanko_Ryokan_Kurondoso-Ikoma_Nara_Prefecture_Kinki.html
Ryori Ryokan Tsubomi,630-0226,Nara Prefecture,12-11 Monzen-cho Ikoma,,,http://www.tripadvisor.com/Hotel_Review-g1022863-d1877025-Reviews-Ryori_Ryokan_Tsubomi-Ikoma_Nara_Prefecture_Kinki.html
Shiroyama,630-0266,Nara Prefecture,15-12 Monzencho Ikoma,,$,http://www.tripadvisor.com/Hotel_Review-g1022863-d2542133-Reviews-Shiroyama-Ikoma_Nara_Prefecture_Kinki.html
Minshuku Wakaba,634-0111,Nara Prefecture,956 Oka Asuka-mura,,$,http://www.tripadvisor.com/Hotel_Review-g1121322-d1124446-Reviews-Minshuku_Wakaba-Asuka_mura_Takaichi_gun_Nara_Prefecture_Kinki.html
Asukanoyado Iwaidoso,634-0121,Nara Prefecture,303 Iwaido Asuka-mura,,$$,http://www.tripadvisor.com/Hotel_Review-g1121322-d1485564-Reviews-Asukanoyado_Iwaidoso-Asuka_mura_Takaichi_gun_Nara_Prefecture_Kinki.html
Pension Asuka,634-0138,Nara Prefecture,17 Koshi Asuka-mura,,$$,http://www.tripadvisor.com/Hotel_Review-g1121322-d1485565-Reviews-Pension_Asuka-Asuka_mura_Takaichi_gun_Nara_Prefecture_Kinki.html
B&B Asuka,634-0141,Nara Prefecture,Kawahara 55 Asuka-mura,,$,http://www.tripadvisor.com/Hotel_Review-g1121322-d1492790-Reviews-B_B_Asuka-Asuka_mura_Takaichi_gun_Nara_Prefecture_Kinki.html
Minshuku Wakimoto Toshio,634-0145,Nara Prefecture,328 Noguchi Asuka-mura,,,http://www.tripadvisor.com/Hotel_Review-g1121322-d2513980-Reviews-Minshuku_Wakimoto_Toshio-Asuka_mura_Takaichi_gun_Nara_Prefecture_Kinki.html
Shinrajuku,634-0108,Nara Prefecture,35 Ikatsuchi Asuka-mura,,$$$,http://www.tripadvisor.com/Hotel_Review-g1121322-d2542109-Reviews-Shinrajuku-Asuka_mura_Takaichi_gun_Nara_Prefecture_Kinki.html
Kashihara Oak Hotel,634-0063,Nara Prefecture,905-2 Kumecho Kashihara,36,$,http://www.tripadvisor.com/Hotel_Review-g1022859-d1086702-Reviews-Kashihara_Oak_Hotel-Kashihara_Nara_Prefecture_Kinki.html
Kashihara Royal Hotel,634-0063,Nara Prefecture,652-2 Kumecho Kashihara,205,$$,http://www.tripadvisor.com/Hotel_Review-g1022859-d1086706-Reviews-Kashihara_Royal_Hotel-Kashihara_Nara_Prefecture_Kinki.html
Kosei Ryokan,634-0063,Nara Prefecture,901 Kumecho Kashihara,,$,http://www.tripadvisor.com/Hotel_Review-g1022859-d1086715-Reviews-Kosei_Ryokan-Kashihara_Nara_Prefecture_Kinki.html
Yamato Kashihara City Hotel,634-0078,Nara Prefecture,1-8-16 Yagicho Kashihara,48,$,http://www.tripadvisor.com/Hotel_Review-g1022859-d1086725-Reviews-Yamato_Kashihara_City_Hotel-Kashihara_Nara_Prefecture_Kinki.html
Business Kanko Hotel Kawai,634-0005,Nara Prefecture,1-3-11 Kitayagicho Kashihara,,$,http://www.tripadvisor.com/Hotel_Review-g1022859-d1116983-Reviews-Business_Kanko_Hotel_Kawai-Kashihara_Nara_Prefecture_Kinki.html
Kashihara Town Hotel,634-0076,Nara Prefecture,6-25 Hyobucho Kashihara,,,http://www.tripadvisor.com/Hotel_Review-g1022859-d1116987-Reviews-Kashihara_Town_Hotel-Kashihara_Nara_Prefecture_Kinki.html
Kashihara Kanko Hotel,634-0063,Nara Prefecture,862 Kumecho Kashihara,,$,http://www.tripadvisor.com/Hotel_Review-g1022859-d1116990-Reviews-Kashihara_Kanko_Hotel-Kashihara_Nara_Prefecture_Kinki.html
Asuka Road Youth Hostel,634-0004,Nara Prefecture,70-8 Kiharacho Kashihara,,,http://www.tripadvisor.com/Hotel_Review-g1022859-d6023575-Reviews-Asuka_Road_Youth_Hostel-Kashihara_Nara_Prefecture_Kinki.html
Kokawaya,633-0421,Nara Prefecture,"1316 Muro, Muro-ku Uda",,,http://www.tripadvisor.com/Hotel_Review-g1022867-d1117077-Reviews-Kokawaya-Uda_Nara_Prefecture_Kinki.html
B&B Nishimine,633-0312,Nara Prefecture,"513 Nishitani, Muro-ku Uda",,$,http://www.tripadvisor.com/Hotel_Review-g1022867-d1877031-Reviews-B_B_Nishimine-Uda_Nara_Prefecture_Kinki.html
Chinjuso,633-2156,Nara Prefecture,"267 Hongo, Ouda-ku Uda",,$,http://www.tripadvisor.com/Hotel_Review-g1022867-d1877036-Reviews-Chinjuso-Uda_Nara_Prefecture_Kinki.html
Miharuen,633-0204,Nara Prefecture,"255 Fukuchi, Haibara-ku Uda",,$,http://www.tripadvisor.com/Hotel_Review-g1022867-d2526902-Reviews-Miharuen-Uda_Nara_Prefecture_Kinki.html
Chikurin-in Gumpoen,639-3115,Nara Prefecture,2142 Yoshinoyama Yoshino-cho,,$$$,http://www.tripadvisor.com/Hotel_Review-g1121327-d302819-Reviews-Chikurin_in_Gumpoen-Yoshino_cho_Yoshino_gun_Nara_Prefecture_Kinki.html
Yumoto Hounoya,639-3115 ,Nara Prefecture,937 Yoshinoyama Yoshino-cho,,$$$,http://www.tripadvisor.com/Hotel_Review-g1121327-d1047443-Reviews-Yumoto_Hounoya-Yoshino_cho_Yoshino_gun_Nara_Prefecture_Kinki.html
Ryokan Kato,639-3115,Nara Prefecture,3056 Yoshinoyama Yoshino-cho,,$$,http://www.tripadvisor.com/Hotel_Review-g1121327-d1124463-Reviews-Ryokan_Kato-Yoshino_cho_Yoshino_gun_Nara_Prefecture_Kinki.html
Ozanso Hanaya,639-3115,Nara Prefecture,426 DonotoriimaeYoshinoyama Yoshino-cho,,$$,http://www.tripadvisor.com/Hotel_Review-g1121327-d1124470-Reviews-Ozanso_Hanaya-Yoshino_cho_Yoshino_gun_Nara_Prefecture_Kinki.html
Sakoya,639-3115,Nara Prefecture,2620 Yoshinoyama Yoshino-cho,3,$$$,http://www.tripadvisor.com/Hotel_Review-g1121327-d1124477-Reviews-Sakoya-Yoshino_cho_Yoshino_gun_Nara_Prefecture_Kinki.html
Yukawaya,639-3115,Nara Prefecture,440 Yoshinoyama Yoshino-cho,,$$$$,http://www.tripadvisor.com/Hotel_Review-g1121327-d1124483-Reviews-Yukawaya-Yoshino_cho_Yoshino_gun_Nara_Prefecture_Kinki.html
Honoya,639-3115,Nara Prefecture,742 Yoshinoyama Yoshino-cho,,,http://www.tripadvisor.com/Hotel_Review-g1121327-d1124490-Reviews-Honoya-Yoshino_cho_Yoshino_gun_Nara_Prefecture_Kinki.html
Hounkan,639-3115,Nara Prefecture,2340 Yoshinoyama Yoshino-cho,,$$,http://www.tripadvisor.com/Hotel_Review-g1121327-d1171423-Reviews-Hounkan-Yoshino_cho_Yoshino_gun_Nara_Prefecture_Kinki.html
Tatsumiya,639-3115,Nara Prefecture,403 Yoshinoyama Yoshino-cho,,,http://www.tripadvisor.com/Hotel_Review-g1121327-d1171424-Reviews-Tatsumiya-Yoshino_cho_Yoshino_gun_Nara_Prefecture_Kinki.html
Yoshino Onsen Motoyu,639-3115,Nara Prefecture,902-1 Yoshinoyama Yoshino-cho,,$$$,http://www.tripadvisor.com/Hotel_Review-g1121327-d1485582-Reviews-Yoshino_Onsen_Motoyu-Yoshino_cho_Yoshino_gun_Nara_Prefecture_Kinki.html
Yoshinokan,639-3115,Nara Prefecture,942 Yoshinoyama Yoshino-cho,,$$,http://www.tripadvisor.com/Hotel_Review-g1121327-d1598961-Reviews-Yoshinokan-Yoshino_cho_Yoshino_gun_Nara_Prefecture_Kinki.html
Ebisukan,639-3115,Nara Prefecture,945 Yoshinoyama Yoshino-cho,,$$$,http://www.tripadvisor.com/Hotel_Review-g1121327-d1598962-Reviews-Ebisukan-Yoshino_cho_Yoshino_gun_Nara_Prefecture_Kinki.html
Miyataki Onsen Matsuya,639-3443,Nara Prefecture,60 Miyataki Yoshino-cho,,$$$,http://www.tripadvisor.com/Hotel_Review-g1121327-d1877064-Reviews-Miyataki_Onsen_Matsuya-Yoshino_cho_Yoshino_gun_Nara_Prefecture_Kinki.html
Ryokan Sakamotoya,639-3115,Nara Prefecture,952 Yoshinoyama Yoshino-cho,,,http://www.tripadvisor.com/Hotel_Review-g1121327-d1877069-Reviews-Ryokan_Sakamotoya-Yoshino_cho_Yoshino_gun_Nara_Prefecture_Kinki.html
Sakurakadan,639-3115,Nara Prefecture,"955, Yoshinoyama Yoshino-cho",,,http://www.tripadvisor.com/Hotel_Review-g1121327-d2035968-Reviews-Sakurakadan-Yoshino_cho_Yoshino_gun_Nara_Prefecture_Kinki.html
Taikoban Kamukamu,639-3115,Nara Prefecture,1278 Yoshinoyama Yoshino-cho,,$$$,http://www.tripadvisor.com/Hotel_Review-g1121327-d2156487-Reviews-Taikoban_Kamukamu-Yoshino_cho_Yoshino_gun_Nara_Prefecture_Kinki.html
Obiso Taira,639-3115,Nara Prefecture,1904 Yoshinoyama Yoshino-cho,,,http://www.tripadvisor.com/Hotel_Review-g1121327-d2258785-Reviews-Obiso_Taira-Yoshino_cho_Yoshino_gun_Nara_Prefecture_Kinki.html
Ikkyuan,639-3115,Nara Prefecture,966-4 Yoshinoyama Yoshino-cho,,,http://www.tripadvisor.com/Hotel_Review-g1121327-d4342109-Reviews-Ikkyuan-Yoshino_cho_Yoshino_gun_Nara_Prefecture_Kinki.html
Kinokuniya Jinpachi,638-0431,Nara Prefecture,222-1 Dorogawa Tenkawa-mura,,$$,http://www.tripadvisor.com/Hotel_Review-g1121331-d1124499-Reviews-Kinokuniya_Jinpachi-Tenkawa_mura_Yoshino_gun_Nara_Prefecture_Kinki.html
Maehira,638-0301,Nara Prefecture,291 Kawaai Tenkawa-mura,,$$$,http://www.tripadvisor.com/Hotel_Review-g1121331-d1124519-Reviews-Maehira-Tenkawa_mura_Yoshino_gun_Nara_Prefecture_Kinki.html
Yado Hanaya Tokubei,638-0431,Nara Prefecture,217 Dorogawa Tenkawa-mura,,$$,http://www.tripadvisor.com/Hotel_Review-g1121331-d1124524-Reviews-Yado_Hanaya_Tokubei-Tenkawa_mura_Yoshino_gun_Nara_Prefecture_Kinki.html
Minshuku Aoba,638-0313,Nara Prefecture,24 Kitakobara Tenkawa-mura,,,http://www.tripadvisor.com/Hotel_Review-g1121331-d1485589-Reviews-Minshuku_Aoba-Tenkawa_mura_Yoshino_gun_Nara_Prefecture_Kinki.html
Ryokan Okumura Sosuke,638-0431,Nara Prefecture,198 Dorogawa Tenkawa-mura,,$$,http://www.tripadvisor.com/Hotel_Review-g1121331-d1485593-Reviews-Ryokan_Okumura_Sosuke-Tenkawa_mura_Yoshino_gun_Nara_Prefecture_Kinki.html
Yanagiya,638-0431,Nara Prefecture,489-9 Dorogawa Tenkawa-mura,,$$,http://www.tripadvisor.com/Hotel_Review-g1121331-d1485595-Reviews-Yanagiya-Tenkawa_mura_Yoshino_gun_Nara_Prefecture_Kinki.html
Koryokuen Nishisei,638-0431,Nara Prefecture,257 Dorogawa Tenkawa-mura,,$$,http://www.tripadvisor.com/Hotel_Review-g1121331-d1485598-Reviews-Koryokuen_Nishisei-Tenkawa_mura_Yoshino_gun_Nara_Prefecture_Kinki.html
Atarashiya Ryokan,638-0431,Nara Prefecture,215 Dorogawa Tenkawa-mura,12,$$,http://www.tripadvisor.com/Hotel_Review-g1121331-d1485601-Reviews-Atarashiya_Ryokan-Tenkawa_mura_Yoshino_gun_Nara_Prefecture_Kinki.html
Kadojin,638-0431,Nara Prefecture,240 Dorogawa Tenkawa-mura,,$$$,http://www.tripadvisor.com/Hotel_Review-g1121331-d1485605-Reviews-Kadojin-Tenkawa_mura_Yoshino_gun_Nara_Prefecture_Kinki.html
Saratoku Ryokan,638-0431,Nara Prefecture,210 Dorogawa Tenkawa-mura,,$,http://www.tripadvisor.com/Hotel_Review-g1121331-d1485615-Reviews-Saratoku_Ryokan-Tenkawa_mura_Yoshino_gun_Nara_Prefecture_Kinki.html
Kanposo Nishigi,638-0431 ,Nara Prefecture,251 Dorogawa Tenkawamura Tenkawa-mura,,$$,http://www.tripadvisor.com/Hotel_Review-g1121331-d1598963-Reviews-Kanposo_Nishigi-Tenkawa_mura_Yoshino_gun_Nara_Prefecture_Kinki.html
Misengoya,638-0321,Nara Prefecture,160-2 Tsubonouchi Tenkawa-mura,,,http://www.tripadvisor.com/Hotel_Review-g1121331-d1857457-Reviews-Misengoya-Tenkawa_mura_Yoshino_gun_Nara_Prefecture_Kinki.html
Tenkawa Youth Hostel,638-0301,Nara Prefecture,16-1 Kawai Tenkawa-mura,,,http://www.tripadvisor.com/Hotel_Review-g1121331-d1860699-Reviews-Tenkawa_Youth_Hostel-Tenkawa_mura_Yoshino_gun_Nara_Prefecture_Kinki.html
Ryokan Kuboji,638-0431,Nara Prefecture,221 Dorogawa Tenkawa-mura,,$$$,http://www.tripadvisor.com/Hotel_Review-g1121331-d1862215-Reviews-Ryokan_Kuboji-Tenkawa_mura_Yoshino_gun_Nara_Prefecture_Kinki.html
Omine Hotel Marubun,638-0431,Nara Prefecture,209 Dorogawa Tenkawa-mura,,$$$,http://www.tripadvisor.com/Hotel_Review-g1121331-d1869661-Reviews-Omine_Hotel_Marubun-Tenkawa_mura_Yoshino_gun_Nara_Prefecture_Kinki.html
Guest House Hitoyasumi,638-0431,Nara Prefecture,466 Dorogawa Tenkawa-mura,,$,http://www.tripadvisor.com/Hotel_Review-g1121331-d1877080-Reviews-Guest_House_Hitoyasumi-Tenkawa_mura_Yoshino_gun_Nara_Prefecture_Kinki.html
Bungalow Kasya and Log,638-0312,Nara Prefecture,62 Nakatani Tenkawa-mura,,,http://www.tripadvisor.com/Hotel_Review-g1121331-d1877083-Reviews-Bungalow_Kasya_and_Log-Tenkawa_mura_Yoshino_gun_Nara_Prefecture_Kinki.html
Enku no Sora Nagomimura Campsite,638-0542,Nara Prefecture,415 Tochio Tenkawa-mura,,,http://www.tripadvisor.com/Hotel_Review-g1121331-d1877086-Reviews-Enku_no_Sora_Nagomimura_Campsite-Tenkawa_mura_Yoshino_gun_Nara_Prefecture_Kinki.html
Harusakura Cottage,638-0541,Nara Prefecture,469 Tsuzurao Tenkawa-mura,,,http://www.tripadvisor.com/Hotel_Review-g1121331-d1877087-Reviews-Harusakura_Cottage-Tenkawa_mura_Yoshino_gun_Nara_Prefecture_Kinki.html
Otaniya,638-0542,Nara Prefecture,375-3 Tochio Tenkawa-mura,,$,http://www.tripadvisor.com/Hotel_Review-g1121331-d1910149-Reviews-Otaniya-Tenkawa_mura_Yoshino_gun_Nara_Prefecture_Kinki.html
Masugen Ryokan,638-0431,Nara Prefecture,189 Dorogawa Tenkawa-mura,,$$,http://www.tripadvisor.com/Hotel_Review-g1121331-d1910158-Reviews-Masugen_Ryokan-Tenkawa_mura_Yoshino_gun_Nara_Prefecture_Kinki.html
Daitoyo Ryokan,638-0431,Nara Prefecture,"769-2, Dorogawa Tenkawa-mura",,,http://www.tripadvisor.com/Hotel_Review-g1121331-d2024004-Reviews-Daitoyo_Ryokan-Tenkawa_mura_Yoshino_gun_Nara_Prefecture_Kinki.html
Iroha Ryokan,638-0431,Nara Prefecture,248 Dorogawa Tenkawa-mura,,$$$,http://www.tripadvisor.com/Hotel_Review-g1121331-d2035965-Reviews-Iroha_Ryokan-Tenkawa_mura_Yoshino_gun_Nara_Prefecture_Kinki.html
Misenkan,638-0301,Nara Prefecture,"267, Kawaai Tenkawa-mura",,$$,http://www.tripadvisor.com/Hotel_Review-g1121331-d2037641-Reviews-Misenkan-Tenkawa_mura_Yoshino_gun_Nara_Prefecture_Kinki.html
Suirenkan,638-0431,Nara Prefecture,287-2 Dorogawa Tenkawa-mura,,,http://www.tripadvisor.com/Hotel_Review-g1121331-d2041621-Reviews-Suirenkan-Tenkawa_mura_Yoshino_gun_Nara_Prefecture_Kinki.html
Shironodaira Auto Camping Site,638-0431,Nara Prefecture,371-2 Dorogawa Tenkawa-mura,,,http://www.tripadvisor.com/Hotel_Review-g1121331-d4310432-Reviews-Shironodaira_Auto_Camping_Site-Tenkawa_mura_Yoshino_gun_Nara_Prefecture_Kinki.html
Milky Way,638-0321,Nara Prefecture,85 Tsubouchi Tenkawa-mura,,,http://www.tripadvisor.com/Hotel_Review-g1121331-d5288743-Reviews-Milky_Way-Tenkawa_mura_Yoshino_gun_Nara_Prefecture_Kinki.html
Kokoro Tojikan,639-3702,Nara Prefecture,Kotochi Kamikitayama-mura,,,http://www.tripadvisor.com/Hotel_Review-g1121335-d1857454-Reviews-Kokoro_Tojikan-Kamikitayama_mura_Yoshino_gun_Nara_Prefecture_Kinki.html
Hotel Kamikita,639-3701,Nara Prefecture,552-2 Kawai Kamikitayama-mura,,,http://www.tripadvisor.com/Hotel_Review-g1121335-d1877832-Reviews-Hotel_Kamikita-Kamikitayama_mura_Yoshino_gun_Nara_Prefecture_Kinki.html
Taishokan,638-0821,Nara Prefecture,878 Shimobuchi Oyodo-cho,,,http://www.tripadvisor.com/Hotel_Review-g1121328-d1485583-Reviews-Taishokan-Oyodo_cho_Yoshino_gun_Nara_Prefecture_Kinki.html
Shogetsukan,638-0821,Nara Prefecture,172 Shimobuchi Oyodo-cho,,$,http://www.tripadvisor.com/Hotel_Review-g1121328-d1877072-Reviews-Shogetsukan-Oyodo_cho_Yoshino_gun_Nara_Prefecture_Kinki.html
Minshuku Kawarabiso,648-0307,Nara Prefecture,841 Kitaimanishi Nosegawa-mura,,$,http://www.tripadvisor.com/Hotel_Review-g1121332-d1485618-Reviews-Minshuku_Kawarabiso-Nosegawa_mura_Yoshino_gun_Nara_Prefecture_Kinki.html
Hotel Nosegawa,648-0307,Nara Prefecture,426 Kitaimanishi Nosegawa-mura,32,$$,http://www.tripadvisor.com/Hotel_Review-g1121332-d1862194-Reviews-Hotel_Nosegawa-Nosegawa_mura_Yoshino_gun_Nara_Prefecture_Kinki.html
Minshuku Yoshinoya,648-0305,Nara Prefecture,390 Kitamata Nosegawa-mura,,,http://www.tripadvisor.com/Hotel_Review-g1121332-d1877093-Reviews-Minshuku_Yoshinoya-Nosegawa_mura_Yoshino_gun_Nara_Prefecture_Kinki.html
Minshuku Bessho,648-0305,Nara Prefecture,380 Kitamata Nosegawa-mura,,,http://www.tripadvisor.com/Hotel_Review-g1121332-d1877096-Reviews-Minshuku_Bessho-Nosegawa_mura_Yoshino_gun_Nara_Prefecture_Kinki.html
Kaiunsou,648-0304,Nara Prefecture,179-2 Tateri Nosegawa-mura,,,http://www.tripadvisor.com/Hotel_Review-g1121332-d2542141-Reviews-Kaiunsou-Nosegawa_mura_Yoshino_gun_Nara_Prefecture_Kinki.html
Goshikiyu,639-3611,Nara Prefecture,292-33 Shionoha Kawakami-mura,,,http://www.tripadvisor.com/Hotel_Review-g1121336-d1171426-Reviews-Goshikiyu-Kawakami_mura_Yoshino_gun_Nara_Prefecture_Kinki.html
Asahikan,639-3601,Nara Prefecture,154 Kashiwagi Kawakami-mura,,$,http://www.tripadvisor.com/Hotel_Review-g1121336-d1485642-Reviews-Asahikan-Kawakami_mura_Yoshino_gun_Nara_Prefecture_Kinki.html
Suginoyu,639-3553,Nara Prefecture,695 Sako Kawakami-mura,,$$,http://www.tripadvisor.com/Hotel_Review-g1121336-d1790089-Reviews-Suginoyu-Kawakami_mura_Yoshino_gun_Nara_Prefecture_Kinki.html
Kijigamori Yakata,639-3554,Nara Prefecture,1184-1 Takahara Kawakami-mura,,,http://www.tripadvisor.com/Hotel_Review-g1121336-d1877857-Reviews-Kijigamori_Yakata-Kawakami_mura_Yoshino_gun_Nara_Prefecture_Kinki.html
Log Cabin Takahara,639-3554,Nara Prefecture,Takahara Kawakami-mura,,,http://www.tripadvisor.com/Hotel_Review-g1121336-d2026685-Reviews-Log_Cabin_Takahara-Kawakami_mura_Yoshino_gun_Nara_Prefecture_Kinki.html
Hashido,639-3542,Nara Prefecture,695 Nishigawa Kawakami-mura,,,http://www.tripadvisor.com/Hotel_Review-g1121336-d2040090-Reviews-Hashido-Kawakami_mura_Yoshino_gun_Nara_Prefecture_Kinki.html
Yamabatoyu,639-3611,Nara Prefecture,Shionoha Kawakami-mura,,,http://www.tripadvisor.com/Hotel_Review-g1121336-d3661928-Reviews-Yamabatoyu-Kawakami_mura_Yoshino_gun_Nara_Prefecture_Kinki.html
Sengokuso,638-0041,Nara Prefecture,633 Shimoichi Shimoichi-cho,,,http://www.tripadvisor.com/Hotel_Review-g1121329-d2542131-Reviews-Sengokuso-Shimoichi_cho_Yoshino_gun_Nara_Prefecture_Kinki.html
Ichinoyu Hotel,637-1333,Nara Prefecture,223-1 Ohara Totsukawa-mura,,$$$,http://www.tripadvisor.com/Hotel_Review-g1121333-d1124527-Reviews-Ichinoyu_Hotel-Totsukawa_mura_Yoshino_gun_Nara_Prefecture_Kinki.html
Totsukawa Kanko Hotel Sansui,637-1554,Nara Prefecture,946 Hiratani Totsukawa-mura,8,$,http://www.tripadvisor.com/Hotel_Review-g1121333-d1124529-Reviews-Totsukawa_Kanko_Hotel_Sansui-Totsukawa_mura_Yoshino_gun_Nara_Prefecture_Kinki.html
Hotel Subaru,637-1554,Nara Prefecture,909-4 Hiratani Totsukawa-mura,,$$,http://www.tripadvisor.com/Hotel_Review-g1121333-d1124532-Reviews-Hotel_Subaru-Totsukawa_mura_Yoshino_gun_Nara_Prefecture_Kinki.html
Kamiyuso,637-1558 ,Nara Prefecture,220 Detani Totsukawa-mura,,$$,http://www.tripadvisor.com/Hotel_Review-g1121333-d1405690-Reviews-Kamiyuso-Totsukawa_mura_Yoshino_gun_Nara_Prefecture_Kinki.html
Kosenkaku Yoshinoya,637-1554,Nara Prefecture,432 Hiradani Totsukawa-mura,,$$,http://www.tripadvisor.com/Hotel_Review-g1121333-d1598965-Reviews-Kosenkaku_Yoshinoya-Totsukawa_mura_Yoshino_gun_Nara_Prefecture_Kinki.html
Ryokan Uedaya,637-1554,Nara Prefecture,431-9 Hiratani Totsukawa-mura,,$,http://www.tripadvisor.com/Hotel_Review-g1121333-d1862207-Reviews-Ryokan_Uedaya-Totsukawa_mura_Yoshino_gun_Nara_Prefecture_Kinki.html
Totsukawa Onsen Tabanakan,637-1554,Nara Prefecture,459 Hiratani Totsukawa-mura,,$$,http://www.tripadvisor.com/Hotel_Review-g1121333-d1877104-Reviews-Totsukawa_Onsen_Tabanakan-Totsukawa_mura_Yoshino_gun_Nara_Prefecture_Kinki.html
Fuji Ryokan,637-1103,Nara Prefecture,282-1-1 Uenoji Totsukawa-mura,,,http://www.tripadvisor.com/Hotel_Review-g1121333-d1877105-Reviews-Fuji_Ryokan-Totsukawa_mura_Yoshino_gun_Nara_Prefecture_Kinki.html
Totsukawa Onsen Ryokan Hirataniso,637-1554,Nara Prefecture,697-2 Hiratani Totsukawa-mura,,,http://www.tripadvisor.com/Hotel_Review-g1121333-d1877110-Reviews-Totsukawa_Onsen_Ryokan_Hirataniso-Totsukawa_mura_Yoshino_gun_Nara_Prefecture_Kinki.html
Totsukawaso,637-1332,Nara Prefecture,701 Musashi Totsukawa-mura,,$$$,http://www.tripadvisor.com/Hotel_Review-g1121333-d1877113-Reviews-Totsukawaso-Totsukawa_mura_Yoshino_gun_Nara_Prefecture_Kinki.html
Nakamuraya,637-1332,Nara Prefecture,829 Musashi Totsukawa-mura,,,http://www.tripadvisor.com/Hotel_Review-g1121333-d1877116-Reviews-Nakamuraya-Totsukawa_mura_Yoshino_gun_Nara_Prefecture_Kinki.html
Yu no Yado Katayama,637-1333,Nara Prefecture,567 Ohara Totsukawa-mura,,,http://www.tripadvisor.com/Hotel_Review-g1121333-d1877123-Reviews-Yu_no_Yado_Katayama-Totsukawa_mura_Yoshino_gun_Nara_Prefecture_Kinki.html
Yuzanso,637-1554,Nara Prefecture,"693, Hiratani Totsukawa-mura",,,http://www.tripadvisor.com/Hotel_Review-g1121333-d2024003-Reviews-Yuzanso-Totsukawa_mura_Yoshino_gun_Nara_Prefecture_Kinki.html
Matsunoya,637-1554,Nara Prefecture,694 Hiratani Totsukawa-mura,,,http://www.tripadvisor.com/Hotel_Review-g1121333-d2542125-Reviews-Matsunoya-Totsukawa_mura_Yoshino_gun_Nara_Prefecture_Kinki.html
Ebisusou,637-1554,Nara Prefecture,425-1 Hiratani Totsukawa-mura,,,http://www.tripadvisor.com/Hotel_Review-g1121333-d2542128-Reviews-Ebisusou-Totsukawa_mura_Yoshino_gun_Nara_Prefecture_Kinki.html
Ryokan Musashi,637-1332,Nara Prefecture,30-5 Musashi Totsukawa-mura,,,http://www.tripadvisor.com/Hotel_Review-g1121333-d4342087-Reviews-Ryokan_Musashi-Totsukawa_mura_Yoshino_gun_Nara_Prefecture_Kinki.html
Yado Yunosato,637-1332,Nara Prefecture,846 Musashi Totsukawa-mura,,$$$,http://www.tripadvisor.com/Hotel_Review-g1121333-d4342101-Reviews-Yado_Yunosato-Totsukawa_mura_Yoshino_gun_Nara_Prefecture_Kinki.html
Sugigase,633-2421,Nara Prefecture,443 Ogawa Higashiyoshino-mura,,$$$,http://www.tripadvisor.com/Hotel_Review-g1121337-d1485681-Reviews-Sugigase-Higashiyoshino_mura_Yoshino_gun_Nara_Prefecture_Kinki.html
Tenkoen,633-2303,Nara Prefecture,689 Hirano Higashiyoshino-mura,,,http://www.tripadvisor.com/Hotel_Review-g1121337-d2041684-Reviews-Tenkoen-Higashiyoshino_mura_Yoshino_gun_Nara_Prefecture_Kinki.html
Guest Villa,633-2421,Nara Prefecture,876 Ogawa Higashiyoshino-mura,,$$$,http://www.tripadvisor.com/Hotel_Review-g1121337-d2542121-Reviews-Guest_Villa-Higashiyoshino_mura_Yoshino_gun_Nara_Prefecture_Kinki.html
Minshuku Ryokan Masumoto,633-2423,Nara Prefecture,62-1 Kogurisu Higashiyoshino-mura,,$,http://www.tripadvisor.com/Hotel_Review-g1121337-d4341124-Reviews-Minshuku_Ryokan_Masumoto-Higashiyoshino_mura_Yoshino_gun_Nara_Prefecture_Kinki.html
Minshuku Akichan,638-0243,Nara Prefecture,326-3 Dobara Kurotaki-mura,,,http://www.tripadvisor.com/Hotel_Review-g1121330-d1485584-Reviews-Minshuku_Akichan-Kurotaki_mura_Yoshino_gun_Nara_Prefecture_Kinki.html
Morino Koryukan,638-0241,Nara Prefecture,1 Awaidani Kurotaki-mura,,$$,http://www.tripadvisor.com/Hotel_Review-g1121330-d4341074-Reviews-Morino_Koryukan-Kurotaki_mura_Yoshino_gun_Nara_Prefecture_Kinki.html
Onakaboh,639-3809,Nara Prefecture,30 Zenki Shimokitayama-mura,,,http://www.tripadvisor.com/Hotel_Review-g1121334-d1451275-Reviews-Onakaboh-Shimokitayama_mura_Yoshino_gun_Nara_Prefecture_Kinki.html
Shimokitayama Sports Park,639-3805,Nara Prefecture,1026 Kamiikehara Shimokitayama-mura,,$,http://www.tripadvisor.com/Hotel_Review-g1121334-d1877825-Reviews-Shimokitayama_Sports_Park-Shimokitayama_mura_Yoshino_gun_Nara_Prefecture_Kinki.html
