International Minshuku Kokage,874-0935　,Oita Prefecture,8-9 Ekimae-cho Beppu,,$,http://www.tripadvisor.com/Hotel_Review-g298219-d302515-Reviews-International_Minshuku_Kokage-Beppu_Oita_Prefecture_Kyushu_Okinawa.html
Business Hotel Kagetsu,874-0909 ,Oita Prefecture,7-22 Tanoyu-cho Beppu,,$,http://www.tripadvisor.com/Hotel_Review-g298219-d320308-Reviews-Business_Hotel_Kagetsu-Beppu_Oita_Prefecture_Kyushu_Okinawa.html
Kannawaen,874-0045,Oita Prefecture,6-kumi Miyuki Beppu,,$$$,http://www.tripadvisor.com/Hotel_Review-g298219-d320309-Reviews-Kannawaen-Beppu_Oita_Prefecture_Kyushu_Okinawa.html
Sakaeya,874-0043,Oita Prefecture,Kannawa Ida 2-kumi Beppu,,$,http://www.tripadvisor.com/Hotel_Review-g298219-d320310-Reviews-Sakaeya-Beppu_Oita_Prefecture_Kyushu_Okinawa.html
Suginoi Hotel,874-0822,Oita Prefecture,1 Kankaiji Beppu,592,$$,http://www.tripadvisor.com/Hotel_Review-g298219-d320314-Reviews-Suginoi_Hotel-Beppu_Oita_Prefecture_Kyushu_Okinawa.html
Kijima Kogen Hotel,874-8666 ,Oita Prefecture,123 Kijima Beppu,71,$$,http://www.tripadvisor.com/Hotel_Review-g298219-d483612-Reviews-Kijima_Kogen_Hotel-Beppu_Oita_Prefecture_Kyushu_Okinawa.html
Sun Seaside Hotel,874-0920 ,Oita Prefecture,2-14-35 Kitahama Beppu,,,http://www.tripadvisor.com/Hotel_Review-g298219-d505997-Reviews-Sun_Seaside_Hotel-Beppu_Oita_Prefecture_Kyushu_Okinawa.html
Nogamihonkan Ryokan,874-0920,Oita Prefecture,1-12-1 Kitahama Beppu,31,$,http://www.tripadvisor.com/Hotel_Review-g298219-d553831-Reviews-Nogamihonkan_Ryokan-Beppu_Oita_Prefecture_Kyushu_Okinawa.html
Hotel Sea Wave Beppu,874-0935,Oita Prefecture,12-8 Ekimaecho Beppu,91,$,http://www.tripadvisor.com/Hotel_Review-g298219-d628337-Reviews-Hotel_Sea_Wave_Beppu-Beppu_Oita_Prefecture_Kyushu_Okinawa.html
Hotel New Tsuruta,874-0920,Oita Prefecture,1-14-15 Kitahama Beppu,60,$,http://www.tripadvisor.com/Hotel_Review-g298219-d652708-Reviews-Hotel_New_Tsuruta-Beppu_Oita_Prefecture_Kyushu_Okinawa.html
Hotel Shirasagi,874-0920,Oita Prefecture,3-11-25 Kitahama Beppu,,,http://www.tripadvisor.com/Hotel_Review-g298219-d666420-Reviews-Hotel_Shirasagi-Beppu_Oita_Prefecture_Kyushu_Okinawa.html
Ryokan Sueyoshi,874-0920,Oita Prefecture,2-12-9 Kitahama Beppu,,$,http://www.tripadvisor.com/Hotel_Review-g298219-d673809-Reviews-Ryokan_Sueyoshi-Beppu_Oita_Prefecture_Kyushu_Okinawa.html
Beppu Kamenoi Hotel,874-0936,Oita Prefecture,5-17 Chuo Machi Beppu,322,$,http://www.tripadvisor.com/Hotel_Review-g298219-d803313-Reviews-Beppu_Kamenoi_Hotel-Beppu_Oita_Prefecture_Kyushu_Okinawa.html
Beppu Daiiti Hotel,874-0933,Oita Prefecture,2-40 Noguchimotomachi Beppu,47,$,http://www.tripadvisor.com/Hotel_Review-g298219-d1078011-Reviews-Beppu_Daiiti_Hotel-Beppu_Oita_Prefecture_Kyushu_Okinawa.html
Beppu Hotel Seifu,874-0920,Oita Prefecture,2-12-21 Kitahama Beppu,161,$,http://www.tripadvisor.com/Hotel_Review-g298219-d1078018-Reviews-Beppu_Hotel_Seifu-Beppu_Oita_Prefecture_Kyushu_Okinawa.html
Good Inn Beppu,874-0945,Oita Prefecture,10 Hamamachi Beppu,210,$,http://www.tripadvisor.com/Hotel_Review-g298219-d1078023-Reviews-Good_Inn_Beppu-Beppu_Oita_Prefecture_Kyushu_Okinawa.html
Hotel Fujiyoshi,874-0933,Oita Prefecture,1-3 Noguchimotomachi Beppu,88,$,http://www.tripadvisor.com/Hotel_Review-g298219-d1078027-Reviews-Hotel_Fujiyoshi-Beppu_Oita_Prefecture_Kyushu_Okinawa.html
Hotel Hosenkaku,874-0920,Oita Prefecture,3-10-23 Kitahama Beppu,,$$,http://www.tripadvisor.com/Hotel_Review-g298219-d1078031-Reviews-Hotel_Hosenkaku-Beppu_Oita_Prefecture_Kyushu_Okinawa.html
Hotel Koraku,874-0920,Oita Prefecture,3-13-21 Kitahama Beppu,38,$,http://www.tripadvisor.com/Hotel_Review-g298219-d1078056-Reviews-Hotel_Koraku-Beppu_Oita_Prefecture_Kyushu_Okinawa.html
Hotel Sun Valley,874-0919,Oita Prefecture,10-2-33 Ishigakihigashi Beppu,95,$,http://www.tripadvisor.com/Hotel_Review-g298219-d1078060-Reviews-Hotel_Sun_Valley-Beppu_Oita_Prefecture_Kyushu_Okinawa.html
Hotel Sun Valley Annex,874-0919,Oita Prefecture,10-1-20 Ishigakihigashi Beppu,150,$,http://www.tripadvisor.com/Hotel_Review-g298219-d1078063-Reviews-Hotel_Sun_Valley_Annex-Beppu_Oita_Prefecture_Kyushu_Okinawa.html
Hotel Sansuikan,874-0844,Oita Prefecture,628-1 Tsurumi Beppu,,$$$,http://www.tripadvisor.com/Hotel_Review-g298219-d1078125-Reviews-Hotel_Sansuikan-Beppu_Oita_Prefecture_Kyushu_Okinawa.html
Hotel Shiragiku,874-0908,Oita Prefecture,16-36 Kamitanoyumachi Beppu,115,$$,http://www.tripadvisor.com/Hotel_Review-g298219-d1078158-Reviews-Hotel_Shiragiku-Beppu_Oita_Prefecture_Kyushu_Okinawa.html
Seaside Hotel Mimatsu OOETEI,874-0920,Oita Prefecture,3-14-17 Kitahama Beppu,,$$,http://www.tripadvisor.com/Hotel_Review-g298219-d1078180-Reviews-Seaside_Hotel_Mimatsu_OOETEI-Beppu_Oita_Prefecture_Kyushu_Okinawa.html
Seikai,874-0023,Oita Prefecture,6-24 Shoningahamacho Beppu,48,$$$,http://www.tripadvisor.com/Hotel_Review-g298219-d1078181-Reviews-Seikai-Beppu_Oita_Prefecture_Kyushu_Okinawa.html
Tenjuso,874-0904,Oita Prefecture,"6 kumi, Minamisoencho Beppu",,,http://www.tripadvisor.com/Hotel_Review-g298219-d1078187-Reviews-Tenjuso-Beppu_Oita_Prefecture_Kyushu_Okinawa.html
Seikaiso,874-0920,Oita Prefecture,3-14-3 Kitahama Beppu,28,$$,http://www.tripadvisor.com/Hotel_Review-g298219-d1078190-Reviews-Seikaiso-Beppu_Oita_Prefecture_Kyushu_Okinawa.html
Bokai,874-0920,Oita Prefecture,3-8-7 Kitahama Beppu,,$$,http://www.tripadvisor.com/Hotel_Review-g298219-d1078218-Reviews-Bokai-Beppu_Oita_Prefecture_Kyushu_Okinawa.html
Takenoi,874-0920,Oita Prefecture,3-10-26 Kitahama Beppu,,$$,http://www.tripadvisor.com/Hotel_Review-g298219-d1078223-Reviews-Takenoi-Beppu_Oita_Prefecture_Kyushu_Okinawa.html
Nagomitsuki,874-0032 ,Oita Prefecture,11-18 Shonin Honmachi Beppu,12,$$,http://www.tripadvisor.com/Hotel_Review-g298219-d1083099-Reviews-Nagomitsuki-Beppu_Oita_Prefecture_Kyushu_Okinawa.html
Beppu Station Hotel,874-0935 ,Oita Prefecture,13-4 Ekimaecho Beppu,57,$,http://www.tripadvisor.com/Hotel_Review-g298219-d1083105-Reviews-Beppu_Station_Hotel-Beppu_Oita_Prefecture_Kyushu_Okinawa.html
Tsurumiso,874-0909 ,Oita Prefecture,13-13 Tanoyumachi Beppu,,,http://www.tripadvisor.com/Hotel_Review-g298219-d1083107-Reviews-Tsurumiso-Beppu_Oita_Prefecture_Kyushu_Okinawa.html
Miyukiya,874-0042,Oita Prefecture,6-kumi Kannawa Higashi Beppu,,$,http://www.tripadvisor.com/Hotel_Review-g298219-d1083111-Reviews-Miyukiya-Beppu_Oita_Prefecture_Kyushu_Okinawa.html
Beppu Fujikan Hotel,874-0925 ,Oita Prefecture,13-21 Wakakusacho Beppu,,$,http://www.tripadvisor.com/Hotel_Review-g298219-d1083114-Reviews-Beppu_Fujikan_Hotel-Beppu_Oita_Prefecture_Kyushu_Okinawa.html
Beppu Showaen,874-0820 ,Oita Prefecture,3783-1 Otobaru Beppu,,$$$$,http://www.tripadvisor.com/Hotel_Review-g298219-d1083119-Reviews-Beppu_Showaen-Beppu_Oita_Prefecture_Kyushu_Okinawa.html
Chobonoyado Shiori,874-0839 ,Oita Prefecture,2218-5 Minami Tateishi Beppu,,$$,http://www.tripadvisor.com/Hotel_Review-g298219-d1083120-Reviews-Chobonoyado_Shiori-Beppu_Oita_Prefecture_Kyushu_Okinawa.html
Hanabishi Hotel,874-0920 ,Oita Prefecture,2-14-29 Kitahama Beppu,143,$,http://www.tripadvisor.com/Hotel_Review-g298219-d1083121-Reviews-Hanabishi_Hotel-Beppu_Oita_Prefecture_Kyushu_Okinawa.html
Mutsuki,874-0842 ,Oita Prefecture,3-kumi Ogura Beppu,,$$,http://www.tripadvisor.com/Hotel_Review-g298219-d1083122-Reviews-Mutsuki-Beppu_Oita_Prefecture_Kyushu_Okinawa.html
Spa Hostel Khaosan Beppu Hamayu,874-0920 ,Oita Prefecture,3-3-10 Kitahama Beppu,20,$,http://www.tripadvisor.com/Hotel_Review-g298219-d1083124-Reviews-Spa_Hostel_Khaosan_Beppu_Hamayu-Beppu_Oita_Prefecture_Kyushu_Okinawa.html
Kannawa Bettei,874-0844 ,Oita Prefecture,1-kumi Honome Beppu,48,$$$$,http://www.tripadvisor.com/Hotel_Review-g298219-d1083126-Reviews-Kannawa_Bettei-Beppu_Oita_Prefecture_Kyushu_Okinawa.html
Hozanso Annex,874-0842,Oita Prefecture,1 Ogura 4-kumi Beppu,,,http://www.tripadvisor.com/Hotel_Review-g298219-d1083133-Reviews-Hozanso_Annex-Beppu_Oita_Prefecture_Kyushu_Okinawa.html
Zuikoji Otani Kaikan,874-0045 ,Oita Prefecture,Kannawa Miyuki 3-kumi Beppu,,$,http://www.tripadvisor.com/Hotel_Review-g298219-d1083134-Reviews-Zuikoji_Otani_Kaikan-Beppu_Oita_Prefecture_Kyushu_Okinawa.html
Zekkeinoyado Sakuratei,874-0046 ,Oita Prefecture,1063-1 Kannawakami Beppu,,$,http://www.tripadvisor.com/Hotel_Review-g298219-d1083137-Reviews-Zekkeinoyado_Sakuratei-Beppu_Oita_Prefecture_Kyushu_Okinawa.html
Kapporyokan Yumesaki,874-0826 ,Oita Prefecture,1 Minami Tateishi Ikku 5-kumi Beppu,,$$$,http://www.tripadvisor.com/Hotel_Review-g298219-d1083157-Reviews-Kapporyokan_Yumesaki-Beppu_Oita_Prefecture_Kyushu_Okinawa.html
Irifuneso,874-0043 ,Oita Prefecture,760 Kannawa Ita 1-kumi Beppu,,$,http://www.tripadvisor.com/Hotel_Review-g298219-d1083162-Reviews-Irifuneso-Beppu_Oita_Prefecture_Kyushu_Okinawa.html
Ryokan Miyoshi Besso,874-0041 ,Oita Prefecture,Kannawa Kami 6-kumi Beppu,,$,http://www.tripadvisor.com/Hotel_Review-g298219-d1083163-Reviews-Ryokan_Miyoshi_Besso-Beppu_Oita_Prefecture_Kyushu_Okinawa.html
Yukemurinosato Azumaya,874-0046 ,Oita Prefecture,1029-1 Kannawakami Beppu,,$$,http://www.tripadvisor.com/Hotel_Review-g298219-d1083168-Reviews-Yukemurinosato_Azumaya-Beppu_Oita_Prefecture_Kyushu_Okinawa.html
Mikasaya,874-0043　,Oita Prefecture,1 Kannawqa Ida Beppu,,$,http://www.tripadvisor.com/Hotel_Review-g298219-d1083176-Reviews-Mikasaya-Beppu_Oita_Prefecture_Kyushu_Okinawa.html
Tojinoyado Daikokuya,874-0046 ,Oita Prefecture,3 Kannawa Kami Beppu,,$,http://www.tripadvisor.com/Hotel_Review-g298219-d1083178-Reviews-Tojinoyado_Daikokuya-Beppu_Oita_Prefecture_Kyushu_Okinawa.html
Marugamiya,874-0045 ,Oita Prefecture,Kannawa Miyuki 4-kumi Beppu,,$,http://www.tripadvisor.com/Hotel_Review-g298219-d1083183-Reviews-Marugamiya-Beppu_Oita_Prefecture_Kyushu_Okinawa.html
Hozanso,874-0842 ,Oita Prefecture,1 Ogura 4-kumi Beppu,10,$,http://www.tripadvisor.com/Hotel_Review-g298219-d1083303-Reviews-Hozanso-Beppu_Oita_Prefecture_Kyushu_Okinawa.html
Hotel Fuyo Club,874-0831 ,Oita Prefecture,1 Horita 7-kumi Beppu,,$$,http://www.tripadvisor.com/Hotel_Review-g298219-d1083307-Reviews-Hotel_Fuyo_Club-Beppu_Oita_Prefecture_Kyushu_Okinawa.html
Beppu Guest House,874-0935 ,Oita Prefecture,1-12 Ekimaecho Beppu,,$,http://www.tripadvisor.com/Hotel_Review-g298219-d1083312-Reviews-Beppu_Guest_House-Beppu_Oita_Prefecture_Kyushu_Okinawa.html
Chikuzenya Sanso,874-0042 ,Oita Prefecture,5 Kannawahigashi 10-kumi Beppu,,$,http://www.tripadvisor.com/Hotel_Review-g298219-d1083315-Reviews-Chikuzenya_Sanso-Beppu_Oita_Prefecture_Kyushu_Okinawa.html
Okamotoya,874-0843 ,Oita Prefecture,Myoban 4-kumi Beppu,16,$$$,http://www.tripadvisor.com/Hotel_Review-g298219-d1083316-Reviews-Okamotoya-Beppu_Oita_Prefecture_Kyushu_Okinawa.html
Ryokan Hikariso,874-0920 ,Oita Prefecture,3-5-16 Kitahama Beppu,,,http://www.tripadvisor.com/Hotel_Review-g298219-d1083318-Reviews-Ryokan_Hikariso-Beppu_Oita_Prefecture_Kyushu_Okinawa.html
Yasuraginoyado Yufu,874-0041 ,Oita Prefecture,4-2 Kannawa Higashi Beppu,,$$,http://www.tripadvisor.com/Hotel_Review-g298219-d1083320-Reviews-Yasuraginoyado_Yufu-Beppu_Oita_Prefecture_Kyushu_Okinawa.html
Ryokan Manrikiya,874-0044 ,Oita Prefecture,Kannawa Furomoto 6-kumi Beppu,,$$$,http://www.tripadvisor.com/Hotel_Review-g298219-d1083321-Reviews-Ryokan_Manrikiya-Beppu_Oita_Prefecture_Kyushu_Okinawa.html
Shinkiya Ryokan,874-0044 ,Oita Prefecture,2 Kannawa Furomoto Beppu,,$,http://www.tripadvisor.com/Hotel_Review-g298219-d1083356-Reviews-Shinkiya_Ryokan-Beppu_Oita_Prefecture_Kyushu_Okinawa.html
Ryotei Matsubaya,874-0822 ,Oita Prefecture,2471 Kankaiji Beppu,,$$,http://www.tripadvisor.com/Hotel_Review-g298219-d1083365-Reviews-Ryotei_Matsubaya-Beppu_Oita_Prefecture_Kyushu_Okinawa.html
Iyashinosato GI,874-0023 ,Oita Prefecture,5-21 Shoningahama Beppu,,$$,http://www.tripadvisor.com/Hotel_Review-g298219-d1083371-Reviews-Iyashinosato_GI-Beppu_Oita_Prefecture_Kyushu_Okinawa.html
Rinkai,874-0920 ,Oita Prefecture,3-10-15 Kitahama Beppu,,$,http://www.tripadvisor.com/Hotel_Review-g298219-d1083378-Reviews-Rinkai-Beppu_Oita_Prefecture_Kyushu_Okinawa.html
Ryokan Masaya,874-0844 ,Oita Prefecture,3 Kannawa Honome Beppu,,$$,http://www.tripadvisor.com/Hotel_Review-g298219-d1083416-Reviews-Ryokan_Masaya-Beppu_Oita_Prefecture_Kyushu_Okinawa.html
Matsuya Bekkan,874-0043 ,Oita Prefecture,3 Kannawa Ida Beppu,,,http://www.tripadvisor.com/Hotel_Review-g298219-d1083420-Reviews-Matsuya_Bekkan-Beppu_Oita_Prefecture_Kyushu_Okinawa.html
Bettei Haruki,874-0920　,Oita Prefecture,4-kumi Shinbeppu Beppu,6,$$$,http://www.tripadvisor.com/Hotel_Review-g298219-d1083426-Reviews-Bettei_Haruki-Beppu_Oita_Prefecture_Kyushu_Okinawa.html
Kannawa Yunoka,874-0045 ,Oita Prefecture,4-kumi Miyuki Beppu,,$,http://www.tripadvisor.com/Hotel_Review-g298219-d1083427-Reviews-Kannawa_Yunoka-Beppu_Oita_Prefecture_Kyushu_Okinawa.html
Hotel Nagisa,874-0920 ,Oita Prefecture,3-10-10 Kitahama Beppu,,$,http://www.tripadvisor.com/Hotel_Review-g298219-d1083451-Reviews-Hotel_Nagisa-Beppu_Oita_Prefecture_Kyushu_Okinawa.html
Hotel Umine,874-0920 ,Oita Prefecture,3-8-3 Kitahama Beppu,20,$$,http://www.tripadvisor.com/Hotel_Review-g298219-d1083456-Reviews-Hotel_Umine-Beppu_Oita_Prefecture_Kyushu_Okinawa.html
Hotel Yuhi,874-0920 ,Oita Prefecture,2-13-11 Kitahama Beppu,,$,http://www.tripadvisor.com/Hotel_Review-g298219-d1083459-Reviews-Hotel_Yuhi-Beppu_Oita_Prefecture_Kyushu_Okinawa.html
Chikushin,874-0041 ,Oita Prefecture,250-1 Oaza Kannawa Beppu,,$$,http://www.tripadvisor.com/Hotel_Review-g298219-d1083485-Reviews-Chikushin-Beppu_Oita_Prefecture_Kyushu_Okinawa.html
Hotel Arthur,874-0920 ,Oita Prefecture,1-2-5 Kitahama Beppu,118,$,http://www.tripadvisor.com/Hotel_Review-g298219-d1083486-Reviews-Hotel_Arthur-Beppu_Oita_Prefecture_Kyushu_Okinawa.html
Hotel Beppu Pastoral,874-0836 ,Oita Prefecture,4 Higashi Soencho 1-chome Beppu,,$$,http://www.tripadvisor.com/Hotel_Review-g298219-d1083488-Reviews-Hotel_Beppu_Pastoral-Beppu_Oita_Prefecture_Kyushu_Okinawa.html
Hotel Aile,874-0920 ,Oita Prefecture,2-14-35 Kitahama Beppu,52,$,http://www.tripadvisor.com/Hotel_Review-g298219-d1083490-Reviews-Hotel_Aile-Beppu_Oita_Prefecture_Kyushu_Okinawa.html
Hotel Fugetsu Hammond,874-0845 ,Oita Prefecture,1-kumi Tsurumi Kitaju Beppu,96,$$,http://www.tripadvisor.com/Hotel_Review-g298219-d1083493-Reviews-Hotel_Fugetsu_Hammond-Beppu_Oita_Prefecture_Kyushu_Okinawa.html
Umikaoru Yado Hotel New Matsumi,874-0920 ,Oita Prefecture,3-14-8 Kitahama Beppu,35,$$,http://www.tripadvisor.com/Hotel_Review-g298219-d1083498-Reviews-Umikaoru_Yado_Hotel_New_Matsumi-Beppu_Oita_Prefecture_Kyushu_Okinawa.html
Hotel Sansenkaku,874-0920 ,Oita Prefecture,3-6-23 Kitahama Beppu,,$,http://www.tripadvisor.com/Hotel_Review-g298219-d1083548-Reviews-Hotel_Sansenkaku-Beppu_Oita_Prefecture_Kyushu_Okinawa.html
Kappo Ryokan Momiya,874-0908,Oita Prefecture,5-22 Kamitano Yumachi Beppu,,$$$$,http://www.tripadvisor.com/Hotel_Review-g298219-d1083554-Reviews-Kappo_Ryokan_Momiya-Beppu_Oita_Prefecture_Kyushu_Okinawa.html
Kurodaya,874-0045,Oita Prefecture,Kannawa Miyuki 3-kumi Beppu,50,$$,http://www.tripadvisor.com/Hotel_Review-g298219-d1083567-Reviews-Kurodaya-Beppu_Oita_Prefecture_Kyushu_Okinawa.html
Nishitetsu Resort Inn Beppu,874-0920 ,Oita Prefecture,2-10-4 Kitahama Beppu,186,$,http://www.tripadvisor.com/Hotel_Review-g298219-d1083572-Reviews-Nishitetsu_Resort_Inn_Beppu-Beppu_Oita_Prefecture_Kyushu_Okinawa.html
Oniyama Hotel,874-0045 ,Oita Prefecture,335-1 Kannawa Beppu,93,$$,http://www.tripadvisor.com/Hotel_Review-g298219-d1083575-Reviews-Oniyama_Hotel-Beppu_Oita_Prefecture_Kyushu_Okinawa.html
Resorpia Beppu,874-0831 ,Oita Prefecture,7-1 Horita Beppu,57,$,http://www.tripadvisor.com/Hotel_Review-g298219-d1083580-Reviews-Resorpia_Beppu-Beppu_Oita_Prefecture_Kyushu_Okinawa.html
Beppu Hamarikyu,874-0929 ,Oita Prefecture,5-30 Minami Matogahama-cho Beppu,,$,http://www.tripadvisor.com/Hotel_Review-g298219-d1083585-Reviews-Beppu_Hamarikyu-Beppu_Oita_Prefecture_Kyushu_Okinawa.html
Yunosato Hayama,874-0840 ,Oita Prefecture,122-5 Tsurumi Beppu,,$$$,http://www.tripadvisor.com/Hotel_Review-g298219-d1083587-Reviews-Yunosato_Hayama-Beppu_Oita_Prefecture_Kyushu_Okinawa.html
Tsuruya Ryokan,874-0044,Oita Prefecture,Kannawa Furomoto 2kumi Beppu,,,http://www.tripadvisor.com/Hotel_Review-g298219-d1083588-Reviews-Tsuruya_Ryokan-Beppu_Oita_Prefecture_Kyushu_Okinawa.html
Business Hotel Matsumi,874-0934,Oita Prefecture,6-28 Ekimaehonmachi Beppu,,,http://www.tripadvisor.com/Hotel_Review-g298219-d1091976-Reviews-Business_Hotel_Matsumi-Beppu_Oita_Prefecture_Kyushu_Okinawa.html
Business Hotel Star,874-0909,Oita Prefecture,10-29 Tanoyumachi Beppu,,$,http://www.tripadvisor.com/Hotel_Review-g298219-d1092008-Reviews-Business_Hotel_Star-Beppu_Oita_Prefecture_Kyushu_Okinawa.html
Hotel Turumi,874-0045,Oita Prefecture,3-Kumi Miyuki Beppu,,$,http://www.tripadvisor.com/Hotel_Review-g298219-d1092012-Reviews-Hotel_Turumi-Beppu_Oita_Prefecture_Kyushu_Okinawa.html
Hotel Sumiyoshi,874-0014,Oita Prefecture,6-23 Kamegawahamada-machi Beppu,,,http://www.tripadvisor.com/Hotel_Review-g298219-d1092013-Reviews-Hotel_Sumiyoshi-Beppu_Oita_Prefecture_Kyushu_Okinawa.html
Hotel Yamato,874-0044,Oita Prefecture,228 Furomoto Beppu,,,http://www.tripadvisor.com/Hotel_Review-g298219-d1092017-Reviews-Hotel_Yamato-Beppu_Oita_Prefecture_Kyushu_Okinawa.html
Yamada Bessou,874-0920,Oita Prefecture,3-2-18 Kitahama Beppu,8,$,http://www.tripadvisor.com/Hotel_Review-g298219-d1105298-Reviews-Yamada_Bessou-Beppu_Oita_Prefecture_Kyushu_Okinawa.html
Miharashikan,874-0042,Oita Prefecture,4 Kannawa Higashi Beppu,,$,http://www.tripadvisor.com/Hotel_Review-g298219-d1105303-Reviews-Miharashikan-Beppu_Oita_Prefecture_Kyushu_Okinawa.html
Asahiya,874-0043,Oita Prefecture,1-kumi Ida Beppu,,$$,http://www.tripadvisor.com/Hotel_Review-g298219-d1105306-Reviews-Asahiya-Beppu_Oita_Prefecture_Kyushu_Okinawa.html
Kappo Ryokan Sekiya,874-0920,Oita Prefecture,3-11-11 Kitahama Beppu,,$,http://www.tripadvisor.com/Hotel_Review-g298219-d1105316-Reviews-Kappo_Ryokan_Sekiya-Beppu_Oita_Prefecture_Kyushu_Okinawa.html
Kappo Ryokan Sennari,874-0933,Oita Prefecture,2-18 Noguchi Motomachi Beppu,,$$,http://www.tripadvisor.com/Hotel_Review-g298219-d1105320-Reviews-Kappo_Ryokan_Sennari-Beppu_Oita_Prefecture_Kyushu_Okinawa.html
Arc Inn Matsumi,874-0920,Oita Prefecture,1-3-11 Kitahama Beppu,,$,http://www.tripadvisor.com/Hotel_Review-g298219-d1109367-Reviews-Arc_Inn_Matsumi-Beppu_Oita_Prefecture_Kyushu_Okinawa.html
Aratama Ryokan,874-0947,Oita Prefecture,2-1-13 Hamawaki Beppu,,$,http://www.tripadvisor.com/Hotel_Review-g298219-d1109379-Reviews-Aratama_Ryokan-Beppu_Oita_Prefecture_Kyushu_Okinawa.html
Annex Matsumi,874-0909,Oita Prefecture,7-28 Tanoyumachi Beppu,,$,http://www.tripadvisor.com/Hotel_Review-g298219-d1109387-Reviews-Annex_Matsumi-Beppu_Oita_Prefecture_Kyushu_Okinawa.html
Kiraku,874-0045,Oita Prefecture,Kannawa Miyuki 4-kumi Beppu,,$,http://www.tripadvisor.com/Hotel_Review-g298219-d1109391-Reviews-Kiraku-Beppu_Oita_Prefecture_Kyushu_Okinawa.html
Yumoto Kanawa,874-0045,Oita Prefecture,648 Miyuki 3-kumi Beppu,,$$,http://www.tripadvisor.com/Hotel_Review-g298219-d1109396-Reviews-Yumoto_Kanawa-Beppu_Oita_Prefecture_Kyushu_Okinawa.html
Ebisuya Ryokan,874-0843,Oita Prefecture,1220 Myoban Beppu,,$,http://www.tripadvisor.com/Hotel_Review-g298219-d1109406-Reviews-Ebisuya_Ryokan-Beppu_Oita_Prefecture_Kyushu_Okinawa.html
Kamenoi Hotel Oita Tsukumi,879-2441,Oita Prefecture,760-120 Chuomachi Tsukumi,127,$,http://www.tripadvisor.com/Hotel_Review-g1023436-d1077552-Reviews-Kamenoi_Hotel_Oita_Tsukumi-Tsukumi_Oita_Prefecture_Kyushu_Okinawa.html
Business Hotel Kyugetsu,879-2413,Oita Prefecture,3825-92 Tsukumiura Tsukumi,,$,http://www.tripadvisor.com/Hotel_Review-g1023436-d1569840-Reviews-Business_Hotel_Kyugetsu-Tsukumi_Oita_Prefecture_Kyushu_Okinawa.html
Yufuin Tamanoyu,879-5102,Oita Prefecture,"2731-1 Kawakami, Yufuin-cho Yufu",15,$$$$,http://www.tripadvisor.com/Hotel_Review-g1023445-d325884-Reviews-Yufuin_Tamanoyu-Yufu_Oita_Prefecture_Kyushu_Okinawa.html
Sanso Murata,897-5102,Oita Prefecture,1264-2 Yufuincho Kawakami Yufu,12,$$$$,http://www.tripadvisor.com/Hotel_Review-g1023445-d787957-Reviews-Sanso_Murata-Yufu_Oita_Prefecture_Kyushu_Okinawa.html
Yufuin Villa House M,879-5102,Oita Prefecture,434-64 Yufuinchokawakami Yufu,,$$,http://www.tripadvisor.com/Hotel_Review-g1023445-d1077555-Reviews-Yufuin_Villa_House_M-Yufu_Oita_Prefecture_Kyushu_Okinawa.html
Hananosho,879-5102,Oita Prefecture,2900-5 Yufuinchokawakami Yufu,50,$$$,http://www.tripadvisor.com/Hotel_Review-g1023445-d1077556-Reviews-Hananosho-Yufu_Oita_Prefecture_Kyushu_Okinawa.html
Yawaraginosato Yadoya,879-5102,Oita Prefecture,2717-5 Yufuincho Kawakami Yufu,,$$,http://www.tripadvisor.com/Hotel_Review-g1023445-d1077557-Reviews-Yawaraginosato_Yadoya-Yufu_Oita_Prefecture_Kyushu_Okinawa.html
Ikkoten,879-5102,Oita Prefecture,302-7 Yufuincho Kawakami Yufu,,$$$$,http://www.tripadvisor.com/Hotel_Review-g1023445-d1077558-Reviews-Ikkoten-Yufu_Oita_Prefecture_Kyushu_Okinawa.html
Kurabi,879-5102,Oita Prefecture,442-22 Yufuincho Kawakami Yufu,,,http://www.tripadvisor.com/Hotel_Review-g1023445-d1091876-Reviews-Kurabi-Yufu_Oita_Prefecture_Kyushu_Okinawa.html
Minshuku/Sansou Kirinosato,879-5103,Oita Prefecture,1607-2 Yufuinchokawaminami Yufu,,,http://www.tripadvisor.com/Hotel_Review-g1023445-d1091879-Reviews-Minshuku_Sansou_Kirinosato-Yufu_Oita_Prefecture_Kyushu_Okinawa.html
Sankoen,879-5103,Oita Prefecture,1723 Kawaminami Yufuin-cho Yufu,,$$,http://www.tripadvisor.com/Hotel_Review-g1023445-d1091884-Reviews-Sankoen-Yufu_Oita_Prefecture_Kyushu_Okinawa.html
Sabitei Shosen,879-5102,Oita Prefecture,1272-88 Kawakami Yufuincho Yufu,,,http://www.tripadvisor.com/Hotel_Review-g1023445-d1091888-Reviews-Sabitei_Shosen-Yufu_Oita_Prefecture_Kyushu_Okinawa.html
Yufuin Yasuha,879-5102,Oita Prefecture,1270-48 Yufuinchokawakami Yufu,,$$$,http://www.tripadvisor.com/Hotel_Review-g1023445-d1092129-Reviews-Yufuin_Yasuha-Yufu_Oita_Prefecture_Kyushu_Okinawa.html
Shoyanoyakata,879-5102,Oita Prefecture,444-3 Yufuinchokawakami Yufu,,$$$,http://www.tripadvisor.com/Hotel_Review-g1023445-d1092499-Reviews-Shoyanoyakata-Yufu_Oita_Prefecture_Kyushu_Okinawa.html
Yufuin river side hotel,879-5102,Oita Prefecture,788-2 Yufuincho Kawakami Yufu,,,http://www.tripadvisor.com/Hotel_Review-g1023445-d1092502-Reviews-Yufuin_river_side_hotel-Yufu_Oita_Prefecture_Kyushu_Okinawa.html
Kikuya,879-5102,Oita Prefecture,3535-5 Yufuinchokawakami Yufu,18,$$,http://www.tripadvisor.com/Hotel_Review-g1023445-d1092507-Reviews-Kikuya-Yufu_Oita_Prefecture_Kyushu_Okinawa.html
Musouen,879-5103,Oita Prefecture,1251-1 Yufuincho Kawaminami Yufu,,$$$,http://www.tripadvisor.com/Hotel_Review-g1023445-d1092510-Reviews-Musouen-Yufu_Oita_Prefecture_Kyushu_Okinawa.html
Jonoyu,879-5102,Oita Prefecture,2915-15 Yufuincho Kawakami Yufu,,$,http://www.tripadvisor.com/Hotel_Review-g1023445-d1092513-Reviews-Jonoyu-Yufu_Oita_Prefecture_Kyushu_Okinawa.html
Hanamura,879-5102,Oita Prefecture,3015-1 Yufuinchokawakami Yufu,,$$$,http://www.tripadvisor.com/Hotel_Review-g1023445-d1092517-Reviews-Hanamura-Yufu_Oita_Prefecture_Kyushu_Okinawa.html
Yufunogo Saigakukan,879-5102,Oita Prefecture,2378-1 Yufuincho Kawakami Yufu,,$$$,http://www.tripadvisor.com/Hotel_Review-g1023445-d1092519-Reviews-Yufunogo_Saigakukan-Yufu_Oita_Prefecture_Kyushu_Okinawa.html
Shuhokan,879-5102,Oita Prefecture,2415-2 Yufuincho_Kawakami Yufu,46,$$,http://www.tripadvisor.com/Hotel_Review-g1023445-d1092525-Reviews-Shuhokan-Yufu_Oita_Prefecture_Kyushu_Okinawa.html
Mebaeso,879-5103,Oita Prefecture,249-1 Yufuincho Kawaminami Yufu,,$$$,http://www.tripadvisor.com/Hotel_Review-g1023445-d1092531-Reviews-Mebaeso-Yufu_Oita_Prefecture_Kyushu_Okinawa.html
Hotel Yourin,879-5103,Oita Prefecture,1251-1 Yufuinchokawaminami Yufu,,,http://www.tripadvisor.com/Hotel_Review-g1023445-d1092535-Reviews-Hotel_Yourin-Yufu_Oita_Prefecture_Kyushu_Okinawa.html
Onjuku Yagura,879-5102,Oita Prefecture,1270-81 Yufuincho Kawakami Yufu,,$$$,http://www.tripadvisor.com/Hotel_Review-g1023445-d1092546-Reviews-Onjuku_Yagura-Yufu_Oita_Prefecture_Kyushu_Okinawa.html
Baien,879-5102,Oita Prefecture,2106-2 Yufuinchokawakami Yufu,,$$$,http://www.tripadvisor.com/Hotel_Review-g1023445-d1092550-Reviews-Baien-Yufu_Oita_Prefecture_Kyushu_Okinawa.html
Nanairo no Kaze,879-5102,Oita Prefecture,1946-25 Yufuincho Kawakami Yufu,,$$,http://www.tripadvisor.com/Hotel_Review-g1023445-d1092554-Reviews-Nanairo_no_Kaze-Yufu_Oita_Prefecture_Kyushu_Okinawa.html
Yutei Konokura,879-5113,Oita Prefecture,243-1 Yufuinchokawanishi Yufu,,$$,http://www.tripadvisor.com/Hotel_Review-g1023445-d1092556-Reviews-Yutei_Konokura-Yufu_Oita_Prefecture_Kyushu_Okinawa.html
Yufusanso,879-5102,Oita Prefecture,2927-1 Yufuincho Kawakami Yufu,,,http://www.tripadvisor.com/Hotel_Review-g1023445-d1106555-Reviews-Yufusanso-Yufu_Oita_Prefecture_Kyushu_Okinawa.html
Nihon No Ashitaba,879-5114,Oita Prefecture,918-18 Yufuincho Kawakita Yufu,,$$$$,http://www.tripadvisor.com/Hotel_Review-g1023445-d1106559-Reviews-Nihon_No_Ashitaba-Yufu_Oita_Prefecture_Kyushu_Okinawa.html
Hotaru,879-5114,Oita Prefecture,1791-1Kawakita Yufuincho Yufu,,$$$,http://www.tripadvisor.com/Hotel_Review-g1023445-d1106566-Reviews-Hotaru-Yufu_Oita_Prefecture_Kyushu_Okinawa.html
Sanso Matsuya,879-5112,Oita Prefecture,803-1 Yufuinchoyunohira Yufu,,$$,http://www.tripadvisor.com/Hotel_Review-g1023445-d1106568-Reviews-Sanso_Matsuya-Yufu_Oita_Prefecture_Kyushu_Okinawa.html
Iyashinoyu,879-5524,Oita Prefecture,105-1 Hasamamachi Tokimatsu Yufu,,$,http://www.tripadvisor.com/Hotel_Review-g1023445-d1106569-Reviews-Iyashinoyu-Yufu_Oita_Prefecture_Kyushu_Okinawa.html
Yufuintei,879-5102,Oita Prefecture,1027-3 Yufuincho Kawakami Yufu,,$$$,http://www.tripadvisor.com/Hotel_Review-g1023445-d1106572-Reviews-Yufuintei-Yufu_Oita_Prefecture_Kyushu_Okinawa.html
Sagiritei,879-5102,Oita Prefecture,811-1 Yufuinchokawakami Yufu,10,$$,http://www.tripadvisor.com/Hotel_Review-g1023445-d1106581-Reviews-Sagiritei-Yufu_Oita_Prefecture_Kyushu_Okinawa.html
Kanputei,879-5102,Oita Prefecture,1065-2 Yufuinchokawakami Yufu,,$$$$,http://www.tripadvisor.com/Hotel_Review-g1023445-d1106588-Reviews-Kanputei-Yufu_Oita_Prefecture_Kyushu_Okinawa.html
Oyado Ichizen,879-5102,Oita Prefecture,1209-1 Yufuinchokawakami Yufu,13,$$$$,http://www.tripadvisor.com/Hotel_Review-g1023445-d1106594-Reviews-Oyado_Ichizen-Yufu_Oita_Prefecture_Kyushu_Okinawa.html
Gorinnka,879-5114,Oita Prefecture,177 Yufuinchokawakita Yufu,,$$,http://www.tripadvisor.com/Hotel_Review-g1023445-d1106600-Reviews-Gorinnka-Yufu_Oita_Prefecture_Kyushu_Okinawa.html
Sendo,879-5102,Oita Prefecture,2634-1 Yufuinchokawakami Yufu,,$$,http://www.tripadvisor.com/Hotel_Review-g1023445-d1106611-Reviews-Sendo-Yufu_Oita_Prefecture_Kyushu_Okinawa.html
Shikian,879-5101,Oita Prefecture,135-7 Yuincho Tsukawara Yufu,,$$,http://www.tripadvisor.com/Hotel_Review-g1023445-d1106615-Reviews-Shikian-Yufu_Oita_Prefecture_Kyushu_Okinawa.html
Kashiisou,879-5102,Oita Prefecture,3015-4 Yufuinchokawakami Yufu,,$$,http://www.tripadvisor.com/Hotel_Review-g1023445-d1106617-Reviews-Kashiisou-Yufu_Oita_Prefecture_Kyushu_Okinawa.html
Pension Kinrinko Toyonokuni,879-5102,Oita Prefecture,1561 Yufuincho Kawakami Yufu,,$$,http://www.tripadvisor.com/Hotel_Review-g1023445-d1106619-Reviews-Pension_Kinrinko_Toyonokuni-Yufu_Oita_Prefecture_Kyushu_Okinawa.html
Yufunokobeya,879-5102,Oita Prefecture,2780-1 Yufuinchokawakami Yufu,,$,http://www.tripadvisor.com/Hotel_Review-g1023445-d1106623-Reviews-Yufunokobeya-Yufu_Oita_Prefecture_Kyushu_Okinawa.html
Big Bear,879-5102,Oita Prefecture,3049-1 Yufuinchokawakami Yufu,,$,http://www.tripadvisor.com/Hotel_Review-g1023445-d1106626-Reviews-Big_Bear-Yufu_Oita_Prefecture_Kyushu_Okinawa.html
Wazanho,879-5102,Oita Prefecture,388-1 Yufuincho Kawakami Yufu,12,$$$$,http://www.tripadvisor.com/Hotel_Review-g1023445-d1106629-Reviews-Wazanho-Yufu_Oita_Prefecture_Kyushu_Okinawa.html
Pension Shirakaba,879-5102,Oita Prefecture,2167-2 Yufuinchokawakami Yufu,,$,http://www.tripadvisor.com/Hotel_Review-g1023445-d1106631-Reviews-Pension_Shirakaba-Yufu_Oita_Prefecture_Kyushu_Okinawa.html
Yusuraume,879-5103,Oita Prefecture,1606-1 Yufuinchokawaminami Yufu,,$$,http://www.tripadvisor.com/Hotel_Review-g1023445-d1106632-Reviews-Yusuraume-Yufu_Oita_Prefecture_Kyushu_Okinawa.html
Yufu Ryouchiku,879-5102,Oita Prefecture,1097-1 Yufuinchokawakami Yufu,,$$$,http://www.tripadvisor.com/Hotel_Review-g1023445-d1106634-Reviews-Yufu_Ryouchiku-Yufu_Oita_Prefecture_Kyushu_Okinawa.html
Ryokan Yuri,879-5102,Oita Prefecture,2968-10 Yufuinchokawakami Yufu,,$,http://www.tripadvisor.com/Hotel_Review-g1023445-d1106640-Reviews-Ryokan_Yuri-Yufu_Oita_Prefecture_Kyushu_Okinawa.html
Tagasode,879-5114,Oita Prefecture,918 Yufuincho Kawakita Yufu,,$$,http://www.tripadvisor.com/Hotel_Review-g1023445-d1106643-Reviews-Tagasode-Yufu_Oita_Prefecture_Kyushu_Okinawa.html
Yamadaya,879-5103,Oita Prefecture,2855-1 Yufuinchokawakami Yufu,,$$$,http://www.tripadvisor.com/Hotel_Review-g1023445-d1106649-Reviews-Yamadaya-Yufu_Oita_Prefecture_Kyushu_Okinawa.html
Kaminomori,879-5102,Oita Prefecture,1023-5 Yufuincho Kawakami Yufu,,,http://www.tripadvisor.com/Hotel_Review-g1023445-d1106650-Reviews-Kaminomori-Yufu_Oita_Prefecture_Kyushu_Okinawa.html
Sanso Tsurunoyu,879-5102,Oita Prefecture,2986-5 Yufuinchokawakami Yufu,5,$,http://www.tripadvisor.com/Hotel_Review-g1023445-d1106651-Reviews-Sanso_Tsurunoyu-Yufu_Oita_Prefecture_Kyushu_Okinawa.html
Iyotomiso,879-5103,Oita Prefecture,848 Yufuinchokawaminami Yufu,,$$,http://www.tripadvisor.com/Hotel_Review-g1023445-d1106652-Reviews-Iyotomiso-Yufu_Oita_Prefecture_Kyushu_Okinawa.html
Hoteiya,879-5102,Oita Prefecture,1414 Yufuincho Kawakami Yufu,,$$$,http://www.tripadvisor.com/Hotel_Review-g1023445-d1106654-Reviews-Hoteiya-Yufu_Oita_Prefecture_Kyushu_Okinawa.html
Santokan,879-5102,Oita Prefecture,1553-6 Yufuincho Kawakami Yufu,,$$$$,http://www.tripadvisor.com/Hotel_Review-g1023445-d1106655-Reviews-Santokan-Yufu_Oita_Prefecture_Kyushu_Okinawa.html
Yufuin Mall,879-5103,Oita Prefecture,828-1 Yufuinchokawaminami Yufu,,$$,http://www.tripadvisor.com/Hotel_Review-g1023445-d1108981-Reviews-Yufuin_Mall-Yufu_Oita_Prefecture_Kyushu_Okinawa.html
Homey inn Enya,879-5114,Oita Prefecture,780-2 Kawakita Yufu,4,$,http://www.tripadvisor.com/Hotel_Review-g1023445-d1108984-Reviews-Homey_inn_Enya-Yufu_Oita_Prefecture_Kyushu_Okinawa.html
Kitayufu,879-5114,Oita Prefecture,2-11 Yufuincho Kawakita Yufu,,$,http://www.tripadvisor.com/Hotel_Review-g1023445-d1108994-Reviews-Kitayufu-Yufu_Oita_Prefecture_Kyushu_Okinawa.html
Enokiya Ryokan,879-5102,Oita Prefecture,1086-2 Yufuinchokawakami Yufu,,$$,http://www.tripadvisor.com/Hotel_Review-g1023445-d1109001-Reviews-Enokiya_Ryokan-Yufu_Oita_Prefecture_Kyushu_Okinawa.html
Yamamomiji,879-5114,Oita Prefecture,662 Yufuincho Kawakita Yufu,,$$$,http://www.tripadvisor.com/Hotel_Review-g1023445-d1109050-Reviews-Yamamomiji-Yufu_Oita_Prefecture_Kyushu_Okinawa.html
Syukuryoubanya,879-5112,Oita Prefecture,798 Yufuincho Yunohira Yufu,9,$$$,http://www.tripadvisor.com/Hotel_Review-g1023445-d1109064-Reviews-Syukuryoubanya-Yufu_Oita_Prefecture_Kyushu_Okinawa.html
La Maison De David,879-5102,Oita Prefecture,1761-1 Yufuinchokawakami Yufu,,$,http://www.tripadvisor.com/Hotel_Review-g1023445-d1109072-Reviews-La_Maison_De_David-Yufu_Oita_Prefecture_Kyushu_Okinawa.html
Hanasen,879-5102,Oita Prefecture,2485-9 Yufuincho Kawakami Yufu,,$$,http://www.tripadvisor.com/Hotel_Review-g1023445-d1109080-Reviews-Hanasen-Yufu_Oita_Prefecture_Kyushu_Okinawa.html
Choukankyo,879-5102,Oita Prefecture,3283-1 Yufuincho Yufu,,$,http://www.tripadvisor.com/Hotel_Review-g1023445-d1109084-Reviews-Choukankyo-Yufu_Oita_Prefecture_Kyushu_Okinawa.html
Cottage Kohan,879-5102,Oita Prefecture,1761-5 Yufuinchokawakami Yufu,,$,http://www.tripadvisor.com/Hotel_Review-g1023445-d1109095-Reviews-Cottage_Kohan-Yufu_Oita_Prefecture_Kyushu_Okinawa.html
Ryokan Hikarinoie,879-5102,Oita Prefecture,2490 Yufuincho Kawakami Yufu,,$$,http://www.tripadvisor.com/Hotel_Review-g1023445-d1109103-Reviews-Ryokan_Hikarinoie-Yufu_Oita_Prefecture_Kyushu_Okinawa.html
Poppoan,879-5103,Oita Prefecture,909-1 Yufuincho Kawaminami Yufu,,$$$,http://www.tripadvisor.com/Hotel_Review-g1023445-d1109109-Reviews-Poppoan-Yufu_Oita_Prefecture_Kyushu_Okinawa.html
Zinnouchi,879-5103,Oita Prefecture,107-1 Yufuinchokawaminami Yufu,,$$,http://www.tripadvisor.com/Hotel_Review-g1023445-d1109148-Reviews-Zinnouchi-Yufu_Oita_Prefecture_Kyushu_Okinawa.html
Pension Kagono,879-5112,Oita Prefecture,257-2 Yufuinchoyunohira Yufu,,$$,http://www.tripadvisor.com/Hotel_Review-g1023445-d1109154-Reviews-Pension_Kagono-Yufu_Oita_Prefecture_Kyushu_Okinawa.html
Kasuga Sanso,879-5101,Oita Prefecture,134-70 Yufuinchotsukawara Yufu,,,http://www.tripadvisor.com/Hotel_Review-g1023445-d1109161-Reviews-Kasuga_Sanso-Yufu_Oita_Prefecture_Kyushu_Okinawa.html
Kamiyanagiya,879-5112,Oita Prefecture,1007 Yufuincho Yunohira Yufu,,$$$,http://www.tripadvisor.com/Hotel_Review-g1023445-d1109169-Reviews-Kamiyanagiya-Yufu_Oita_Prefecture_Kyushu_Okinawa.html
Muzinzo,879-5102,Oita Prefecture,1536-1 Yufuinchokawakami Yufu,4,$$,http://www.tripadvisor.com/Hotel_Review-g1023445-d1109208-Reviews-Muzinzo-Yufu_Oita_Prefecture_Kyushu_Okinawa.html
Komatsuya,879-5112,Oita Prefecture,508-1 Yufuinchoyunohira Yufu,,,http://www.tripadvisor.com/Hotel_Review-g1023445-d1109211-Reviews-Komatsuya-Yufu_Oita_Prefecture_Kyushu_Okinawa.html
Sanso Tanaka,879-5103,Oita Prefecture,286-1 Yufuinchokawaminami Yufu,,$$,http://www.tripadvisor.com/Hotel_Review-g1023445-d1109216-Reviews-Sanso_Tanaka-Yufu_Oita_Prefecture_Kyushu_Okinawa.html
Tanokura,879-5102,Oita Prefecture,1556-2 Yufuincho Kawakami Yufu,,$$$$,http://www.tripadvisor.com/Hotel_Review-g1023445-d1109223-Reviews-Tanokura-Yufu_Oita_Prefecture_Kyushu_Okinawa.html
Fukinoya,879-5103,Oita Prefecture,814-1 Yufuincho Oaza Kawaminami Yufu,,$$$,http://www.tripadvisor.com/Hotel_Review-g1023445-d1109229-Reviews-Fukinoya-Yufu_Oita_Prefecture_Kyushu_Okinawa.html
Furusato,879-5103,Oita Prefecture,89-2 Yufuinchokawaminami Yufu,,$$$,http://www.tripadvisor.com/Hotel_Review-g1023445-d1109237-Reviews-Furusato-Yufu_Oita_Prefecture_Kyushu_Okinawa.html
Pension Pegasus,879-5101,Oita Prefecture,1228-32 Yufuinchotsukawara Yufu,,,http://www.tripadvisor.com/Hotel_Review-g1023445-d1109242-Reviews-Pension_Pegasus-Yufu_Oita_Prefecture_Kyushu_Okinawa.html
Mikadoya,879-5103,Oita Prefecture,103-5 Yufuinchokawaminami Yufu,,$$,http://www.tripadvisor.com/Hotel_Review-g1023445-d1109248-Reviews-Mikadoya-Yufu_Oita_Prefecture_Kyushu_Okinawa.html
Moustach,879-5102,Oita Prefecture,1264-7 Yufuinchokawakami Yufu,,$$,http://www.tripadvisor.com/Hotel_Review-g1023445-d1109256-Reviews-Moustach-Yufu_Oita_Prefecture_Kyushu_Okinawa.html
Yufusaryo,879-5102,Oita Prefecture,1389 Yufuincho Kawakami Yufu,,$$$,http://www.tripadvisor.com/Hotel_Review-g1023445-d1109260-Reviews-Yufusaryo-Yufu_Oita_Prefecture_Kyushu_Okinawa.html
Keisuikyo,879-5102,Oita Prefecture,295-2 Yufuinchokawakami Yufu,,$$$$,http://www.tripadvisor.com/Hotel_Review-g1023445-d1109267-Reviews-Keisuikyo-Yufu_Oita_Prefecture_Kyushu_Okinawa.html
Kazenomori,879-5103,Oita Prefecture,371-1 Yufuincho Kawaminami Yufu,,$$$,http://www.tripadvisor.com/Hotel_Review-g1023445-d1109271-Reviews-Kazenomori-Yufu_Oita_Prefecture_Kyushu_Okinawa.html
Jiyukan,879-5104,Oita Prefecture,1081 Yufuincho Nakagawa Yufu,,$$$,http://www.tripadvisor.com/Hotel_Review-g1023445-d1109276-Reviews-Jiyukan-Yufu_Oita_Prefecture_Kyushu_Okinawa.html
Ryokan Tatsumi,879-5102,Oita Prefecture,3060-8 Yufuinchokawakami Yufu,,$,http://www.tripadvisor.com/Hotel_Review-g1023445-d1109282-Reviews-Ryokan_Tatsumi-Yufu_Oita_Prefecture_Kyushu_Okinawa.html
Minshuku Tsutaya,879-5102,Oita Prefecture,1453-1 Yufuinchokawakami Yufu,,,http://www.tripadvisor.com/Hotel_Review-g1023445-d1109289-Reviews-Minshuku_Tsutaya-Yufu_Oita_Prefecture_Kyushu_Okinawa.html
Nobiru Sansou,879-5102,Oita Prefecture,786-6 Yufuinchokawakami Yufu,,$$,http://www.tripadvisor.com/Hotel_Review-g1023445-d1109296-Reviews-Nobiru_Sansou-Yufu_Oita_Prefecture_Kyushu_Okinawa.html
Hinoharu Ryokan,879-5102,Oita Prefecture,1082-1 Yufuinchokawakami Yufu,,$$$$,http://www.tripadvisor.com/Hotel_Review-g1023445-d1109302-Reviews-Hinoharu_Ryokan-Yufu_Oita_Prefecture_Kyushu_Okinawa.html
Pension Yufuin,879-5103,Oita Prefecture,138-1 Yufuinchokawaminami Yufu,,,http://www.tripadvisor.com/Hotel_Review-g1023445-d1109306-Reviews-Pension_Yufuin-Yufu_Oita_Prefecture_Kyushu_Okinawa.html
Tsuenosho,879-5102,Oita Prefecture,2093-4 Yufuincho Kawakami Yufu,,$$$,http://www.tripadvisor.com/Hotel_Review-g1023445-d1109314-Reviews-Tsuenosho-Yufu_Oita_Prefecture_Kyushu_Okinawa.html
Hotel Fragrance,879-5102,Oita Prefecture,456-1 Yufuincho Kawakami Yufu,,,http://www.tripadvisor.com/Hotel_Review-g1023445-d1109321-Reviews-Hotel_Fragrance-Yufu_Oita_Prefecture_Kyushu_Okinawa.html
Yufuin Country Road Youth Hostel,879-5102,Oita Prefecture,441-29 Yufuinchokawakami Yufu,,$,http://www.tripadvisor.com/Hotel_Review-g1023445-d1109328-Reviews-Yufuin_Country_Road_Youth_Hostel-Yufu_Oita_Prefecture_Kyushu_Okinawa.html
Pension Yufugoiki,879-5102,Oita Prefecture,2760-1 Yufuinchokawakami Yufu,,$,http://www.tripadvisor.com/Hotel_Review-g1023445-d1109330-Reviews-Pension_Yufugoiki-Yufu_Oita_Prefecture_Kyushu_Okinawa.html
Pension Kojyo,879-5102,Oita Prefecture,2087-2 Yufuinchokawakami Yufu,,,http://www.tripadvisor.com/Hotel_Review-g1023445-d1109333-Reviews-Pension_Kojyo-Yufu_Oita_Prefecture_Kyushu_Okinawa.html
Sanso Warabino,879-5114 ,Oita Prefecture,952 Yufuincho Kawakita Yufu,10,$$$$,http://www.tripadvisor.com/Hotel_Review-g1023445-d1144693-Reviews-Sanso_Warabino-Yufu_Oita_Prefecture_Kyushu_Okinawa.html
Auberge Les Beaux,879-5114,Oita Prefecture,899-139 Yufuincho Kawakita Yufu,2,$$$,http://www.tripadvisor.com/Hotel_Review-g1023445-d1145386-Reviews-Auberge_Les_Beaux-Yufu_Oita_Prefecture_Kyushu_Okinawa.html
Yufuin Sansuikan,879-5196,Oita Prefecture,"108-1 Kawa-minami, Yufuincho Yufu",,$$,http://www.tripadvisor.com/Hotel_Review-g1023445-d1168679-Reviews-Yufuin_Sansuikan-Yufu_Oita_Prefecture_Kyushu_Okinawa.html
Kamenoi Besso,879-5102 ,Oita Prefecture,"2633-1 Yufuin-cho Kawakami, Yufu",21,$$$$,http://www.tripadvisor.com/Hotel_Review-g1023445-d1179690-Reviews-Kamenoi_Besso-Yufu_Oita_Prefecture_Kyushu_Okinawa.html
Yufuin Gettoan,879-5102 ,Oita Prefecture,"295-2 Kawakami, Yufuin-cho Yufu",6,$$$$,http://www.tripadvisor.com/Hotel_Review-g1023445-d1192315-Reviews-Yufuin_Gettoan-Yufu_Oita_Prefecture_Kyushu_Okinawa.html
Hananomai,879-5102,Oita Prefecture,2755-2 Yufuincho Kawakami Yufu,,$$$$,http://www.tripadvisor.com/Hotel_Review-g1023445-d1230673-Reviews-Hananomai-Yufu_Oita_Prefecture_Kyushu_Okinawa.html
Kaede no Shoja,879-5102,Oita Prefecture,1270-28 Yufuincho Kawakami Yufu,,$$$$,http://www.tripadvisor.com/Hotel_Review-g1023445-d1238708-Reviews-Kaede_no_Shoja-Yufu_Oita_Prefecture_Kyushu_Okinawa.html
Kaihara,879-5112,Oita Prefecture,310-2 Yufuincho Yunohira Yufu,,,http://www.tripadvisor.com/Hotel_Review-g1023445-d1239005-Reviews-Kaihara-Yufu_Oita_Prefecture_Kyushu_Okinawa.html
OITA OASIS TOWER HOTEL,870-0029,Oita Prefecture,2-48 Takasago-machi Oita,157,$,http://www.tripadvisor.com/Hotel_Review-g298220-d300556-Reviews-OITA_OASIS_TOWER_HOTEL-Oita_Oita_Prefecture_Kyushu_Okinawa.html
Rembrandt Hotel Oita,870-0816,Oita Prefecture,9-20 Tamuromachi Oita,144,$,http://www.tripadvisor.com/Hotel_Review-g298220-d302025-Reviews-Rembrandt_Hotel_Oita-Oita_Oita_Prefecture_Kyushu_Okinawa.html
Hotel Kudou Oita,870-0026,Oita Prefecture,1-11-6 Kanaikemachi Oita,,$,http://www.tripadvisor.com/Hotel_Review-g298220-d1079997-Reviews-Hotel_Kudou_Oita-Oita_Oita_Prefecture_Kyushu_Okinawa.html
Business Hotel Oita Ichigokan Nigokan,870-0028,Oita Prefecture,8-11 Shinmachi Oita,,,http://www.tripadvisor.com/Hotel_Review-g298220-d1080012-Reviews-Business_Hotel_Oita_Ichigokan_Nigokan-Oita_Oita_Prefecture_Kyushu_Okinawa.html
Good Inn Oita,870-1133,Oita Prefecture,879 Miyazaki Oita,,$,http://www.tripadvisor.com/Hotel_Review-g298220-d1080015-Reviews-Good_Inn_Oita-Oita_Oita_Prefecture_Kyushu_Okinawa.html
Good Inn Nishi Tsurusaki,870-0105,Oita Prefecture,1-15 Nishitsurusaki 1-chome Oita,,$,http://www.tripadvisor.com/Hotel_Review-g298220-d1080027-Reviews-Good_Inn_Nishi_Tsurusaki-Oita_Oita_Prefecture_Kyushu_Okinawa.html
Good Inn Tsurusaki,870-0106,Oita Prefecture,2695-2 Tsurusaki Oita,,$,http://www.tripadvisor.com/Hotel_Review-g298220-d1080028-Reviews-Good_Inn_Tsurusaki-Oita_Oita_Prefecture_Kyushu_Okinawa.html
Hotel Hokke Club Oita,870-0034,Oita Prefecture,2-1-1 Miyakomachi Oita,176,$,http://www.tripadvisor.com/Hotel_Review-g298220-d1080030-Reviews-Hotel_Hokke_Club_Oita-Oita_Oita_Prefecture_Kyushu_Okinawa.html
Hotel Castle OITA,870-0021,Oita Prefecture,3-3-7 Funaimachi Oita,,$,http://www.tripadvisor.com/Hotel_Review-g298220-d1080035-Reviews-Hotel_Castle_OITA-Oita_Oita_Prefecture_Kyushu_Okinawa.html
Hotel Route Inn Oitaekimae,870-0026,Oita Prefecture,1-3-1 Kanaikemachi Oita,127,$,http://www.tripadvisor.com/Hotel_Review-g298220-d1080051-Reviews-Hotel_Route_Inn_Oitaekimae-Oita_Oita_Prefecture_Kyushu_Okinawa.html
Comodo Hotel,870-0026,Oita Prefecture,1-2-1 Kanaikemachi Oita,,$,http://www.tripadvisor.com/Hotel_Review-g298220-d1080053-Reviews-Comodo_Hotel-Oita_Oita_Prefecture_Kyushu_Okinawa.html
Business Hotel Sato,870-0027,Oita Prefecture,1-1-3 Suehiromachi Oita,,$,http://www.tripadvisor.com/Hotel_Review-g298220-d1080074-Reviews-Business_Hotel_Sato-Oita_Oita_Prefecture_Kyushu_Okinawa.html
Oita Regal Hotel,870-0021,Oita Prefecture,1-1-29 Funaimachi Oita,,$,http://www.tripadvisor.com/Hotel_Review-g298220-d1080078-Reviews-Oita_Regal_Hotel-Oita_Oita_Prefecture_Kyushu_Okinawa.html
Oita Century Hotel,870-0021,Oita Prefecture,1-4-28 Funaimachi Oita,,$,http://www.tripadvisor.com/Hotel_Review-g298220-d1080082-Reviews-Oita_Century_Hotel-Oita_Oita_Prefecture_Kyushu_Okinawa.html
Oita Ariston Hotel,870-0034,Oita Prefecture,2-1-7 Miyakomachi Oita,228,$,http://www.tripadvisor.com/Hotel_Review-g298220-d1080086-Reviews-Oita_Ariston_Hotel-Oita_Oita_Prefecture_Kyushu_Okinawa.html
Plaza Hotel Plus One,870-0027,Oita Prefecture,1 1-27 Suehiromachi Oita,,$,http://www.tripadvisor.com/Hotel_Review-g298220-d1080087-Reviews-Plaza_Hotel_Plus_One-Oita_Oita_Prefecture_Kyushu_Okinawa.html
Daiwa Roynet Hotel Oita,870-0046,Oita Prefecture,2-3 Niagemachi Oita,240,$,http://www.tripadvisor.com/Hotel_Review-g298220-d1092051-Reviews-Daiwa_Roynet_Hotel_Oita-Oita_Oita_Prefecture_Kyushu_Okinawa.html
New Gloria Oita Hotel,870-0036,Oita Prefecture,11-31 Kotobukimachi Oita,,$,http://www.tripadvisor.com/Hotel_Review-g298220-d1092054-Reviews-New_Gloria_Oita_Hotel-Oita_Oita_Prefecture_Kyushu_Okinawa.html
Best Western Hotel Fino Oita,870-0046,Oita Prefecture,1-32 Niagemachi Oita,145,$,http://www.tripadvisor.com/Hotel_Review-g298220-d1092060-Reviews-Best_Western_Hotel_Fino_Oita-Oita_Oita_Prefecture_Kyushu_Okinawa.html
Hotel Zaaz,870-0034,Oita Prefecture,3-2-24 Miyakomachi Oita,39,$,http://www.tripadvisor.com/Hotel_Review-g298220-d1092106-Reviews-Hotel_Zaaz-Oita_Oita_Prefecture_Kyushu_Okinawa.html
New Gloria Turusaki Hotel,870-0105,Oita Prefecture,2-9-6 Nishitsurusaki Oita,,$,http://www.tripadvisor.com/Hotel_Review-g298220-d1092109-Reviews-New_Gloria_Turusaki_Hotel-Oita_Oita_Prefecture_Kyushu_Okinawa.html
Miyako Inn Oita,870-0034,Oita Prefecture,3-1-5 Miyakomachi Oita,,$,http://www.tripadvisor.com/Hotel_Review-g298220-d1092110-Reviews-Miyako_Inn_Oita-Oita_Oita_Prefecture_Kyushu_Okinawa.html
Oita Park Inn Hotel,870-0035,Oita Prefecture,2-2-9 Chuomachi Oita,,$,http://www.tripadvisor.com/Hotel_Review-g298220-d1092112-Reviews-Oita_Park_Inn_Hotel-Oita_Oita_Prefecture_Kyushu_Okinawa.html
Business Hotel Tachikawa,870-0114,Oita Prefecture,3-19-3 Tokushima Oita,,,http://www.tripadvisor.com/Hotel_Review-g298220-d1092113-Reviews-Business_Hotel_Tachikawa-Oita_Oita_Prefecture_Kyushu_Okinawa.html
Raga-ru Oita,870-0822,Oita Prefecture,1-6-17 Omichimachi Oita,,$,http://www.tripadvisor.com/Hotel_Review-g298220-d1092117-Reviews-Raga_ru_Oita-Oita_Oita_Prefecture_Kyushu_Okinawa.html
Hotel Forza Oita,870-0035,Oita Prefecture,1-5-18 Chuomachi Oita,205,$,http://www.tripadvisor.com/Hotel_Review-g298220-d1109479-Reviews-Hotel_Forza_Oita-Oita_Oita_Prefecture_Kyushu_Okinawa.html
Toyoko Inn Oita Ekimae,870-0026,Oita Prefecture,2-2-5 Kanaikemachi Oita,,$,http://www.tripadvisor.com/Hotel_Review-g298220-d1109485-Reviews-Toyoko_Inn_Oita_Ekimae-Oita_Oita_Prefecture_Kyushu_Okinawa.html
Green Rich Hotel Oita Ekimae,870-0027,Oita Prefecture,1-1-20 Suehiromachi Oita,,$,http://www.tripadvisor.com/Hotel_Review-g298220-d1109487-Reviews-Green_Rich_Hotel_Oita_Ekimae-Oita_Oita_Prefecture_Kyushu_Okinawa.html
Inn Platz Shirosaki,870-0022,Oita Prefecture,3-6-1 Otemachi Oita,,,http://www.tripadvisor.com/Hotel_Review-g298220-d1109494-Reviews-Inn_Platz_Shirosaki-Oita_Oita_Prefecture_Kyushu_Okinawa.html
Business Hotel KG Oita,870-0002,Oita Prefecture,2-2-1 Hamanoichi Oita,,$,http://www.tripadvisor.com/Hotel_Review-g298220-d1109499-Reviews-Business_Hotel_KG_Oita-Oita_Oita_Prefecture_Kyushu_Okinawa.html
Crane Hotel Miyakomachi,870-0034,Oita Prefecture,3-5-8 Miyakomachi Oita,,$,http://www.tripadvisor.com/Hotel_Review-g298220-d1109507-Reviews-Crane_Hotel_Miyakomachi-Oita_Oita_Prefecture_Kyushu_Okinawa.html
Hotel Toyonokuni,870-0815,Oita Prefecture,12-5 Minamikasugamachi Oita,,$,http://www.tripadvisor.com/Hotel_Review-g298220-d1109516-Reviews-Hotel_Toyonokuni-Oita_Oita_Prefecture_Kyushu_Okinawa.html
Oita Crane Hotel,870-0918,Oita Prefecture,17-22 Hiyoshimachi Oita,,$,http://www.tripadvisor.com/Hotel_Review-g298220-d1109522-Reviews-Oita_Crane_Hotel-Oita_Oita_Prefecture_Kyushu_Okinawa.html
Cathay Hotel,870-0877,Oita Prefecture,1261-1 Kaku Oita,,$,http://www.tripadvisor.com/Hotel_Review-g298220-d1109528-Reviews-Cathay_Hotel-Oita_Oita_Prefecture_Kyushu_Okinawa.html
A.Suehiro Hotel,870-0157,Oita Prefecture,6-16 Takajohonmachi Oita,,$,http://www.tripadvisor.com/Hotel_Review-g298220-d1109534-Reviews-A_Suehiro_Hotel-Oita_Oita_Prefecture_Kyushu_Okinawa.html
Sanukiya Gobangai,870-0903,Oita Prefecture,1-1-26 Mukaibaruoki Oita,,,http://www.tripadvisor.com/Hotel_Review-g298220-d1109538-Reviews-Sanukiya_Gobangai-Oita_Oita_Prefecture_Kyushu_Okinawa.html
Ryokan Matsuyama,870-0936,Oita Prefecture,3-5-26 Iwatamachi Oita,,,http://www.tripadvisor.com/Hotel_Review-g298220-d1109544-Reviews-Ryokan_Matsuyama-Oita_Oita_Prefecture_Kyushu_Okinawa.html
Oita Oriental Hotel,870-0027,Oita Prefecture,1-1-20 Suehiromachi Oita,,,http://www.tripadvisor.com/Hotel_Review-g298220-d1109553-Reviews-Oita_Oriental_Hotel-Oita_Oita_Prefecture_Kyushu_Okinawa.html
Shinkaiso,870-0912,Oita Prefecture,16-26 Harushinmachi Oita,,$,http://www.tripadvisor.com/Hotel_Review-g298220-d1109556-Reviews-Shinkaiso-Oita_Oita_Prefecture_Kyushu_Okinawa.html
Business Hotel Boston,870-0029,Oita Prefecture,10-1 Takasagomachi Oita,,$,http://www.tripadvisor.com/Hotel_Review-g298220-d1572652-Reviews-Business_Hotel_Boston-Oita_Oita_Prefecture_Kyushu_Okinawa.html
Tsurusaki Hotel,870-0131,Oita Prefecture,1638 Minaharu Oita,,$,http://www.tripadvisor.com/Hotel_Review-g298220-d1572664-Reviews-Tsurusaki_Hotel-Oita_Oita_Prefecture_Kyushu_Okinawa.html
Hotel Crown Hills Oita,870-0034,Oita Prefecture,4-3-12 Miyakomachi Oita,,$,http://www.tripadvisor.com/Hotel_Review-g298220-d1883883-Reviews-Hotel_Crown_Hills_Oita-Oita_Oita_Prefecture_Kyushu_Okinawa.html
Eishokan,879-2201,Oita Prefecture,2232-56 Saganoseki Oita,,,http://www.tripadvisor.com/Hotel_Review-g298220-d1884576-Reviews-Eishokan-Oita_Oita_Prefecture_Kyushu_Okinawa.html
Kikansha,870-0125,Oita Prefecture,6717 Matsuoka Oita,,$,http://www.tripadvisor.com/Hotel_Review-g298220-d1910265-Reviews-Kikansha-Oita_Oita_Prefecture_Kyushu_Okinawa.html
Sansuiso,870-1163,Oita Prefecture,21 Megusuno Oita,,,http://www.tripadvisor.com/Hotel_Review-g298220-d3857404-Reviews-Sansuiso-Oita_Oita_Prefecture_Kyushu_Okinawa.html
Anex Hotel Kudo,870-0025,Oita Prefecture,1-2-2 Kentokumachi Oita,,$,http://www.tripadvisor.com/Hotel_Review-g298220-d4341819-Reviews-Anex_Hotel_Kudo-Oita_Oita_Prefecture_Kyushu_Okinawa.html
Cresendo,870-0856,Oita Prefecture,918-4 Hatanaka Oita,,,http://www.tripadvisor.com/Hotel_Review-g298220-d6623302-Reviews-Cresendo-Oita_Oita_Prefecture_Kyushu_Okinawa.html
Kuju Kogen Cottage,878-0205,Oita Prefecture,7571-23 Oaza Shirani Kujumachi Taketa,85,$$,http://www.tripadvisor.com/Hotel_Review-g1023437-d1076273-Reviews-Kuju_Kogen_Cottage-Taketa_Oita_Prefecture_Kyushu_Okinawa.html
Taketa Sakura,878-0201,Oita Prefecture,6426 Kujumachi Oaza Kuju Taketa,,$,http://www.tripadvisor.com/Hotel_Review-g1023437-d1076277-Reviews-Taketa_Sakura-Taketa_Oita_Prefecture_Kyushu_Okinawa.html
Kinoko II,878-0201,Oita Prefecture,4026-1 Kuju Kujumachi Taketa,,$$,http://www.tripadvisor.com/Hotel_Review-g1023437-d1076290-Reviews-Kinoko_II-Taketa_Oita_Prefecture_Kyushu_Okinawa.html
Auberge KOYAMA,878-0205,Oita Prefecture,3517-6 Oaza Shirani Kujumachi Taketa,,$$,http://www.tripadvisor.com/Hotel_Review-g1023437-d1076301-Reviews-Auberge_KOYAMA-Taketa_Oita_Prefecture_Kyushu_Okinawa.html
Kawaseminosho,878-0402,Oita Prefecture,8170-2 Naoirimachi Oaza Nagayu Taketa,,$$,http://www.tripadvisor.com/Hotel_Review-g1023437-d1077551-Reviews-Kawaseminosho-Taketa_Oita_Prefecture_Kyushu_Okinawa.html
Tenpuan,878-0402,Oita Prefecture,7699-1 Naoirimachi Oaza Nagayu Taketa,,$,http://www.tripadvisor.com/Hotel_Review-g1023437-d1082807-Reviews-Tenpuan-Taketa_Oita_Prefecture_Kyushu_Okinawa.html
Suijinnomori,878-0402,Oita Prefecture,"2907 Nagayu, Naoirimachi Taketa",,$$,http://www.tripadvisor.com/Hotel_Review-g1023437-d1082853-Reviews-Suijinnomori-Taketa_Oita_Prefecture_Kyushu_Okinawa.html
Marucho Ryokan,878-0402,Oita Prefecture,"7995-2 Nagayu, Naoirimachi Taketa",,$$$,http://www.tripadvisor.com/Hotel_Review-g1023437-d1082855-Reviews-Marucho_Ryokan-Taketa_Oita_Prefecture_Kyushu_Okinawa.html
Onyado Yukimiso,878-0402,Oita Prefecture,"7201-2 Naoirimachi Oaza Nagayu, Taketa",,$$,http://www.tripadvisor.com/Hotel_Review-g1023437-d1082858-Reviews-Onyado_Yukimiso-Taketa_Oita_Prefecture_Kyushu_Okinawa.html
Daimaru Ryokan,878-0402 ,Oita Prefecture,7992-1 Naoirimachi Oaza Nagayu Taketa,,$$$,http://www.tripadvisor.com/Hotel_Review-g1023437-d1082859-Reviews-Daimaru_Ryokan-Taketa_Oita_Prefecture_Kyushu_Okinawa.html
Resonate Club Kuju,878-0202 ,Oita Prefecture,1773 Kujumachi Ariuji Taketa,58,$$,http://www.tripadvisor.com/Hotel_Review-g1023437-d1082863-Reviews-Resonate_Club_Kuju-Taketa_Oita_Prefecture_Kyushu_Okinawa.html
Kajikaan,878-0402,Oita Prefecture,2961-2 Naoirimachi Nagayu Taketa,,$,http://www.tripadvisor.com/Hotel_Review-g1023437-d1106484-Reviews-Kajikaan-Taketa_Oita_Prefecture_Kyushu_Okinawa.html
Koyokan,878-0402,Oita Prefecture,7996 Naoirimachi Nagayu Taketa,,$$,http://www.tripadvisor.com/Hotel_Review-g1023437-d1106491-Reviews-Koyokan-Taketa_Oita_Prefecture_Kyushu_Okinawa.html
Nakamuraya,878-0402,Oita Prefecture,7964-2 Naoirimachi Nagayu Taketa,,,http://www.tripadvisor.com/Hotel_Review-g1023437-d1106495-Reviews-Nakamuraya-Taketa_Oita_Prefecture_Kyushu_Okinawa.html
BBC Nagayu,878-0402,Oita Prefecture,7788-2 Naoirimachi Nagayu Taketa,,$,http://www.tripadvisor.com/Hotel_Review-g1023437-d1569870-Reviews-BBC_Nagayu-Taketa_Oita_Prefecture_Kyushu_Okinawa.html
Chikuden Saryo,878-0013,Oita Prefecture,2420 Taketa Taketa,,$$$$,http://www.tripadvisor.com/Hotel_Review-g1023437-d1627673-Reviews-Chikuden_Saryo-Taketa_Oita_Prefecture_Kyushu_Okinawa.html
Hokkein Onsen Sanso,878-0202,Oita Prefecture,1783 Ariuji Kujumachi Taketa,,,http://www.tripadvisor.com/Hotel_Review-g1023437-d1857392-Reviews-Hokkein_Onsen_Sanso-Taketa_Oita_Prefecture_Kyushu_Okinawa.html
Hosenso,878-0402,Oita Prefecture,3101 Nagayu Onsen Taketa,,$,http://www.tripadvisor.com/Hotel_Review-g1023437-d1862196-Reviews-Hosenso-Taketa_Oita_Prefecture_Kyushu_Okinawa.html
Uenoya,878-0402,Oita Prefecture,7961 Naoirimachinagayu Taketa,,$,http://www.tripadvisor.com/Hotel_Review-g1023437-d1884698-Reviews-Uenoya-Taketa_Oita_Prefecture_Kyushu_Okinawa.html
Hotel Tsuchiya,878-0013,Oita Prefecture,1998 Taketa Taketa,,$,http://www.tripadvisor.com/Hotel_Review-g1023437-d1884702-Reviews-Hotel_Tsuchiya-Taketa_Oita_Prefecture_Kyushu_Okinawa.html
Kujukogenso,878-0201,Oita Prefecture,4031 Kujumachikuju Taketa,,$,http://www.tripadvisor.com/Hotel_Review-g1023437-d1884704-Reviews-Kujukogenso-Taketa_Oita_Prefecture_Kyushu_Okinawa.html
Kadoya Re,878-0402,Oita Prefecture,"7985-2, Naoirimachi Nagayu Taketa",,$,http://www.tripadvisor.com/Hotel_Review-g1023437-d1884708-Reviews-Kadoya_Re-Taketa_Oita_Prefecture_Kyushu_Okinawa.html
Pension Woodnote,878-0201,Oita Prefecture,870 Kujumachi Kuju Kogen Taketa,,,http://www.tripadvisor.com/Hotel_Review-g1023437-d1924257-Reviews-Pension_Woodnote-Taketa_Oita_Prefecture_Kyushu_Okinawa.html
Akagawaso,878-0201,Oita Prefecture,1100 Kujumachi Kuju Kogen Taketa,,$$,http://www.tripadvisor.com/Hotel_Review-g1023437-d1924260-Reviews-Akagawaso-Taketa_Oita_Prefecture_Kyushu_Okinawa.html
Kuju Ogasawara,878-0204,Oita Prefecture,6049-89 Kujumachi Kayagi Taketa,,$$$$,http://www.tripadvisor.com/Hotel_Review-g1023437-d1924266-Reviews-Kuju_Ogasawara-Taketa_Oita_Prefecture_Kyushu_Okinawa.html
Hisuiro,878-0402,Oita Prefecture,3264-1 Naoirimachi_Nagayu Taketa,,$,http://www.tripadvisor.com/Hotel_Review-g1023437-d1924273-Reviews-Hisuiro-Taketa_Oita_Prefecture_Kyushu_Okinawa.html
Sarimos,878-0573,Oita Prefecture,998 Nakatsuno Taketa,,$$,http://www.tripadvisor.com/Hotel_Review-g1023437-d1924277-Reviews-Sarimos-Taketa_Oita_Prefecture_Kyushu_Okinawa.html
Yamanoyu Kazuyo,878-0402,Oita Prefecture,2405 Yokomakura Naoirimachinagayu Taketa,,$,http://www.tripadvisor.com/Hotel_Review-g1023437-d2258668-Reviews-Yamanoyu_Kazuyo-Taketa_Oita_Prefecture_Kyushu_Okinawa.html
Satonoyu Ryokan,878-0402,Oita Prefecture,3538-2 Naoirimachinagayu Taketa,,$$,http://www.tripadvisor.com/Hotel_Review-g1023437-d2650053-Reviews-Satonoyu_Ryokan-Taketa_Oita_Prefecture_Kyushu_Okinawa.html
KokuminShukusha Naoiriso,878-0402,Oita Prefecture,3045 Nagairimachi Nagayu Taketa,,,http://www.tripadvisor.com/Hotel_Review-g1023437-d4342086-Reviews-KokuminShukusha_Naoiriso-Taketa_Oita_Prefecture_Kyushu_Okinawa.html
Guernsey Hotel & Resort,878-0402,Oita Prefecture,4028-1 Kusumi Kusumicho Taketa,,$$,http://www.tripadvisor.com/Hotel_Review-g1023437-d4961460-Reviews-Guernsey_Hotel_Resort-Taketa_Oita_Prefecture_Kyushu_Okinawa.html
Akagawa Onsen Spaju,878-0201,Oita Prefecture,"4026-1 Kusumi, Kusumicho Taketa",,$,http://www.tripadvisor.com/Hotel_Review-g1023437-d5978759-Reviews-Akagawa_Onsen_Spaju-Taketa_Oita_Prefecture_Kyushu_Okinawa.html
Villa Spica Kunisaki,873-0511,Oita Prefecture,3204-1 Kunisakimachiohara Kunisaki,35,$,http://www.tripadvisor.com/Hotel_Review-g1023446-d1109341-Reviews-Villa_Spica_Kunisaki-Kunisaki_Oita_Prefecture_Kyushu_Okinawa.html
Mikuniya,872-1401,Oita Prefecture,2280-1 Kunimimachiimi Kunisaki,,$$,http://www.tripadvisor.com/Hotel_Review-g1023446-d1109345-Reviews-Mikuniya-Kunisaki_Oita_Prefecture_Kyushu_Okinawa.html
Seaside Osawa,872-1406,Oita Prefecture,212-41 Kunimimachikushiku Kunisaki,,$,http://www.tripadvisor.com/Hotel_Review-g1023446-d1109349-Reviews-Seaside_Osawa-Kunisaki_Oita_Prefecture_Kyushu_Okinawa.html
Shionoyu,873-0503,Oita Prefecture,596-1 Kunisakimachi Tsurugawa Kunisaki,,,http://www.tripadvisor.com/Hotel_Review-g1023446-d1109355-Reviews-Shionoyu-Kunisaki_Oita_Prefecture_Kyushu_Okinawa.html
Kaikiso,873-0503,Oita Prefecture,452 Kunisakimachi Tsurugawa Kunisaki,,$,http://www.tripadvisor.com/Hotel_Review-g1023446-d1109359-Reviews-Kaikiso-Kunisaki_Oita_Prefecture_Kyushu_Okinawa.html
Akanenosato,872-1405,Oita Prefecture,2064-3 Akane Kunimicho Kunisaki,,$,http://www.tripadvisor.com/Hotel_Review-g1023446-d1857409-Reviews-Akanenosato-Kunisaki_Oita_Prefecture_Kyushu_Okinawa.html
Pacific Blue Golf and Resort Kunisaki,872-1651,Oita Prefecture,3005-4 Hama Kunisakimachi Kunisaki,,,http://www.tripadvisor.com/Hotel_Review-g1023446-d1862216-Reviews-Pacific_Blue_Golf_and_Resort_Kunisaki-Kunisaki_Oita_Prefecture_Kyushu_Okinawa.html
Yamakan,873-0421,Oita Prefecture,"3746-3 1-101, Musashimachiitoharu Kunisaki",,$,http://www.tripadvisor.com/Hotel_Review-g1023446-d1886108-Reviews-Yamakan-Kunisaki_Oita_Prefecture_Kyushu_Okinawa.html
Matsuyaryokan,872-1613,Oita Prefecture,122 Kunimimachikokumage Kunisaki,,,http://www.tripadvisor.com/Hotel_Review-g1023446-d1886113-Reviews-Matsuyaryokan-Kunisaki_Oita_Prefecture_Kyushu_Okinawa.html
Shihoyaryokan,873-0212,Oita Prefecture,"107-13, Akimachishioya Kunisaki",,,http://www.tripadvisor.com/Hotel_Review-g1023446-d1886119-Reviews-Shihoyaryokan-Kunisaki_Oita_Prefecture_Kyushu_Okinawa.html
Hotel Bay Grand Kunisaki,873-0511,Oita Prefecture,4005 Kunisakimachiohara Kunisaki,,$,http://www.tripadvisor.com/Hotel_Review-g1023446-d1886126-Reviews-Hotel_Bay_Grand_Kunisaki-Kunisaki_Oita_Prefecture_Kyushu_Okinawa.html
Seikaso,873-0503,Oita Prefecture,1286 Kunisakimachitsurugawa Kunisaki,,$,http://www.tripadvisor.com/Hotel_Review-g1023446-d1886131-Reviews-Seikaso-Kunisaki_Oita_Prefecture_Kyushu_Okinawa.html
Airport in Oita,873-0231,Oita Prefecture,541 Akimachi-Shimobaru Kunisaki,,,http://www.tripadvisor.com/Hotel_Review-g1023446-d1902754-Reviews-Airport_in_Oita-Kunisaki_Oita_Prefecture_Kyushu_Okinawa.html
Baien no sato,873-0355,Oita Prefecture,2244 Akimachitomikiyo Kunisaki,,$,http://www.tripadvisor.com/Hotel_Review-g1023446-d1912414-Reviews-Baien_no_sato-Kunisaki_Oita_Prefecture_Kyushu_Okinawa.html
Yunosato Keisen,872-1405,Oita Prefecture,180 Kunimimachi Akane Kunisaki,,$,http://www.tripadvisor.com/Hotel_Review-g1023446-d4341079-Reviews-Yunosato_Keisen-Kunisaki_Oita_Prefecture_Kyushu_Okinawa.html
Kunisaki Hanto Kunimi Youth Hostel,872-1401 ,Oita Prefecture,3750 Kunimimachi Imi Kunisaki,,,http://www.tripadvisor.com/Hotel_Review-g1023446-d6023799-Reviews-Kunisaki_Hanto_Kunimi_Youth_Hostel-Kunisaki_Oita_Prefecture_Kyushu_Okinawa.html
Funoki,871-0422,Oita Prefecture,3189 Yabakeimachi Nakatsu,,$$$$,http://www.tripadvisor.com/Hotel_Review-g1023431-d1075900-Reviews-Funoki-Nakatsu_Oita_Prefecture_Kyushu_Okinawa.html
Hotel Route Inn Nakatsu-Ekimae,871-0031,Oita Prefecture,467-3 Oaza Nakadono Fukunari Nakatsu,,$,http://www.tripadvisor.com/Hotel_Review-g1023431-d1075902-Reviews-Hotel_Route_Inn_Nakatsu_Ekimae-Nakatsu_Oita_Prefecture_Kyushu_Okinawa.html
Grand Plaza Nakatsu Hotel,871-0032,Oita Prefecture,1-2 Higashihonmachi Nakatsu,,$,http://www.tripadvisor.com/Hotel_Review-g1023431-d1082789-Reviews-Grand_Plaza_Nakatsu_Hotel-Nakatsu_Oita_Prefecture_Kyushu_Okinawa.html
Nakatsu Sunrise Hotel,871-0058,Oita Prefecture,3-1-11 Shimata Toyodamachi Nakatsu,,$,http://www.tripadvisor.com/Hotel_Review-g1023431-d1082795-Reviews-Nakatsu_Sunrise_Hotel-Nakatsu_Oita_Prefecture_Kyushu_Okinawa.html
Super Hotel Oita Nakazu Eki Mae,871-0032,Oita Prefecture,3-12 Higashihonmachi Nakatsu,104,$,http://www.tripadvisor.com/Hotel_Review-g1023431-d1091906-Reviews-Super_Hotel_Oita_Nakazu_Eki_Mae-Nakatsu_Oita_Prefecture_Kyushu_Okinawa.html
Fuchinoue,871-0432,Oita Prefecture,2205 Yabakeimachi Kanayoshi Nakatsu,,$$,http://www.tripadvisor.com/Hotel_Review-g1023431-d1106287-Reviews-Fuchinoue-Nakatsu_Oita_Prefecture_Kyushu_Okinawa.html
Eboshiya,871-0422,Oita Prefecture,3155-16 Yabakeimachi Shinyaba Nakatsu,,$$,http://www.tripadvisor.com/Hotel_Review-g1023431-d1106293-Reviews-Eboshiya-Nakatsu_Oita_Prefecture_Kyushu_Okinawa.html
Yamaguniya,871-0202,Oita Prefecture,1933-1 Honyabakeimachi Sogi Nakatsu,,,http://www.tripadvisor.com/Hotel_Review-g1023431-d1106344-Reviews-Yamaguniya-Nakatsu_Oita_Prefecture_Kyushu_Okinawa.html
Toyoko Inn Oita Nakatsu ekimae,871-0058,Oita Prefecture,10-11 Toyodacho Nakatsu,,$,http://www.tripadvisor.com/Hotel_Review-g1023431-d1497084-Reviews-Toyoko_Inn_Oita_Nakatsu_ekimae-Nakatsu_Oita_Prefecture_Kyushu_Okinawa.html
Kogane Sanso,871-0103,Oita Prefecture,584-1 Sankotaguchi Kanairo Nakatsu,,$$$,http://www.tripadvisor.com/Hotel_Review-g1023431-d1569368-Reviews-Kogane_Sanso-Nakatsu_Oita_Prefecture_Kyushu_Okinawa.html
Business Hotel Nakatsu,871-0032,Oita Prefecture,3-19 Higashihonmachi Nakatsu,,$,http://www.tripadvisor.com/Hotel_Review-g1023431-d1819562-Reviews-Business_Hotel_Nakatsu-Nakatsu_Oita_Prefecture_Kyushu_Okinawa.html
Yabakei Cycling Terminal,871-0405,Oita Prefecture,353 Kakisaka Yabakeimachi Nakatsu,,,http://www.tripadvisor.com/Hotel_Review-g1023431-d1857385-Reviews-Yabakei_Cycling_Terminal-Nakatsu_Oita_Prefecture_Kyushu_Okinawa.html
Takeuchi Ryokan,871-0033,Oita Prefecture,134-17 Shimada Nakatsu,,$,http://www.tripadvisor.com/Hotel_Review-g1023431-d1883819-Reviews-Takeuchi_Ryokan-Nakatsu_Oita_Prefecture_Kyushu_Okinawa.html
Kappo Yamada,871-0074,Oita Prefecture,1081 Sakuramachi Nakatsu,,,http://www.tripadvisor.com/Hotel_Review-g1023431-d1883820-Reviews-Kappo_Yamada-Nakatsu_Oita_Prefecture_Kyushu_Okinawa.html
Seseragino Sato Kajika,871-0422,Oita Prefecture,Yabakeimachishinyaba Nakatsu,,,http://www.tripadvisor.com/Hotel_Review-g1023431-d1883821-Reviews-Seseragino_Sato_Kajika-Nakatsu_Oita_Prefecture_Kyushu_Okinawa.html
Rokumeikan,871-0422,Oita Prefecture,3152-4 Yabakeimachi Shinyaba Nakatsu,,$,http://www.tripadvisor.com/Hotel_Review-g1023431-d1883822-Reviews-Rokumeikan-Nakatsu_Oita_Prefecture_Kyushu_Okinawa.html
Tsukino Hotal,871-0422,Oita Prefecture,2142-1 Yabakeimachi Shinyaba Nakatsu,,$$,http://www.tripadvisor.com/Hotel_Review-g1023431-d1883823-Reviews-Tsukino_Hotal-Nakatsu_Oita_Prefecture_Kyushu_Okinawa.html
Yamakuni,871-0713,Oita Prefecture,12-1 Yamakunimachifujinoki Nakatsu,,,http://www.tripadvisor.com/Hotel_Review-g1023431-d2638442-Reviews-Yamakuni-Nakatsu_Oita_Prefecture_Kyushu_Okinawa.html
Hotel Seisho,879-0606,Oita Prefecture,1514-1 Tamatsu Bungotakada,,$,http://www.tripadvisor.com/Hotel_Review-g1023439-d1091900-Reviews-Hotel_Seisho-Bungotakada_Oita_Prefecture_Kyushu_Okinawa.html
Villa Floresta,872-1105,Oita Prefecture,6337-41 Nishimatama Bungotakada,,$,http://www.tripadvisor.com/Hotel_Review-g1023439-d1106504-Reviews-Villa_Floresta-Bungotakada_Oita_Prefecture_Kyushu_Okinawa.html
Kaihin Minshuku Shioji,872-1207,Oita Prefecture,5708 Mime Bungotakada,,$,http://www.tripadvisor.com/Hotel_Review-g1023439-d1106515-Reviews-Kaihin_Minshuku_Shioji-Bungotakada_Oita_Prefecture_Kyushu_Okinawa.html
Spa Land Matama,872-1104,Oita Prefecture,156-1 Jozen Bungotakada,,$,http://www.tripadvisor.com/Hotel_Review-g1023439-d1106524-Reviews-Spa_Land_Matama-Bungotakada_Oita_Prefecture_Kyushu_Okinawa.html
Umenoya,872-1202,Oita Prefecture,4017 Kakaji Bungotakada,,$,http://www.tripadvisor.com/Hotel_Review-g1023439-d1862203-Reviews-Umenoya-Bungotakada_Oita_Prefecture_Kyushu_Okinawa.html
Ryokan Hirashimizu,879-0628,Oita Prefecture,9953 Shinmachi Bungotakada,,$,http://www.tripadvisor.com/Hotel_Review-g1023439-d1884712-Reviews-Ryokan_Hirashimizu-Bungotakada_Oita_Prefecture_Kyushu_Okinawa.html
Kamenoi Hotel Oita Bungotakada,879-0617,Oita Prefecture,2861-1 Takada Bungotakada,,$,http://www.tripadvisor.com/Hotel_Review-g1023439-d3523834-Reviews-Kamenoi_Hotel_Oita_Bungotakada-Bungotakada_Oita_Prefecture_Kyushu_Okinawa.html
Fukinoto,879-0841,Oita Prefecture,2365 Tashibufuki Bungotakada,,,http://www.tripadvisor.com/Hotel_Review-g1023439-d6028755-Reviews-Fukinoto-Bungotakada_Oita_Prefecture_Kyushu_Okinawa.html
Pension Nojigiku,872-1501,Oita Prefecture,"5140 Himeshimamura, Himeshimamuraichien Himeshima-mura",,$$,http://www.tripadvisor.com/Hotel_Review-g1121558-d1572252-Reviews-Pension_Nojigiku-Himeshima_mura_Higashikunisaki_gun_Oita_Prefecture_Kyushu_Okinawa.html
Anzairyokan,872-1501,Oita Prefecture,1485-1 Himeshima-mura,5,,http://www.tripadvisor.com/Hotel_Review-g1121558-d1886137-Reviews-Anzairyokan-Himeshima_mura_Higashikunisaki_gun_Oita_Prefecture_Kyushu_Okinawa.html
Chalet Suikoen,879-4201,Oita Prefecture,485 Amagasemachi Sakuradake Hita,,,http://www.tripadvisor.com/Hotel_Review-g1023432-d1075763-Reviews-Chalet_Suikoen-Hita_Oita_Prefecture_Kyushu_Okinawa.html
Hita Business Hotel Kanesen,877-0047,Oita Prefecture,5-1 Nakahonmachi Hita,,,http://www.tripadvisor.com/Hotel_Review-g1023432-d1075832-Reviews-Hita_Business_Hotel_Kanesen-Hita_Oita_Prefecture_Kyushu_Okinawa.html
Amagase Log House A,877-0112,Oita Prefecture,1121 Amagase-machi Honjo Fukushoji Hita,,$$$,http://www.tripadvisor.com/Hotel_Review-g1023432-d1075873-Reviews-Amagase_Log_House_A-Hita_Oita_Prefecture_Kyushu_Okinawa.html
Amagase Log House M,879-4201,Oita Prefecture,563-3 Amagasemachi Sakuradake Hita,,,http://www.tripadvisor.com/Hotel_Review-g1023432-d1075876-Reviews-Amagase_Log_House_M-Hita_Oita_Prefecture_Kyushu_Okinawa.html
Amagase Woody House G,877-0112,Oita Prefecture,1609-31 Kirigaya Amagasemachitukada Hita,,$$,http://www.tripadvisor.com/Hotel_Review-g1023432-d1075878-Reviews-Amagase_Woody_House_G-Hita_Oita_Prefecture_Kyushu_Okinawa.html
Hiiragi,877-0112,Oita Prefecture,1225-1 Amagasemachi Honjo Hita,,$$,http://www.tripadvisor.com/Hotel_Review-g1023432-d1075889-Reviews-Hiiragi-Hita_Oita_Prefecture_Kyushu_Okinawa.html
Kizantei Hotel,877-0044,Oita Prefecture,1-3-10 Kuma Hita,,$,http://www.tripadvisor.com/Hotel_Review-g1023432-d1075891-Reviews-Kizantei_Hotel-Hita_Oita_Prefecture_Kyushu_Okinawa.html
Milky Spa Sun Village,879-4202,Oita Prefecture,108-1 Akaiwa Amagasemachi Hita,,$$,http://www.tripadvisor.com/Hotel_Review-g1023432-d1079993-Reviews-Milky_Spa_Sun_Village-Hita_Oita_Prefecture_Kyushu_Okinawa.html
Oyado Asamoya,877-0201 ,Oita Prefecture,"4587 Nishiomachi, Oyamamachi Hita",,$$,http://www.tripadvisor.com/Hotel_Review-g1023432-d1082869-Reviews-Oyado_Asamoya-Hita_Oita_Prefecture_Kyushu_Okinawa.html
Hinanosato Sanyokan,877-0044,Oita Prefecture,1-3-9 Kuma Hita,,$,http://www.tripadvisor.com/Hotel_Review-g1023432-d1082874-Reviews-Hinanosato_Sanyokan-Hita_Oita_Prefecture_Kyushu_Okinawa.html
Tabinoyado Satsuki,877-0014 ,Oita Prefecture,1-1 Honmachi Hita,,$$,http://www.tripadvisor.com/Hotel_Review-g1023432-d1082892-Reviews-Tabinoyado_Satsuki-Hita_Oita_Prefecture_Kyushu_Okinawa.html
Hakutei Wakanoya,877-0005,Oita Prefecture,7-31 Mamedamachi Hita,,,http://www.tripadvisor.com/Hotel_Review-g1023432-d1082897-Reviews-Hakutei_Wakanoya-Hita_Oita_Prefecture_Kyushu_Okinawa.html
Hotel Kazahaya,877-0005 ,Oita Prefecture,8-25 Mamedamachi Hita,,$$$,http://www.tripadvisor.com/Hotel_Review-g1023432-d1082903-Reviews-Hotel_Kazahaya-Hita_Oita_Prefecture_Kyushu_Okinawa.html
Hatago Kayausagi,877-0054 ,Oita Prefecture,1529-1 Takase Kotohiramachi Hita,,$$$,http://www.tripadvisor.com/Hotel_Review-g1023432-d1082913-Reviews-Hatago_Kayausagi-Hita_Oita_Prefecture_Kyushu_Okinawa.html
Hotel Socia,877-0013 ,Oita Prefecture,17-3 Motomachi Hita,,$,http://www.tripadvisor.com/Hotel_Review-g1023432-d1082930-Reviews-Hotel_Socia-Hita_Oita_Prefecture_Kyushu_Okinawa.html
Sansuikan,877-0043 ,Oita Prefecture,3-23 Kawaharamachi Hita,,$,http://www.tripadvisor.com/Hotel_Review-g1023432-d1082932-Reviews-Sansuikan-Hita_Oita_Prefecture_Kyushu_Okinawa.html
Mikuma Hotel,877-0044 ,Oita Prefecture,1-3-19 Kuma Hita,50,$$,http://www.tripadvisor.com/Hotel_Review-g1023432-d1082936-Reviews-Mikuma_Hotel-Hita_Oita_Prefecture_Kyushu_Okinawa.html
Hitanoyado Yoroduya,877-0044 ,Oita Prefecture,1-3-12 Kuma Hita,,$$,http://www.tripadvisor.com/Hotel_Review-g1023432-d1083079-Reviews-Hitanoyado_Yoroduya-Hita_Oita_Prefecture_Kyushu_Okinawa.html
Hotel Daimon,879-4202,Oita Prefecture,1548-7 Amagasemachi Akaiwa Hita,,,http://www.tripadvisor.com/Hotel_Review-g1023432-d1106351-Reviews-Hotel_Daimon-Hita_Oita_Prefecture_Kyushu_Okinawa.html
Kanponoyado Hita,877-0074,Oita Prefecture,685-6 Shode Hita,,$$,http://www.tripadvisor.com/Hotel_Review-g1023432-d1106353-Reviews-Kanponoyado_Hita-Hita_Oita_Prefecture_Kyushu_Okinawa.html
Plaza Hotel Fujinoi,877-0013,Oita Prefecture,19-27 Motomachi Hita,,$,http://www.tripadvisor.com/Hotel_Review-g1023432-d1106354-Reviews-Plaza_Hotel_Fujinoi-Hita_Oita_Prefecture_Kyushu_Okinawa.html
Ukiha,879-4202,Oita Prefecture,3-5 Amagasemachi Akaiwa Hita,,$,http://www.tripadvisor.com/Hotel_Review-g1023432-d1106356-Reviews-Ukiha-Hita_Oita_Prefecture_Kyushu_Okinawa.html
Shinshiyo,879-4201,Oita Prefecture,357 Amagasemachi Sakuradake Hita,,$,http://www.tripadvisor.com/Hotel_Review-g1023432-d1106369-Reviews-Shinshiyo-Hita_Oita_Prefecture_Kyushu_Okinawa.html
Seitenkaku,879-4203,Oita Prefecture,1143 Amagasemachi Yuyama Hita,,$$,http://www.tripadvisor.com/Hotel_Review-g1023432-d1106386-Reviews-Seitenkaku-Hita_Oita_Prefecture_Kyushu_Okinawa.html
Tenryuso,879-4203,Oita Prefecture,1137 Amagasemachi Yuyama Hita,,$$,http://www.tripadvisor.com/Hotel_Review-g1023432-d1106391-Reviews-Tenryuso-Hita_Oita_Prefecture_Kyushu_Okinawa.html
Sanso Tensui,879-4201,Oita Prefecture,601 Amagasemachi Sakuradake Hita,,$$$$,http://www.tripadvisor.com/Hotel_Review-g1023432-d1106395-Reviews-Sanso_Tensui-Hita_Oita_Prefecture_Kyushu_Okinawa.html
Seiryuusou,877-0044,Oita Prefecture,2-3-7 Kuma Hita,,$,http://www.tripadvisor.com/Hotel_Review-g1023432-d1106414-Reviews-Seiryuusou-Hita_Oita_Prefecture_Kyushu_Okinawa.html
Yamamenosato,877-0212,Oita Prefecture,220-1 Maetsuemachiono Hita,,,http://www.tripadvisor.com/Hotel_Review-g1023432-d1106420-Reviews-Yamamenosato-Hita_Oita_Prefecture_Kyushu_Okinawa.html
Alstage Komatsuken,877-0044,Oita Prefecture,1-1 Kuma Hita,11,$,http://www.tripadvisor.com/Hotel_Review-g1023432-d1569803-Reviews-Alstage_Komatsuken-Hita_Oita_Prefecture_Kyushu_Okinawa.html
Sun hotel Hita,877-0015,Oita Prefecture,2-2-5 Chuo Hita,,,http://www.tripadvisor.com/Hotel_Review-g1023432-d1590329-Reviews-Sun_hotel_Hita-Hita_Oita_Prefecture_Kyushu_Okinawa.html
Shimabara ryokan,877-0016,Oita Prefecture,1-7-13 Sanbonmatsu Hita,,,http://www.tripadvisor.com/Hotel_Review-g1023432-d1785561-Reviews-Shimabara_ryokan-Hita_Oita_Prefecture_Kyushu_Okinawa.html
Hita Business Hotel Park in Sato,877-0044,Oita Prefecture,2-8-15 Kuma Hita,32,$,http://www.tripadvisor.com/Hotel_Review-g1023432-d1883825-Reviews-Hita_Business_Hotel_Park_in_Sato-Hita_Oita_Prefecture_Kyushu_Okinawa.html
Oniiwa Yumotokan,879-4202,Oita Prefecture,6 Amagasemachi Akaiwa Hita,,,http://www.tripadvisor.com/Hotel_Review-g1023432-d1883827-Reviews-Oniiwa_Yumotokan-Hita_Oita_Prefecture_Kyushu_Okinawa.html
Ryokan Hitaya,879-4201,Oita Prefecture,362-1 Amagasemachi Sakuradake Hita,,$,http://www.tripadvisor.com/Hotel_Review-g1023432-d1883828-Reviews-Ryokan_Hitaya-Hita_Oita_Prefecture_Kyushu_Okinawa.html
Ryokan Keisenkaku,879-4202,Oita Prefecture,913-1 Amagasemachi Akaiwa Hita,,$$,http://www.tripadvisor.com/Hotel_Review-g1023432-d1883830-Reviews-Ryokan_Keisenkaku-Hita_Oita_Prefecture_Kyushu_Okinawa.html
Ryokan Kasui,879-4202,Oita Prefecture,100-1 Amagasemachi Akaiwa Hita,5,$$$,http://www.tripadvisor.com/Hotel_Review-g1023432-d1883831-Reviews-Ryokan_Kasui-Hita_Oita_Prefecture_Kyushu_Okinawa.html
Amagaseryokan,879-4202,Oita Prefecture,"100-9, Amagasemachiakaiwa Hita",,,http://www.tripadvisor.com/Hotel_Review-g1023432-d1884663-Reviews-Amagaseryokan-Hita_Oita_Prefecture_Kyushu_Okinawa.html
Fukuyaryokan,879-4202,Oita Prefecture,"6-1, Amagasemachiakaiwa Hita",,,http://www.tripadvisor.com/Hotel_Review-g1023432-d1884668-Reviews-Fukuyaryokan-Hita_Oita_Prefecture_Kyushu_Okinawa.html
Seifuso,879-4201,Oita Prefecture,"535-1, Amagasemachisakuradake Hita",,,http://www.tripadvisor.com/Hotel_Review-g1023432-d1884673-Reviews-Seifuso-Hita_Oita_Prefecture_Kyushu_Okinawa.html
Honjin,879-4203,Oita Prefecture,1138 Amagasemachi Yuyama Hita,,$$$,http://www.tripadvisor.com/Hotel_Review-g1023432-d1924238-Reviews-Honjin-Hita_Oita_Prefecture_Kyushu_Okinawa.html
Taki,877-0043,Oita Prefecture,3-33 Kawaharamachi Hita,,,http://www.tripadvisor.com/Hotel_Review-g1023432-d1924239-Reviews-Taki-Hita_Oita_Prefecture_Kyushu_Okinawa.html
Ikenotsuru Sansha,877-1121,Oita Prefecture,76 Motoemachi Hita,,$$,http://www.tripadvisor.com/Hotel_Review-g1023432-d1924246-Reviews-Ikenotsuru_Sansha-Hita_Oita_Prefecture_Kyushu_Okinawa.html
Ozeki,879-4201,Oita Prefecture,535-1 Amagasemachi Sakuradake Hita,,$,http://www.tripadvisor.com/Hotel_Review-g1023432-d1924249-Reviews-Ozeki-Hita_Oita_Prefecture_Kyushu_Okinawa.html
Minshuku Adachi,879-4201,Oita Prefecture,536 Amagasemachi Sakuradake Hita,,,http://www.tripadvisor.com/Hotel_Review-g1023432-d1924250-Reviews-Minshuku_Adachi-Hita_Oita_Prefecture_Kyushu_Okinawa.html
Biwa no Ki,877-0044,Oita Prefecture,1-3-16 Kuma Hita,,$$,http://www.tripadvisor.com/Hotel_Review-g1023432-d1924254-Reviews-Biwa_no_Ki-Hita_Oita_Prefecture_Kyushu_Okinawa.html
Taio Kazoku Ryokomura,877-0302,Oita Prefecture,3750 Nakatsuemura Gose Hita,,,http://www.tripadvisor.com/Hotel_Review-g1023432-d2027903-Reviews-Taio_Kazoku_Ryokomura-Hita_Oita_Prefecture_Kyushu_Okinawa.html
Ladies inn moTomachi,877-0013,Oita Prefecture,15-9 Motomachi Hita,,$,http://www.tripadvisor.com/Hotel_Review-g1023432-d2197636-Reviews-Ladies_inn_moTomachi-Hita_Oita_Prefecture_Kyushu_Okinawa.html
Hotel Public 21,879-0456,Oita Prefecture,230 Karashima Usa,,$,http://www.tripadvisor.com/Hotel_Review-g1023440-d1077553-Reviews-Hotel_Public_21-Usa_Oita_Prefecture_Kyushu_Okinawa.html
Ajimu Kamenoi Hotel,872-0521,Oita Prefecture,"1046-1 Ariuji, Ajimumachi Usa",,$,http://www.tripadvisor.com/Hotel_Review-g1023440-d1082776-Reviews-Ajimu_Kamenoi_Hotel-Usa_Oita_Prefecture_Kyushu_Okinawa.html
Kanponosato Usa,879-0452,Oita Prefecture,1571-1 Kawabe Usa,32,$$,http://www.tripadvisor.com/Hotel_Review-g1023440-d1106534-Reviews-Kanponosato_Usa-Usa_Oita_Prefecture_Kyushu_Okinawa.html
Usa Hotel Riverside,879-0462　,Oita Prefecture,6 Beppu Usa,,$,http://www.tripadvisor.com/Hotel_Review-g1023440-d1237991-Reviews-Usa_Hotel_Riverside-Usa_Oita_Prefecture_Kyushu_Okinawa.html
Kazaokuryokoumura Ajimu,872-0521,Oita Prefecture,1046 Ajimumachi Shimoge Usa,,$,http://www.tripadvisor.com/Hotel_Review-g1023440-d1569911-Reviews-Kazaokuryokoumura_Ajimu-Usa_Oita_Prefecture_Kyushu_Okinawa.html
Ryotei Yamasa Ryokan,872-0521,Oita Prefecture,1785 Ajimumachi Shimoge Usa,,,http://www.tripadvisor.com/Hotel_Review-g1023440-d1569925-Reviews-Ryotei_Yamasa_Ryokan-Usa_Oita_Prefecture_Kyushu_Okinawa.html
Tabian Mizuho Onsenso,879-0131,Oita Prefecture,159-1 Idemitsu Usa,,,http://www.tripadvisor.com/Hotel_Review-g1023440-d1883884-Reviews-Tabian_Mizuho_Onsenso-Usa_Oita_Prefecture_Kyushu_Okinawa.html
Beppuwan Royal Hotel,879-1508,Oita Prefecture,1825 Hiramichi Hiji-machi,287,$$,http://www.tripadvisor.com/Hotel_Review-g1121559-d325639-Reviews-Beppuwan_Royal_Hotel-Hiji_machi_Hayami_gun_Oita_Prefecture_Kyushu_Okinawa.html
Spa and Resort Hotel Solage,879-1504,Oita Prefecture,7505 Oga Hiji-machi,,$,http://www.tripadvisor.com/Hotel_Review-g1121559-d1572303-Reviews-Spa_and_Resort_Hotel_Solage-Hiji_machi_Hayami_gun_Oita_Prefecture_Kyushu_Okinawa.html
Kamenoi Hotel Oita Hiji,879-1506,Oita Prefecture,3199-1 Hiji-machi,198,$,http://www.tripadvisor.com/Hotel_Review-g1121559-d2650047-Reviews-Kamenoi_Hotel_Oita_Hiji-Hiji_machi_Hayami_gun_Oita_Prefecture_Kyushu_Okinawa.html
Minshuku Koshinkan,876-1105,Oita Prefecture,599-1 Kaizaki Ekimae Saiki,,$,http://www.tripadvisor.com/Hotel_Review-g1023433-d1082770-Reviews-Minshuku_Koshinkan-Saiki_Oita_Prefecture_Kyushu_Okinawa.html
Business Hotel Sunlight,876-0848,Oita Prefecture,1-13 Jokahigashimachi Saiki,,,http://www.tripadvisor.com/Hotel_Review-g1023433-d1091903-Reviews-Business_Hotel_Sunlight-Saiki_Oita_Prefecture_Kyushu_Okinawa.html
Hotel Kinsuien,876-0803,Oita Prefecture,2-4-13 Ekimae Saiki,100,$,http://www.tripadvisor.com/Hotel_Review-g1023433-d1106428-Reviews-Hotel_Kinsuien-Saiki_Oita_Prefecture_Kyushu_Okinawa.html
Green & Blue Tourism Minodomari,876-2407,Oita Prefecture,1682-2 Kamae Nishinoura Saiki,,,http://www.tripadvisor.com/Hotel_Review-g1023433-d1106447-Reviews-Green_Blue_Tourism_Minodomari-Saiki_Oita_Prefecture_Kyushu_Okinawa.html
Minshuku Hatozu,876-2407,Oita Prefecture,783 Kamaehatozura Saiki,,,http://www.tripadvisor.com/Hotel_Review-g1023433-d1106454-Reviews-Minshuku_Hatozu-Saiki_Oita_Prefecture_Kyushu_Okinawa.html
Matsumi Ryokan,876-1202,Oita Prefecture,935-2 Tsurumijimatsura Saiki,,,http://www.tripadvisor.com/Hotel_Review-g1023433-d1106460-Reviews-Matsumi_Ryokan-Saiki_Oita_Prefecture_Kyushu_Okinawa.html
Hotel New Saiki,876-0832,Oita Prefecture,4-1 Sendomachi Saiki,,,http://www.tripadvisor.com/Hotel_Review-g1023433-d1858542-Reviews-Hotel_New_Saiki-Saiki_Oita_Prefecture_Kyushu_Okinawa.html
Saiki Central Hotel,876-0844,Oita Prefecture,2-11-33 Hojima Saiki,,,http://www.tripadvisor.com/Hotel_Review-g1023433-d1858543-Reviews-Saiki_Central_Hotel-Saiki_Oita_Prefecture_Kyushu_Okinawa.html
Hanamizuki,876-0007,Oita Prefecture,877-2_Kuboura Saiki,,$,http://www.tripadvisor.com/Hotel_Review-g1023433-d3865441-Reviews-Hanamizuki-Saiki_Oita_Prefecture_Kyushu_Okinawa.html
Hotel Masunoi,879-7131,Oita Prefecture,97 Miemachi Ichiba Bungoono,33,$,http://www.tripadvisor.com/Hotel_Review-g1023442-d1075759-Reviews-Hotel_Masunoi-Bungoono_Oita_Prefecture_Kyushu_Okinawa.html
Hotel Hoyo,879-7111,Oita Prefecture,1927-1 Miemachiakamine Bungoono,,$,http://www.tripadvisor.com/Hotel_Review-g1023442-d1106553-Reviews-Hotel_Hoyo-Bungoono_Oita_Prefecture_Kyushu_Okinawa.html
Sankoen,879-4723,Oita Prefecture,15-1 Machida Kokonoe-machi,,$$,http://www.tripadvisor.com/Hotel_Review-g1121560-d1125931-Reviews-Sankoen-Kokonoe_machi_Kusu_gun_Oita_Prefecture_Kyushu_Okinawa.html
Hotel Daikogen,879-4912,Oita Prefecture,576-1 Oaza Yutsubo Kokonoe-machi,,$$,http://www.tripadvisor.com/Hotel_Review-g1121560-d1125948-Reviews-Hotel_Daikogen-Kokonoe_machi_Kusu_gun_Oita_Prefecture_Kyushu_Okinawa.html
Housenji Onsen Log House A,879-4724,Oita Prefecture,766-8 Sugawara Sakamoto Kokonoe-machi,,$,http://www.tripadvisor.com/Hotel_Review-g1121560-d1126026-Reviews-Housenji_Onsen_Log_House_A-Kokonoe_machi_Kusu_gun_Oita_Prefecture_Kyushu_Okinawa.html
Iida Log House A,879-4911,Oita Prefecture,673-129 Tano Kokonoe-machi,,$$$,http://www.tripadvisor.com/Hotel_Review-g1121560-d1126073-Reviews-Iida_Log_House_A-Kokonoe_machi_Kusu_gun_Oita_Prefecture_Kyushu_Okinawa.html
Iida Villa House E,879-4911,Oita Prefecture,230-46 Tano Kokonoe-machi,,$$,http://www.tripadvisor.com/Hotel_Review-g1121560-d1126096-Reviews-Iida_Villa_House_E-Kokonoe_machi_Kusu_gun_Oita_Prefecture_Kyushu_Okinawa.html
Jizobaru Villa House A,879-4912,Oita Prefecture,1567-7 Yutubo Kokonoe-machi,,$$,http://www.tripadvisor.com/Hotel_Review-g1121560-d1126121-Reviews-Jizobaru_Villa_House_A-Kokonoe_machi_Kusu_gun_Oita_Prefecture_Kyushu_Okinawa.html
Kuju Kanko Hotel,879-4911,Oita Prefecture,230 Tano Kokonoe-machi,,$$,http://www.tripadvisor.com/Hotel_Review-g1121560-d1126128-Reviews-Kuju_Kanko_Hotel-Kokonoe_machi_Kusu_gun_Oita_Prefecture_Kyushu_Okinawa.html
Hanasansui,879-4911,Oita Prefecture,260-1 Tano Kokonoe-machi,,$$,http://www.tripadvisor.com/Hotel_Review-g1121560-d1126215-Reviews-Hanasansui-Kokonoe_machi_Kusu_gun_Oita_Prefecture_Kyushu_Okinawa.html
Bosco Resort,879-4912,Oita Prefecture,1615-51 Yutsubo Kokonoe-machi,,,http://www.tripadvisor.com/Hotel_Review-g1121560-d1165626-Reviews-Bosco_Resort-Kokonoe_machi_Kusu_gun_Oita_Prefecture_Kyushu_Okinawa.html
Hoshino Resort Kai Aso,879-4912,Oita Prefecture,628-6 Yutsubo Kokonoe-machi,12,$$$$,http://www.tripadvisor.com/Hotel_Review-g1121560-d1165628-Reviews-Hoshino_Resort_Kai_Aso-Kokonoe_machi_Kusu_gun_Oita_Prefecture_Kyushu_Okinawa.html
Kinosato Yamanoyu,879-4723,Oita Prefecture,2098-1 Machida Kokonoe-machi,31,$,http://www.tripadvisor.com/Hotel_Review-g1121560-d1171013-Reviews-Kinosato_Yamanoyu-Kokonoe_machi_Kusu_gun_Oita_Prefecture_Kyushu_Okinawa.html
Yumotoya,879-4723,Oita Prefecture,Hosenji Kokonoe-machi,,$,http://www.tripadvisor.com/Hotel_Review-g1121560-d1171015-Reviews-Yumotoya-Kokonoe_machi_Kusu_gun_Oita_Prefecture_Kyushu_Okinawa.html
Spa Greenness,879-4912 ,Oita Prefecture,"628-2 Senohon, Yutsuboaza, Oaza Kokonoe-machi",,$$,http://www.tripadvisor.com/Hotel_Review-g1121560-d1235240-Reviews-Spa_Greenness-Kokonoe_machi_Kusu_gun_Oita_Prefecture_Kyushu_Okinawa.html
Sujiyu-Onsen Ryokan Shirataki,879-4912,Oita Prefecture,Sujiyuonsen Kokonoe-machi,,$$,http://www.tripadvisor.com/Hotel_Review-g1121560-d1314878-Reviews-Sujiyu_Onsen_Ryokan_Shirataki-Kokonoe_machi_Kusu_gun_Oita_Prefecture_Kyushu_Okinawa.html
Kuju Hossho Hotel,879-4911,Oita Prefecture,230 Tano Kokonoe-machi,59,$$,http://www.tripadvisor.com/Hotel_Review-g1121560-d1367843-Reviews-Kuju_Hossho_Hotel-Kokonoe_machi_Kusu_gun_Oita_Prefecture_Kyushu_Okinawa.html
Sensuiso,879-4912 ,Oita Prefecture,2-506-8 Yutsubo Kokonoe-machi,,,http://www.tripadvisor.com/Hotel_Review-g1121560-d1367864-Reviews-Sensuiso-Kokonoe_machi_Kusu_gun_Oita_Prefecture_Kyushu_Okinawa.html
Meisui no Yado Hojyuya,879-4912,Oita Prefecture,Yutsubo Kokonoe-machi,,$$$,http://www.tripadvisor.com/Hotel_Review-g1121560-d1440315-Reviews-Meisui_no_Yado_Hojyuya-Kokonoe_machi_Kusu_gun_Oita_Prefecture_Kyushu_Okinawa.html
Nihiki no Oni,879-4911 ,Oita Prefecture,947-5 Tano Kokonoe-machi,,$$$,http://www.tripadvisor.com/Hotel_Review-g1121560-d1440317-Reviews-Nihiki_no_Oni-Kokonoe_machi_Kusu_gun_Oita_Prefecture_Kyushu_Okinawa.html
Kokonoe Yuyutei,879-4912　,Oita Prefecture,662 Yutsubo Kokonoe-machi,76,$$,http://www.tripadvisor.com/Hotel_Review-g1121560-d1440318-Reviews-Kokonoe_Yuyutei-Kokonoe_machi_Kusu_gun_Oita_Prefecture_Kyushu_Okinawa.html
Kanno Jigoku Ryokan,879-4911,Oita Prefecture,Handakougen Kokonoe-machi,,,http://www.tripadvisor.com/Hotel_Review-g1121560-d1440321-Reviews-Kanno_Jigoku_Ryokan-Kokonoe_machi_Kusu_gun_Oita_Prefecture_Kyushu_Okinawa.html
Auberge A ma Facon,879-4912 ,Oita Prefecture,628-10 Yutsubo Kokonoe-machi,,$$$$,http://www.tripadvisor.com/Hotel_Review-g1121560-d1491142-Reviews-Auberge_A_ma_Facon-Kokonoe_machi_Kusu_gun_Oita_Prefecture_Kyushu_Okinawa.html
Oyado Kyugetsu,879-4723,Oita Prefecture,2371 Machida Kokonoe-machi,,$$,http://www.tripadvisor.com/Hotel_Review-g1121560-d1545569-Reviews-Oyado_Kyugetsu-Kokonoe_machi_Kusu_gun_Oita_Prefecture_Kyushu_Okinawa.html
Ryoso Yutsubotei,879-4912,Oita Prefecture,1104-3 Yutsubo Kokonoe-machi,,,http://www.tripadvisor.com/Hotel_Review-g1121560-d1545574-Reviews-Ryoso_Yutsubotei-Kokonoe_machi_Kusu_gun_Oita_Prefecture_Kyushu_Okinawa.html
Minshuku Handa Kogen,879-4911,Oita Prefecture,1732 Tano Kokonoe-machi,,,http://www.tripadvisor.com/Hotel_Review-g1121560-d1572313-Reviews-Minshuku_Handa_Kogen-Kokonoe_machi_Kusu_gun_Oita_Prefecture_Kyushu_Okinawa.html
Ryumon Sankeikan,879-4632,Oita Prefecture,3231 Matsugi Kokonoe-machi,,,http://www.tripadvisor.com/Hotel_Review-g1121560-d1572524-Reviews-Ryumon_Sankeikan-Kokonoe_machi_Kusu_gun_Oita_Prefecture_Kyushu_Okinawa.html
Pension Sanko,879-4912,Oita Prefecture,1655-15 Yutsubo Kokonoe-machi,,,http://www.tripadvisor.com/Hotel_Review-g1121560-d1572527-Reviews-Pension_Sanko-Kokonoe_machi_Kusu_gun_Oita_Prefecture_Kyushu_Okinawa.html
Minshuku Miyama,879-4912,Oita Prefecture,1004-2 Yutsubo Kokonoe-machi,,$$,http://www.tripadvisor.com/Hotel_Review-g1121560-d1572534-Reviews-Minshuku_Miyama-Kokonoe_machi_Kusu_gun_Oita_Prefecture_Kyushu_Okinawa.html
Minshuku Waita,879-4912,Oita Prefecture,1008 Yutsubo Kokonoe-machi,,$$,http://www.tripadvisor.com/Hotel_Review-g1121560-d1572666-Reviews-Minshuku_Waita-Kokonoe_machi_Kusu_gun_Oita_Prefecture_Kyushu_Okinawa.html
Minshuku Yujakuso,879-4912,Oita Prefecture,217 Yutsubo Kokonoe-machi,,$$,http://www.tripadvisor.com/Hotel_Review-g1121560-d1572667-Reviews-Minshuku_Yujakuso-Kokonoe_machi_Kusu_gun_Oita_Prefecture_Kyushu_Okinawa.html
Oyado Miyako,879-4724,Oita Prefecture,1871 Sugawara Kokonoe-machi,,$,http://www.tripadvisor.com/Hotel_Review-g1121560-d1572669-Reviews-Oyado_Miyako-Kokonoe_machi_Kusu_gun_Oita_Prefecture_Kyushu_Okinawa.html
Shikinoyado Sujiyu,879-4912,Oita Prefecture,565-2 Yutsubo Kokonoe-machi,,$$,http://www.tripadvisor.com/Hotel_Review-g1121560-d1572722-Reviews-Shikinoyado_Sujiyu-Kokonoe_machi_Kusu_gun_Oita_Prefecture_Kyushu_Okinawa.html
Ryokan Kokonoe,879-4723,Oita Prefecture,2424-1 Machida Kokonoe-machi,,$$,http://www.tripadvisor.com/Hotel_Review-g1121560-d1572726-Reviews-Ryokan_Kokonoe-Kokonoe_machi_Kusu_gun_Oita_Prefecture_Kyushu_Okinawa.html
Kuju Aid Station,879-4911,Oita Prefecture,1726-366 Tano Kokonoe-machi,,$,http://www.tripadvisor.com/Hotel_Review-g1121560-d1572757-Reviews-Kuju_Aid_Station-Kokonoe_machi_Kusu_gun_Oita_Prefecture_Kyushu_Okinawa.html
Etoile Kuju,879-4911,Oita Prefecture,228 Tano Kokonoe-machi,,,http://www.tripadvisor.com/Hotel_Review-g1121560-d1572764-Reviews-Etoile_Kuju-Kokonoe_machi_Kusu_gun_Oita_Prefecture_Kyushu_Okinawa.html
Minshuku Kawarayu,879-4912,Oita Prefecture,893 Yutsubo Kokonoe-machi,,,http://www.tripadvisor.com/Hotel_Review-g1121560-d1572770-Reviews-Minshuku_Kawarayu-Kokonoe_machi_Kusu_gun_Oita_Prefecture_Kyushu_Okinawa.html
Takaraya Ryokan,879-4912,Oita Prefecture,Yutsubo Kokonoe-machi,,$,http://www.tripadvisor.com/Hotel_Review-g1121560-d1572771-Reviews-Takaraya_Ryokan-Kokonoe_machi_Kusu_gun_Oita_Prefecture_Kyushu_Okinawa.html
Kuju Yamanami Camp Mura,879-4911,Oita Prefecture,267-18 Tano Kokonoe-machi,,,http://www.tripadvisor.com/Hotel_Review-g1121560-d1572781-Reviews-Kuju_Yamanami_Camp_Mura-Kokonoe_machi_Kusu_gun_Oita_Prefecture_Kyushu_Okinawa.html
Iida Hyutte,879-4911,Oita Prefecture,1726-39 Tano Kokonoe-machi,,$,http://www.tripadvisor.com/Hotel_Review-g1121560-d1572783-Reviews-Iida_Hyutte-Kokonoe_machi_Kusu_gun_Oita_Prefecture_Kyushu_Okinawa.html
Takarayu,879-4632,Oita Prefecture,3553-12 Matsugi Kokonoe-machi,,,http://www.tripadvisor.com/Hotel_Review-g1121560-d1572851-Reviews-Takarayu-Kokonoe_machi_Kusu_gun_Oita_Prefecture_Kyushu_Okinawa.html
Yamano Ie Furaku,879-4912,Oita Prefecture,958 Yutsubo Kokonoe-machi,,$$,http://www.tripadvisor.com/Hotel_Review-g1121560-d1572858-Reviews-Yamano_Ie_Furaku-Kokonoe_machi_Kusu_gun_Oita_Prefecture_Kyushu_Okinawa.html
Hotel Hanasogen,879-4912,Oita Prefecture,662 Yutsubo Kokonoe-machi,,$$,http://www.tripadvisor.com/Hotel_Review-g1121560-d1572859-Reviews-Hotel_Hanasogen-Kokonoe_machi_Kusu_gun_Oita_Prefecture_Kyushu_Okinawa.html
Minshuku Ibuki,879-4912,Oita Prefecture,984-1 Yutsubo Kokonoe-machi,,,http://www.tripadvisor.com/Hotel_Review-g1121560-d1572861-Reviews-Minshuku_Ibuki-Kokonoe_machi_Kusu_gun_Oita_Prefecture_Kyushu_Okinawa.html
Ryotei Tamanoyu Ebitei,879-4723,Oita Prefecture,2358 Machida Kokonoe-machi,,$$,http://www.tripadvisor.com/Hotel_Review-g1121560-d1572862-Reviews-Ryotei_Tamanoyu_Ebitei-Kokonoe_machi_Kusu_gun_Oita_Prefecture_Kyushu_Okinawa.html
Asahiya Ryokan,879-4912,Oita Prefecture,761 Yutsubo Kokonoe-machi,,$$,http://www.tripadvisor.com/Hotel_Review-g1121560-d1600388-Reviews-Asahiya_Ryokan-Kokonoe_machi_Kusu_gun_Oita_Prefecture_Kyushu_Okinawa.html
Ryusenkaku,879-4723,Oita Prefecture,Hosenji Onsen Kokonoe-machi,,$,http://www.tripadvisor.com/Hotel_Review-g1121560-d1626632-Reviews-Ryusenkaku-Kokonoe_machi_Kusu_gun_Oita_Prefecture_Kyushu_Okinawa.html
Minshuku Hekiunso,879-4912,Oita Prefecture,1066 Yutsubo Kokonoe-machi,,$$,http://www.tripadvisor.com/Hotel_Review-g1121560-d1862192-Reviews-Minshuku_Hekiunso-Kokonoe_machi_Kusu_gun_Oita_Prefecture_Kyushu_Okinawa.html
Takara Onsen,879-4723,Oita Prefecture,1906-4 Machida Kokonoe-machi,,$,http://www.tripadvisor.com/Hotel_Review-g1121560-d1862204-Reviews-Takara_Onsen-Kokonoe_machi_Kusu_gun_Oita_Prefecture_Kyushu_Okinawa.html
Hachobaru View Hotel,879-4912,Oita Prefecture,Sujiyuonsen Kokonoe-machi,,$,http://www.tripadvisor.com/Hotel_Review-g1121560-d1886142-Reviews-Hachobaru_View_Hotel-Kokonoe_machi_Kusu_gun_Oita_Prefecture_Kyushu_Okinawa.html
Ryoso Komatsubesso,879-4912,Oita Prefecture,517-8 Yutsubo Kokonoe-machi,,$$$,http://www.tripadvisor.com/Hotel_Review-g1121560-d1886149-Reviews-Ryoso_Komatsubesso-Kokonoe_machi_Kusu_gun_Oita_Prefecture_Kyushu_Okinawa.html
Ryokan Shinseikan,879-4911,Oita Prefecture,"1427-1, Tano Kokonoe-machi",,$$,http://www.tripadvisor.com/Hotel_Review-g1121560-d1886157-Reviews-Ryokan_Shinseikan-Kokonoe_machi_Kusu_gun_Oita_Prefecture_Kyushu_Okinawa.html
Yamatsubaki,879-4912,Oita Prefecture,734-3Yutsubo Kokonoe-machi,,,http://www.tripadvisor.com/Hotel_Review-g1121560-d1886165-Reviews-Yamatsubaki-Kokonoe_machi_Kusu_gun_Oita_Prefecture_Kyushu_Okinawa.html
Mansakuya,879-4912,Oita Prefecture,Yutsuboonsen Kokonoe-machi,,$,http://www.tripadvisor.com/Hotel_Review-g1121560-d1886170-Reviews-Mansakuya-Kokonoe_machi_Kusu_gun_Oita_Prefecture_Kyushu_Okinawa.html
Yamanoyado Taisen,879-4912,Oita Prefecture,Sujiyuonsen Kokonoe-machi,,$,http://www.tripadvisor.com/Hotel_Review-g1121560-d1886179-Reviews-Yamanoyado_Taisen-Kokonoe_machi_Kusu_gun_Oita_Prefecture_Kyushu_Okinawa.html
Fukumotoya,879-4723,Oita Prefecture,Machidakabeyu Kokonoe-machi,,$$$,http://www.tripadvisor.com/Hotel_Review-g1121560-d1886181-Reviews-Fukumotoya-Kokonoe_machi_Kusu_gun_Oita_Prefecture_Kyushu_Okinawa.html
Suehiro,879-4911,Oita Prefecture,"1628-6, Tano Kokonoe-machi",,,http://www.tripadvisor.com/Hotel_Review-g1121560-d1886185-Reviews-Suehiro-Kokonoe_machi_Kusu_gun_Oita_Prefecture_Kyushu_Okinawa.html
Auberge Cosmosso,879-4911,Oita Prefecture,"228-1, Tano Kokonoe-machi",,$$$,http://www.tripadvisor.com/Hotel_Review-g1121560-d1886189-Reviews-Auberge_Cosmosso-Kokonoe_machi_Kusu_gun_Oita_Prefecture_Kyushu_Okinawa.html
Seifuso,879-4912,Oita Prefecture,Sujiyuonsen Kokonoe-machi,,,http://www.tripadvisor.com/Hotel_Review-g1121560-d1886191-Reviews-Seifuso-Kokonoe_machi_Kusu_gun_Oita_Prefecture_Kyushu_Okinawa.html
Minshuku Fumoto,879-4912,Oita Prefecture,"1021-2, Yutsubo Kokonoe-machi",,$$,http://www.tripadvisor.com/Hotel_Review-g1121560-d1886194-Reviews-Minshuku_Fumoto-Kokonoe_machi_Kusu_gun_Oita_Prefecture_Kyushu_Okinawa.html
yas-ragi SPA sweet,879-4912,Oita Prefecture,628-9 Yutsubo Senomoto Kokonoe-machi,,,http://www.tripadvisor.com/Hotel_Review-g1121560-d1911295-Reviews-Yas_ragi_SPA_sweet-Kokonoe_machi_Kusu_gun_Oita_Prefecture_Kyushu_Okinawa.html
Yamaainoyado Kiyasuya,879-4912,Oita Prefecture,527 Yutsubo Sujiyuonsen Kokonoe-machi,,$$$$,http://www.tripadvisor.com/Hotel_Review-g1121560-d1911298-Reviews-Yamaainoyado_Kiyasuya-Kokonoe_machi_Kusu_gun_Oita_Prefecture_Kyushu_Okinawa.html
Kannojigoku Ryokan,879-4911,Oita Prefecture,257 Tano Kokonoe-machi,,$$$,http://www.tripadvisor.com/Hotel_Review-g1121560-d1911299-Reviews-Kannojigoku_Ryokan-Kokonoe_machi_Kusu_gun_Oita_Prefecture_Kyushu_Okinawa.html
Sanso Yamanoiro,879-4912,Oita Prefecture,518-2 Sujiyuonsen Kokonoe-machi,,$$$,http://www.tripadvisor.com/Hotel_Review-g1121560-d1911300-Reviews-Sanso_Yamanoiro-Kokonoe_machi_Kusu_gun_Oita_Prefecture_Kyushu_Okinawa.html
Tsumikusanoyado Yahiro,879-4723,Oita Prefecture,1901-11 Machida Kokonoe-machi,,$,http://www.tripadvisor.com/Hotel_Review-g1121560-d1911302-Reviews-Tsumikusanoyado_Yahiro-Kokonoe_machi_Kusu_gun_Oita_Prefecture_Kyushu_Okinawa.html
Ryokan Kakuoya,879-4912,Oita Prefecture,659 Yutsubo Kokonoe-machi,,$$,http://www.tripadvisor.com/Hotel_Review-g1121560-d1911304-Reviews-Ryokan_Kakuoya-Kokonoe_machi_Kusu_gun_Oita_Prefecture_Kyushu_Okinawa.html
Ryokan Ryochikuya,879-4912,Oita Prefecture,637 Yutsubo Kokonoe-machi,,,http://www.tripadvisor.com/Hotel_Review-g1121560-d1911305-Reviews-Ryokan_Ryochikuya-Kokonoe_machi_Kusu_gun_Oita_Prefecture_Kyushu_Okinawa.html
Ryokan Meizan,879-4912,Oita Prefecture,684 Yutsubo Kokonoe-machi,,$,http://www.tripadvisor.com/Hotel_Review-g1121560-d1911306-Reviews-Ryokan_Meizan-Kokonoe_machi_Kusu_gun_Oita_Prefecture_Kyushu_Okinawa.html
Ryokan Shugetsu,879-4912,Oita Prefecture,528 Yutsubo Kokonoe-machi,,$$$$,http://www.tripadvisor.com/Hotel_Review-g1121560-d1911309-Reviews-Ryokan_Shugetsu-Kokonoe_machi_Kusu_gun_Oita_Prefecture_Kyushu_Okinawa.html
Tsurezure,879-4911,Oita Prefecture,954-2 Tano Kokonoe-machi,,$,http://www.tripadvisor.com/Hotel_Review-g1121560-d1912485-Reviews-Tsurezure-Kokonoe_machi_Kusu_gun_Oita_Prefecture_Kyushu_Okinawa.html
Pension Sogennokaze,879-4911,Oita Prefecture,1666-612 Tano Kokonoe-machi,,$$,http://www.tripadvisor.com/Hotel_Review-g1121560-d1912488-Reviews-Pension_Sogennokaze-Kokonoe_machi_Kusu_gun_Oita_Prefecture_Kyushu_Okinawa.html
Satoyado Tsukinoya,879-4912,Oita Prefecture,947 Yutsubo Kokonoe-machi,,$,http://www.tripadvisor.com/Hotel_Review-g1121560-d1912494-Reviews-Satoyado_Tsukinoya-Kokonoe_machi_Kusu_gun_Oita_Prefecture_Kyushu_Okinawa.html
Ryumon Takinoyu,879-4632,Oita Prefecture,1765 Matsugi Kokonoe-machi,,$$,http://www.tripadvisor.com/Hotel_Review-g1121560-d1912500-Reviews-Ryumon_Takinoyu-Kokonoe_machi_Kusu_gun_Oita_Prefecture_Kyushu_Okinawa.html
Minshuku Mizuwakemura,879-4802,Oita Prefecture,3735-2 Nogami Kokonoe-machi,,$$,http://www.tripadvisor.com/Hotel_Review-g1121560-d1927972-Reviews-Minshuku_Mizuwakemura-Kokonoe_machi_Kusu_gun_Oita_Prefecture_Kyushu_Okinawa.html
Yunomotoso,879-4912,Oita Prefecture,769-2 Yutsubo Kokonoe-machi,,,http://www.tripadvisor.com/Hotel_Review-g1121560-d2019810-Reviews-Yunomotoso-Kokonoe_machi_Kusu_gun_Oita_Prefecture_Kyushu_Okinawa.html
Furusato,879-4912 ,Oita Prefecture,724-1 Yutsubo Kokonoe-machi,,,http://www.tripadvisor.com/Hotel_Review-g1121560-d2027905-Reviews-Furusato-Kokonoe_machi_Kusu_gun_Oita_Prefecture_Kyushu_Okinawa.html
Ryokan Nanakamado,879-4912,Oita Prefecture,739 Yutsubo Kokonoe-machi,,$$$,http://www.tripadvisor.com/Hotel_Review-g1121560-d2032745-Reviews-Ryokan_Nanakamado-Kokonoe_machi_Kusu_gun_Oita_Prefecture_Kyushu_Okinawa.html
Yamanamiso,879-4911,Oita Prefecture,230 Tano Kokonoe-machi,,,http://www.tripadvisor.com/Hotel_Review-g1121560-d2036356-Reviews-Yamanamiso-Kokonoe_machi_Kusu_gun_Oita_Prefecture_Kyushu_Okinawa.html
Tora no Yu,879-4911,Oita Prefecture,255-30 Tano Kokonoe-machi,,$,http://www.tripadvisor.com/Hotel_Review-g1121560-d2274767-Reviews-Tora_no_Yu-Kokonoe_machi_Kusu_gun_Oita_Prefecture_Kyushu_Okinawa.html
Daikokuya,879-4912,Oita Prefecture,672-2 Sujiyu Onsen Kokonoe-machi,,$,http://www.tripadvisor.com/Hotel_Review-g1121560-d3154613-Reviews-Daikokuya-Kokonoe_machi_Kusu_gun_Oita_Prefecture_Kyushu_Okinawa.html
Kizuna Hotel,879-4911,Oita Prefecture,1666-124 Tano_ Kokonoe-machi,,,http://www.tripadvisor.com/Hotel_Review-g1121560-d3588488-Reviews-Kizuna_Hotel-Kokonoe_machi_Kusu_gun_Oita_Prefecture_Kyushu_Okinawa.html
Kuoritei,879-4911,Oita Prefecture,255-30 Tano Kokonoe-machi,,$$,http://www.tripadvisor.com/Hotel_Review-g1121560-d3625741-Reviews-Kuoritei-Kokonoe_machi_Kusu_gun_Oita_Prefecture_Kyushu_Okinawa.html
Shukubo Hanashinobu,879-4912,Oita Prefecture,637 Yutsubo Kokonoe-machi,,$$$,http://www.tripadvisor.com/Hotel_Review-g1121560-d7002426-Reviews-Shukubo_Hanashinobu-Kokonoe_machi_Kusu_gun_Oita_Prefecture_Kyushu_Okinawa.html
Woody House B,879-4414,Oita Prefecture,805-9 Okuma Kusu-machi,,$$,http://www.tripadvisor.com/Hotel_Review-g1121561-d1126217-Reviews-Woody_House_B-Kusu_machi_Kusu_gun_Oita_Prefecture_Kyushu_Okinawa.html
Kappominshuku Furusato,879-4523,Oita Prefecture,"1263-6, Kogoheigen Kusu-machi",,,http://www.tripadvisor.com/Hotel_Review-g1121561-d1886197-Reviews-Kappominshuku_Furusato-Kusu_machi_Kusu_gun_Oita_Prefecture_Kyushu_Okinawa.html
Kusu Onsen Bungonosato,879-4400,Oita Prefecture,2586 Ymada Kusu-machi,,$$,http://www.tripadvisor.com/Hotel_Review-g1121561-d1912505-Reviews-Kusu_Onsen_Bungonosato-Kusu_machi_Kusu_gun_Oita_Prefecture_Kyushu_Okinawa.html
Hotel Seiryu,879-4403,Oita Prefecture,382-10 Hoashi Kusu-machi,,,http://www.tripadvisor.com/Hotel_Review-g1121561-d5607280-Reviews-Hotel_Seiryu-Kusu_machi_Kusu_gun_Oita_Prefecture_Kyushu_Okinawa.html
New Hotel Tamaya,875-0042,Oita Prefecture,2573-24 Oaza Kaizoe Usuki,54,$,http://www.tripadvisor.com/Hotel_Review-g1023434-d1082773-Reviews-New_Hotel_Tamaya-Usuki_Oita_Prefecture_Kyushu_Okinawa.html
Kuroshimaso,875-0001,Oita Prefecture,5151-2 Sashiu Usuki,,,http://www.tripadvisor.com/Hotel_Review-g1023434-d1106468-Reviews-Kuroshimaso-Usuki_Oita_Prefecture_Kyushu_Okinawa.html
Kiyasuya Ryokan,875-0041,Oita Prefecture,702-1 Oaza Usuki Minatomachi Usuki,,,http://www.tripadvisor.com/Hotel_Review-g1023434-d1106477-Reviews-Kiyasuya_Ryokan-Usuki_Oita_Prefecture_Kyushu_Okinawa.html
Goshima Ryokan,875-0041,Oita Prefecture,140-9 Usuki Usuki,,$,http://www.tripadvisor.com/Hotel_Review-g1023434-d1106480-Reviews-Goshima_Ryokan-Usuki_Oita_Prefecture_Kyushu_Okinawa.html
Tachibanaya,875-0201,Oita Prefecture,586-1 Notsumachi Notsuichi Usuki,,,http://www.tripadvisor.com/Hotel_Review-g1023434-d1106482-Reviews-Tachibanaya-Usuki_Oita_Prefecture_Kyushu_Okinawa.html
Usuki Yunosato,875-0064,Oita Prefecture,11kumi Fukata Usuki,,$$,http://www.tripadvisor.com/Hotel_Review-g1023434-d1569806-Reviews-Usuki_Yunosato-Usuki_Oita_Prefecture_Kyushu_Okinawa.html
Hotel New Usuki,875-0052,Oita Prefecture,1 Ichihama Chiyodaku Usuki,,$,http://www.tripadvisor.com/Hotel_Review-g1023434-d1569831-Reviews-Hotel_New_Usuki-Usuki_Oita_Prefecture_Kyushu_Okinawa.html
Tawarayaryokan Koto Shirasagikan,875-0081,Oita Prefecture,Fujikawachi Rokugasakoonsen Usuki,,,http://www.tripadvisor.com/Hotel_Review-g1023434-d1884683-Reviews-Tawarayaryokan_Koto_Shirasagikan-Usuki_Oita_Prefecture_Kyushu_Okinawa.html
Shunkoen,875-0041,Oita Prefecture,Gionnishiku Sankumi Usuki,,,http://www.tripadvisor.com/Hotel_Review-g1023434-d1884691-Reviews-Shunkoen-Usuki_Oita_Prefecture_Kyushu_Okinawa.html
Credo Hotel Usuki,875-0042,Oita Prefecture,"2573-10, Kaizoe Usuki",,$$,http://www.tripadvisor.com/Hotel_Review-g1023434-d1884694-Reviews-Credo_Hotel_Usuki-Usuki_Oita_Prefecture_Kyushu_Okinawa.html
Sugano,875-0041,Oita Prefecture,1 Usuki Usuki,,,http://www.tripadvisor.com/Hotel_Review-g1023434-d3984840-Reviews-Sugano-Usuki_Oita_Prefecture_Kyushu_Okinawa.html
Kawaguchiya Ryokan Bettei Kuraku,875-0002,Oita Prefecture,Shitanoe Usuki,,,http://www.tripadvisor.com/Hotel_Review-g1023434-d4593390-Reviews-Kawaguchiya_Ryokan_Bettei_Kuraku-Usuki_Oita_Prefecture_Kyushu_Okinawa.html
Sumiyoshihama Resort Park,873-0033,Oita Prefecture,1165-2 Morie Kitsuki,,$$,http://www.tripadvisor.com/Hotel_Review-g1023444-d1075895-Reviews-Sumiyoshihama_Resort_Park-Kitsuki_Oita_Prefecture_Kyushu_Okinawa.html
Pastoral Mikawaen,873-0005,Oita Prefecture,745-1 Inoo Kitsuki,,,http://www.tripadvisor.com/Hotel_Review-g1023444-d1082782-Reviews-Pastoral_Mikawaen-Kitsuki_Oita_Prefecture_Kyushu_Okinawa.html
Hotel Kitahama Onsen,873-0001,Oita Prefecture,751-8 Oaza Kitsuki Kitsuki,,,http://www.tripadvisor.com/Hotel_Review-g1023444-d1091956-Reviews-Hotel_Kitahama_Onsen-Kitsuki_Oita_Prefecture_Kyushu_Okinawa.html
Sumiyoshihama Sky Hotel,873-0033,Oita Prefecture,1120-7 Morie Kitsuki,,$,http://www.tripadvisor.com/Hotel_Review-g1023444-d1091957-Reviews-Sumiyoshihama_Sky_Hotel-Kitsuki_Oita_Prefecture_Kyushu_Okinawa.html
Hotel Inasato,873-0001,Oita Prefecture,693-4 Kitahama Kitsuki,,$,http://www.tripadvisor.com/Hotel_Review-g1023444-d1884715-Reviews-Hotel_Inasato-Kitsuki_Oita_Prefecture_Kyushu_Okinawa.html
Hyugaya,873-0033,Oita Prefecture,4776-4 Morie Kitsuki,,,http://www.tripadvisor.com/Hotel_Review-g1023444-d2036149-Reviews-Hyugaya-Kitsuki_Oita_Prefecture_Kyushu_Okinawa.html
Kazenosato,879-1305,Oita Prefecture,3003 Yamagamachikuranari Kitsuki,,$$,http://www.tripadvisor.com/Hotel_Review-g1023444-d2258690-Reviews-Kazenosato-Kitsuki_Oita_Prefecture_Kyushu_Okinawa.html
