Vessel hotel Kurashiki,701-0114,Okayama Prefecture,1177-7 Matsushima Kurashiki,119,$,http://www.tripadvisor.com/Hotel_Review-g298133-d299372-Reviews-Vessel_hotel_Kurashiki-Kurashiki_Okayama_Prefecture_Chugoku.html
Hotel Nikko Kurashiki,710-0055,Okayama Prefecture,3-21-19 Achi Kurashiki,70,$$,http://www.tripadvisor.com/Hotel_Review-g298133-d306500-Reviews-Hotel_Nikko_Kurashiki-Kurashiki_Okayama_Prefecture_Chugoku.html
Hostel Cuore Kurashiki,710-0046,Okayama Prefecture,1-9-4 Chuo Kurashiki,,$,http://www.tripadvisor.com/Hotel_Review-g298133-d323967-Reviews-Hostel_Cuore_Kurashiki-Kurashiki_Okayama_Prefecture_Chugoku.html
Hotel Kurashiki,710-0055,Okayama Prefecture,1-1-1 Achi Kurashiki,133,$,http://www.tripadvisor.com/Hotel_Review-g298133-d323968-Reviews-Hotel_Kurashiki-Kurashiki_Okayama_Prefecture_Chugoku.html
Kurashiki Ivy Square Hotel,710-0054,Okayama Prefecture,7-2 Honmachi Kurashiki,161,$,http://www.tripadvisor.com/Hotel_Review-g298133-d323970-Reviews-Kurashiki_Ivy_Square_Hotel-Kurashiki_Okayama_Prefecture_Chugoku.html
Kurashiki Kokusai Hotel,710-0046,Okayama Prefecture,1-1-44 Chuo Kurashiki,106,$$,http://www.tripadvisor.com/Hotel_Review-g298133-d323971-Reviews-Kurashiki_Kokusai_Hotel-Kurashiki_Okayama_Prefecture_Chugoku.html
Kurashiki,710-0054,Okayama Prefecture,4-1 Honmachi Kurashiki,,$$$$,http://www.tripadvisor.com/Hotel_Review-g298133-d323972-Reviews-Kurashiki-Kurashiki_Okayama_Prefecture_Chugoku.html
Toyoko Inn Kurashiki-Eki Minamiguchi,710-0055,Okayama Prefecture,2-10-20 Achi Kurashiki,154,$,http://www.tripadvisor.com/Hotel_Review-g298133-d323974-Reviews-Toyoko_Inn_Kurashiki_Eki_Minamiguchi-Kurashiki_Okayama_Prefecture_Chugoku.html
Tsurugata,710-0046,Okayama Prefecture,1-3-15 Chuo Kurashiki,,$$$,http://www.tripadvisor.com/Hotel_Review-g298133-d323975-Reviews-Tsurugata-Kurashiki_Okayama_Prefecture_Chugoku.html
Court Hotel Kurashiki,710-0046,Okayama Prefecture,2-2-26 Chuo Kurashiki,104,$,http://www.tripadvisor.com/Hotel_Review-g298133-d479501-Reviews-Court_Hotel_Kurashiki-Kurashiki_Okayama_Prefecture_Chugoku.html
Setouchi Kojima Hotel,711-0926,Okayama Prefecture,303-53 Fukiage Shimotsui Kurashiki,,$$,http://www.tripadvisor.com/Hotel_Review-g298133-d628335-Reviews-Setouchi_Kojima_Hotel-Kurashiki_Okayama_Prefecture_Chugoku.html
Misono Ryokan,710-0826,Okayama Prefecture,3-4-1 Omatsucho Kurashiki,,$$,http://www.tripadvisor.com/Hotel_Review-g298133-d729734-Reviews-Misono_Ryokan-Kurashiki_Okayama_Prefecture_Chugoku.html
Hotel Sunplaza Kurashiki,710-0814,Okayama Prefecture,1-5 Iwamicho Kurashiki,,$,http://www.tripadvisor.com/Hotel_Review-g298133-d1030701-Reviews-Hotel_Sunplaza_Kurashiki-Kurashiki_Okayama_Prefecture_Chugoku.html
Kurashiki Seaside Hotel,711-0934,Okayama Prefecture,2767-21 Kojima Shionasu Kurashiki,75,$,http://www.tripadvisor.com/Hotel_Review-g298133-d1030705-Reviews-Kurashiki_Seaside_Hotel-Kurashiki_Okayama_Prefecture_Chugoku.html
Kurashiki Youth Hostel,710-0044,Okayama Prefecture,1537-1 Mukoyama Kurashiki,,,http://www.tripadvisor.com/Hotel_Review-g298133-d1030709-Reviews-Kurashiki_Youth_Hostel-Kurashiki_Okayama_Prefecture_Chugoku.html
Shin-Kurashiki Green Hotel,713-8103,Okayama Prefecture,7130-1 Tamashima Otoshima Kurashiki,,,http://www.tripadvisor.com/Hotel_Review-g298133-d1030714-Reviews-Shin_Kurashiki_Green_Hotel-Kurashiki_Okayama_Prefecture_Chugoku.html
Washu Highland Hotel,711-0926,Okayama Prefecture,303-17 Shimotsuifukiage Kurashiki,76,$$$,http://www.tripadvisor.com/Hotel_Review-g298133-d1030726-Reviews-Washu_Highland_Hotel-Kurashiki_Okayama_Prefecture_Chugoku.html
Yamako,701-0112,Okayama Prefecture,140-1 Shimosho Kurashiki,,$,http://www.tripadvisor.com/Hotel_Review-g298133-d1030727-Reviews-Yamako-Kurashiki_Okayama_Prefecture_Chugoku.html
Kurashiki Business Hotel Mizushima,712-8063,Okayama Prefecture,1-8 Mizushima Minamisaiwai-cho Kurashiki,,$,http://www.tripadvisor.com/Hotel_Review-g298133-d1030733-Reviews-Kurashiki_Business_Hotel_Mizushima-Kurashiki_Okayama_Prefecture_Chugoku.html
Yoshii Ryokan,710-0054,Okayama Prefecture,1-29 Honmachi Kurashiki,,$$$$,http://www.tripadvisor.com/Hotel_Review-g298133-d1041939-Reviews-Yoshii_Ryokan-Kurashiki_Okayama_Prefecture_Chugoku.html
Hotel Setoohashi,711-0934,Okayama Prefecture,3777 Kojimashionasu Kurashiki,,$,http://www.tripadvisor.com/Hotel_Review-g298133-d1073101-Reviews-Hotel_Setoohashi-Kurashiki_Okayama_Prefecture_Chugoku.html
Hotel 1-2-3 Kurashiki,710-0826,Okayama Prefecture,2-12-15 Oimatsucho Kurashiki,140,$,http://www.tripadvisor.com/Hotel_Review-g298133-d1073102-Reviews-Hotel_1_2_3_Kurashiki-Kurashiki_Okayama_Prefecture_Chugoku.html
Kurashiki Station Hotel,710-0055,Okayama Prefecture,2-8-1 Achi Kurashiki,111,$,http://www.tripadvisor.com/Hotel_Review-g298133-d1073105-Reviews-Kurashiki_Station_Hotel-Kurashiki_Okayama_Prefecture_Chugoku.html
Ryori & Oyado Shimotsuitei,711-0927,Okayama Prefecture,4-1-3 Shimotsui Kurashiki,,$,http://www.tripadvisor.com/Hotel_Review-g298133-d1073107-Reviews-Ryori_Oyado_Shimotsuitei-Kurashiki_Okayama_Prefecture_Chugoku.html
Santoka,711-0901,Okayama Prefecture,3285 Kojimayuga Kurashiki,,$$$,http://www.tripadvisor.com/Hotel_Review-g298133-d1073108-Reviews-Santoka-Kurashiki_Okayama_Prefecture_Chugoku.html
Business Inn Kurashiki,710-0051 ,Okayama Prefecture,6-5 Saiwaicho Kurashiki,,$,http://www.tripadvisor.com/Hotel_Review-g298133-d1088986-Reviews-Business_Inn_Kurashiki-Kurashiki_Okayama_Prefecture_Chugoku.html
Hotel Cent Inn Kurashiki,710-0253,Okayama Prefecture,5-203 Shinkurashiki-ekimae Kurashiki,,$,http://www.tripadvisor.com/Hotel_Review-g298133-d1088989-Reviews-Hotel_Cent_Inn_Kurashiki-Kurashiki_Okayama_Prefecture_Chugoku.html
White Inn Kurashiki,710-0821　　,Okayama Prefecture,11-10 Kawanishimachi Kurashiki,47,$,http://www.tripadvisor.com/Hotel_Review-g298133-d1088991-Reviews-White_Inn_Kurashiki-Kurashiki_Okayama_Prefecture_Chugoku.html
Higashimachi,710-0053,Okayama Prefecture,2-7 Higashimachi Kurashiki,,,http://www.tripadvisor.com/Hotel_Review-g298133-d1088994-Reviews-Higashimachi-Kurashiki_Okayama_Prefecture_Chugoku.html
Park Side Villa Kurashiki,710-0801,Okayama Prefecture,1664-3 Sakazu Kurashiki,,$,http://www.tripadvisor.com/Hotel_Review-g298133-d1089002-Reviews-Park_Side_Villa_Kurashiki-Kurashiki_Okayama_Prefecture_Chugoku.html
Sanyo Heights,710-0031 ,Okayama Prefecture,1265 Aruki Kurashiki,,$,http://www.tripadvisor.com/Hotel_Review-g298133-d1089003-Reviews-Sanyo_Heights-Kurashiki_Okayama_Prefecture_Chugoku.html
Bingoya,713-8121,Okayama Prefecture,956 Tamashimaagasaki Kurashiki,9,$$,http://www.tripadvisor.com/Hotel_Review-g298133-d1092868-Reviews-Bingoya-Kurashiki_Okayama_Prefecture_Chugoku.html
Escale Mizushima,712-8057,Okayama Prefecture,3-27 Mizushimahigashichidoricho Kurashiki,,,http://www.tripadvisor.com/Hotel_Review-g298133-d1096911-Reviews-Escale_Mizushima-Kurashiki_Okayama_Prefecture_Chugoku.html
Washuzan Shimoden Hotel,711-0924,Okayama Prefecture,1666-2 Obatake Kurashiki,101,$$,http://www.tripadvisor.com/Hotel_Review-g298133-d1096912-Reviews-Washuzan_Shimoden_Hotel-Kurashiki_Okayama_Prefecture_Chugoku.html
Seaside Truffle,711-0927,Okayama Prefecture,3-105 Shimotsui Kurashiki,,$,http://www.tripadvisor.com/Hotel_Review-g298133-d1096913-Reviews-Seaside_Truffle-Kurashiki_Okayama_Prefecture_Chugoku.html
Ryokanso,713-8123,Okayama Prefecture,478 Tamashima Kashiwajima Kurashiki,,$,http://www.tripadvisor.com/Hotel_Review-g298133-d1110344-Reviews-Ryokanso-Kurashiki_Okayama_Prefecture_Chugoku.html
Pension Tefutefu,711-0933,Okayama Prefecture,19-2 Kojimakayo Kurashiki,,,http://www.tripadvisor.com/Hotel_Review-g298133-d1110346-Reviews-Pension_Tefutefu-Kurashiki_Okayama_Prefecture_Chugoku.html
Dormy Inn Kurashiki,710-0055,Okayama Prefecture,3-21-11 Achi Kurashiki,168,$,http://www.tripadvisor.com/Hotel_Review-g298133-d1110351-Reviews-Dormy_Inn_Kurashiki-Kurashiki_Okayama_Prefecture_Chugoku.html
Business Hotel Appoint,710-0052,Okayama Prefecture,1-14-29 Miwa Kurashiki,,,http://www.tripadvisor.com/Hotel_Review-g298133-d1110352-Reviews-Business_Hotel_Appoint-Kurashiki_Okayama_Prefecture_Chugoku.html
Miyakeya Ryokan,710-0821,Okayama Prefecture,2-6 Kawanishimachi Kurashiki,,$,http://www.tripadvisor.com/Hotel_Review-g298133-d1110355-Reviews-Miyakeya_Ryokan-Kurashiki_Okayama_Prefecture_Chugoku.html
Fukiageso,711-0927,Okayama Prefecture,347 Shimotsui Fukiage Kurashiki,,,http://www.tripadvisor.com/Hotel_Review-g298133-d1110356-Reviews-Fukiageso-Kurashiki_Okayama_Prefecture_Chugoku.html
Hotel Nankai Kurashiki,712-8065,Okayama Prefecture,1-25 Mizushima Nishichidoricho Kurashiki,,$,http://www.tripadvisor.com/Hotel_Review-g298133-d1110359-Reviews-Hotel_Nankai_Kurashiki-Kurashiki_Okayama_Prefecture_Chugoku.html
Hotel and Arts,711-0927,Okayama Prefecture,1482-25 Shimotsui Kurashiki,,,http://www.tripadvisor.com/Hotel_Review-g298133-d1135612-Reviews-Hotel_and_Arts-Kurashiki_Okayama_Prefecture_Chugoku.html
Super Hotel City Kurashiki,712-8034,Okayama Prefecture,10-8 Mizushimanishi Sakae-machi Kurashiki,,$,http://www.tripadvisor.com/Hotel_Review-g298133-d1135652-Reviews-Super_Hotel_City_Kurashiki-Kurashiki_Okayama_Prefecture_Chugoku.html
Bizenya Koshi,711-0927　,Okayama Prefecture,5-1-1 Shimotsui Kurashiki,,$$,http://www.tripadvisor.com/Hotel_Review-g298133-d1135659-Reviews-Bizenya_Koshi-Kurashiki_Okayama_Prefecture_Chugoku.html
Washuzan Youth Hostel,711-0924,Okayama Prefecture,1666-1 Obatake Kurashiki,,$,http://www.tripadvisor.com/Hotel_Review-g298133-d1566498-Reviews-Washuzan_Youth_Hostel-Kurashiki_Okayama_Prefecture_Chugoku.html
Chisun Inn Kurashiki Mizushima,712-8044,Okayama Prefecture,1-9-1 Higashizuka Kurashiki,98,$,http://www.tripadvisor.com/Hotel_Review-g298133-d1566499-Reviews-Chisun_Inn_Kurashiki_Mizushima-Kurashiki_Okayama_Prefecture_Chugoku.html
APA Hotel Kurashiki-Ekimae,710-0055 ,Okayama Prefecture,1-7-2 Achi Kurashiki,211,$,http://www.tripadvisor.com/Hotel_Review-g298133-d1568841-Reviews-APA_Hotel_Kurashiki_Ekimae-Kurashiki_Okayama_Prefecture_Chugoku.html
Kurashiki ekimae universal hotel,710-0046,Okayama Prefecture,2-1-15 Chuo Kurashiki,166,$,http://www.tripadvisor.com/Hotel_Review-g298133-d1749307-Reviews-Kurashiki_ekimae_universal_hotel-Kurashiki_Okayama_Prefecture_Chugoku.html
Minshuku Chigusa,711-0927,Okayama Prefecture,1496-7 Shimotsui Kurashiki,,$,http://www.tripadvisor.com/Hotel_Review-g298133-d1864131-Reviews-Minshuku_Chigusa-Kurashiki_Okayama_Prefecture_Chugoku.html
Kokuminshukusha Ojigadake,711-0905,Okayama Prefecture,1421-1 Kojimakarakotocho Kurashiki,,,http://www.tripadvisor.com/Hotel_Review-g298133-d1880847-Reviews-Kokuminshukusha_Ojigadake-Kurashiki_Okayama_Prefecture_Chugoku.html
Sushiko Ryokan,712-8057,Okayama Prefecture,3-9 Mizushimahigashichidoricho Kurashiki,,$,http://www.tripadvisor.com/Hotel_Review-g298133-d1880851-Reviews-Sushiko_Ryokan-Kurashiki_Okayama_Prefecture_Chugoku.html
Kurashiki Ishiyamakadan,710-0046,Okayama Prefecture,1-25-23 Chuo Kurashiki,,,http://www.tripadvisor.com/Hotel_Review-g298133-d2032762-Reviews-Kurashiki_Ishiyamakadan-Kurashiki_Okayama_Prefecture_Chugoku.html
Kurashiki Guest House Yurinan,710-0054,Okayama Prefecture,2-15 Honmachi Kurashiki,5,$,http://www.tripadvisor.com/Hotel_Review-g298133-d2525060-Reviews-Kurashiki_Guest_House_Yurinan-Kurashiki_Okayama_Prefecture_Chugoku.html
Kojima Puchi Hotel,711-0921,Okayama Prefecture,"1-78, Kojima Ekimae Kurashiki",,$,http://www.tripadvisor.com/Hotel_Review-g298133-d3492958-Reviews-Kojima_Puchi_Hotel-Kurashiki_Okayama_Prefecture_Chugoku.html
Washu Grand Hotel Bizenya Koshi,711-0927,Okayama Prefecture,5-5-5 Shimotsui Kurashiki,,$$,http://www.tripadvisor.com/Hotel_Review-g298133-d4341113-Reviews-Washu_Grand_Hotel_Bizenya_Koshi-Kurashiki_Okayama_Prefecture_Chugoku.html
Hotel Alpha 1 Kurashiki,710-0055,Okayama Prefecture,2-2-26 Achi Kurashiki,,$,http://www.tripadvisor.com/Hotel_Review-g298133-d4994813-Reviews-Hotel_Alpha_1_Kurashiki-Kurashiki_Okayama_Prefecture_Chugoku.html
Kokuminshukusha Sun Road Kibiji,719-1124,Okayama Prefecture,825-1 Misu Soja,,$,http://www.tripadvisor.com/Hotel_Review-g1023453-d1073121-Reviews-Kokuminshukusha_Sun_Road_Kibiji-Soja_Okayama_Prefecture_Chugoku.html
New Kibiji,719-1136,Okayama Prefecture,2-12-12 Ekimae Soja,,,http://www.tripadvisor.com/Hotel_Review-g1023453-d1092836-Reviews-New_Kibiji-Soja_Okayama_Prefecture_Chugoku.html
Hotel Ikedaya,719-1136,Okayama Prefecture,1-2-2 Ekimae Soja,,$,http://www.tripadvisor.com/Hotel_Review-g1023453-d1096906-Reviews-Hotel_Ikedaya-Soja_Okayama_Prefecture_Chugoku.html
Suntopia Okayama Soja,719-1142,Okayama Prefecture,1215 Hada Soja,,$,http://www.tripadvisor.com/Hotel_Review-g1023453-d1879933-Reviews-Suntopia_Okayama_Soja-Soja_Okayama_Prefecture_Chugoku.html
Kamogata Green Hotel,719-0243,Okayama Prefecture,937-1 Kamogatacho Kamogata Asakuchi,,,http://www.tripadvisor.com/Hotel_Review-g1023461-d1110295-Reviews-Kamogata_Green_Hotel-Asakuchi_Okayama_Prefecture_Chugoku.html
Yoshozan Hotel,719-0234,Okayama Prefecture,1866-4 Masusaka Kamogata-cho Asakuchi,,,http://www.tripadvisor.com/Hotel_Review-g1023461-d1135708-Reviews-Yoshozan_Hotel-Asakuchi_Okayama_Prefecture_Chugoku.html
Tosaya Ryokan,719-0111,Okayama Prefecture,228-1 Konkochootani Asakuchi,,,http://www.tripadvisor.com/Hotel_Review-g1023461-d1880834-Reviews-Tosaya_Ryokan-Asakuchi_Okayama_Prefecture_Chugoku.html
Japanese Old House en,719-010,Okayama Prefecture,1484 Konkochourami Asakuchi,,$,http://www.tripadvisor.com/Hotel_Review-g1023461-d3347448-Reviews-Japanese_Old_House_en-Asakuchi_Okayama_Prefecture_Chugoku.html
Ark Hotel,700-0907,Okayama Prefecture,2-6-1 Shimoishii Okayama,181,$,http://www.tripadvisor.com/Hotel_Review-g298134-d323956-Reviews-Ark_Hotel-Okayama_Okayama_Prefecture_Chugoku.html
Hotel Granvia Okayama,700-0024,Okayama Prefecture,1-5 Ekimotomachi Okayama,328,$$,http://www.tripadvisor.com/Hotel_Review-g298134-d323957-Reviews-Hotel_Granvia_Okayama-Okayama_Okayama_Prefecture_Chugoku.html
Mitsui Garden Hotel Okayama,700-0024,Okayama Prefecture,1-7 Ekimotomachi Okayama,352,$,http://www.tripadvisor.com/Hotel_Review-g298134-d323959-Reviews-Mitsui_Garden_Hotel_Okayama-Okayama_Okayama_Prefecture_Chugoku.html
Okayama International Center,700-0026,Okayama Prefecture,2-2-1 Hokan-cho Okayama,,$,http://www.tripadvisor.com/Hotel_Review-g298134-d323960-Reviews-Okayama_International_Center-Okayama_Okayama_Prefecture_Chugoku.html
Okayama International Hotel,703-8274,Okayama Prefecture,4-1-16 Kadota Honmachi Okayama,175,$,http://www.tripadvisor.com/Hotel_Review-g298134-d323962-Reviews-Okayama_International_Hotel-Okayama_Okayama_Prefecture_Chugoku.html
Royal Okayama Hotel,700-0028,Okayama Prefecture,2-4 Ezu-Cho Okayama,159,$,http://www.tripadvisor.com/Hotel_Review-g298134-d505110-Reviews-Royal_Okayama_Hotel-Okayama_Okayama_Prefecture_Chugoku.html
ANA Hotel Okayama,700-0024,Okayama Prefecture,15-1 Ekimotocho Okayama,217,$,http://www.tripadvisor.com/Hotel_Review-g298134-d582420-Reviews-ANA_Hotel_Okayama-Okayama_Okayama_Prefecture_Chugoku.html
Okayama Plaza Hotel,703-8256,Okayama Prefecture,2-3-12 Hama Okayama,,$,http://www.tripadvisor.com/Hotel_Review-g298134-d628562-Reviews-Okayama_Plaza_Hotel-Okayama_Okayama_Prefecture_Chugoku.html
Benefit Hotel Honmachi,700-0901,Okayama Prefecture,4-20 Honmachi Okayama,,$,http://www.tripadvisor.com/Hotel_Review-g298134-d1082105-Reviews-Benefit_Hotel_Honmachi-Okayama_Okayama_Prefecture_Chugoku.html
Business Hotel Isami,700-0821,Okayama Prefecture,1-6-32 Nakasange Okayama,,,http://www.tripadvisor.com/Hotel_Review-g298134-d1082672-Reviews-Business_Hotel_Isami-Okayama_Okayama_Prefecture_Chugoku.html
Business Hotel Nakami,700-0927,Okayama Prefecture,137 Nishifurumatsu Okayama,,$,http://www.tripadvisor.com/Hotel_Review-g298134-d1082674-Reviews-Business_Hotel_Nakami-Okayama_Okayama_Prefecture_Chugoku.html
Business Hotel Shinko,700-0902,Okayama Prefecture,1-14 Nishikimachi Okayama,,$,http://www.tripadvisor.com/Hotel_Review-g298134-d1082675-Reviews-Business_Hotel_Shinko-Okayama_Okayama_Prefecture_Chugoku.html
Hotel Excel Okayama,700-0813,Okayama Prefecture,"5-1 Ishizekicho, Kita-ku Okayama",89,$,http://www.tripadvisor.com/Hotel_Review-g298134-d1082676-Reviews-Hotel_Excel_Okayama-Okayama_Okayama_Prefecture_Chugoku.html
Hotel Maira,700-0902,Okayama Prefecture,8-16 Nishikimachi Okayama,,$,http://www.tripadvisor.com/Hotel_Review-g298134-d1082683-Reviews-Hotel_Maira-Okayama_Okayama_Prefecture_Chugoku.html
Hotel Okayama Sunshine Hotel,700-0826,Okayama Prefecture,1-13 Togiyacho Okayama,,$,http://www.tripadvisor.com/Hotel_Review-g298134-d1082685-Reviews-Hotel_Okayama_Sunshine_Hotel-Okayama_Okayama_Prefecture_Chugoku.html
Hotel Leo Palace Okayama,700-0904,Okayama Prefecture,2-12-13 Yanagimachi Okayama,,$,http://www.tripadvisor.com/Hotel_Review-g298134-d1082687-Reviews-Hotel_Leo_Palace_Okayama-Okayama_Okayama_Prefecture_Chugoku.html
Hotel Repose Okayama,700-0822,Okayama Prefecture,3-19-21 Omotecho Okayama,94,$,http://www.tripadvisor.com/Hotel_Review-g298134-d1082689-Reviews-Hotel_Repose_Okayama-Okayama_Okayama_Prefecture_Chugoku.html
Hotel Tachibana,700-0856,Okayama Prefecture,7-43 Tokaichinishimachi Okayama,,$,http://www.tripadvisor.com/Hotel_Review-g298134-d1082693-Reviews-Hotel_Tachibana-Okayama_Okayama_Prefecture_Chugoku.html
Capsule Inn Okayama,700-0904,Okayama Prefecture,1-13-21 Yanagimachi Okayama,,$,http://www.tripadvisor.com/Hotel_Review-g298134-d1082694-Reviews-Capsule_Inn_Okayama-Okayama_Okayama_Prefecture_Chugoku.html
Okayama Koraku Hotel,700-0827,Okayama Prefecture,5-1 Heiwacho Okayama,211,$,http://www.tripadvisor.com/Hotel_Review-g298134-d1082695-Reviews-Okayama_Koraku_Hotel-Okayama_Okayama_Prefecture_Chugoku.html
Okayama Business Hotel,700-0807,Okayama Prefecture,1-1-1 Minamigata Okayama,,,http://www.tripadvisor.com/Hotel_Review-g298134-d1082697-Reviews-Okayama_Business_Hotel-Okayama_Okayama_Prefecture_Chugoku.html
Okayama Business Hotel Annex,700-0901,Okayama Prefecture,9-16 Honmachi Okayama,,$,http://www.tripadvisor.com/Hotel_Review-g298134-d1082698-Reviews-Okayama_Business_Hotel_Annex-Okayama_Okayama_Prefecture_Chugoku.html
Okayama View Hotel,700-0821,Okayama Prefecture,1-11-17 Nakasange Kita-ku Okayama,97,$,http://www.tripadvisor.com/Hotel_Review-g298134-d1082699-Reviews-Okayama_View_Hotel-Okayama_Okayama_Prefecture_Chugoku.html
Okayama Grand Hotel,700-0841,Okayama Prefecture,2-10 Funabashicho Okayama,,,http://www.tripadvisor.com/Hotel_Review-g298134-d1082701-Reviews-Okayama_Grand_Hotel-Okayama_Okayama_Prefecture_Chugoku.html
Okayama Green Hotel,700-0023,Okayama Prefecture,2-4-8 Ekimaecho Okayama,,$,http://www.tripadvisor.com/Hotel_Review-g298134-d1082702-Reviews-Okayama_Green_Hotel-Okayama_Okayama_Prefecture_Chugoku.html
Okayama City Hotel Kuwatacho,700-0984,Okayama Prefecture,"3-30 Kuwadacho, Kita-ku Okayama",,$,http://www.tripadvisor.com/Hotel_Review-g298134-d1082703-Reviews-Okayama_City_Hotel_Kuwatacho-Okayama_Okayama_Prefecture_Chugoku.html
Okayama Square Hotel,700-0825,Okayama Prefecture,"2-5-12, Tamachi, Kita-ku Okayama",,$,http://www.tripadvisor.com/Hotel_Review-g298134-d1082704-Reviews-Okayama_Square_Hotel-Okayama_Okayama_Prefecture_Chugoku.html
Okayama Washington Hotel Plaza,700-0901,Okayama Prefecture,3-6-201 Honmachi Okayama,220,$,http://www.tripadvisor.com/Hotel_Review-g298134-d1082706-Reviews-Okayama_Washington_Hotel_Plaza-Okayama_Okayama_Prefecture_Chugoku.html
Recent Culture Hotel,700-0011,Okayama Prefecture,1-3-2 Gakunancho Okayama,81,$,http://www.tripadvisor.com/Hotel_Review-g298134-d1082708-Reviews-Recent_Culture_Hotel-Okayama_Okayama_Prefecture_Chugoku.html
Sensui,701-1144,Okayama Prefecture,1426-2 Kaidani Okayama,,$,http://www.tripadvisor.com/Hotel_Review-g298134-d1082713-Reviews-Sensui-Okayama_Okayama_Prefecture_Chugoku.html
City Hotel Ikeda,700-0826,Okayama Prefecture,6-15 Togiyacho Okayama,,$,http://www.tripadvisor.com/Hotel_Review-g298134-d1082715-Reviews-City_Hotel_Ikeda-Okayama_Okayama_Prefecture_Chugoku.html
Hakuunkaku,703-8202,Okayama Prefecture,644 Yuba Naka-ku Okayama,,$$,http://www.tripadvisor.com/Hotel_Review-g298134-d1082717-Reviews-Hakuunkaku-Okayama_Okayama_Prefecture_Chugoku.html
Benefit Hotel Okayama 1,700-0023,Okayama Prefecture,2-6-12 Ekimaecho Okayama,40,$,http://www.tripadvisor.com/Hotel_Review-g298134-d1082718-Reviews-Benefit_Hotel_Okayama_1-Okayama_Okayama_Prefecture_Chugoku.html
Comfort Hotel Okayama,700-0823,Okayama Prefecture,"1-1-13 Marunouchi, Kita-ku Okayama",208,$,http://www.tripadvisor.com/Hotel_Review-g298134-d1082720-Reviews-Comfort_Hotel_Okayama-Okayama_Okayama_Prefecture_Chugoku.html
Central Hotel Okayama,700-0825,Okayama Prefecture,1-10-28 Tamachi Okayama,85,$,http://www.tripadvisor.com/Hotel_Review-g298134-d1082721-Reviews-Central_Hotel_Okayama-Okayama_Okayama_Prefecture_Chugoku.html
Abisu Inn Okayama,700-0913　,Okayama Prefecture,1-3-10 Daiku Okayama,104,$,http://www.tripadvisor.com/Hotel_Review-g298134-d1089061-Reviews-Abisu_Inn_Okayama-Okayama_Okayama_Prefecture_Chugoku.html
Daiwa Roynet Hotel Okayama Ekimae,700-0023,Okayama Prefecture,1-1-1 Ekimaecho Okayama,216,$,http://www.tripadvisor.com/Hotel_Review-g298134-d1089062-Reviews-Daiwa_Roynet_Hotel_Okayama_Ekimae-Okayama_Okayama_Prefecture_Chugoku.html
Hotel River Side,700-0902,Okayama Prefecture,Nishikimachi 4-11 Okayama,,$,http://www.tripadvisor.com/Hotel_Review-g298134-d1089065-Reviews-Hotel_River_Side-Okayama_Okayama_Prefecture_Chugoku.html
Sauna & Capsule Hotel Holly Wood Chuocho,700-0836 ,Okayama Prefecture,10-14 Chuocho Okayama,,,http://www.tripadvisor.com/Hotel_Review-g298134-d1089069-Reviews-Sauna_Capsule_Hotel_Holly_Wood_Chuocho-Okayama_Okayama_Prefecture_Chugoku.html
Sauna & Capsule Hotel Holly Wood Ekimaecho,700-0023 ,Okayama Prefecture,1-2-16 Ekimaecho Okayama,,$,http://www.tripadvisor.com/Hotel_Review-g298134-d1089071-Reviews-Sauna_Capsule_Hotel_Holly_Wood_Ekimaecho-Okayama_Okayama_Prefecture_Chugoku.html
Mielparque Okayama,700-0984,Okayama Prefecture,1-13 Kuwatacho Kita-ku Okayama,55,$,http://www.tripadvisor.com/Hotel_Review-g298134-d1089073-Reviews-Mielparque_Okayama-Okayama_Okayama_Prefecture_Chugoku.html
Okayamaken Seinenkan,700-0081 ,Okayama Prefecture,1-4-1 Tsushimahigashi Okayama,,$,http://www.tripadvisor.com/Hotel_Review-g298134-d1089075-Reviews-Okayamaken_Seinenkan-Okayama_Okayama_Prefecture_Chugoku.html
Okayama New Station Hotel,700-0024 ,Okayama Prefecture,Ekimotomachi 18-9 Okayama,,,http://www.tripadvisor.com/Hotel_Review-g298134-d1089077-Reviews-Okayama_New_Station_Hotel-Okayama_Okayama_Prefecture_Chugoku.html
Purity Makibi,700-0907　,Okayama Prefecture,2-6-41 Shimoishii Okayama,,$,http://www.tripadvisor.com/Hotel_Review-g298134-d1089079-Reviews-Purity_Makibi-Okayama_Okayama_Prefecture_Chugoku.html
Toyoko Inn Okayama Sation West,700-0026　,Okayama Prefecture,1-12-4 Hokancho Okayama,216,$,http://www.tripadvisor.com/Hotel_Review-g298134-d1089081-Reviews-Toyoko_Inn_Okayama_Sation_West-Okayama_Okayama_Prefecture_Chugoku.html
Weekly Monthly Benefit Mansion 2,700-0023,Okayama Prefecture,2-5-15 Ekimaecho Okayama,,,http://www.tripadvisor.com/Hotel_Review-g298134-d1089123-Reviews-Weekly_Monthly_Benefit_Mansion_2-Okayama_Okayama_Prefecture_Chugoku.html
Weekly Monthly Benefit Mansion 3,700-0023 ,Okayama Prefecture,2-4-12 Ekimaecho Okayama,,$,http://www.tripadvisor.com/Hotel_Review-g298134-d1089130-Reviews-Weekly_Monthly_Benefit_Mansion_3-Okayama_Okayama_Prefecture_Chugoku.html
Yamasa Honjin,700-0901　　,Okayama Prefecture,8-23 Motomachi Okayama,,,http://www.tripadvisor.com/Hotel_Review-g298134-d1089133-Reviews-Yamasa_Honjin-Okayama_Okayama_Prefecture_Chugoku.html
Business Hotel New Futaba,700-0023,Okayama Prefecture,1-6-5 Ekimaecho Okayama,,$,http://www.tripadvisor.com/Hotel_Review-g298134-d1089144-Reviews-Business_Hotel_New_Futaba-Okayama_Okayama_Prefecture_Chugoku.html
Business Hotel Saiwai Sou,700-0024,Okayama Prefecture,24-8 Ekimotomachi Okayama,,$,http://www.tripadvisor.com/Hotel_Review-g298134-d1089145-Reviews-Business_Hotel_Saiwai_Sou-Okayama_Okayama_Prefecture_Chugoku.html
Chisan Hotel Okayama,700-0823 ,Okayama Prefecture,1-1-13 Marunouchi Okayama,,,http://www.tripadvisor.com/Hotel_Review-g298134-d1089146-Reviews-Chisan_Hotel_Okayama-Okayama_Okayama_Prefecture_Chugoku.html
Hotel Okayama,700-0902 ,Okayama Prefecture,3-23 Nishikimachi Okayama,,$,http://www.tripadvisor.com/Hotel_Review-g298134-d1089158-Reviews-Hotel_Okayama-Okayama_Okayama_Prefecture_Chugoku.html
Okayama City Hotel Koseicho,700-0985 ,Okayama Prefecture,"3-1-20 Koseicho, Kita-ku Okayama",320,$,http://www.tripadvisor.com/Hotel_Review-g298134-d1089160-Reviews-Okayama_City_Hotel_Koseicho-Okayama_Okayama_Prefecture_Chugoku.html
Ryokan Kouraku,700-0023 ,Okayama Prefecture,1-3-14 Ekimaecho Okayama,,,http://www.tripadvisor.com/Hotel_Review-g298134-d1089164-Reviews-Ryokan_Kouraku-Okayama_Okayama_Prefecture_Chugoku.html
Sun Peach OKAYAMA,700-0023,Okayama Prefecture,2-3-31 Ekimaecho Okayama,,$,http://www.tripadvisor.com/Hotel_Review-g298134-d1096915-Reviews-Sun_Peach_OKAYAMA-Okayama_Okayama_Prefecture_Chugoku.html
Resparle Fujiganaru,701-1141,Okayama Prefecture,3399-1 Sugano Okayama,,$,http://www.tripadvisor.com/Hotel_Review-g298134-d1096916-Reviews-Resparle_Fujiganaru-Okayama_Okayama_Prefecture_Chugoku.html
Shiki No Kaban,701-1141,Okayama Prefecture,3399-1 Sugano Okayama,,$$$,http://www.tripadvisor.com/Hotel_Review-g298134-d1096917-Reviews-Shiki_No_Kaban-Okayama_Okayama_Prefecture_Chugoku.html
Hotel Takebe No Mori,709-3145,Okayama Prefecture,1569-24 Takebechotajiko Okayama,,,http://www.tripadvisor.com/Hotel_Review-g298134-d1096918-Reviews-Hotel_Takebe_No_Mori-Okayama_Okayama_Prefecture_Chugoku.html
Saidaiji Grand Hotel,704-8116,Okayama Prefecture,2-12-9 Saidaijinaka Okayama,,$,http://www.tripadvisor.com/Hotel_Review-g298134-d1096919-Reviews-Saidaiji_Grand_Hotel-Okayama_Okayama_Prefecture_Chugoku.html
Hotel Area One Okayama,700-0903,Okayama Prefecture,7-1 Saiwaicho Okayama,83,$,http://www.tripadvisor.com/Hotel_Review-g298134-d1096920-Reviews-Hotel_Area_One_Okayama-Okayama_Okayama_Prefecture_Chugoku.html
Masuno Honkan,704-8175,Okayama Prefecture,6-10 Masunocho Okayama,,,http://www.tripadvisor.com/Hotel_Review-g298134-d1111903-Reviews-Masuno_Honkan-Okayama_Okayama_Prefecture_Chugoku.html
Business Hotel Junes Okayama,700-0023,Okayama Prefecture,1-10-8 Ekimaecho Okayama,,,http://www.tripadvisor.com/Hotel_Review-g298134-d1111930-Reviews-Business_Hotel_Junes_Okayama-Okayama_Okayama_Prefecture_Chugoku.html
Regalo Hotel Okayama,700-0901,Okayama Prefecture,8-3 Honmachi Okayama,,$,http://www.tripadvisor.com/Hotel_Review-g298134-d1111936-Reviews-Regalo_Hotel_Okayama-Okayama_Okayama_Prefecture_Chugoku.html
Sea Resort Hoden,704-8152,Okayama Prefecture,3855 Hoden Okayama,,,http://www.tripadvisor.com/Hotel_Review-g298134-d1111941-Reviews-Sea_Resort_Hoden-Okayama_Okayama_Prefecture_Chugoku.html
Business Hotel Okazaki,700-0023,Okayama Prefecture,1-4-17 Ekimaecho Okayama,,$,http://www.tripadvisor.com/Hotel_Review-g298134-d1111948-Reviews-Business_Hotel_Okazaki-Okayama_Okayama_Prefecture_Chugoku.html
Business Hotel Well,700-0921,Okayama Prefecture,1-1-28 Higashifurumatsu Okayama,,,http://www.tripadvisor.com/Hotel_Review-g298134-d1111949-Reviews-Business_Hotel_Well-Okayama_Okayama_Prefecture_Chugoku.html
Sankoso,703-8278,Okayama Prefecture,1-7-36 Furugyocho Okayama,,,http://www.tripadvisor.com/Hotel_Review-g298134-d1111958-Reviews-Sankoso-Okayama_Okayama_Prefecture_Chugoku.html
Nansekiso,702-8011,Okayama Prefecture,1545 Kori Okayama,,,http://www.tripadvisor.com/Hotel_Review-g298134-d1111968-Reviews-Nansekiso-Okayama_Okayama_Prefecture_Chugoku.html
Masuno Shinkan,703-8223,Okayama Prefecture,307-12 Nagatoshi Okayama,,,http://www.tripadvisor.com/Hotel_Review-g298134-d1111973-Reviews-Masuno_Shinkan-Okayama_Okayama_Prefecture_Chugoku.html
Masuno Kuwanokan,702-8002,Okayama Prefecture,505-5 Kuwano Okayama,,,http://www.tripadvisor.com/Hotel_Review-g298134-d1111976-Reviews-Masuno_Kuwanokan-Okayama_Okayama_Prefecture_Chugoku.html
Toyoko Inn Okayama eki nishiguchi hiroba,700-0024,Okayama Prefecture,22-10 Moto-machi Okayama,,$,http://www.tripadvisor.com/Hotel_Review-g298134-d1497079-Reviews-Toyoko_Inn_Okayama_eki_nishiguchi_hiroba-Okayama_Okayama_Prefecture_Chugoku.html
Okayama Universal Hotel Honkan,700-0836,Okayama Prefecture,3-15 Chuocho Kita-ku Okayama,,$,http://www.tripadvisor.com/Hotel_Review-g298134-d1847886-Reviews-Okayama_Universal_Hotel_Honkan-Okayama_Okayama_Prefecture_Chugoku.html
Okayama Universal Inn,700-0837,Okayama Prefecture,3-1 Minamichuocho Kita-ku Okayama,,$,http://www.tripadvisor.com/Hotel_Review-g298134-d1847890-Reviews-Okayama_Universal_Inn-Okayama_Okayama_Prefecture_Chugoku.html
Ashimoriso,701-1461,Okayama Prefecture,2223-1_ Okayama,,$$,http://www.tripadvisor.com/Hotel_Review-g298134-d1864123-Reviews-Ashimoriso-Okayama_Okayama_Prefecture_Chugoku.html
Fukujuso,700-0014,Okayama Prefecture,"1-12-17 Tsukuracho, Kitaku Okayama",,,http://www.tripadvisor.com/Hotel_Review-g298134-d1880857-Reviews-Fukujuso-Okayama_Okayama_Prefecture_Chugoku.html
Momotaro Onsen,701-2141,Okayama Prefecture,"2915-1 Musa, Kitaku Okayama",,,http://www.tripadvisor.com/Hotel_Review-g298134-d1880863-Reviews-Momotaro_Onsen-Okayama_Okayama_Prefecture_Chugoku.html
Business Inn Central,700-0022,Okayama Prefecture,"3-4 Iwatacho, Kitaku Okayama",,,http://www.tripadvisor.com/Hotel_Review-g298134-d1880867-Reviews-Business_Inn_Central-Okayama_Okayama_Prefecture_Chugoku.html
Business Inn Kishinoya,704-8116,Okayama Prefecture,"1-8-10 Saidaijinaka, Higashiku Okayama",,,http://www.tripadvisor.com/Hotel_Review-g298134-d1880872-Reviews-Business_Inn_Kishinoya-Okayama_Okayama_Prefecture_Chugoku.html
APA Hotel Okayamaeki Higashiguchi,700-0907,Okayama Prefecture,"1-3-12 Shimoishii, Kita-ku Okayama",121,$,http://www.tripadvisor.com/Hotel_Review-g298134-d1902801-Reviews-APA_Hotel_Okayamaeki_Higashiguchi-Okayama_Okayama_Prefecture_Chugoku.html
Toyoko Inn Okayama Station East Exit,700-0023,Okayama Prefecture,"1-7-3 Ekimaecho, Kita-ku Okayama",,$,http://www.tripadvisor.com/Hotel_Review-g298134-d2167355-Reviews-Toyoko_Inn_Okayama_Station_East_Exit-Okayama_Okayama_Prefecture_Chugoku.html
Okayama Ekimae Universal Hotel,700-0903,Okayama Prefecture,9-6 Saiwaicho Kita-ku Okayama,,$,http://www.tripadvisor.com/Hotel_Review-g298134-d2258757-Reviews-Okayama_Ekimae_Universal_Hotel-Okayama_Okayama_Prefecture_Chugoku.html
Okayama Universal Hotel Bekkan,700-0822,Okayama Prefecture,3-18-56 Omotecho Kita-ku Okayama,,$,http://www.tripadvisor.com/Hotel_Review-g298134-d2258758-Reviews-Okayama_Universal_Hotel_Bekkan-Okayama_Okayama_Prefecture_Chugoku.html
Okayama Universal Hotel Second Annex,700-0822,Okayama Prefecture,"3-18-60 Omotecho, Kita-ku Okayama",,$,http://www.tripadvisor.com/Hotel_Review-g298134-d2274372-Reviews-Okayama_Universal_Hotel_Second_Annex-Okayama_Okayama_Prefecture_Chugoku.html
Via inn Okayama,700-0024,Okayama Prefecture,1-25 Ekimotomachi Kita-ku Okayama,,$,http://www.tripadvisor.com/Hotel_Review-g298134-d3653529-Reviews-Via_inn_Okayama-Okayama_Okayama_Prefecture_Chugoku.html
Asian Wind,700-0841,Okayama Prefecture,"Kita-ku, Funabashi-cho 2-10 Okayama",,$,http://www.tripadvisor.com/Hotel_Review-g298134-d6495758-Reviews-Asian_Wind-Okayama_Okayama_Prefecture_Chugoku.html
Toriikuguru,700-0026,Okayama Prefecture,"4-7-15 Hokancho, Kita-ku Okayama",,,http://www.tripadvisor.com/Hotel_Review-g298134-d6717290-Reviews-Toriikuguru-Okayama_Okayama_Prefecture_Chugoku.html
Nagominoyado La Foret Fukiya,719-2341,Okayama Prefecture,611 Nariwachofukiya Takahashi,,$$,http://www.tripadvisor.com/Hotel_Review-g1023454-d1073122-Reviews-Nagominoyado_La_Foret_Fukiya-Takahashi_Okayama_Prefecture_Chugoku.html
Takahashi Kokusai Hotel,716-0037,Okayama Prefecture,2033 Masamunecho Takahashi,,$,http://www.tripadvisor.com/Hotel_Review-g1023454-d1089166-Reviews-Takahashi_Kokusai_Hotel-Takahashi_Okayama_Prefecture_Chugoku.html
Business Hotel Ochiai,716-0062,Okayama Prefecture,29-19 Ochiaicho Chikanori Takahashi,,,http://www.tripadvisor.com/Hotel_Review-g1023454-d1112166-Reviews-Business_Hotel_Ochiai-Takahashi_Okayama_Prefecture_Chugoku.html
Cherry Golf Takahashi Hotel,719-2401,Okayama Prefecture,617 Nakaichotsutsu Takahashi,,,http://www.tripadvisor.com/Hotel_Review-g1023454-d1880798-Reviews-Cherry_Golf_Takahashi_Hotel-Takahashi_Okayama_Prefecture_Chugoku.html
Asagiri onsen Yurara,716-0068,Okayama Prefecture,2281-4 Matsubaracho kobara Takahashi,,,http://www.tripadvisor.com/Hotel_Review-g1023454-d2526924-Reviews-Asagiri_onsen_Yurara-Takahashi_Okayama_Prefecture_Chugoku.html
Kobaraso,716-0068,Okayama Prefecture,2281-3 Matsubarachokobara Takahashi,,,http://www.tripadvisor.com/Hotel_Review-g1023454-d2695159-Reviews-Kobaraso-Takahashi_Okayama_Prefecture_Chugoku.html
Business Hotel Takahashi,716-0035,Okayama Prefecture,1943-5 Sakaemachi Takahashi,,,http://www.tripadvisor.com/Hotel_Review-g1023454-d2720127-Reviews-Business_Hotel_Takahashi-Takahashi_Okayama_Prefecture_Chugoku.html
Kajikaen,708-0503,Okayama Prefecture,55 Okutsu Kagamino-cho,,,http://www.tripadvisor.com/Hotel_Review-g1027147-d1123991-Reviews-Kajikaen-Kagamino_cho_Tomata_gun_Okayama_Prefecture_Chugoku.html
Saisai,708-0503,Okayama Prefecture,196-5 Okutsu Kagamino-cho,,$$,http://www.tripadvisor.com/Hotel_Review-g1027147-d1124005-Reviews-Saisai-Kagamino_cho_Tomata_gun_Okayama_Prefecture_Chugoku.html
Okutsuso,708-0503,Okayama Prefecture,48 Okutsu Kagamino-cho,8,$$$,http://www.tripadvisor.com/Hotel_Review-g1027147-d1135491-Reviews-Okutsuso-Kagamino_cho_Tomata_gun_Okayama_Prefecture_Chugoku.html
Kokuminshukusha Itsuki,708-0601,Okayama Prefecture,437-1 Kamisaibara Kagamino-cho,,$$,http://www.tripadvisor.com/Hotel_Review-g1027147-d1135508-Reviews-Kokuminshukusha_Itsuki-Kagamino_cho_Tomata_gun_Okayama_Prefecture_Chugoku.html
Kotobukiso,708-0504,Okayama Prefecture,336 Okutsukawanishi Kagamino-cho,,$,http://www.tripadvisor.com/Hotel_Review-g1027147-d1135532-Reviews-Kotobukiso-Kagamino_cho_Tomata_gun_Okayama_Prefecture_Chugoku.html
Miyamaso,708-0504,Okayama Prefecture,247-2 Okutsukawa-nishi Kagamino-cho,,$,http://www.tripadvisor.com/Hotel_Review-g1027147-d1135542-Reviews-Miyamaso-Kagamino_cho_Tomata_gun_Okayama_Prefecture_Chugoku.html
Towaro,708-0503,Okayama Prefecture,53 Okutsu Kagamino-cho,,,http://www.tripadvisor.com/Hotel_Review-g1027147-d1566489-Reviews-Towaro-Kagamino_cho_Tomata_gun_Okayama_Prefecture_Chugoku.html
Minshuku Minoriso,768-0511,Okayama Prefecture,1755 Hade Kagamino-cho,,,http://www.tripadvisor.com/Hotel_Review-g1027147-d1881038-Reviews-Minshuku_Minoriso-Kagamino_cho_Tomata_gun_Okayama_Prefecture_Chugoku.html
Hannyaji Onsen,708-0504,Okayama Prefecture,20 Okutsukawanishi Kagamino-cho,,,http://www.tripadvisor.com/Hotel_Review-g1027147-d3322356-Reviews-Hannyaji_Onsen-Kagamino_cho_Tomata_gun_Okayama_Prefecture_Chugoku.html
Awakuraso,707-0503,Okayama Prefecture,1220 Kageishi Nishiawakura-son,,$,http://www.tripadvisor.com/Hotel_Review-g1027149-d1135669-Reviews-Awakuraso-Nishiawakura_son_Aida_gun_Okayama_Prefecture_Chugoku.html
Nokishita Toshokan,707-0504,Okayama Prefecture,931 Nagao Nishiawakura-son,,,http://www.tripadvisor.com/Hotel_Review-g1027149-d1804013-Reviews-Nokishita_Toshokan-Nishiawakura_son_Aida_gun_Okayama_Prefecture_Chugoku.html
Shingoh Country Club Hotel,719-2802,Okayama Prefecture,3703 Shingotakase Niimi,,,http://www.tripadvisor.com/Hotel_Review-g1023455-d1073112-Reviews-Shingoh_Country_Club_Hotel-Niimi_Okayama_Prefecture_Chugoku.html
Niimi Grand Hotel Miyoshiya,718-0003　,Okayama Prefecture,2456 Takao Niimi,,$,http://www.tripadvisor.com/Hotel_Review-g1023455-d1089058-Reviews-Niimi_Grand_Hotel_Miyoshiya-Niimi_Okayama_Prefecture_Chugoku.html
Niimi Business City Hotel,718-0003,Okayama Prefecture,2481-8 Takao Niimi,,$,http://www.tripadvisor.com/Hotel_Review-g1023455-d1089059-Reviews-Niimi_Business_City_Hotel-Niimi_Okayama_Prefecture_Chugoku.html
Kansui Ikura Onsen,719-2551,Okayama Prefecture,382 Ikura Niimi,,,http://www.tripadvisor.com/Hotel_Review-g1023455-d1096907-Reviews-Kansui_Ikura_Onsen-Niimi_Okayama_Prefecture_Chugoku.html
Dainichi Kogen Visitor House,719-3503,Okayama Prefecture,2240-1 Osaosakabe Niimi,,$,http://www.tripadvisor.com/Hotel_Review-g1023455-d1111851-Reviews-Dainichi_Kogen_Visitor_House-Niimi_Okayama_Prefecture_Chugoku.html
Business Ryokan Bichuji,718-0013,Okayama Prefecture,98 Shoden Niimi,,,http://www.tripadvisor.com/Hotel_Review-g1023455-d1111855-Reviews-Business_Ryokan_Bichuji-Niimi_Okayama_Prefecture_Chugoku.html
Bessho Outdoor Sports Center,718-0211,Okayama Prefecture,7189 Sugo Niimi,,,http://www.tripadvisor.com/Hotel_Review-g1023455-d1111900-Reviews-Bessho_Outdoor_Sports_Center-Niimi_Okayama_Prefecture_Chugoku.html
Pension Early Morning,719-3503,Okayama Prefecture,2239-8 Osa Osakabe Niimi,,,http://www.tripadvisor.com/Hotel_Review-g1023455-d1111901-Reviews-Pension_Early_Morning-Niimi_Okayama_Prefecture_Chugoku.html
Business Hotel Eiko,718-0003,Okayama Prefecture,2485-1 Takao Niimi,,$,http://www.tripadvisor.com/Hotel_Review-g1023455-d1118192-Reviews-Business_Hotel_Eiko-Niimi_Okayama_Prefecture_Chugoku.html
Ibuki no Sato,718-0104,Okayama Prefecture,1336-5 Chiyahanami Niimi,,$$,http://www.tripadvisor.com/Hotel_Review-g1023455-d1925318-Reviews-Ibuki_no_Sato-Niimi_Okayama_Prefecture_Chugoku.html
Yamashiroya,718-0003,Okayama Prefecture,2456-1 Takao Niimi,,,http://www.tripadvisor.com/Hotel_Review-g1023455-d3186677-Reviews-Yamashiroya-Niimi_Okayama_Prefecture_Chugoku.html
Shingou Onsen,719-2802,Okayama Prefecture,3188-1 Shingou-takase Niimi,,,http://www.tripadvisor.com/Hotel_Review-g1023455-d6725568-Reviews-Shingou_Onsen-Niimi_Okayama_Prefecture_Chugoku.html
Okayama Terrsa,701-0301,Okayama Prefecture,793 Yao Hayashima-cho,,,http://www.tripadvisor.com/Hotel_Review-g1027148-d1124065-Reviews-Okayama_Terrsa-Hayashima_cho_Tsukubo_gun_Okayama_Prefecture_Chugoku.html
"Guest House i....,",701-0304,Okayama Prefecture,1257 Hayajima Hayashima-cho,4,$,http://www.tripadvisor.com/Hotel_Review-g1027148-d6353363-Reviews-Guest_House_i-Hayashima_cho_Tsukubo_gun_Okayama_Prefecture_Chugoku.html
Chikutei,707-0062,Okayama Prefecture,622-1 Yunogo Mimasaka,,$,http://www.tripadvisor.com/Hotel_Review-g811239-d557513-Reviews-Chikutei-Mimasaka_Okayama_Prefecture_Chugoku.html
Hotel Sakushu Musashi,707-0124,Okayama Prefecture,878 Omachi Mimasaka,,$,http://www.tripadvisor.com/Hotel_Review-g811239-d1082846-Reviews-Hotel_Sakushu_Musashi-Mimasaka_Okayama_Prefecture_Chugoku.html
Kifunosato,707-0062,Okayama Prefecture,180 Yunogo Mimasaka,,$$$$,http://www.tripadvisor.com/Hotel_Review-g811239-d1082847-Reviews-Kifunosato-Mimasaka_Okayama_Prefecture_Chugoku.html
Poppy Springs Resort & Spa,707-0062,Okayama Prefecture,538-1 Yunogo Mimasaka,50,$$,http://www.tripadvisor.com/Hotel_Review-g811239-d1082852-Reviews-Poppy_Springs_Resort_Spa-Mimasaka_Okayama_Prefecture_Chugoku.html
Tatsumi Sanso,707-0061,Okayama Prefecture,1291-1 Nakayama Mimasaka,,,http://www.tripadvisor.com/Hotel_Review-g811239-d1082854-Reviews-Tatsumi_Sanso-Mimasaka_Okayama_Prefecture_Chugoku.html
Yunogo Grand Hotel,707-0062,Okayama Prefecture,581-2 Yunogo Mimasaka,77,$$,http://www.tripadvisor.com/Hotel_Review-g811239-d1082856-Reviews-Yunogo_Grand_Hotel-Mimasaka_Okayama_Prefecture_Chugoku.html
Yunogokan,707-0062,Okayama Prefecture,906-1 Yunogo Mimasaka,,$$,http://www.tripadvisor.com/Hotel_Review-g811239-d1082857-Reviews-Yunogokan-Mimasaka_Okayama_Prefecture_Chugoku.html
Katsuragi,707-0062,Okayama Prefecture,800 Yunogo Mimasaka,25,$,http://www.tripadvisor.com/Hotel_Review-g811239-d1082860-Reviews-Katsuragi-Mimasaka_Okayama_Prefecture_Chugoku.html
Fukumasutei,707-0061,Okayama Prefecture,1203-6 Nakayama Mimasaka,,$$,http://www.tripadvisor.com/Hotel_Review-g811239-d1089005-Reviews-Fukumasutei-Mimasaka_Okayama_Prefecture_Chugoku.html
Nishikien,707-0062,Okayama Prefecture,840-1 Yunogo Mimasaka,29,$$$,http://www.tripadvisor.com/Hotel_Review-g811239-d1089006-Reviews-Nishikien-Mimasaka_Okayama_Prefecture_Chugoku.html
Riverside Yonogo,707-0041,Okayama Prefecture,275 Hayashino Mimasaka,,$,http://www.tripadvisor.com/Hotel_Review-g811239-d1089009-Reviews-Riverside_Yonogo-Mimasaka_Okayama_Prefecture_Chugoku.html
Misaka Yunogo,707-0061,Okayama Prefecture,674-7 Nakayama Mimasaka,,$,http://www.tripadvisor.com/Hotel_Review-g811239-d1089011-Reviews-Misaka_Yunogo-Mimasaka_Okayama_Prefecture_Chugoku.html
Resort Inn Yunogo,707-0061,Okayama Prefecture,886-1 Yunogo Mimasaka,,$,http://www.tripadvisor.com/Hotel_Review-g811239-d1089014-Reviews-Resort_Inn_Yunogo-Mimasaka_Okayama_Prefecture_Chugoku.html
Senrien,707-0062,Okayama Prefecture,634 Yunogo Mimasaka,,$$$,http://www.tripadvisor.com/Hotel_Review-g811239-d1089025-Reviews-Senrien-Mimasaka_Okayama_Prefecture_Chugoku.html
Yunogo Bishunkaku,707-0061,Okayama Prefecture,1144 Nakayama Mimasaka,88,$$,http://www.tripadvisor.com/Hotel_Review-g811239-d1089050-Reviews-Yunogo_Bishunkaku-Mimasaka_Okayama_Prefecture_Chugoku.html
Sakuto Valentine Hotel,709-4234,Okayama Prefecture,993 Emi Mimasaka,,$$,http://www.tripadvisor.com/Hotel_Review-g811239-d1111783-Reviews-Sakuto_Valentine_Hotel-Mimasaka_Okayama_Prefecture_Chugoku.html
Nadaya Ryokan,707-0113,Okayama Prefecture,291 Makabe Mimasaka,,$$,http://www.tripadvisor.com/Hotel_Review-g811239-d1111796-Reviews-Nadaya_Ryokan-Mimasaka_Okayama_Prefecture_Chugoku.html
Yama no Gakko,709-4254,Okayama Prefecture,25 Manzen Mimasaka,,,http://www.tripadvisor.com/Hotel_Review-g811239-d1111800-Reviews-Yama_no_Gakko-Mimasaka_Okayama_Prefecture_Chugoku.html
Komanoo Sanso,707-0401,Okayama Prefecture,1743-1 Ushiroyama Mimasaka,,$$$,http://www.tripadvisor.com/Hotel_Review-g811239-d1111816-Reviews-Komanoo_Sanso-Mimasaka_Okayama_Prefecture_Chugoku.html
Pyonkichi Nakayamaso,707-0061,Okayama Prefecture,875 Nakayama Mimasaka,,$,http://www.tripadvisor.com/Hotel_Review-g811239-d1111820-Reviews-Pyonkichi_Nakayamaso-Mimasaka_Okayama_Prefecture_Chugoku.html
Tatsumi Green Heights,707-0061,Okayama Prefecture,1291-9 Nakayama Mimasaka,,,http://www.tripadvisor.com/Hotel_Review-g811239-d1111829-Reviews-Tatsumi_Green_Heights-Mimasaka_Okayama_Prefecture_Chugoku.html
Satoyama Minshuku Araya,709-4201,Okayama Prefecture,595 Obusa Mimasaka,,$$,http://www.tripadvisor.com/Hotel_Review-g811239-d1111850-Reviews-Satoyama_Minshuku_Araya-Mimasaka_Okayama_Prefecture_Chugoku.html
Oashi Kogen Onsen Unkai,701-2614,Okayama Prefecture,1735 Ueyama Mimasaka,,,http://www.tripadvisor.com/Hotel_Review-g811239-d1913435-Reviews-Oashi_Kogen_Onsen_Unkai-Mimasaka_Okayama_Prefecture_Chugoku.html
Four Seasons Yunogo,707-0062,Okayama Prefecture,878-1 Yunogo Mimasaka,,$,http://www.tripadvisor.com/Hotel_Review-g811239-d2695155-Reviews-Four_Seasons_Yunogo-Mimasaka_Okayama_Prefecture_Chugoku.html
Resort Musashinosato,707-0415,Okayama Prefecture,82-1 Miyamoto Mimasaka,,,http://www.tripadvisor.com/Hotel_Review-g811239-d6456596-Reviews-Resort_Musashinosato-Mimasaka_Okayama_Prefecture_Chugoku.html
Business Inn STK,705-0021,Okayama Prefecture,51-13 Nishikatagami Bizen,,$,http://www.tripadvisor.com/Hotel_Review-g1023457-d1088980-Reviews-Business_Inn_STK-Bizen_Okayama_Prefecture_Chugoku.html
Yamamoto Ryokan,705-0033,Okayama Prefecture,3411 Honami Bizen,,,http://www.tripadvisor.com/Hotel_Review-g1023457-d1110299-Reviews-Yamamoto_Ryokan-Bizen_Okayama_Prefecture_Chugoku.html
Araki Ryokan,705-0021,Okayama Prefecture,1280 Nishikatakami Bizen,,$$,http://www.tripadvisor.com/Hotel_Review-g1023457-d1110303-Reviews-Araki_Ryokan-Bizen_Okayama_Prefecture_Chugoku.html
Yoshinoya,701-3204,Okayama Prefecture,2716 Hinasecho Hinase Bizen,,,http://www.tripadvisor.com/Hotel_Review-g1023457-d1110305-Reviews-Yoshinoya-Bizen_Okayama_Prefecture_Chugoku.html
Kakuiso,701-3204,Okayama Prefecture,639-34 Hinasecho Hinase Bizen,,$,http://www.tripadvisor.com/Hotel_Review-g1023457-d1110308-Reviews-Kakuiso-Bizen_Okayama_Prefecture_Chugoku.html
Kineimaru,701-3204,Okayama Prefecture,2922 Hinase Hinase-cho Bizen,,,http://www.tripadvisor.com/Hotel_Review-g1023457-d1110319-Reviews-Kineimaru-Bizen_Okayama_Prefecture_Chugoku.html
Pension Nagisa,701-3204,Okayama Prefecture,3409-2 Hinasecho Hinase Bizen,,,http://www.tripadvisor.com/Hotel_Review-g1023457-d1110328-Reviews-Pension_Nagisa-Bizen_Okayama_Prefecture_Chugoku.html
Miharu,701-3204,Okayama Prefecture,641-6 Hinasecho Hinase Bizen,,$$$,http://www.tripadvisor.com/Hotel_Review-g1023457-d1110336-Reviews-Miharu-Bizen_Okayama_Prefecture_Chugoku.html
Pension Mikan no Sato,701-3204,Okayama Prefecture,3638-1000 Hinase Hinasecho Bizen,,,http://www.tripadvisor.com/Hotel_Review-g1023457-d1864129-Reviews-Pension_Mikan_no_Sato-Bizen_Okayama_Prefecture_Chugoku.html
Ryokan Tsuriko,701-3204,Okayama Prefecture,648-31 Hinase Hinasecho Bizen,,$$,http://www.tripadvisor.com/Hotel_Review-g1023457-d1864130-Reviews-Ryokan_Tsuriko-Bizen_Okayama_Prefecture_Chugoku.html
Minshuku Ryokan Hiroe,701-3204,Okayama Prefecture,2841-1 Hinasechohinase Bizen,,,http://www.tripadvisor.com/Hotel_Review-g1023457-d1880805-Reviews-Minshuku_Ryokan_Hiroe-Bizen_Okayama_Prefecture_Chugoku.html
Pension Oyajinoumi,701-3204,Okayama Prefecture,3012-1 Hinasechohinase Bizen,,,http://www.tripadvisor.com/Hotel_Review-g1023457-d1880812-Reviews-Pension_Oyajinoumi-Bizen_Okayama_Prefecture_Chugoku.html
Kodaitaikennosato Mahoroba,705-0000,Okayama Prefecture,Hinasechokakuijima Bizen,,,http://www.tripadvisor.com/Hotel_Review-g1023457-d1882867-Reviews-Kodaitaikennosato_Mahoroba-Bizen_Okayama_Prefecture_Chugoku.html
Hattoji International Villa,709-0301,Okayama Prefecture,"1193 Kagami, Yoshinaga-cho Bizen",,,http://www.tripadvisor.com/Hotel_Review-g1023457-d1933229-Reviews-Hattoji_International_Villa-Bizen_Okayama_Prefecture_Chugoku.html
Ryokan Tamaya,701-3204,Okayama Prefecture,241-97 Hinasechohinase Bizen,,,http://www.tripadvisor.com/Hotel_Review-g1023457-d2695168-Reviews-Ryokan_Tamaya-Bizen_Okayama_Prefecture_Chugoku.html
Business Hotel Nishina,719-0301,Okayama Prefecture,6070-1 Satomi Satosho-cho,,$,http://www.tripadvisor.com/Hotel_Review-g1120710-d1880836-Reviews-Business_Hotel_Nishina-Satosho_cho_Asakuchi_gun_Okayama_Prefecture_Chugoku.html
Hotel Select Inn Tsuyama,708-0841,Okayama Prefecture,176 Kawasaki Tsuyama,48,$,http://www.tripadvisor.com/Hotel_Review-g1023447-d1073124-Reviews-Hotel_Select_Inn_Tsuyama-Tsuyama_Okayama_Prefecture_Chugoku.html
Hotel Alpha 1 Tsuyama,708-0882,Okayama Prefecture,190-16 Otani Tsuyama,,$,http://www.tripadvisor.com/Hotel_Review-g1023447-d1073125-Reviews-Hotel_Alpha_1_Tsuyama-Tsuyama_Okayama_Prefecture_Chugoku.html
Tsuyama Grand Hotel,708-0886,Okayama Prefecture,1-24 Showamachi Tsuyama,,$,http://www.tripadvisor.com/Hotel_Review-g1023447-d1073126-Reviews-Tsuyama_Grand_Hotel-Tsuyama_Okayama_Prefecture_Chugoku.html
Kagetsu Ryokan,708-0032,Okayama Prefecture,1323-1 Fushimicho Tsuyama,,$,http://www.tripadvisor.com/Hotel_Review-g1023447-d1073127-Reviews-Kagetsu_Ryokan-Tsuyama_Okayama_Prefecture_Chugoku.html
Akebono,708-0037,Okayama Prefecture,31 Togawamachi Tsuyama,,,http://www.tripadvisor.com/Hotel_Review-g1023447-d1089168-Reviews-Akebono-Tsuyama_Okayama_Prefecture_Chugoku.html
Tsuyama Kakuzan Hotel,708-0832　,Okayama Prefecture,114-4 Higashishinmachi Tsuyama,,$$,http://www.tripadvisor.com/Hotel_Review-g1023447-d1089171-Reviews-Tsuyama_Kakuzan_Hotel-Tsuyama_Okayama_Prefecture_Chugoku.html
Tsuyama Kokusai Hotel,708-0022　,Okayama Prefecture,98-2 Yamashita Tsuyama,,$,http://www.tripadvisor.com/Hotel_Review-g1023447-d1089199-Reviews-Tsuyama_Kokusai_Hotel-Tsuyama_Okayama_Prefecture_Chugoku.html
Tsuyama Central Hotel Annex,708-0023,Okayama Prefecture,7-1 Otemachi Tsuyama,,$,http://www.tripadvisor.com/Hotel_Review-g1023447-d1089201-Reviews-Tsuyama_Central_Hotel_Annex-Tsuyama_Okayama_Prefecture_Chugoku.html
Tsuyama Central Hotel Townhouse,708-0023,Okayama Prefecture,2-2 Otemachi Tsuyama,,$,http://www.tripadvisor.com/Hotel_Review-g1023447-d1089204-Reviews-Tsuyama_Central_Hotel_Townhouse-Tsuyama_Okayama_Prefecture_Chugoku.html
Otafuku,708-0022,Okayama Prefecture,28-2 Sange Tsuyama,,$,http://www.tripadvisor.com/Hotel_Review-g1023447-d1112168-Reviews-Otafuku-Tsuyama_Okayama_Prefecture_Chugoku.html
Keikokuso,709-3901,Okayama Prefecture,735-22 Kamocho Kurami Tsuyama,,,http://www.tripadvisor.com/Hotel_Review-g1023447-d1112172-Reviews-Keikokuso-Tsuyama_Okayama_Prefecture_Chugoku.html
Aba Koryukan,709-3951,Okayama Prefecture,1200 Aba Tsuyama,,$,http://www.tripadvisor.com/Hotel_Review-g1023447-d1112389-Reviews-Aba_Koryukan-Tsuyama_Okayama_Prefecture_Chugoku.html
Woody House Kamo,709-3931,Okayama Prefecture,516-1 Kamocho Nakabara Tsuyama,,$,http://www.tripadvisor.com/Hotel_Review-g1023447-d1112390-Reviews-Woody_House_Kamo-Tsuyama_Okayama_Prefecture_Chugoku.html
Business Ryokan Shingetsu,708-0886,Okayama Prefecture,1-25 Showamachi Tsuyama,,$,http://www.tripadvisor.com/Hotel_Review-g1023447-d1879924-Reviews-Business_Ryokan_Shingetsu-Tsuyama_Okayama_Prefecture_Chugoku.html
Pension Escale,701-4303,Okayama Prefecture,6422-19 Ushimadochokashino Setouchi,,,http://www.tripadvisor.com/Hotel_Review-g1023458-d1073113-Reviews-Pension_Escale-Setouchi_Okayama_Prefecture_Chugoku.html
Pension Olive House,701-4303,Okayama Prefecture,6420-3 Ushimadochokashino Setouchi,,,http://www.tripadvisor.com/Hotel_Review-g1023458-d1073114-Reviews-Pension_Olive_House-Setouchi_Okayama_Prefecture_Chugoku.html
Pension Kumagoro,701-4303,Okayama Prefecture,6422-15 Ushimadochokashino Setouchi,,$,http://www.tripadvisor.com/Hotel_Review-g1023458-d1073115-Reviews-Pension_Kumagoro-Setouchi_Okayama_Prefecture_Chugoku.html
Pension Pokke,701-4303,Okayama Prefecture,6101-25 Ushimadochokashino Setouchi,,$,http://www.tripadvisor.com/Hotel_Review-g1023458-d1073116-Reviews-Pension_Pokke-Setouchi_Okayama_Prefecture_Chugoku.html
Pension Teria,701-4302,Okayama Prefecture,Olive Heights Ushimadochoushimado Setouchi,,,http://www.tripadvisor.com/Hotel_Review-g1023458-d1073117-Reviews-Pension_Teria-Setouchi_Okayama_Prefecture_Chugoku.html
Hotel Limani,701-4302,Okayama Prefecture,3900 Ushimadocho Ushimado Setouchi,,$,http://www.tripadvisor.com/Hotel_Review-g1023458-d1092843-Reviews-Hotel_Limani-Setouchi_Okayama_Prefecture_Chugoku.html
Fukuokaya Ryokan,701-4302,Okayama Prefecture,4374 Ushimadocho Ushimado Setouchi,,$,http://www.tripadvisor.com/Hotel_Review-g1023458-d1111979-Reviews-Fukuokaya_Ryokan-Setouchi_Okayama_Prefecture_Chugoku.html
Pension Ushimado,701-4302,Okayama Prefecture,Ushimadocho Ushimado Olive En Chiku Setouchi,,,http://www.tripadvisor.com/Hotel_Review-g1023458-d1111990-Reviews-Pension_Ushimado-Setouchi_Okayama_Prefecture_Chugoku.html
Seaside Pension Alapapa,701-4302,Okayama Prefecture,"5700-1 Ushimado, Ushimado-cho Setouchi",,$$,http://www.tripadvisor.com/Hotel_Review-g1023458-d1111996-Reviews-Seaside_Pension_Alapapa-Setouchi_Okayama_Prefecture_Chugoku.html
Pension Kuroshiomaru,701-4303,Okayama Prefecture,6550 Ushimadocho Kashino Setouchi,8,$,http://www.tripadvisor.com/Hotel_Review-g1023458-d1112008-Reviews-Pension_Kuroshiomaru-Setouchi_Okayama_Prefecture_Chugoku.html
Pension Croissant,701-4303,Okayama Prefecture,6420-5 Ushimadocho Kashino Setouchi,,$,http://www.tripadvisor.com/Hotel_Review-g1023458-d1112015-Reviews-Pension_Croissant-Setouchi_Okayama_Prefecture_Chugoku.html
Pension Mocking Bird,701-4303,Okayama Prefecture,Ushimadocho Pensionmura Misakichiku Setouchi,,,http://www.tripadvisor.com/Hotel_Review-g1023458-d1112017-Reviews-Pension_Mocking_Bird-Setouchi_Okayama_Prefecture_Chugoku.html
Pension Amphora,701-4303,Okayama Prefecture,6101-17 Ushimadocho Kashino Setouchi,,$$,http://www.tripadvisor.com/Hotel_Review-g1023458-d1112021-Reviews-Pension_Amphora-Setouchi_Okayama_Prefecture_Chugoku.html
Pension TAMAKI-I,701-4303,Okayama Prefecture,6422-16 Ushimadocho Kashino Setouchi,,,http://www.tripadvisor.com/Hotel_Review-g1023458-d1112027-Reviews-Pension_TAMAKI_I-Setouchi_Okayama_Prefecture_Chugoku.html
Minshuku Nanpuso,701-4302,Okayama Prefecture,6090-1 Ushimado-cho Ushimado Setouchi,,$,http://www.tripadvisor.com/Hotel_Review-g1023458-d1112032-Reviews-Minshuku_Nanpuso-Setouchi_Okayama_Prefecture_Chugoku.html
Karakotoso,701-4302,Okayama Prefecture,5782-2 Ushimadocho Ushimado Setouchi,,$$$,http://www.tripadvisor.com/Hotel_Review-g1023458-d1112056-Reviews-Karakotoso-Setouchi_Okayama_Prefecture_Chugoku.html
Pension Eldorado,701-4302,Okayama Prefecture,1091 Ushimadocho_Ushimado Setouchi,,$,http://www.tripadvisor.com/Hotel_Review-g1023458-d1112063-Reviews-Pension_Eldorado-Setouchi_Okayama_Prefecture_Chugoku.html
Osafune Business Hotel STK,701-4276,Okayama Prefecture,364-2 Osafunecho Hattori Setouchi,,,http://www.tripadvisor.com/Hotel_Review-g1023458-d1112077-Reviews-Osafune_Business_Hotel_STK-Setouchi_Okayama_Prefecture_Chugoku.html
Furusato,701-4302,Okayama Prefecture,5523 Ushimadocho Ushimado Setouchi,,$$,http://www.tripadvisor.com/Hotel_Review-g1023458-d1112152-Reviews-Furusato-Setouchi_Okayama_Prefecture_Chugoku.html
Ikoi No Mura,701-4501,Okayama Prefecture,5652-11 Okucho Mushiake Setouchi,,$,http://www.tripadvisor.com/Hotel_Review-g1023458-d1112157-Reviews-Ikoi_No_Mura-Setouchi_Okayama_Prefecture_Chugoku.html
Ofukuro no Ie,701-4302,Okayama Prefecture,6051 Ushimadocho Ushimado Setouchi,,$,http://www.tripadvisor.com/Hotel_Review-g1023458-d1112159-Reviews-Ofukuro_no_Ie-Setouchi_Okayama_Prefecture_Chugoku.html
Auberge & Cafe-Bar Leo Soleil,701-4302,Okayama Prefecture,1326-5 Ushimadocho Ushimado Setouchi,7,$$,http://www.tripadvisor.com/Hotel_Review-g1023458-d1112161-Reviews-Auberge_Cafe_Bar_Leo_Soleil-Setouchi_Okayama_Prefecture_Chugoku.html
Pension Albatross,701-4303,Okayama Prefecture,6101-27 Ushimadocho Kashino Setouchi,,$,http://www.tripadvisor.com/Hotel_Review-g1023458-d1112163-Reviews-Pension_Albatross-Setouchi_Okayama_Prefecture_Chugoku.html
Pension Aries,701-4303,Okayama Prefecture,6095-4 Ushimadocho Kashino Setouchi,,$$,http://www.tripadvisor.com/Hotel_Review-g1023458-d1112165-Reviews-Pension_Aries-Setouchi_Okayama_Prefecture_Chugoku.html
Ryokan Tomikawa,701-4302　,Okayama Prefecture,4180 Ushimadocho Ushimado Setouchi,,$$,http://www.tripadvisor.com/Hotel_Review-g1023458-d1127176-Reviews-Ryokan_Tomikawa-Setouchi_Okayama_Prefecture_Chugoku.html
Kappou Ryokan Kawagen,701-4302,Okayama Prefecture,3003 Ushimadocho Ushimado Setouchi,,$$$$,http://www.tripadvisor.com/Hotel_Review-g1023458-d1127184-Reviews-Kappou_Ryokan_Kawagen-Setouchi_Okayama_Prefecture_Chugoku.html
Regia Ushimado,701-4302 ,Okayama Prefecture,5381-1Ushimado Ushimadocho Setouchi,,$$,http://www.tripadvisor.com/Hotel_Review-g1023458-d1759577-Reviews-Regia_Ushimado-Setouchi_Okayama_Prefecture_Chugoku.html
Pension Grazzano,701-4304,Okayama Prefecture,960-2 Senzu Ushimadocho Setouchi,,,http://www.tripadvisor.com/Hotel_Review-g1023458-d1864132-Reviews-Pension_Grazzano-Setouchi_Okayama_Prefecture_Chugoku.html
Ushimado Oliveno Sato,701-4302,Okayama Prefecture,380-8 Ushimadochoushimado Setouchi,,,http://www.tripadvisor.com/Hotel_Review-g1023458-d1880815-Reviews-Ushimado_Oliveno_Sato-Setouchi_Okayama_Prefecture_Chugoku.html
Wanchantotomaruyado Lahaina,701-4303,Okayama Prefecture,6348-6 Ushimadochokashino Setouchi,7,$$,http://www.tripadvisor.com/Hotel_Review-g1023458-d1880822-Reviews-Wanchantotomaruyado_Lahaina-Setouchi_Okayama_Prefecture_Chugoku.html
Minshuku Aoshima,701-4302,Okayama Prefecture,5405-2 shimadochoushimado Setouchi,,$$,http://www.tripadvisor.com/Hotel_Review-g1023458-d2695169-Reviews-Minshuku_Aoshima-Setouchi_Okayama_Prefecture_Chugoku.html
Setonohana,701-4302,Okayama Prefecture,1605-9 shimadochoushimado Setouchi,,$,http://www.tripadvisor.com/Hotel_Review-g1023458-d2695173-Reviews-Setonohana-Setouchi_Okayama_Prefecture_Chugoku.html
Minshuku Akebono,701-4302,Okayama Prefecture,"2378-2 Ushimado, Uchimado-machi Setouchi",,$,http://www.tripadvisor.com/Hotel_Review-g1023458-d3493064-Reviews-Minshuku_Akebono-Setouchi_Okayama_Prefecture_Chugoku.html
Ryugu Honjo,701-4302,Okayama Prefecture,6352-15 Ushimadocho Ushimado Setouchi,,,http://www.tripadvisor.com/Hotel_Review-g1023458-d3591456-Reviews-Ryugu_Honjo-Setouchi_Okayama_Prefecture_Chugoku.html
Romanze,709-0503 ,Okayama Prefecture,144-15 Minamiyamagata Wake-cho,,$$,http://www.tripadvisor.com/Hotel_Review-g1026937-d1135731-Reviews-Romanze-Wake_cho_Wake_gun_Okayama_Prefecture_Chugoku.html
Wake Ugaidani Onsen,709-0452,Okayama Prefecture,666-1 Masubara Wake-cho,,$$,http://www.tripadvisor.com/Hotel_Review-g1026937-d1135737-Reviews-Wake_Ugaidani_Onsen-Wake_cho_Wake_gun_Okayama_Prefecture_Chugoku.html
Business Ryokan Takezono,709-0442,Okayama Prefecture,607 Fukutomi Wake-cho,,$,http://www.tripadvisor.com/Hotel_Review-g1026937-d1880841-Reviews-Business_Ryokan_Takezono-Wake_cho_Wake_gun_Okayama_Prefecture_Chugoku.html
Diamond Setouchi Marine Hotel,706-0028,Okayama Prefecture,2-12-1 Shibukawa Tamano,188,$,http://www.tripadvisor.com/Hotel_Review-g1023448-d1073123-Reviews-Diamond_Setouchi_Marine_Hotel-Tamano_Okayama_Prefecture_Chugoku.html
Resort Yoshimasa,706-0002,Okayama Prefecture,1-23-5 Chikko Tamano,,,http://www.tripadvisor.com/Hotel_Review-g1023448-d1089167-Reviews-Resort_Yoshimasa-Tamano_Okayama_Prefecture_Chugoku.html
Gyokusen,706-0011,Okayama Prefecture,6-3-1 Uno Tamano,,,http://www.tripadvisor.com/Hotel_Review-g1023448-d1112167-Reviews-Gyokusen-Tamano_Okayama_Prefecture_Chugoku.html
Uno Slope House,706-0002,Okayama Prefecture,3-4-3-2 Chikko Tamano,3,$,http://www.tripadvisor.com/Hotel_Review-g1023448-d1587692-Reviews-Uno_Slope_House-Tamano_Okayama_Prefecture_Chugoku.html
Guest House Lit,706-0002 ,Okayama Prefecture,1_4_4 Chikko Tamano,,,http://www.tripadvisor.com/Hotel_Review-g1023448-d3854467-Reviews-Guest_House_Lit-Tamano_Okayama_Prefecture_Chugoku.html
Kikusui Ryokan,706-0002,Okayama Prefecture,1-24-6 Chikko Tamano,,$$,http://www.tripadvisor.com/Hotel_Review-g1023448-d6679592-Reviews-Kikusui_Ryokan-Tamano_Okayama_Prefecture_Chugoku.html
Resort House Koresato,701-2525,Okayama Prefecture,3121-1 Koresato Akaiwa,,,http://www.tripadvisor.com/Hotel_Review-g1023459-d1110212-Reviews-Resort_House_Koresato-Akaiwa_Okayama_Prefecture_Chugoku.html
Log House Asuka,709-3401,Okayama Prefecture,409-6 Kita Misaki-cho,,,http://www.tripadvisor.com/Hotel_Review-g1121390-d1135745-Reviews-Log_House_Asuka-Misaki_cho_Kume_gun_Okayama_Prefecture_Chugoku.html
Shiraishi International Villa,714-0036　,Okayama Prefecture,317 Shiraishijima Kasaoka,,,http://www.tripadvisor.com/Hotel_Review-g1023450-d536080-Reviews-Shiraishi_International_Villa-Kasaoka_Okayama_Prefecture_Chugoku.html
Otafuku Ryokan,714-0036,Okayama Prefecture,357 Shiraishijima Kasaoka,,$,http://www.tripadvisor.com/Hotel_Review-g1023450-d1073099-Reviews-Otafuku_Ryokan-Kasaoka_Okayama_Prefecture_Chugoku.html
Goumet Kitagishima,714-0301,Okayama Prefecture,10407-16 Kitagishimacho Kasaoka,,$$,http://www.tripadvisor.com/Hotel_Review-g1023450-d1088984-Reviews-Goumet_Kitagishima-Kasaoka_Okayama_Prefecture_Chugoku.html
Kasaoka Grand Hotel,714-0086,Okayama Prefecture,6-20 Gobancho Kasaoka,,$,http://www.tripadvisor.com/Hotel_Review-g1023450-d1096905-Reviews-Kasaoka_Grand_Hotel-Kasaoka_Okayama_Prefecture_Chugoku.html
Sanchan,714-0036 ,Okayama Prefecture,457-1 Shiraishijima Kasaoka,,,http://www.tripadvisor.com/Hotel_Review-g1023450-d1552322-Reviews-Sanchan-Kasaoka_Okayama_Prefecture_Chugoku.html
Minshuku Harada,714-0036,Okayama Prefecture,457-2 Shiraishijima Kasaoka,,,http://www.tripadvisor.com/Hotel_Review-g1023450-d1873979-Reviews-Minshuku_Harada-Kasaoka_Okayama_Prefecture_Chugoku.html
Takamatsuya Ryokan,714-0088,Okayama Prefecture,24-17 Chuocho Kasaoka,,$,http://www.tripadvisor.com/Hotel_Review-g1023450-d1882876-Reviews-Takamatsuya_Ryokan-Kasaoka_Okayama_Prefecture_Chugoku.html
Otafuku Bekkan,714-0036,Okayama Prefecture,521 Shiraishijima Kasaoka,,,http://www.tripadvisor.com/Hotel_Review-g1023450-d1882885-Reviews-Otafuku_Bekkan-Kasaoka_Okayama_Prefecture_Chugoku.html
Shimayado Santora,714-0037,Okayama Prefecture,2224 Manabeshima Kasaoka,,,http://www.tripadvisor.com/Hotel_Review-g1023450-d1882895-Reviews-Shimayado_Santora-Kasaoka_Okayama_Prefecture_Chugoku.html
Kutsuroginoyado Terunoyu,717-0406,Okayama Prefecture,1429-2 Toyosaka Maniwa,,$,http://www.tripadvisor.com/Hotel_Review-g1023460-d1073109-Reviews-Kutsuroginoyado_Terunoyu-Maniwa_Okayama_Prefecture_Chugoku.html
Pension Mikinoya,717-0602,Okayama Prefecture,1200-4 Hiruzenkamifukuda Maniwa,,$$,http://www.tripadvisor.com/Hotel_Review-g1023460-d1073110-Reviews-Pension_Mikinoya-Maniwa_Okayama_Prefecture_Chugoku.html
Nukumorinoyado Honoka,717-0402,Okayama Prefecture,157-1 Yubaraonsen Maniwa,,,http://www.tripadvisor.com/Hotel_Review-g1023460-d1073111-Reviews-Nukumorinoyado_Honoka-Maniwa_Okayama_Prefecture_Chugoku.html
GAMELAN,717-0402,Okayama Prefecture,114 Yubara Onsen Maniwa,5,$$$,http://www.tripadvisor.com/Hotel_Review-g1023460-d1094116-Reviews-GAMELAN-Maniwa_Okayama_Prefecture_Chugoku.html
Kikunoyu,717-0402,Okayama Prefecture,16 Yubaraonsen Maniwa,,$$,http://www.tripadvisor.com/Hotel_Review-g1023460-d1096908-Reviews-Kikunoyu-Maniwa_Okayama_Prefecture_Chugoku.html
Komeya,717-0402,Okayama Prefecture,345-18 Yubaraonsen Maniwa,,$$$,http://www.tripadvisor.com/Hotel_Review-g1023460-d1096909-Reviews-Komeya-Maniwa_Okayama_Prefecture_Chugoku.html
Rochefort,717-0404,Okayama Prefecture,128-14 Yashiro Maniwa,,$$,http://www.tripadvisor.com/Hotel_Review-g1023460-d1096910-Reviews-Rochefort-Maniwa_Okayama_Prefecture_Chugoku.html
Tsuguro Kogenso,717-0513,Okayama Prefecture,1080 Hiruzen Shitao Maniwa,,$,http://www.tripadvisor.com/Hotel_Review-g1023460-d1110366-Reviews-Tsuguro_Kogenso-Maniwa_Okayama_Prefecture_Chugoku.html
Hanayashiki,717-0402,Okayama Prefecture,21 Yubaraonsen Maniwa,,$,http://www.tripadvisor.com/Hotel_Review-g1023460-d1110371-Reviews-Hanayashiki-Maniwa_Okayama_Prefecture_Chugoku.html
Hiruzen Kashibesso,717-0602,Okayama Prefecture,1028 Hiruzen Kamifukuda Maniwa,,,http://www.tripadvisor.com/Hotel_Review-g1023460-d1110378-Reviews-Hiruzen_Kashibesso-Maniwa_Okayama_Prefecture_Chugoku.html
Tsuruya,717-0402,Okayama Prefecture,144 Yubaraonsen Maniwa,,$$,http://www.tripadvisor.com/Hotel_Review-g1023460-d1111063-Reviews-Tsuruya-Maniwa_Okayama_Prefecture_Chugoku.html
Moriya Ryokan,717-0416,Okayama Prefecture,19 Nakama Maniwa,,,http://www.tripadvisor.com/Hotel_Review-g1023460-d1111073-Reviews-Moriya_Ryokan-Maniwa_Okayama_Prefecture_Chugoku.html
Dandanmura,717-0601,Okayama Prefecture,617-33 Hiruzenyubune Maniwa,,$,http://www.tripadvisor.com/Hotel_Review-g1023460-d1111086-Reviews-Dandanmura-Maniwa_Okayama_Prefecture_Chugoku.html
Hotel Hiruzen Hills,717-0503,Okayama Prefecture,694-129 Hiruzen Tomiyamane Maniwa,,,http://www.tripadvisor.com/Hotel_Review-g1023460-d1111093-Reviews-Hotel_Hiruzen_Hills-Maniwa_Okayama_Prefecture_Chugoku.html
Maniwa City Hotel Sunrise,719-3204,Okayama Prefecture,258-6 So Maniwa,,$,http://www.tripadvisor.com/Hotel_Review-g1023460-d1111101-Reviews-Maniwa_City_Hotel_Sunrise-Maniwa_Okayama_Prefecture_Chugoku.html
Petit Hotel Yubara Resort,717-0402,Okayama Prefecture,68 Yubaraonsen Maniwa,,$$,http://www.tripadvisor.com/Hotel_Review-g1023460-d1111106-Reviews-Petit_Hotel_Yubara_Resort-Maniwa_Okayama_Prefecture_Chugoku.html
Kijiya Ryokan,717-0416,Okayama Prefecture,175 Nakama Maniwa,,,http://www.tripadvisor.com/Hotel_Review-g1023460-d1111110-Reviews-Kijiya_Ryokan-Maniwa_Okayama_Prefecture_Chugoku.html
Kyukamura Hiruzenkogen,717-0602,Okayama Prefecture,1205-281 Hiruzen Kamifukuda Maniwa,60,$$,http://www.tripadvisor.com/Hotel_Review-g1023460-d1111116-Reviews-Kyukamura_Hiruzenkogen-Maniwa_Okayama_Prefecture_Chugoku.html
Sakata,717-0602,Okayama Prefecture,1205-241 Hiruzen Kamifukuda Maniwa,,$$,http://www.tripadvisor.com/Hotel_Review-g1023460-d1111513-Reviews-Sakata-Maniwa_Okayama_Prefecture_Chugoku.html
Koyama,717-0005,Okayama Prefecture,213 Yokobe Maniwa,,$,http://www.tripadvisor.com/Hotel_Review-g1023460-d1111522-Reviews-Koyama-Maniwa_Okayama_Prefecture_Chugoku.html
Satsukiso,717-0402,Okayama Prefecture,155 Yubaraonsen Maniwa,,,http://www.tripadvisor.com/Hotel_Review-g1023460-d1111537-Reviews-Satsukiso-Maniwa_Okayama_Prefecture_Chugoku.html
Hatago Kawakami,717-0601,Okayama Prefecture,617-1 Hiruzen Yubune Maniwa,,,http://www.tripadvisor.com/Hotel_Review-g1023460-d1111542-Reviews-Hatago_Kawakami-Maniwa_Okayama_Prefecture_Chugoku.html
Christmas Cottage,717-0601,Okayama Prefecture,Hiruzen Yubune Maniwa,,$$,http://www.tripadvisor.com/Hotel_Review-g1023460-d1111566-Reviews-Christmas_Cottage-Maniwa_Okayama_Prefecture_Chugoku.html
Maga Hotel,717-0416,Okayama Prefecture,184 Nakama Maniwa,,,http://www.tripadvisor.com/Hotel_Review-g1023460-d1111578-Reviews-Maga_Hotel-Maniwa_Okayama_Prefecture_Chugoku.html
Kikunoya,717-0402,Okayama Prefecture,387-1 Yubaraonsen Maniwa,,$,http://www.tripadvisor.com/Hotel_Review-g1023460-d1111585-Reviews-Kikunoya-Maniwa_Okayama_Prefecture_Chugoku.html
Mutsumi Ryokan,717-0402,Okayama Prefecture,154-2 Yubaraonsen Maniwa,,$,http://www.tripadvisor.com/Hotel_Review-g1023460-d1111705-Reviews-Mutsumi_Ryokan-Maniwa_Okayama_Prefecture_Chugoku.html
Hakkei,717-0406,Okayama Prefecture,1572 Toyosaka Maniwa,32,$$$,http://www.tripadvisor.com/Hotel_Review-g1023460-d1111719-Reviews-Hakkei-Maniwa_Okayama_Prefecture_Chugoku.html
Izumiya,717-0415,Okayama Prefecture,359 Tsugitaru Maniwa,,$,http://www.tripadvisor.com/Hotel_Review-g1023460-d1111733-Reviews-Izumiya-Maniwa_Okayama_Prefecture_Chugoku.html
Maniwa Riverside Hotel,719-3111,Okayama Prefecture,620 Kaide Maniwa,,$,http://www.tripadvisor.com/Hotel_Review-g1023460-d1111741-Reviews-Maniwa_Riverside_Hotel-Maniwa_Okayama_Prefecture_Chugoku.html
Matsunoya Kasen,717-0402,Okayama Prefecture,320-1 Yubaraonsen Maniwa,,$,http://www.tripadvisor.com/Hotel_Review-g1023460-d1111753-Reviews-Matsunoya_Kasen-Maniwa_Okayama_Prefecture_Chugoku.html
Aburaya,717-0402,Okayama Prefecture,27 Yubaraonsen Maniwa,8,$$$,http://www.tripadvisor.com/Hotel_Review-g1023460-d1111772-Reviews-Aburaya-Maniwa_Okayama_Prefecture_Chugoku.html
Shichifuku,717-0406,Okayama Prefecture,1424-1 Toyosaka Maniwa,,,http://www.tripadvisor.com/Hotel_Review-g1023460-d1119471-Reviews-Shichifuku-Maniwa_Okayama_Prefecture_Chugoku.html
Pension Peter Pan,717-0601　,Okayama Prefecture,299-3 Hiruzenyubune Maniwa,,$$,http://www.tripadvisor.com/Hotel_Review-g1023460-d1127212-Reviews-Pension_Peter_Pan-Maniwa_Okayama_Prefecture_Chugoku.html
Log Pension Mori No Sanpo,717-0611,Okayama Prefecture,596-55 Hiruzen Honkayabe Maniwa,,$$$,http://www.tripadvisor.com/Hotel_Review-g1023460-d1127244-Reviews-Log_Pension_Mori_No_Sanpo-Maniwa_Okayama_Prefecture_Chugoku.html
Aburaya Bekkan,717-0402,Okayama Prefecture,1570-2 Toyosaka Maniwa,,,http://www.tripadvisor.com/Hotel_Review-g1023460-d1133419-Reviews-Aburaya_Bekkan-Maniwa_Okayama_Prefecture_Chugoku.html
Horaiya,717-0402,Okayama Prefecture,46 Yubara Onsen Maniwa,,,http://www.tripadvisor.com/Hotel_Review-g1023460-d1135482-Reviews-Horaiya-Maniwa_Okayama_Prefecture_Chugoku.html
Obaya Ryokan,719-3201,Okayama Prefecture,2568 Kuse Maniwa,,$,http://www.tripadvisor.com/Hotel_Review-g1023460-d1880825-Reviews-Obaya_Ryokan-Maniwa_Okayama_Prefecture_Chugoku.html
Musashiya Ryokan,717-0501,Okayama Prefecture,138-3 Hiruzennakafukuda Maniwa,,,http://www.tripadvisor.com/Hotel_Review-g1023460-d1880828-Reviews-Musashiya_Ryokan-Maniwa_Okayama_Prefecture_Chugoku.html
Montpellier Cottage,717-0503,Okayama Prefecture,695-83 Hiruzen Tomiyamane Maniwa,,,http://www.tripadvisor.com/Hotel_Review-g1023460-d1925322-Reviews-Montpellier_Cottage-Maniwa_Okayama_Prefecture_Chugoku.html
Hiruzen Club Nadja Guesthouse,717-0504,Okayama Prefecture,1-103 Hiruzen Shimofukuda Maniwa,,$$,http://www.tripadvisor.com/Hotel_Review-g1023460-d1925337-Reviews-Hiruzen_Club_Nadja_Guesthouse-Maniwa_Okayama_Prefecture_Chugoku.html
Rakuja,717-0513,Okayama Prefecture,1194-1 Hiruzen Shitao Maniwa,,$,http://www.tripadvisor.com/Hotel_Review-g1023460-d1925342-Reviews-Rakuja-Maniwa_Okayama_Prefecture_Chugoku.html
Hirizen Inter Hotel,717-0612,Okayama Prefecture,1026-1 Hiruzen Kamitokuyama Maniwa,,$,http://www.tripadvisor.com/Hotel_Review-g1023460-d1925344-Reviews-Hirizen_Inter_Hotel-Maniwa_Okayama_Prefecture_Chugoku.html
Yukiakari,717-0602,Okayama Prefecture,1205-259 Hiruzenkamifukuda Maniwa,,$$$$,http://www.tripadvisor.com/Hotel_Review-g1023460-d2258756-Reviews-Yukiakari-Maniwa_Okayama_Prefecture_Chugoku.html
Yubaraonsen Spa Yubar,717-0402,Okayama Prefecture,157-1 Yubaraonsen Maniwa,,$,http://www.tripadvisor.com/Hotel_Review-g1023460-d5011196-Reviews-Yubaraonsen_Spa_Yubar-Maniwa_Okayama_Prefecture_Chugoku.html
Kibi Kogen Resort Hotel,716-1241,Okayama Prefecture,4860-6 Yoshikawa Kibichuo-cho,,$$,http://www.tripadvisor.com/Hotel_Review-g1121391-d1135589-Reviews-Kibi_Kogen_Resort_Hotel-Kibichuo_cho_Kaga_gun_Okayama_Prefecture_Chugoku.html
Business Ryokan Omasa,715-0019,Okayama Prefecture,272-2 Ibaracho Ibara,,,http://www.tripadvisor.com/Hotel_Review-g1023451-d1110340-Reviews-Business_Ryokan_Omasa-Ibara_Okayama_Prefecture_Chugoku.html
Business Hotel Rekijoso,715-0019,Okayama Prefecture,717 Ibaracho Ibara,,$,http://www.tripadvisor.com/Hotel_Review-g1023451-d4341158-Reviews-Business_Hotel_Rekijoso-Ibara_Okayama_Prefecture_Chugoku.html
