Hotel New Otani Saga,840-0047,Saga Prefecture,1-2 Yogamachi Saga,102,$,http://www.tripadvisor.com/Hotel_Review-g298227-d301322-Reviews-Hotel_New_Otani_Saga-Saga_Saga_Prefecture_Kyushu_Okinawa.html
Comfort Hotel Saga,840-0801,Saga Prefecture,1-14-38 Ekimae Chuo Saga,134,$,http://www.tripadvisor.com/Hotel_Review-g298227-d676405-Reviews-Comfort_Hotel_Saga-Saga_Saga_Prefecture_Kyushu_Okinawa.html
APA Hotel Sagaekimae Chuo,840-0801,Saga Prefecture,2-6-14 Ekimaechuo Saga,218,$,http://www.tripadvisor.com/Hotel_Review-g298227-d1066424-Reviews-APA_Hotel_Sagaekimae_Chuo-Saga_Saga_Prefecture_Kyushu_Okinawa.html
Healthy Pal Saga,849-0918,Saga Prefecture,2-21-35 Hyogominami Saga,,,http://www.tripadvisor.com/Hotel_Review-g298227-d1066425-Reviews-Healthy_Pal_Saga-Saga_Saga_Prefecture_Kyushu_Okinawa.html
Hotel Sansuiso,840-0054,Saga Prefecture,1-2-2 Mizugae Saga,,,http://www.tripadvisor.com/Hotel_Review-g298227-d1066429-Reviews-Hotel_Sansuiso-Saga_Saga_Prefecture_Kyushu_Okinawa.html
ONCRI,840-0501,Saga Prefecture,556 Fujichofuruyu Saga,38,$$$,http://www.tripadvisor.com/Hotel_Review-g298227-d1067837-Reviews-ONCRI-Saga_Saga_Prefecture_Kyushu_Okinawa.html
Kakureisen,840-0501,Saga Prefecture,875 Fujicho Furuyu Saga,,$$$,http://www.tripadvisor.com/Hotel_Review-g298227-d1067847-Reviews-Kakureisen-Saga_Saga_Prefecture_Kyushu_Okinawa.html
Nabeshima S'est,849-0937,Saga Prefecture,3-3-20 Nabeshima Saga,,,http://www.tripadvisor.com/Hotel_Review-g298227-d1067850-Reviews-Nabeshima_S_est-Saga_Saga_Prefecture_Kyushu_Okinawa.html
Royal Park Arcadia Resort,840-2104,Saga Prefecture,"19-1 Tokudomi, Morodomicho Saga",,,http://www.tripadvisor.com/Hotel_Review-g298227-d1067854-Reviews-Royal_Park_Arcadia_Resort-Saga_Saga_Prefecture_Kyushu_Okinawa.html
Akebono,840-0833,Saga Prefecture,3-10 Nakanokoji Saga,,$$,http://www.tripadvisor.com/Hotel_Review-g298227-d1067860-Reviews-Akebono-Saga_Saga_Prefecture_Kyushu_Okinawa.html
Washington Hotel Plaza,840-0801,Saga Prefecture,1-164 Ekimaechuo Saga,,$,http://www.tripadvisor.com/Hotel_Review-g298227-d1067863-Reviews-Washington_Hotel_Plaza-Saga_Saga_Prefecture_Kyushu_Okinawa.html
Chiyodakan,849-0916,Saga Prefecture,"216-1 Higashitakagi, Takagisemachi Saga",33,$,http://www.tripadvisor.com/Hotel_Review-g298227-d1067867-Reviews-Chiyodakan-Saga_Saga_Prefecture_Kyushu_Okinawa.html
Ryutouen,840-0203,Saga Prefecture,120 Yamatocho Oaza Umeno Saga,,$,http://www.tripadvisor.com/Hotel_Review-g298227-d1092617-Reviews-Ryutouen-Saga_Saga_Prefecture_Kyushu_Okinawa.html
Saga City Hotel Kitaguchikan,840-0804,Saga Prefecture,2-7-2 Konohigashi Saga,,,http://www.tripadvisor.com/Hotel_Review-g298227-d1093635-Reviews-Saga_City_Hotel_Kitaguchikan-Saga_Saga_Prefecture_Kyushu_Okinawa.html
Saga City Hotel,840-0801,Saga Prefecture,1-7-31 Ekimaechuo Saga,237,$,http://www.tripadvisor.com/Hotel_Review-g298227-d1093637-Reviews-Saga_City_Hotel-Saga_Saga_Prefecture_Kyushu_Okinawa.html
Hotel Route Inn Saga Ekimae,840-0801,Saga Prefecture,1-9-50 Ekimaechuo Saga,200,$,http://www.tripadvisor.com/Hotel_Review-g298227-d1093643-Reviews-Hotel_Route_Inn_Saga_Ekimae-Saga_Saga_Prefecture_Kyushu_Okinawa.html
Furuyu Log House A,840-0502,Saga Prefecture,1423-15 Fujicho Sugiyama Saga,,$,http://www.tripadvisor.com/Hotel_Review-g298227-d1093649-Reviews-Furuyu_Log_House_A-Saga_Saga_Prefecture_Kyushu_Okinawa.html
Furuyu Woody House D,840-0502,Saga Prefecture,1807-3 Fujicho Sugiyama Saga,,$$,http://www.tripadvisor.com/Hotel_Review-g298227-d1093653-Reviews-Furuyu_Woody_House_D-Saga_Saga_Prefecture_Kyushu_Okinawa.html
Saga Youth Hall,849-0923,Saga Prefecture,1-21-50 Hinode Saga,,,http://www.tripadvisor.com/Hotel_Review-g298227-d1105818-Reviews-Saga_Youth_Hall-Saga_Saga_Prefecture_Kyushu_Okinawa.html
Tamaya,840-0512,Saga Prefecture,118 Fujicho Kamikumakawa Saga,,,http://www.tripadvisor.com/Hotel_Review-g298227-d1105848-Reviews-Tamaya-Saga_Saga_Prefecture_Kyushu_Okinawa.html
Komeya,840-0501,Saga Prefecture,866 Fujicho Furuyu Saga,,,http://www.tripadvisor.com/Hotel_Review-g298227-d1105873-Reviews-Komeya-Saga_Saga_Prefecture_Kyushu_Okinawa.html
Tamanoe,840-0804,Saga Prefecture,1-1-15 Konohigashi Saga,,,http://www.tripadvisor.com/Hotel_Review-g298227-d1105897-Reviews-Tamanoe-Saga_Saga_Prefecture_Kyushu_Okinawa.html
Tenzanso,849-0201,Saga Prefecture,1771 Kubotacho Tokuman Saga,,$,http://www.tripadvisor.com/Hotel_Review-g298227-d1105902-Reviews-Tenzanso-Saga_Saga_Prefecture_Kyushu_Okinawa.html
Oogiya,840-0501,Saga Prefecture,873 Furuyu Fujicho Saga,,$$,http://www.tripadvisor.com/Hotel_Review-g298227-d1106036-Reviews-Oogiya-Saga_Saga_Prefecture_Kyushu_Okinawa.html
Business Hotel Suncity Ichigokan,840-0804,Saga Prefecture,2-1-11 Konohigashi Saga,,$,http://www.tripadvisor.com/Hotel_Review-g298227-d1106062-Reviews-Business_Hotel_Suncity_Ichigokan-Saga_Saga_Prefecture_Kyushu_Okinawa.html
Toyoko Inn Saga-Eikimae,840-0801,Saga Prefecture,1-10-36 Ekimaechuo Saga,184,$,http://www.tripadvisor.com/Hotel_Review-g298227-d1106074-Reviews-Toyoko_Inn_Saga_Eikimae-Saga_Saga_Prefecture_Kyushu_Okinawa.html
Suginoya,840-0521,Saga Prefecture,2635 Fujicho Osoegawa Saga,,$$$,http://www.tripadvisor.com/Hotel_Review-g298227-d1106144-Reviews-Suginoya-Saga_Saga_Prefecture_Kyushu_Okinawa.html
Business Hotel Suncity Nigokan,840-0804,Saga Prefecture,4-1-33 Konohigashi Saga,,$,http://www.tripadvisor.com/Hotel_Review-g298227-d1106158-Reviews-Business_Hotel_Suncity_Nigokan-Saga_Saga_Prefecture_Kyushu_Okinawa.html
Hagakkureso,840-0815,Saga Prefecture,2-1-36 Tenjin Saga,,,http://www.tripadvisor.com/Hotel_Review-g298227-d1106172-Reviews-Hagakkureso-Saga_Saga_Prefecture_Kyushu_Okinawa.html
Shobirintei,840-0512,Saga Prefecture,317-2 Fujicho Kamikkumakawa Saga,,,http://www.tripadvisor.com/Hotel_Review-g298227-d1106185-Reviews-Shobirintei-Saga_Saga_Prefecture_Kyushu_Okinawa.html
Yunosato,840-0512,Saga Prefecture,166 Fujicho Kamikumakawa Saga,,,http://www.tripadvisor.com/Hotel_Review-g298227-d1106204-Reviews-Yunosato-Saga_Saga_Prefecture_Kyushu_Okinawa.html
Tatsumi Ryokan,849-0922,Saga Prefecture,1-6-3 Takagisehigashi Saga,,,http://www.tripadvisor.com/Hotel_Review-g298227-d1106219-Reviews-Tatsumi_Ryokan-Saga_Saga_Prefecture_Kyushu_Okinawa.html
Yamatoya,840-0501,Saga Prefecture,860 Furuyu Fujicho Saga,,$$,http://www.tripadvisor.com/Hotel_Review-g298227-d1129823-Reviews-Yamatoya-Saga_Saga_Prefecture_Kyushu_Okinawa.html
Amandi,840-0202,Saga Prefecture,3667 Kuchii Yamatocho Saga,28,$,http://www.tripadvisor.com/Hotel_Review-g298227-d1129834-Reviews-Amandi-Saga_Saga_Prefecture_Kyushu_Okinawa.html
Matukawaya,840-0831,Saga Prefecture,3-2-22 Matsubara Saga,,,http://www.tripadvisor.com/Hotel_Review-g298227-d1142940-Reviews-Matukawaya-Saga_Saga_Prefecture_Kyushu_Okinawa.html
Chikumasou,840-0501,Saga Prefecture,878 Furuyu Fuji-cho Saga,,$,http://www.tripadvisor.com/Hotel_Review-g298227-d1145093-Reviews-Chikumasou-Saga_Saga_Prefecture_Kyushu_Okinawa.html
Asakaze,840-0812,Saga Prefecture,11-25 Aikei-cho Saga,,$,http://www.tripadvisor.com/Hotel_Review-g298227-d1145098-Reviews-Asakaze-Saga_Saga_Prefecture_Kyushu_Okinawa.html
Yumechidori,840-0512,Saga Prefecture,288 Kamikumakawa Fujicho Saga,,$$$,http://www.tripadvisor.com/Hotel_Review-g298227-d1145102-Reviews-Yumechidori-Saga_Saga_Prefecture_Kyushu_Okinawa.html
Hotel Marital Sousei,840-0804,Saga Prefecture,2-5-15 Konohigashi Saga,,$$,http://www.tripadvisor.com/Hotel_Review-g298227-d1145118-Reviews-Hotel_Marital_Sousei-Saga_Saga_Prefecture_Kyushu_Okinawa.html
Yamaakari,840-0501,Saga Prefecture,792_1 Furuyu Fujicho Saga,,$$$$,http://www.tripadvisor.com/Hotel_Review-g298227-d1145126-Reviews-Yamaakari-Saga_Saga_Prefecture_Kyushu_Okinawa.html
Kobadake Sansou,840-0543,Saga Prefecture,2290-2 Fujicho Koba Saga,,,http://www.tripadvisor.com/Hotel_Review-g298227-d1145143-Reviews-Kobadake_Sansou-Saga_Saga_Prefecture_Kyushu_Okinawa.html
Saga Idaimae Green hotel,849-0937,Saga Prefecture,4-3-6 Nabeshima Saga,,$,http://www.tripadvisor.com/Hotel_Review-g298227-d1785563-Reviews-Saga_Idaimae_Green_hotel-Saga_Saga_Prefecture_Kyushu_Okinawa.html
Sansuiso,840-0501,Saga Prefecture,877-1 Fujicho Furuyu Saga,,,http://www.tripadvisor.com/Hotel_Review-g298227-d1883317-Reviews-Sansuiso-Saga_Saga_Prefecture_Kyushu_Okinawa.html
Fuji Villa Sanganosho,840-0521,Saga Prefecture,2208-1 Fujicho Soegawa Saga,,$$,http://www.tripadvisor.com/Hotel_Review-g298227-d1883325-Reviews-Fuji_Villa_Sanganosho-Saga_Saga_Prefecture_Kyushu_Okinawa.html
Tsukasa Ryokan,840-0501,Saga Prefecture,865 Fujicho Furuyu Saga,,$,http://www.tripadvisor.com/Hotel_Review-g298227-d1883452-Reviews-Tsukasa_Ryokan-Saga_Saga_Prefecture_Kyushu_Okinawa.html
Kohanso,842-0303,Saga Prefecture,811-9 Mitsusemura Yuzuriha Saga,,,http://www.tripadvisor.com/Hotel_Review-g298227-d1883456-Reviews-Kohanso-Saga_Saga_Prefecture_Kyushu_Okinawa.html
Ryojinyado Tokyoya,840-0501,Saga Prefecture,836 Fujicho Furuyu Saga,,$$,http://www.tripadvisor.com/Hotel_Review-g298227-d1883459-Reviews-Ryojinyado_Tokyoya-Saga_Saga_Prefecture_Kyushu_Okinawa.html
Karatsu Dai-ichi Hotel,847-0815,Saga Prefecture,488-1 Nishideramachi Karatsu,,$,http://www.tripadvisor.com/Hotel_Review-g1023549-d1065865-Reviews-Karatsu_Dai_ichi_Hotel-Karatsu_Saga_Prefecture_Kyushu_Okinawa.html
Karatsu City Hotel,847-0816,Saga Prefecture,2942-1 Shinkomachi Karatsu,,,http://www.tripadvisor.com/Hotel_Review-g1023549-d1065867-Reviews-Karatsu_City_Hotel-Karatsu_Saga_Prefecture_Kyushu_Okinawa.html
Ryokan Kanamaru,847-0303,Saga Prefecture,"3068 Yobukocho, Yobuko Karatsu",,$$,http://www.tripadvisor.com/Hotel_Review-g1023549-d1065869-Reviews-Ryokan_Kanamaru-Karatsu_Saga_Prefecture_Kyushu_Okinawa.html
Wataya,847-0012,Saga Prefecture,5-10 Daimyokoji Karatsu,13,$$,http://www.tripadvisor.com/Hotel_Review-g1023549-d1065872-Reviews-Wataya-Karatsu_Saga_Prefecture_Kyushu_Okinawa.html
Kanko Hotel Taibokaku,847-0401,Saga Prefecture,1399 Chinzeimachi Nagoya Karatsu,17,$$$,http://www.tripadvisor.com/Hotel_Review-g1023549-d1084594-Reviews-Kanko_Hotel_Taibokaku-Karatsu_Saga_Prefecture_Kyushu_Okinawa.html
Asuka Hotel,847-0014,Saga Prefecture,6-13 Nishijonai Karatsu,,$,http://www.tripadvisor.com/Hotel_Review-g1023549-d1084595-Reviews-Asuka_Hotel-Karatsu_Saga_Prefecture_Kyushu_Okinawa.html
Business Hotel Sola,847-0816 ,Saga Prefecture,2981-3 Shinkomachi Karatsu,,$,http://www.tripadvisor.com/Hotel_Review-g1023549-d1084597-Reviews-Business_Hotel_Sola-Karatsu_Saga_Prefecture_Kyushu_Okinawa.html
Kappo Ryokan Nagasakiso,847-0014,Saga Prefecture,6-36 Nishijonai Karatsu,,$$,http://www.tripadvisor.com/Hotel_Review-g1023549-d1084598-Reviews-Kappo_Ryokan_Nagasakiso-Karatsu_Saga_Prefecture_Kyushu_Okinawa.html
Ryokan Matsunoi,847-0017,Saga Prefecture,2-4-32 Higashikaratsu Karatsu,,$$$$,http://www.tripadvisor.com/Hotel_Review-g1023549-d1084599-Reviews-Ryokan_Matsunoi-Karatsu_Saga_Prefecture_Kyushu_Okinawa.html
Karatsu Royal Hotel,847-0017,Saga Prefecture,4-9-20 Higashikaratsu Karatsu,207,$,http://www.tripadvisor.com/Hotel_Review-g1023549-d1084605-Reviews-Karatsu_Royal_Hotel-Karatsu_Saga_Prefecture_Kyushu_Okinawa.html
Karatsu Seaside Hotel,847-0017,Saga Prefecture,4-182 Higashikaratsu Karatsu,114,$,http://www.tripadvisor.com/Hotel_Review-g1023549-d1084607-Reviews-Karatsu_Seaside_Hotel-Karatsu_Saga_Prefecture_Kyushu_Okinawa.html
Kokuminshukusha Hadomisaki,847-0404,Saga Prefecture,1082 Chinzeimachi Hado Karatsu,,$$,http://www.tripadvisor.com/Hotel_Review-g1023549-d1084610-Reviews-Kokuminshukusha_Hadomisaki-Karatsu_Saga_Prefecture_Kyushu_Okinawa.html
Kokuminshukusha Irohajima,847-1507,Saga Prefecture,886-1 Bizenmachi Mitsukoshi Karatsu,,$$,http://www.tripadvisor.com/Hotel_Review-g1023549-d1084612-Reviews-Kokuminshukusha_Irohajima-Karatsu_Saga_Prefecture_Kyushu_Okinawa.html
Kokuminshukusha Nijinomatsubara Hotel,847-0017,Saga Prefecture,4 Higashikaratsu Karatsu,,$,http://www.tripadvisor.com/Hotel_Review-g1023549-d1084615-Reviews-Kokuminshukusha_Nijinomatsubara_Hotel-Karatsu_Saga_Prefecture_Kyushu_Okinawa.html
Kokuminshukusha Yobuko Lodge,847-0303,Saga Prefecture,1413 Yobukocho Yobuko Karatsu,,$$,http://www.tripadvisor.com/Hotel_Review-g1023549-d1084617-Reviews-Kokuminshukusha_Yobuko_Lodge-Karatsu_Saga_Prefecture_Kyushu_Okinawa.html
Mizuno Ryokan,847-0016,Saga Prefecture,4-50 Higashijonai Karatsu,,$$$$,http://www.tripadvisor.com/Hotel_Review-g1023549-d1084620-Reviews-Mizuno_Ryokan-Karatsu_Saga_Prefecture_Kyushu_Okinawa.html
Nagisakankimura Karatsu-chaya,847-0016,Saga Prefecture,4-3 Higashijonai Karatsu,,$$,http://www.tripadvisor.com/Hotel_Review-g1023549-d1084622-Reviews-Nagisakankimura_Karatsu_chaya-Karatsu_Saga_Prefecture_Kyushu_Okinawa.html
Fukumanbo,847-0303,Saga Prefecture,3079 Yobukocho Yobuko Karatsu,,,http://www.tripadvisor.com/Hotel_Review-g1023549-d1084629-Reviews-Fukumanbo-Karatsu_Saga_Prefecture_Kyushu_Okinawa.html
Kapporyokan Oomasa,847-0016,Saga Prefecture,4-46 Higashijonai Karatsu,,$$$,http://www.tripadvisor.com/Hotel_Review-g1023549-d1084631-Reviews-Kapporyokan_Oomasa-Karatsu_Saga_Prefecture_Kyushu_Okinawa.html
Ryokan Izumo,847-0303,Saga Prefecture,1962-1 Yobukocho Yobuko Karatsu,,$$,http://www.tripadvisor.com/Hotel_Review-g1023549-d1084632-Reviews-Ryokan_Izumo-Karatsu_Saga_Prefecture_Kyushu_Okinawa.html
Tabiyado Yobuko,847-0304,Saga Prefecture,1953-2 Yobuko-cho Tononoura Karatsu,,$$,http://www.tripadvisor.com/Hotel_Review-g1023549-d1084636-Reviews-Tabiyado_Yobuko-Karatsu_Saga_Prefecture_Kyushu_Okinawa.html
Umibenoyado Seiriki,847-0304,Saga Prefecture,1672 Yobuko-cho Tononoura Karatsu,,$$,http://www.tripadvisor.com/Hotel_Review-g1023549-d1084642-Reviews-Umibenoyado_Seiriki-Karatsu_Saga_Prefecture_Kyushu_Okinawa.html
Yoyokaku,847-0017,Saga Prefecture,2-4-40 Higashikaratsu Karatsu,,$$$,http://www.tripadvisor.com/Hotel_Review-g1023549-d1084647-Reviews-Yoyokaku-Karatsu_Saga_Prefecture_Kyushu_Okinawa.html
Karatsu Daiichi Hotel Riviere,847-0063,Saga Prefecture,1-9 Higashimachi Karatsu,154,$,http://www.tripadvisor.com/Hotel_Review-g1023549-d1084650-Reviews-Karatsu_Daiichi_Hotel_Riviere-Karatsu_Saga_Prefecture_Kyushu_Okinawa.html
Satomiso,849-3223,Saga Prefecture,541 Ochicho Ikisa otsu Karatsu,,$$,http://www.tripadvisor.com/Hotel_Review-g1023549-d1104638-Reviews-Satomiso-Karatsu_Saga_Prefecture_Kyushu_Okinawa.html
Miyakoso,849-3223,Saga Prefecture,568-2 Ochicho Ikisa otsu Karatsu,,$$,http://www.tripadvisor.com/Hotel_Review-g1023549-d1104646-Reviews-Miyakoso-Karatsu_Saga_Prefecture_Kyushu_Okinawa.html
Teraura Onsen,847-1513,Saga Prefecture,47 Hizenmachi Teraura Karatsu,,,http://www.tripadvisor.com/Hotel_Review-g1023549-d1104656-Reviews-Teraura_Onsen-Karatsu_Saga_Prefecture_Kyushu_Okinawa.html
Sarionsen Toeisou,849-3233,Saga Prefecture,1069-1 Sari Ochicho_ Karatsu,,,http://www.tripadvisor.com/Hotel_Review-g1023549-d1118287-Reviews-Sarionsen_Toeisou-Karatsu_Saga_Prefecture_Kyushu_Okinawa.html
Onyado Kaishu,847-0016,Saga Prefecture,2-45 Higashijonai Karatsu,,$,http://www.tripadvisor.com/Hotel_Review-g1023549-d1118314-Reviews-Onyado_Kaishu-Karatsu_Saga_Prefecture_Kyushu_Okinawa.html
Uohan,849-5131,Saga Prefecture,1669-55 Hamatama-machi Hamasaki Karatsu,,$$,http://www.tripadvisor.com/Hotel_Review-g1023549-d1122138-Reviews-Uohan-Karatsu_Saga_Prefecture_Kyushu_Okinawa.html
Shirasagiso,847-0102,Saga Prefecture,670-30 Yahatamachi Karatsu,,$,http://www.tripadvisor.com/Hotel_Review-g1023549-d1531922-Reviews-Shirasagiso-Karatsu_Saga_Prefecture_Kyushu_Okinawa.html
Nananoyu,847-1106,Saga Prefecture,1150 Nanayama Takigawa Karatsu,,,http://www.tripadvisor.com/Hotel_Review-g1023549-d1604487-Reviews-Nananoyu-Karatsu_Saga_Prefecture_Kyushu_Okinawa.html
Business Hotel Chitose,847-0046,Saga Prefecture,1696-1 Takasagomachi Karatsu,,,http://www.tripadvisor.com/Hotel_Review-g1023549-d1883228-Reviews-Business_Hotel_Chitose-Karatsu_Saga_Prefecture_Kyushu_Okinawa.html
Takaki Ryokan,847-0017,Saga Prefecture,2-1-5 Higashikaratsu Karatsu,,,http://www.tripadvisor.com/Hotel_Review-g1023549-d1883231-Reviews-Takaki_Ryokan-Karatsu_Saga_Prefecture_Kyushu_Okinawa.html
MInshuku Daikei,847-0303,Saga Prefecture,1729-1 Yobukocho Yobuko Karatsu,,,http://www.tripadvisor.com/Hotel_Review-g1023549-d1883234-Reviews-MInshuku_Daikei-Karatsu_Saga_Prefecture_Kyushu_Okinawa.html
Jonai Hotel,847-0012,Saga Prefecture,105 Daimyokoji Karatsu,24,$,http://www.tripadvisor.com/Hotel_Review-g1023549-d1883235-Reviews-Jonai_Hotel-Karatsu_Saga_Prefecture_Kyushu_Okinawa.html
Business Ryokan Nankaiso,847-0062,Saga Prefecture,2582-9 Funamiyamachi Karatsu,,$,http://www.tripadvisor.com/Hotel_Review-g1023549-d1883236-Reviews-Business_Ryokan_Nankaiso-Karatsu_Saga_Prefecture_Kyushu_Okinawa.html
Minshuku Hamatama,849-5122,Saga Prefecture,103-20 Hamatamamach Yokotashimo Karatsu,,,http://www.tripadvisor.com/Hotel_Review-g1023549-d1883237-Reviews-Minshuku_Hamatama-Karatsu_Saga_Prefecture_Kyushu_Okinawa.html
Chikuzenya,847-0304,Saga Prefecture,1659 Yobukocho Tononora Karatsu,,$$$,http://www.tripadvisor.com/Hotel_Review-g1023549-d1883238-Reviews-Chikuzenya-Karatsu_Saga_Prefecture_Kyushu_Okinawa.html
Chikazaki Annex,847-0403,Saga Prefecture,"138-4 Chinzeimachi, Kushi Karatsu",,,http://www.tripadvisor.com/Hotel_Review-g1023549-d3479483-Reviews-Chikazaki_Annex-Karatsu_Saga_Prefecture_Kyushu_Okinawa.html
Chikazaki Annex-2,847-0403,Saga Prefecture,"230-1 Chinzeimachi, Kushi Karatsu",,,http://www.tripadvisor.com/Hotel_Review-g1023549-d3479486-Reviews-Chikazaki_Annex_2-Karatsu_Saga_Prefecture_Kyushu_Okinawa.html
Shioyu Naginoto,849-5131,Saga Prefecture,1613 Hamatanicho Hamazaki Karatsu,,$,http://www.tripadvisor.com/Hotel_Review-g1023549-d6923063-Reviews-Shioyu_Naginoto-Karatsu_Saga_Prefecture_Kyushu_Okinawa.html
Yoshinogari Onsen Hotel,849-0123,Saga Prefecture,1523-1 Bojo Kamimine-cho,,,http://www.tripadvisor.com/Hotel_Review-g1121506-d1382617-Reviews-Yoshinogari_Onsen_Hotel-Kamimine_cho_Miyaki_gun_Saga_Prefecture_Kyushu_Okinawa.html
Chisun Inn Tosu,841-0005,Saga Prefecture,6-84 Yayoigaoka Tosu,,$,http://www.tripadvisor.com/Hotel_Review-g1023543-d1065887-Reviews-Chisun_Inn_Tosu-Tosu_Saga_Prefecture_Kyushu_Okinawa.html
Sun Hotel Tosu,841-0034,Saga Prefecture,781-1 Kyomachi Tosu,126,$,http://www.tripadvisor.com/Hotel_Review-g1023543-d1065888-Reviews-Sun_Hotel_Tosu-Tosu_Saga_Prefecture_Kyushu_Okinawa.html
Plaza Hotel Tosu,841-0026,Saga Prefecture,615-7 Hondosumachi Tosu,126,$,http://www.tripadvisor.com/Hotel_Review-g1023543-d1065891-Reviews-Plaza_Hotel_Tosu-Tosu_Saga_Prefecture_Kyushu_Okinawa.html
Marriage Hotel Bientos,841-0042,Saga Prefecture,789-1 Sakainishimachi Tosu,128,$,http://www.tripadvisor.com/Hotel_Review-g1023543-d1065922-Reviews-Marriage_Hotel_Bientos-Tosu_Saga_Prefecture_Kyushu_Okinawa.html
Business Ryokan Tamanoso,841-0024,Saga Prefecture,857 Harumachi Tosu,,$,http://www.tripadvisor.com/Hotel_Review-g1023543-d1066400-Reviews-Business_Ryokan_Tamanoso-Tosu_Saga_Prefecture_Kyushu_Okinawa.html
Hotel Route Inn Tosu Station-Side,841-0034 ,Saga Prefecture,724-1 Kyomachi Tosu,153,$,http://www.tripadvisor.com/Hotel_Review-g1023543-d1066408-Reviews-Hotel_Route_Inn_Tosu_Station_Side-Tosu_Saga_Prefecture_Kyushu_Okinawa.html
Business Hotel YK,841-0042 ,Saga Prefecture,807 Sakai Nishimachi Tosu,,,http://www.tripadvisor.com/Hotel_Review-g1023543-d1082983-Reviews-Business_Hotel_YK-Tosu_Saga_Prefecture_Kyushu_Okinawa.html
Komatsusou,841-0032,Saga Prefecture,747-1 Taishomachi Tosu,,$,http://www.tripadvisor.com/Hotel_Review-g1023543-d1082988-Reviews-Komatsusou-Tosu_Saga_Prefecture_Kyushu_Okinawa.html
Tosu Station Hotel Matsuzaka,841-0034,Saga Prefecture,724 Kyomachi Tosu,54,$,http://www.tripadvisor.com/Hotel_Review-g1023543-d1084584-Reviews-Tosu_Station_Hotel_Matsuzaka-Tosu_Saga_Prefecture_Kyushu_Okinawa.html
Green Rich Hotel Tosu Ekimae,841-0034,Saga Prefecture,726 Kyomachi Tosu,138,$,http://www.tripadvisor.com/Hotel_Review-g1023543-d1883225-Reviews-Green_Rich_Hotel_Tosu_Ekimae-Tosu_Saga_Prefecture_Kyushu_Okinawa.html
Kamenoi Hotel Saga Tosu,841-0024,Saga Prefecture,1080 Harumachi Tosu,,$,http://www.tripadvisor.com/Hotel_Review-g1023543-d3225421-Reviews-Kamenoi_Hotel_Saga_Tosu-Tosu_Saga_Prefecture_Kyushu_Okinawa.html
Ryusuien Hotel,845-0004,Saga Prefecture,"1817-1 Matsuo, Ogimachi Ogi",,$$,http://www.tripadvisor.com/Hotel_Review-g1023550-d1065878-Reviews-Ryusuien_Hotel-Ogi_Saga_Prefecture_Kyushu_Okinawa.html
Kaisenkaku,845-0003,Saga Prefecture,77 Ogimachi Iwakura Ogi,,$,http://www.tripadvisor.com/Hotel_Review-g1023550-d1532181-Reviews-Kaisenkaku-Ogi_Saga_Prefecture_Kyushu_Okinawa.html
Ueda MInshuku,847-1441,Saga Prefecture,6965-2 Imamura Genkai-cho,,,http://www.tripadvisor.com/Hotel_Review-g1121508-d1883463-Reviews-Ueda_MInshuku-Genkai_cho_Higashimatsura_gun_Saga_Prefecture_Kyushu_Okinawa.html
Ryokan Marutomi,847-1441,Saga Prefecture,5018-1 Imamura Genkai-cho,,,http://www.tripadvisor.com/Hotel_Review-g1121508-d2026510-Reviews-Ryokan_Marutomi-Genkai_cho_Higashimatsura_gun_Saga_Prefecture_Kyushu_Okinawa.html
Chikazakiso,847-1441,Saga Prefecture,Imamura 5476-1 Genkai-cho,,,http://www.tripadvisor.com/Hotel_Review-g1121508-d3479478-Reviews-Chikazakiso-Genkai_cho_Higashimatsura_gun_Saga_Prefecture_Kyushu_Okinawa.html
Imari Grand Hotel,848-0041,Saga Prefecture,466-11 Shintencho Imari,,$,http://www.tripadvisor.com/Hotel_Review-g1023545-d1065853-Reviews-Imari_Grand_Hotel-Imari_Saga_Prefecture_Kyushu_Okinawa.html
Imari Hotel,848-0042,Saga Prefecture,115 Hasuikecho Imari,,$,http://www.tripadvisor.com/Hotel_Review-g1023545-d1065856-Reviews-Imari_Hotel-Imari_Saga_Prefecture_Kyushu_Okinawa.html
Hotel New Imari,848-0031,Saga Prefecture,171 Niricho Hachiyagarami Imari,,,http://www.tripadvisor.com/Hotel_Review-g1023545-d1084585-Reviews-Hotel_New_Imari-Imari_Saga_Prefecture_Kyushu_Okinawa.html
Central Hotel Imari,848-0041,Saga Prefecture,549-17 Shintencho Imari,203,$,http://www.tripadvisor.com/Hotel_Review-g1023545-d1084586-Reviews-Central_Hotel_Imari-Imari_Saga_Prefecture_Kyushu_Okinawa.html
Forest Inn Imari,848-0032,Saga Prefecture,Ko-1704-1 Niricho Ozato Imari,,$$$,http://www.tripadvisor.com/Hotel_Review-g1023545-d1104581-Reviews-Forest_Inn_Imari-Imari_Saga_Prefecture_Kyushu_Okinawa.html
Hisago,848-0047,Saga Prefecture,413-8 Imaricho ko Imari,,,http://www.tripadvisor.com/Hotel_Review-g1023545-d1104586-Reviews-Hisago-Imari_Saga_Prefecture_Kyushu_Okinawa.html
Blue Kotobuki Hotel,848-0047,Saga Prefecture,564 Imaricho ko Imari,,,http://www.tripadvisor.com/Hotel_Review-g1023545-d1104602-Reviews-Blue_Kotobuki_Hotel-Imari_Saga_Prefecture_Kyushu_Okinawa.html
Bank,848-0022,Saga Prefecture,547-1 Otsubocho otsu Imari,,,http://www.tripadvisor.com/Hotel_Review-g1023545-d1104610-Reviews-Bank-Imari_Saga_Prefecture_Kyushu_Okinawa.html
Minshuku Ofukuro,848-0041,Saga Prefecture,225 Shintencho Imari,,,http://www.tripadvisor.com/Hotel_Review-g1023545-d1883277-Reviews-Minshuku_Ofukuro-Imari_Saga_Prefecture_Kyushu_Okinawa.html
Business Hotel Miyako,848-0031,Saga Prefecture,386-9 Niricho Hachiyagarami Imari,,$,http://www.tripadvisor.com/Hotel_Review-g1023545-d1883279-Reviews-Business_Hotel_Miyako-Imari_Saga_Prefecture_Kyushu_Okinawa.html
Business Hotel Shinten,848-0041,Saga Prefecture,211-1 Shintencho Imari,32,$,http://www.tripadvisor.com/Hotel_Review-g1023545-d1883281-Reviews-Business_Hotel_Shinten-Imari_Saga_Prefecture_Kyushu_Okinawa.html
Bansyoukaku Sikisima,843-0304,Saga Prefecture,"114-1 Ko Iwayagawachi, Ureshinomachi Ureshino",,$$$$,http://www.tripadvisor.com/Hotel_Review-g1023551-d1066412-Reviews-Bansyoukaku_Sikisima-Ureshino_Saga_Prefecture_Kyushu_Okinawa.html
Warakuen,843-0302,Saga Prefecture,"33 Ko Shimono, Ureshinomachi Ureshino",56,$$,http://www.tripadvisor.com/Hotel_Review-g1023551-d1066413-Reviews-Warakuen-Ureshino_Saga_Prefecture_Kyushu_Okinawa.html
Irifuneso,843-0301,Saga Prefecture,2330 Otsu Shimojuku Ureshinomachi Ureshino,,$,http://www.tripadvisor.com/Hotel_Review-g1023551-d1066416-Reviews-Irifuneso-Ureshino_Saga_Prefecture_Kyushu_Okinawa.html
Motoyu Hakkei,843-0301,Saga Prefecture,"2202-8 Otsu Shimojuku, Ureshinomachi Ureshino",,$$$,http://www.tripadvisor.com/Hotel_Review-g1023551-d1066417-Reviews-Motoyu_Hakkei-Ureshino_Saga_Prefecture_Kyushu_Okinawa.html
Ureshinokan,843-0301,Saga Prefecture,"Otsu-2091 Shimojuku, Ureshinomachi Ureshino",,,http://www.tripadvisor.com/Hotel_Review-g1023551-d1066420-Reviews-Ureshinokan-Ureshino_Saga_Prefecture_Kyushu_Okinawa.html
Ryokan Sansui,843-0301,Saga Prefecture,"25-1 Hei Shimojuku, Ureshinomachi Ureshino",,,http://www.tripadvisor.com/Hotel_Review-g1023551-d1066421-Reviews-Ryokan_Sansui-Ureshino_Saga_Prefecture_Kyushu_Okinawa.html
Saga Ureshino Spa Taishoya,843-0301,Saga Prefecture,"2276-1 Otsu Shimojuku, Ureshinomachi Ureshino",75,$$$,http://www.tripadvisor.com/Hotel_Review-g1023551-d1066423-Reviews-Saga_Ureshino_Spa_Taishoya-Ureshino_Saga_Prefecture_Kyushu_Okinawa.html
Hotel Sakura,843-0301,Saga Prefecture,"1021 Otsu, Shimojuku, Ureshino-machi Ureshino",,$$,http://www.tripadvisor.com/Hotel_Review-g1023551-d1092598-Reviews-Hotel_Sakura-Ureshino_Saga_Prefecture_Kyushu_Okinawa.html
Grand Hoyo,843-0304,Saga Prefecture,338-1 Ureshinomachi Iwayagawachi Ko Ureshino,45,$,http://www.tripadvisor.com/Hotel_Review-g1023551-d1092604-Reviews-Grand_Hoyo-Ureshino_Saga_Prefecture_Kyushu_Okinawa.html
Kasuien,843-0304,Saga Prefecture,Ko-333 Iwayagawachi Ureshino-machi Ureshino,,$$,http://www.tripadvisor.com/Hotel_Review-g1023551-d1092609-Reviews-Kasuien-Ureshino_Saga_Prefecture_Kyushu_Okinawa.html
Shinsenkaku,843-0301,Saga Prefecture,2400-30 Ureshinomachishimojuku Ureshino,,$,http://www.tripadvisor.com/Hotel_Review-g1023551-d1092613-Reviews-Shinsenkaku-Ureshino_Saga_Prefecture_Kyushu_Okinawa.html
Hotel Koyokaku,843-0301,Saga Prefecture,730-5 Ureshinomachi Oaza Shimojuku Otsu Ureshino,,$,http://www.tripadvisor.com/Hotel_Review-g1023551-d1093614-Reviews-Hotel_Koyokaku-Ureshino_Saga_Prefecture_Kyushu_Okinawa.html
The Hamilton Ureshino,843-0304,Saga Prefecture,288-1 Ureshinomachi Oaza Iwayagawachi Ko Ureshino,,$$,http://www.tripadvisor.com/Hotel_Review-g1023551-d1095114-Reviews-The_Hamilton_Ureshino-Ureshino_Saga_Prefecture_Kyushu_Okinawa.html
Hananoshizuku,843-0304,Saga Prefecture,445-1 Ureshinomachi Iwayagawachi ko Ureshino,,$$,http://www.tripadvisor.com/Hotel_Review-g1023551-d1104676-Reviews-Hananoshizuku-Ureshino_Saga_Prefecture_Kyushu_Okinawa.html
Sentoro,843-0304,Saga Prefecture,2117-1 Ureshinomachi Iwayagawachi otsu Ureshino,,$$$,http://www.tripadvisor.com/Hotel_Review-g1023551-d1104686-Reviews-Sentoro-Ureshino_Saga_Prefecture_Kyushu_Okinawa.html
Hatsuneso Shinkan,843-0304,Saga Prefecture,340-1Ko Iwayagawachi Ureshinomachi Ureshino,,$,http://www.tripadvisor.com/Hotel_Review-g1023551-d1104692-Reviews-Hatsuneso_Shinkan-Ureshino_Saga_Prefecture_Kyushu_Okinawa.html
Kotobukiya,843-0301,Saga Prefecture,8-7 Ureshinomachishimojuku Ureshino,,$,http://www.tripadvisor.com/Hotel_Review-g1023551-d1104698-Reviews-Kotobukiya-Ureshino_Saga_Prefecture_Kyushu_Okinawa.html
Takeya,843-0301,Saga Prefecture,932 Ureshinomachi Shimojuku Otsu Ureshino,,,http://www.tripadvisor.com/Hotel_Review-g1023551-d1104702-Reviews-Takeya-Ureshino_Saga_Prefecture_Kyushu_Okinawa.html
Kujaku,843-0304,Saga Prefecture,310-3 Oaza Iwayagawachi Ko Ureshino,,$$$,http://www.tripadvisor.com/Hotel_Review-g1023551-d1104704-Reviews-Kujaku-Ureshino_Saga_Prefecture_Kyushu_Okinawa.html
Seiunso,843-0301,Saga Prefecture,871-5 Otsu Shimojuku Ureshinomachi Ureshino,,$$,http://www.tripadvisor.com/Hotel_Review-g1023551-d1104879-Reviews-Seiunso-Ureshino_Saga_Prefecture_Kyushu_Okinawa.html
Chiyonoya,843-0301,Saga Prefecture,800 Ureshinomachi Shimojuku otsu Ureshino,,$,http://www.tripadvisor.com/Hotel_Review-g1023551-d1104888-Reviews-Chiyonoya-Ureshino_Saga_Prefecture_Kyushu_Okinawa.html
Takasago,843-0301,Saga Prefecture,730-19_Otsu Shimojuku Ureshino-machi Ureshino,,$,http://www.tripadvisor.com/Hotel_Review-g1023551-d1104892-Reviews-Takasago-Ureshino_Saga_Prefecture_Kyushu_Okinawa.html
Ureshino Park Hotel,843-0301,Saga Prefecture,4646-1 Ureshinomachi Shimojuku ko Ureshino,,,http://www.tripadvisor.com/Hotel_Review-g1023551-d1104904-Reviews-Ureshino_Park_Hotel-Ureshino_Saga_Prefecture_Kyushu_Okinawa.html
Yoshidaya,843-0304,Saga Prefecture,379 Ko Iwayagawachi Ureshinomachi Ureshino,,$$$,http://www.tripadvisor.com/Hotel_Review-g1023551-d1104915-Reviews-Yoshidaya-Ureshino_Saga_Prefecture_Kyushu_Okinawa.html
Saga Ureshino Spa Yushuku Seiryu,843-0301,Saga Prefecture,2314 Ureshinomachi Shimojuku otsu Ureshino,25,$$,http://www.tripadvisor.com/Hotel_Review-g1023551-d1104923-Reviews-Saga_Ureshino_Spa_Yushuku_Seiryu-Ureshino_Saga_Prefecture_Kyushu_Okinawa.html
Shoen,843-0301,Saga Prefecture,855-2 Otsu Shimojuku Ureshinomachi Ureshino,,$,http://www.tripadvisor.com/Hotel_Review-g1023551-d1104928-Reviews-Shoen-Ureshino_Saga_Prefecture_Kyushu_Okinawa.html
City Hotel Ureshino,843-0301,Saga Prefecture,415-1 Ureshinomachi Oaza Shimojuku Otsu Ureshino,,$,http://www.tripadvisor.com/Hotel_Review-g1023551-d1104932-Reviews-City_Hotel_Ureshino-Ureshino_Saga_Prefecture_Kyushu_Okinawa.html
Ikkyuso,843-0301,Saga Prefecture,15-61 Ureshinomachi Shimojuku hei Ureshino,,$,http://www.tripadvisor.com/Hotel_Review-g1023551-d1104937-Reviews-Ikkyuso-Ureshino_Saga_Prefecture_Kyushu_Okinawa.html
Saga Ureshino Spa Shiibasanso,843-0304,Saga Prefecture,738 Ureshinomachi Oaza Shimojuku Otsu Ureshino,20,$$$$,http://www.tripadvisor.com/Hotel_Review-g1023551-d1104961-Reviews-Saga_Ureshino_Spa_Shiibasanso-Ureshino_Saga_Prefecture_Kyushu_Okinawa.html
Daini Sasaya,843-0301,Saga Prefecture,831-1 Ureshinomachi Shimojuku otsu Ureshino,,,http://www.tripadvisor.com/Hotel_Review-g1023551-d1104965-Reviews-Daini_Sasaya-Ureshino_Saga_Prefecture_Kyushu_Okinawa.html
Wataya Besso,843-0301,Saga Prefecture,738 Shimojukuotsu Ureshinomachi Ureshino,131,$$,http://www.tripadvisor.com/Hotel_Review-g1023551-d1104972-Reviews-Wataya_Besso-Ureshino_Saga_Prefecture_Kyushu_Okinawa.html
Hisago Ryokan,746-0012,Saga Prefecture,2145 Otsu Shimojuku Ureshinomachi Ureshino,,$,http://www.tripadvisor.com/Hotel_Review-g1023551-d1118048-Reviews-Hisago_Ryokan-Ureshino_Saga_Prefecture_Kyushu_Okinawa.html
Ritouen,843-0304 ,Saga Prefecture,Ko 437 Iwayagawachi Ureshinomachi Ureshino,,$$$,http://www.tripadvisor.com/Hotel_Review-g1023551-d1118125-Reviews-Ritouen-Ureshino_Saga_Prefecture_Kyushu_Okinawa.html
Bekkan Sansui,843-0301,Saga Prefecture,Hei 28 Shimojuku Ureshinomachi Ureshino,,,http://www.tripadvisor.com/Hotel_Review-g1023551-d1118375-Reviews-Bekkan_Sansui-Ureshino_Saga_Prefecture_Kyushu_Okinawa.html
Ryokan Omuraya,843-0301,Saga Prefecture,848 Otsu Shimojuku Ureshinomachi Ureshino,30,$$,http://www.tripadvisor.com/Hotel_Review-g1023551-d1118997-Reviews-Ryokan_Omuraya-Ureshino_Saga_Prefecture_Kyushu_Okinawa.html
Warakuen Annex Suigetsu,843-0302,Saga Prefecture,"33 Ko, Shimono Ureshino-machi Ureshino",,$$,http://www.tripadvisor.com/Hotel_Review-g1023551-d1119019-Reviews-Warakuen_Annex_Suigetsu-Ureshino_Saga_Prefecture_Kyushu_Okinawa.html
Ureshino Onsen Center,843-0304,Saga Prefecture,Ko 128 Iwayagawachi Ureshino,,,http://www.tripadvisor.com/Hotel_Review-g1023551-d1145029-Reviews-Ureshino_Onsen_Center-Ureshino_Saga_Prefecture_Kyushu_Okinawa.html
Kotokotoya,843-0304,Saga Prefecture,"403-1 Ko, Ureshinomach Iwayagawachi Ureshino",,$,http://www.tripadvisor.com/Hotel_Review-g1023551-d1531953-Reviews-Kotokotoya-Ureshino_Saga_Prefecture_Kyushu_Okinawa.html
Minshuku Chaya,844-0022,Saga Prefecture,"1517-12 Hei, Honmachi Arita-cho",,,http://www.tripadvisor.com/Hotel_Review-g1121509-d1531987-Reviews-Minshuku_Chaya-Arita_cho_Nishimatsura_gun_Saga_Prefecture_Kyushu_Okinawa.html
Minshuku Arita,844-0022,Saga Prefecture,"3080-12 Hei, Kuromuta Arita-cho",,,http://www.tripadvisor.com/Hotel_Review-g1121509-d1531990-Reviews-Minshuku_Arita-Arita_cho_Nishimatsura_gun_Saga_Prefecture_Kyushu_Okinawa.html
Yamanoyado Seiboan,844-0014,Saga Prefecture,"1448 Ko, Toya Arita-cho",,,http://www.tripadvisor.com/Hotel_Review-g1121509-d1531998-Reviews-Yamanoyado_Seiboan-Arita_cho_Nishimatsura_gun_Saga_Prefecture_Kyushu_Okinawa.html
Minshuku Yamada,844-0018,Saga Prefecture,1517-18 Hommachi Arita-cho,,,http://www.tripadvisor.com/Hotel_Review-g1121509-d2025163-Reviews-Minshuku_Yamada-Arita_cho_Nishimatsura_gun_Saga_Prefecture_Kyushu_Okinawa.html
Sky Tower Hotel,849-1311,Saga Prefecture,4242-1 Takatsuhara Kashima,,$,http://www.tripadvisor.com/Hotel_Review-g1023546-d1065877-Reviews-Sky_Tower_Hotel-Kashima_Saga_Prefecture_Kyushu_Okinawa.html
Mifuneyama Kanko Hotel,843-0022,Saga Prefecture,411 Takeocho Takeo Takeo,,$$,http://www.tripadvisor.com/Hotel_Review-g1023552-d1065882-Reviews-Mifuneyama_Kanko_Hotel-Takeo_Saga_Prefecture_Kyushu_Okinawa.html
Nakamasu Ryokan,843-0022,Saga Prefecture,7377 Takeocho Takeo Takeo,,$$,http://www.tripadvisor.com/Hotel_Review-g1023552-d1065884-Reviews-Nakamasu_Ryokan-Takeo_Saga_Prefecture_Kyushu_Okinawa.html
Pension Picnic,843-0021,Saga Prefecture,16200-1 Takeocho Nagashima Takeo,,$$,http://www.tripadvisor.com/Hotel_Review-g1023552-d1065885-Reviews-Pension_Picnic-Takeo_Saga_Prefecture_Kyushu_Okinawa.html
Takeo Century Hotel,843-0022,Saga Prefecture,4075-13 Takeocho Takeo Takeo,48,$$,http://www.tripadvisor.com/Hotel_Review-g1023552-d1065886-Reviews-Takeo_Century_Hotel-Takeo_Saga_Prefecture_Kyushu_Okinawa.html
Hotel Shunkeiya,843-0022,Saga Prefecture,7407 Takeocho Oaza Takeo Takeo,,$$,http://www.tripadvisor.com/Hotel_Review-g1023552-d1086161-Reviews-Hotel_Shunkeiya-Takeo_Saga_Prefecture_Kyushu_Okinawa.html
Onyado Chikurintei,843-0022,Saga Prefecture,4100 Takeocho Oaza Takeo Takeo,,$$$$,http://www.tripadvisor.com/Hotel_Review-g1023552-d1086165-Reviews-Onyado_Chikurintei-Takeo_Saga_Prefecture_Kyushu_Okinawa.html
Ryokan Kagetsu,843-0022,Saga Prefecture,7385 Takeocho Takeo Takeo,,,http://www.tripadvisor.com/Hotel_Review-g1023552-d1086169-Reviews-Ryokan_Kagetsu-Takeo_Saga_Prefecture_Kyushu_Okinawa.html
Shikinosora,843-0021,Saga Prefecture,16423 Takeocho Oaza Nagashima Takeo,,,http://www.tripadvisor.com/Hotel_Review-g1023552-d1086174-Reviews-Shikinosora-Takeo_Saga_Prefecture_Kyushu_Okinawa.html
Takeo Onsen Heights,843-0021,Saga Prefecture,18091 Takeocho Takeo,29,$,http://www.tripadvisor.com/Hotel_Review-g1023552-d1086186-Reviews-Takeo_Onsen_Heights-Takeo_Saga_Prefecture_Kyushu_Okinawa.html
Kyotoya,843-0022,Saga Prefecture,7266-7 Takeocho Takeo Takeo,35,$$,http://www.tripadvisor.com/Hotel_Review-g1023552-d1086190-Reviews-Kyotoya-Takeo_Saga_Prefecture_Kyushu_Okinawa.html
Takeo Onsen Youth Hostel,843-0021,Saga Prefecture,16060-1 Takeocho Nagashima Takeo,,,http://www.tripadvisor.com/Hotel_Review-g1023552-d1086192-Reviews-Takeo_Onsen_Youth_Hostel-Takeo_Saga_Prefecture_Kyushu_Okinawa.html
Wakamatsuya Ryokan,843-0022,Saga Prefecture,7400 Takeocho Takeo Takeo,,,http://www.tripadvisor.com/Hotel_Review-g1023552-d1086195-Reviews-Wakamatsuya_Ryokan-Takeo_Saga_Prefecture_Kyushu_Okinawa.html
Yumotoso Toyokan,843-0022,Saga Prefecture,7408 Takeocho Takeo Takeo,,$$$$,http://www.tripadvisor.com/Hotel_Review-g1023552-d1086197-Reviews-Yumotoso_Toyokan-Takeo_Saga_Prefecture_Kyushu_Okinawa.html
Central Hotel Takeo,843-0023ã€€,Saga Prefecture,16-2 Takeocho Oaza Showa Takeo,,$,http://www.tripadvisor.com/Hotel_Review-g1023552-d1086199-Reviews-Central_Hotel_Takeo-Takeo_Saga_Prefecture_Kyushu_Okinawa.html
Ogiya,843-0022,Saga Prefecture,7399 Takeochi Takeo Takeo,,$$$$,http://www.tripadvisor.com/Hotel_Review-g1023552-d1104984-Reviews-Ogiya-Takeo_Saga_Prefecture_Kyushu_Okinawa.html
Nanairo no Yu,849-2204,Saga Prefecture,4300-1 Kitagatacho Osaki Takeo,,$$,http://www.tripadvisor.com/Hotel_Review-g1023552-d1104988-Reviews-Nanairo_no_Yu-Takeo_Saga_Prefecture_Kyushu_Okinawa.html
Personal Hotel You,843-0022,Saga Prefecture,7283 Takeocho Takeo Takeo,38,$,http://www.tripadvisor.com/Hotel_Review-g1023552-d1104993-Reviews-Personal_Hotel_You-Takeo_Saga_Prefecture_Kyushu_Okinawa.html
Sakuramontei,843-0022 ,Saga Prefecture,7425 Takeo Takeocho Takeo,,,http://www.tripadvisor.com/Hotel_Review-g1023552-d1239049-Reviews-Sakuramontei-Takeo_Saga_Prefecture_Kyushu_Okinawa.html
Newheart Pia,843-0021,Saga Prefecture,_5750-1 Takeocho Nagashima Takeo,,$,http://www.tripadvisor.com/Hotel_Review-g1023552-d3225413-Reviews-Newheart_Pia-Takeo_Saga_Prefecture_Kyushu_Okinawa.html
Kaze No Mori,843-0231,Saga Prefecture,17275 Nishikawanoborichokotaji Takeo,,,http://www.tripadvisor.com/Hotel_Review-g1023552-d3225442-Reviews-Kaze_No_Mori-Takeo_Saga_Prefecture_Kyushu_Okinawa.html
Tsuruso,849-1613,Saga Prefecture,928 Ourahei Tara-cho,,$$,http://www.tripadvisor.com/Hotel_Review-g1121513-d1125339-Reviews-Tsuruso-Tara_cho_Fujitsu_gun_Saga_Prefecture_Kyushu_Okinawa.html
Yatomisou,849-1613,Saga Prefecture,614 Oaza Ourahei Tara-cho,,$$$,http://www.tripadvisor.com/Hotel_Review-g1121513-d1125348-Reviews-Yatomisou-Tara_cho_Fujitsu_gun_Saga_Prefecture_Kyushu_Okinawa.html
Hirahamaso,849-1613,Saga Prefecture,893 Ourahei Michigoshi Tara-cho,,,http://www.tripadvisor.com/Hotel_Review-g1121513-d1144929-Reviews-Hirahamaso-Tara_cho_Fujitsu_gun_Saga_Prefecture_Kyushu_Okinawa.html
Ichifukuso,849-1614,Saga Prefecture,122 Ourakou Tara-cho,,$$,http://www.tripadvisor.com/Hotel_Review-g1121513-d1144941-Reviews-Ichifukuso-Tara_cho_Fujitsu_gun_Saga_Prefecture_Kyushu_Okinawa.html
Kanigoten,849-1615,Saga Prefecture,316-3 Oura Otsu Tara-cho,22,$$$,http://www.tripadvisor.com/Hotel_Review-g1121513-d1144949-Reviews-Kanigoten-Tara_cho_Fujitsu_gun_Saga_Prefecture_Kyushu_Okinawa.html
Kaijyoukan,849-1613,Saga Prefecture,976-12 Ourahei Tara-cho,,$$$,http://www.tripadvisor.com/Hotel_Review-g1121513-d1144971-Reviews-Kaijyoukan-Tara_cho_Fujitsu_gun_Saga_Prefecture_Kyushu_Okinawa.html
Hoyoso,849-1613,Saga Prefecture,1099-5 Ourahei Nozaki Tara-cho,,$$$,http://www.tripadvisor.com/Hotel_Review-g1121513-d1144984-Reviews-Hoyoso-Tara_cho_Fujitsu_gun_Saga_Prefecture_Kyushu_Okinawa.html
Umesakitei,849-1614,Saga Prefecture,47 Oura Takesaki Ko Tara-cho,,$$$,http://www.tripadvisor.com/Hotel_Review-g1121513-d1144997-Reviews-Umesakitei-Tara_cho_Fujitsu_gun_Saga_Prefecture_Kyushu_Okinawa.html
Tara Kanko Hotel,849-1612,Saga Prefecture,1701 Oura Tei Tara-cho,,$$$,http://www.tripadvisor.com/Hotel_Review-g1121513-d1145005-Reviews-Tara_Kanko_Hotel-Tara_cho_Fujitsu_gun_Saga_Prefecture_Kyushu_Okinawa.html
Tokiwa Ryokan,846-0002,Saga Prefecture,805 Kitatakumachi Kosamurai Taku,,$,http://www.tripadvisor.com/Hotel_Review-g1023547-d1530251-Reviews-Tokiwa_Ryokan-Taku_Saga_Prefecture_Kyushu_Okinawa.html
Taku City Hotel Matsuya,846-0005,Saga Prefecture,692-42 Kitatakumachi Sunahara Taku,,$,http://www.tripadvisor.com/Hotel_Review-g1023547-d1883295-Reviews-Taku_City_Hotel_Matsuya-Taku_Saga_Prefecture_Kyushu_Okinawa.html
