Hotel Heritage Hanno Sta.,357-0038,Saitama Prefecture,11-21 Nakacho Hanno,,$,http://www.tripadvisor.com/Hotel_Review-g298176-d301199-Reviews-Hotel_Heritage_Hanno_Sta-Hanno_Saitama_Prefecture_Kanto.html
Hannou Daiichi Hotel,357-0038,Saitama Prefecture,12-15 Nakacho Hanno,,$,http://www.tripadvisor.com/Hotel_Review-g298176-d1075276-Reviews-Hannou_Daiichi_Hotel-Hanno_Saitama_Prefecture_Kanto.html
Marroad Inn Hanno,357-0021,Saitama Prefecture,Namiyanagi 105-8 Hanno,148,$,http://www.tripadvisor.com/Hotel_Review-g298176-d1075278-Reviews-Marroad_Inn_Hanno-Hanno_Saitama_Prefecture_Kanto.html
Guest House Villages Hannou,357-0021,Saitama Prefecture,1370-2 Namiyanagi Hanno,,,http://www.tripadvisor.com/Hotel_Review-g298176-d1090943-Reviews-Guest_House_Villages_Hannou-Hanno_Saitama_Prefecture_Kanto.html
Minshuku Kawanami,357-0205,Saitama Prefecture,216 Shirako Hanno,,$,http://www.tripadvisor.com/Hotel_Review-g298176-d1090953-Reviews-Minshuku_Kawanami-Hanno_Saitama_Prefecture_Kanto.html
Taishoukaku,357-0112,Saitama Prefecture,917-1 Shimonaguri Hanno,,$$,http://www.tripadvisor.com/Hotel_Review-g298176-d1090976-Reviews-Taishoukaku-Hanno_Saitama_Prefecture_Kanto.html
Business Hotel Ogawa,357-0038,Saitama Prefecture,20-17 Nakacho Hanno,,$,http://www.tripadvisor.com/Hotel_Review-g298176-d1113100-Reviews-Business_Hotel_Ogawa-Hanno_Saitama_Prefecture_Kanto.html
Okumusashi Ryokan,357-0038,Saitama Prefecture,24-8 Nakacho Hanno,,$,http://www.tripadvisor.com/Hotel_Review-g298176-d1113102-Reviews-Okumusashi_Ryokan-Hanno_Saitama_Prefecture_Kanto.html
Shokakuji Shukubo,357-0111,Saitama Prefecture,2326 Kaminaguri Hanno,,,http://www.tripadvisor.com/Hotel_Review-g298176-d1113111-Reviews-Shokakuji_Shukubo-Hanno_Saitama_Prefecture_Kanto.html
Qkamura Okumusashi,357-0216,Saitama Prefecture,72 Agano Hanno,,$$,http://www.tripadvisor.com/Hotel_Review-g298176-d4513459-Reviews-Qkamura_Okumusashi-Hanno_Saitama_Prefecture_Kanto.html
Dormy Inn Express Soka City,340-0022,Saitama Prefecture,1-7-20 Sezaki Soka,95,$,http://www.tripadvisor.com/Hotel_Review-g1021377-d1075321-Reviews-Dormy_Inn_Express_Soka_City-Soka_Saitama_Prefecture_Kanto.html
Hotel Housen Soka,340-0014,Saitama Prefecture,1-2-27 Sumiyoshi Soka,160,$,http://www.tripadvisor.com/Hotel_Review-g1021377-d1089265-Reviews-Hotel_Housen_Soka-Soka_Saitama_Prefecture_Kanto.html
Echigoya,340-0022,Saitama Prefecture,1302-3 Sezaki-cho Soka,,,http://www.tripadvisor.com/Hotel_Review-g1021377-d1089883-Reviews-Echigoya-Soka_Saitama_Prefecture_Kanto.html
Toyoko Inn Soka eki nishiguchi,340-0034　,Saitama Prefecture,2124-15 Hikawa-cho Soka,,$,http://www.tripadvisor.com/Hotel_Review-g1021377-d1497046-Reviews-Toyoko_Inn_Soka_eki_nishiguchi-Soka_Saitama_Prefecture_Kanto.html
Saitamaya Ryokan,340-0015,Saitama Prefecture,1-10-3 Takasago Soka,,$,http://www.tripadvisor.com/Hotel_Review-g1021377-d4341897-Reviews-Saitamaya_Ryokan-Soka_Saitama_Prefecture_Kanto.html
Ryokan Asayorozu,340-0115,Saitama Prefecture,1-6-22 Naka Satte,,$$,http://www.tripadvisor.com/Hotel_Review-g1021406-d1113125-Reviews-Ryokan_Asayorozu-Satte_Saitama_Prefecture_Kanto.html
Hotel Green Core,340-0115,Saitama Prefecture,3-17-24 Naka Satte,45,$,http://www.tripadvisor.com/Hotel_Review-g1021406-d1113128-Reviews-Hotel_Green_Core-Satte_Saitama_Prefecture_Kanto.html
Hotel Green Core Plus one,340-0114,Saitama Prefecture,3-4-8 Higashi Satte,,$,http://www.tripadvisor.com/Hotel_Review-g1021406-d1113136-Reviews-Hotel_Green_Core_Plus_one-Satte_Saitama_Prefecture_Kanto.html
Kawagoe Prince Hotel,350-8501,Saitama Prefecture,1-22 Shintomicho Kawagoe,110,$$,http://www.tripadvisor.com/Hotel_Review-g298177-d301208-Reviews-Kawagoe_Prince_Hotel-Kawagoe_Saitama_Prefecture_Kanto.html
Kawagoe Daiichi Hotel,350-0046,Saitama Prefecture,"7-34, Sugawara-Machi Kawagoe",154,$,http://www.tripadvisor.com/Hotel_Review-g298177-d797376-Reviews-Kawagoe_Daiichi_Hotel-Kawagoe_Saitama_Prefecture_Kanto.html
Capsule Inn Kawagoe,350-1122,Saitama Prefecture,18-3 Wakitamachi Kawagoe,,$,http://www.tripadvisor.com/Hotel_Review-g298177-d1075288-Reviews-Capsule_Inn_Kawagoe-Kawagoe_Saitama_Prefecture_Kanto.html
Kawagoe Tobu Hotel,350-1122,Saitama Prefecture,29-1 Wakitamachi Kawagoe,,$$,http://www.tripadvisor.com/Hotel_Review-g298177-d1075290-Reviews-Kawagoe_Tobu_Hotel-Kawagoe_Saitama_Prefecture_Kanto.html
Kawagoe Yuyu Land Hotel Sanko,350-0043,Saitama Prefecture,1-9-1 Shintomicho Kawagoe,,$,http://www.tripadvisor.com/Hotel_Review-g298177-d1075292-Reviews-Kawagoe_Yuyu_Land_Hotel_Sanko-Kawagoe_Saitama_Prefecture_Kanto.html
Central Hotel Kawagoe,350-0042,Saitama Prefecture,2-21-6 Nakaharamachi Kawagoe,,,http://www.tripadvisor.com/Hotel_Review-g298177-d1096161-Reviews-Central_Hotel_Kawagoe-Kawagoe_Saitama_Prefecture_Kanto.html
Matumuraya Ryokan,350-0062,Saitama Prefecture,1-1-11 Motomachi Kawagoe,,,http://www.tripadvisor.com/Hotel_Review-g298177-d1112967-Reviews-Matumuraya_Ryokan-Kawagoe_Saitama_Prefecture_Kanto.html
Wakatake Ryokan,350-0042,Saitama Prefecture,2-21-3 Nakaharamachi Kawagoe,,$,http://www.tripadvisor.com/Hotel_Review-g298177-d1112984-Reviews-Wakatake_Ryokan-Kawagoe_Saitama_Prefecture_Kanto.html
Kawagoe Business Hotel,350-0033,Saitama Prefecture,12-2 Fujimicho Kawagoe,,,http://www.tripadvisor.com/Hotel_Review-g298177-d1112987-Reviews-Kawagoe_Business_Hotel-Kawagoe_Saitama_Prefecture_Kanto.html
Kappo Ryokan Sakuma,350-0056,Saitama Prefecture,2-5-4 Matsuecho Kawagoe,,,http://www.tripadvisor.com/Hotel_Review-g298177-d3310597-Reviews-Kappo_Ryokan_Sakuma-Kawagoe_Saitama_Prefecture_Kanto.html
Utility Hotel Cooju,350-1122 ,Saitama Prefecture,17-4 Wakitamachi Kawagoe,,$,http://www.tripadvisor.com/Hotel_Review-g298177-d3903038-Reviews-Utility_Hotel_Cooju-Kawagoe_Saitama_Prefecture_Kanto.html
Business Hotel Raicho,343-0816,Saitama Prefecture,3-36 Yayoi-cho Koshigaya,,$,http://www.tripadvisor.com/Hotel_Review-g1021380-d1089236-Reviews-Business_Hotel_Raicho-Koshigaya_Saitama_Prefecture_Kanto.html
Hotel Sun Oak,343-0845,Saitama Prefecture,1-22-1 Minamikoshigaya Koshigaya,,$,http://www.tripadvisor.com/Hotel_Review-g1021380-d1089238-Reviews-Hotel_Sun_Oak-Koshigaya_Saitama_Prefecture_Kanto.html
Kawachiya Ryokan,343-0818,Saitama Prefecture,8-2 Koshigawa Hon-cho Koshigaya,,$,http://www.tripadvisor.com/Hotel_Review-g1021380-d1113169-Reviews-Kawachiya_Ryokan-Koshigaya_Saitama_Prefecture_Kanto.html
Business Hotel Omamoto Koshigayaten,343-0813,Saitama Prefecture,2-3-15 Koshigaya Koshigaya,,$,http://www.tripadvisor.com/Hotel_Review-g1021380-d1915067-Reviews-Business_Hotel_Omamoto_Koshigayaten-Koshigaya_Saitama_Prefecture_Kanto.html
City-Inn Tsurugashima,350-2203,Saitama Prefecture,13-3 Kamihiroya Tsurugashima,,$,http://www.tripadvisor.com/Hotel_Review-g1021407-d645031-Reviews-City_Inn_Tsurugashima-Tsurugashima_Saitama_Prefecture_Kanto.html
Tsurugashima Business Hotel,350-2203,Saitama Prefecture,11-7 Kamihiroya Tsurugashima,,,http://www.tripadvisor.com/Hotel_Review-g1021407-d1858551-Reviews-Tsurugashima_Business_Hotel-Tsurugashima_Saitama_Prefecture_Kanto.html
Smile Hotel Kumagaya,360-0037,Saitama Prefecture,1-138 Tsukuba Kumagaya,138,$,http://www.tripadvisor.com/Hotel_Review-g298178-d628688-Reviews-Smile_Hotel_Kumagaya-Kumagaya_Saitama_Prefecture_Kanto.html
R&B Hotel Kumagaya Station,360-0037,Saitama Prefecture,3-105 Tsukuba Kumagaya,191,$,http://www.tripadvisor.com/Hotel_Review-g298178-d1075305-Reviews-R_B_Hotel_Kumagaya_Station-Kumagaya_Saitama_Prefecture_Kanto.html
Kumagaya Royal Hotel Suzuki,360-0045,Saitama Prefecture,2-51 Miyamaecho Kumagaya,,$,http://www.tripadvisor.com/Hotel_Review-g298178-d1075307-Reviews-Kumagaya_Royal_Hotel_Suzuki-Kumagaya_Saitama_Prefecture_Kanto.html
Marroad Inn Kumagaya,360-0032,Saitama Prefecture,1-64 Ginza Kumagaya,161,$,http://www.tripadvisor.com/Hotel_Review-g298178-d1075308-Reviews-Marroad_Inn_Kumagaya-Kumagaya_Saitama_Prefecture_Kanto.html
Sunroute Hotel Garden Palace,360-0023,Saitama Prefecture,3248 Sayada Kumagaya,35,$$,http://www.tripadvisor.com/Hotel_Review-g298178-d1075310-Reviews-Sunroute_Hotel_Garden_Palace-Kumagaya_Saitama_Prefecture_Kanto.html
Hotel New Neo,360-0045,Saitama Prefecture,2-240 Miyamae-cho Kumagaya,,$,http://www.tripadvisor.com/Hotel_Review-g298178-d1091001-Reviews-Hotel_New_Neo-Kumagaya_Saitama_Prefecture_Kanto.html
Hotel City Field Kagohara,360-0847,Saitama Prefecture,627-1 Niibori Kumagaya,,$,http://www.tripadvisor.com/Hotel_Review-g298178-d1091023-Reviews-Hotel_City_Field_Kagohara-Kumagaya_Saitama_Prefecture_Kanto.html
King Ambassador Hotel Kumagaya,360-0037,Saitama Prefecture,1-99-1 Tukuba Kumagaya,88,$,http://www.tripadvisor.com/Hotel_Review-g298178-d1091049-Reviews-King_Ambassador_Hotel_Kumagaya-Kumagaya_Saitama_Prefecture_Kanto.html
Cabin Kumagaya,360-0815,Saitama Prefecture,2-67 Hongoku Kumagaya,,$,http://www.tripadvisor.com/Hotel_Review-g298178-d1091062-Reviews-Cabin_Kumagaya-Kumagaya_Saitama_Prefecture_Kanto.html
E Hotel Kumagaya,360-0044,Saitama Prefecture,2-66 Yayoi Kumagaya,,$,http://www.tripadvisor.com/Hotel_Review-g298178-d1091074-Reviews-E_Hotel_Kumagaya-Kumagaya_Saitama_Prefecture_Kanto.html
Heritage Resort,360-0103,Saitama Prefecture,228 Oegawa Kumagaya,250,$$,http://www.tripadvisor.com/Hotel_Review-g298178-d1092692-Reviews-Heritage_Resort-Kumagaya_Saitama_Prefecture_Kanto.html
Business Ryokan Meijiya,360-0217,Saitama Prefecture,95-3 Kamine Kumagaya,,,http://www.tripadvisor.com/Hotel_Review-g298178-d1112989-Reviews-Business_Ryokan_Meijiya-Kumagaya_Saitama_Prefecture_Kanto.html
Kikuyoshi,360-0036,Saitama Prefecture,1-122 Sakuragicho Kumagaya,,$,http://www.tripadvisor.com/Hotel_Review-g298178-d1507850-Reviews-Kikuyoshi-Kumagaya_Saitama_Prefecture_Kanto.html
Kumagaya View Hotel,360-0033,Saitama Prefecture,1-74 Akebono-cho Kumagaya,,,http://www.tripadvisor.com/Hotel_Review-g298178-d1858550-Reviews-Kumagaya_View_Hotel-Kumagaya_Saitama_Prefecture_Kanto.html
Hotel Sunroute Kumagayaekimae,360-0036,Saitama Prefecture,1-100 Sakuragicho Kumagaya,,$$,http://www.tripadvisor.com/Hotel_Review-g298178-d5983237-Reviews-Hotel_Sunroute_Kumagayaekimae-Kumagaya_Saitama_Prefecture_Kanto.html
Toyoko Inn Saitama Toda koen eki nishiguchi,335-0023,Saitama Prefecture,5-2-5 Honcho Toda,,$,http://www.tripadvisor.com/Hotel_Review-g1021381-d1497103-Reviews-Toyoko_Inn_Saitama_Toda_koen_eki_nishiguchi-Toda_Saitama_Prefecture_Kanto.html
Hotel Kasukabe,344-0067,Saitama Prefecture,1-6-5 Chuo Kasukabe,,$,http://www.tripadvisor.com/Hotel_Review-g1021410-d1075286-Reviews-Hotel_Kasukabe-Kasukabe_Saitama_Prefecture_Kanto.html
Hotel Kasukabe Eminence,344-0051,Saitama Prefecture,3701-1 Uchimaki Kasukabe,,,http://www.tripadvisor.com/Hotel_Review-g1021410-d1090995-Reviews-Hotel_Kasukabe_Eminence-Kasukabe_Saitama_Prefecture_Kanto.html
Ryokan Tsukushi,344-0022,Saitama Prefecture,286 Ohata Kasukabe,,,http://www.tripadvisor.com/Hotel_Review-g1021410-d1114000-Reviews-Ryokan_Tsukushi-Kasukabe_Saitama_Prefecture_Kanto.html
Business Hotel Fujiya,344-0067,Saitama Prefecture,1-55-5 Chuo Kasukabe,,$,http://www.tripadvisor.com/Hotel_Review-g1021410-d1915070-Reviews-Business_Hotel_Fujiya-Kasukabe_Saitama_Prefecture_Kanto.html
Palace Hotel Omiya,330-0854,Saitama Prefecture,"1-7-5 Sakuragi-cho, Omiya-ku Saitama",204,$$,http://www.tripadvisor.com/Hotel_Review-g298180-d307611-Reviews-Palace_Hotel_Omiya-Saitama_Saitama_Prefecture_Kanto.html
Plaza Hotel Urawa,336-0031,Saitama Prefecture,1-1-1 Shikatebukuro Minami-ku Saitama,115,$,http://www.tripadvisor.com/Hotel_Review-g298180-d608064-Reviews-Plaza_Hotel_Urawa-Saitama_Saitama_Prefecture_Kanto.html
Super Hotel - Saitama Omiya,330-0854,Saitama Prefecture,"1-12-6 Sakuragicho, Omiya-ku Saitama",,$,http://www.tripadvisor.com/Hotel_Review-g298180-d1067168-Reviews-Super_Hotel_Saitama_Omiya-Saitama_Saitama_Prefecture_Kanto.html
Hotel New Saitama,336-0017,Saitama Prefecture,2-44-17 Minamiurawa Minami-ku Saitama,,$,http://www.tripadvisor.com/Hotel_Review-g298180-d1080702-Reviews-Hotel_New_Saitama-Saitama_Saitama_Prefecture_Kanto.html
Marroad Inn Omiya,330-0854,Saitama Prefecture,2-173 Sakuragicho Omiya-ku Saitama,251,$,http://www.tripadvisor.com/Hotel_Review-g298180-d1080704-Reviews-Marroad_Inn_Omiya-Saitama_Saitama_Prefecture_Kanto.html
Park Plaza Omiya,330-0845,Saitama Prefecture,1-119-1 Nakacho Omiya-ku Saitama,,$,http://www.tripadvisor.com/Hotel_Review-g298180-d1080707-Reviews-Park_Plaza_Omiya-Saitama_Saitama_Prefecture_Kanto.html
Rafre Saitama,330-0081,Saitama Prefecture,3-2 Shintoshin Chuo-ku Saitama,187,$$,http://www.tripadvisor.com/Hotel_Review-g298180-d1080709-Reviews-Rafre_Saitama-Saitama_Saitama_Prefecture_Kanto.html
Tokiwa Kaikan,330-0061,Saitama Prefecture,6-4-21 Tokiwa Urawa-ku Saitama,,$,http://www.tripadvisor.com/Hotel_Review-g298180-d1080711-Reviews-Tokiwa_Kaikan-Saitama_Saitama_Prefecture_Kanto.html
Urawa Royal Pines Hotel,330-0062,Saitama Prefecture,2-5-1 Nakacho Urawa-ku Saitama,196,$,http://www.tripadvisor.com/Hotel_Review-g298180-d1080713-Reviews-Urawa_Royal_Pines_Hotel-Saitama_Saitama_Prefecture_Kanto.html
Urawa Washington Hotel,330-0063,Saitama Prefecture,"2-1-19 Takasago, Urawa-ku Saitama",140,$,http://www.tripadvisor.com/Hotel_Review-g298180-d1080715-Reviews-Urawa_Washington_Hotel-Saitama_Saitama_Prefecture_Kanto.html
Business Hotel Green,330-0061,Saitama Prefecture,9-17-4Tokiwa Urawa-ku Saitama,,$,http://www.tripadvisor.com/Hotel_Review-g298180-d1091157-Reviews-Business_Hotel_Green-Saitama_Saitama_Prefecture_Kanto.html
Hotel Mein,330-0854,Saitama Prefecture,1-6-92 Sakuragi-cho Omiya-ku Saitama,,$,http://www.tripadvisor.com/Hotel_Review-g298180-d1091161-Reviews-Hotel_Mein-Saitama_Saitama_Prefecture_Kanto.html
Hotel Brillante Musashino,330-0081,Saitama Prefecture,2-2 Shintoshin Chuo-ku Saitama,65,$$,http://www.tripadvisor.com/Hotel_Review-g298180-d1091169-Reviews-Hotel_Brillante_Musashino-Saitama_Saitama_Prefecture_Kanto.html
Pioland Hotel,330-0802,Saitama Prefecture,1-35-2 Miya-cho Omiya-ku Saitama,,$,http://www.tripadvisor.com/Hotel_Review-g298180-d1091180-Reviews-Pioland_Hotel-Saitama_Saitama_Prefecture_Kanto.html
Ryokan Ikeda,330-0064,Saitama Prefecture,7-4-6 Kishi-cho Urawa-ku Saitama,,$$,http://www.tripadvisor.com/Hotel_Review-g298180-d1091185-Reviews-Ryokan_Ikeda-Saitama_Saitama_Prefecture_Kanto.html
Shindouyamaya,330-0804,Saitama Prefecture,3-110 Horinouchi-cho Omiya-ku Saitama,,$$,http://www.tripadvisor.com/Hotel_Review-g298180-d1091250-Reviews-Shindouyamaya-Saitama_Saitama_Prefecture_Kanto.html
Urawa Business Hotel,330-0056,Saitama Prefecture,11-1 Higashinaka-cho Urawa-ku Saitama,,,http://www.tripadvisor.com/Hotel_Review-g298180-d1091260-Reviews-Urawa_Business_Hotel-Saitama_Saitama_Prefecture_Kanto.html
Owl Hotel Omiya,330-0843,Saitama Prefecture,2-72 Kishiki-cho Omiya-ku Saitama,,$,http://www.tripadvisor.com/Hotel_Review-g298180-d1091265-Reviews-Owl_Hotel_Omiya-Saitama_Saitama_Prefecture_Kanto.html
Capsule Inn Omiya,330-0802,Saitama Prefecture,5-3-1 Miya-cho Omiya-ku Saitama,,$,http://www.tripadvisor.com/Hotel_Review-g298180-d1096169-Reviews-Capsule_Inn_Omiya-Saitama_Saitama_Prefecture_Kanto.html
Yono Daiichi Hotel,338-0004,Saitama Prefecture,"6-4-22 Honmachinishi, Chuoku Saitama",,$$,http://www.tripadvisor.com/Hotel_Review-g298180-d1114003-Reviews-Yono_Daiichi_Hotel-Saitama_Saitama_Prefecture_Kanto.html
Hotel Miura,339-0057,Saitama Prefecture,"4-1-8 Honcho, Iwatsukiku Saitama",,$,http://www.tripadvisor.com/Hotel_Review-g298180-d1114007-Reviews-Hotel_Miura-Saitama_Saitama_Prefecture_Kanto.html
Omiya Kokutai Kinenkaikan,330-0805,Saitama Prefecture,"1-4 Junocho, Omiyaku Saitama",,,http://www.tripadvisor.com/Hotel_Review-g298180-d1114014-Reviews-Omiya_Kokutai_Kinenkaikan-Saitama_Saitama_Prefecture_Kanto.html
Hotel Mets Urawa,330-0063,Saitama Prefecture,"1-16-7 Takasago, Urawaku Saitama",62,$,http://www.tripadvisor.com/Hotel_Review-g298180-d1114020-Reviews-Hotel_Mets_Urawa-Saitama_Saitama_Prefecture_Kanto.html
Higashiyama,330-0805,Saitama Prefecture,"2-25 Junocho, Omiyaku Saitama",,$$,http://www.tripadvisor.com/Hotel_Review-g298180-d1114052-Reviews-Higashiyama-Saitama_Saitama_Prefecture_Kanto.html
Toyoko Inn Saitamashintoshin,330-0843,Saitama Prefecture,"4-262-1 Kishikicho, Omiya-ku Saitama",,$,http://www.tripadvisor.com/Hotel_Review-g298180-d1497048-Reviews-Toyoko_Inn_Saitamashintoshin-Saitama_Saitama_Prefecture_Kanto.html
Shinpuso,330-0802,Saitama Prefecture,4-82 Miyacho Omiya-ku Saitama,,$,http://www.tripadvisor.com/Hotel_Review-g298180-d1507851-Reviews-Shinpuso-Saitama_Saitama_Prefecture_Kanto.html
Business Hotel Hosenkaku,330-0056,Saitama Prefecture,"26-17 Higashinakacho, Urawaku Saitama",,,http://www.tripadvisor.com/Hotel_Review-g298180-d1877870-Reviews-Business_Hotel_Hosenkaku-Saitama_Saitama_Prefecture_Kanto.html
Business Ryokan Sankoen,330-0803,Saitama Prefecture,"3-50 Takahanacho, Omiyaku Saitama",,$,http://www.tripadvisor.com/Hotel_Review-g298180-d1877872-Reviews-Business_Ryokan_Sankoen-Saitama_Saitama_Prefecture_Kanto.html
Besshonuma Kaikan,336-0021,Saitama Prefecture,"4-14-10 Bessho, Minamiku Saitama",,,http://www.tripadvisor.com/Hotel_Review-g298180-d1877879-Reviews-Besshonuma_Kaikan-Saitama_Saitama_Prefecture_Kanto.html
Tohan Ryokan,336-0024,Saitama Prefecture,3-2-6 Negishi Minami-ku Saitama,,,http://www.tripadvisor.com/Hotel_Review-g298180-d1909225-Reviews-Tohan_Ryokan-Saitama_Saitama_Prefecture_Kanto.html
Azumaya,339-0057 ,Saitama Prefecture,"6-1-15, Honcho, Iwatsuki-ku Saitama",,,http://www.tripadvisor.com/Hotel_Review-g298180-d1946103-Reviews-Azumaya-Saitama_Saitama_Prefecture_Kanto.html
Hotel Espoir,330-0854,Saitama Prefecture,"4-333-13 Sakuragicho, Omiya-ku Saitama",,$,http://www.tripadvisor.com/Hotel_Review-g298180-d2594367-Reviews-Hotel_Espoir-Saitama_Saitama_Prefecture_Kanto.html
Hotel Bell House,330-0063,Saitama Prefecture,"1-8-14 Takasago, Urawa-ku Saitama",,$,http://www.tripadvisor.com/Hotel_Review-g298180-d3644715-Reviews-Hotel_Bell_House-Saitama_Saitama_Prefecture_Kanto.html
Ofuro Cafe Utatane,331-0815,Saitama Prefecture,"4-179-3 Onaricho, Kita-ku Saitama",,$,http://www.tripadvisor.com/Hotel_Review-g298180-d5975808-Reviews-Ofuro_Cafe_Utatane-Saitama_Saitama_Prefecture_Kanto.html
Hotel Select Inn Saitama Moroyama,350-0451,Saitama Prefecture,"35-5 Moro Hongo, Moroyama-machi Saitama",,$,http://www.tripadvisor.com/Hotel_Review-g298180-d5985958-Reviews-Hotel_Select_Inn_Saitama_Moroyama-Saitama_Saitama_Prefecture_Kanto.html
Toyoko Inn Saitama Nishi-kawaguchi-eki Nishi-guchi,335-0003,Saitama Prefecture,3-22-8 Minamimachi Saitama,,$,http://www.tripadvisor.com/Hotel_Review-g298180-d6560879-Reviews-Toyoko_Inn_Saitama_Nishi_kawaguchi_eki_Nishi_guchi-Saitama_Saitama_Prefecture_Kanto.html
City Inn Kita Asaka,351-0034,Saitama Prefecture,1-5-5 Nishihara Asaka,,$,http://www.tripadvisor.com/Hotel_Review-g1021389-d1036803-Reviews-City_Inn_Kita_Asaka-Asaka_Saitama_Prefecture_Kanto.html
Asaka Daily Hotel,351-0006,Saitama Prefecture,2-2-5 Nakacho Asaka,,$,http://www.tripadvisor.com/Hotel_Review-g1021389-d1036812-Reviews-Asaka_Daily_Hotel-Asaka_Saitama_Prefecture_Kanto.html
Azuma,351-0011,Saitama Prefecture,2-6-9 Honcho Asaka,,$,http://www.tripadvisor.com/Hotel_Review-g1021389-d1872439-Reviews-Azuma-Asaka_Saitama_Prefecture_Kanto.html
Ohi City Hotel,356-0045,Saitama Prefecture,3-14-26 Turugaoka Fujimino,,,http://www.tripadvisor.com/Hotel_Review-g1021412-d1096153-Reviews-Ohi_City_Hotel-Fujimino_Saitama_Prefecture_Kanto.html
Daily Hotel Kami-Fukuoka Ekimaeten,356-0004,Saitama Prefecture,6-1-8 Kamifukuoka Fujimino,,$,http://www.tripadvisor.com/Hotel_Review-g1021412-d4340696-Reviews-Daily_Hotel_Kami_Fukuoka_Ekimaeten-Fujimino_Saitama_Prefecture_Kanto.html
Kintou Ryokan,366-0823,Saitama Prefecture,7-54 Motosumicho Fukaya,,$,http://www.tripadvisor.com/Hotel_Review-g651654-d1075273-Reviews-Kintou_Ryokan-Fukaya_Saitama_Prefecture_Kanto.html
Business Hotel Asahi,366-0033,Saitama Prefecture,67 Kokusaiji Fukaya,,,http://www.tripadvisor.com/Hotel_Review-g651654-d1075282-Reviews-Business_Hotel_Asahi-Fukaya_Saitama_Prefecture_Kanto.html
Chisan Inn Fukaya,366-0824,Saitama Prefecture,2-7-2 Nishijimacho Fukaya,,$,http://www.tripadvisor.com/Hotel_Review-g651654-d1080696-Reviews-Chisan_Inn_Fukaya-Fukaya_Saitama_Prefecture_Kanto.html
Business Hotel Aoba,366-0035,Saitama Prefecture,2139-1 Haragou Fukaya,,,http://www.tripadvisor.com/Hotel_Review-g651654-d1089172-Reviews-Business_Hotel_Aoba-Fukaya_Saitama_Prefecture_Kanto.html
Hotel Route Inn Fukaya Ekimae,366-0824,Saitama Prefecture,"3-6-1, Nishijima-cho Fukaya",,$,http://www.tripadvisor.com/Hotel_Review-g651654-d1089191-Reviews-Hotel_Route_Inn_Fukaya_Ekimae-Fukaya_Saitama_Prefecture_Kanto.html
Saitama Grand Hotel Fukaya,366-0824,Saitama Prefecture,1-1-13 Nishijima-chou Fukaya,56,$,http://www.tripadvisor.com/Hotel_Review-g651654-d1089197-Reviews-Saitama_Grand_Hotel_Fukaya-Fukaya_Saitama_Prefecture_Kanto.html
Chisan Hotel Okabe,369-0215,Saitama Prefecture,713 Imaizumi Fukaya,,$,http://www.tripadvisor.com/Hotel_Review-g651654-d1113158-Reviews-Chisan_Hotel_Okabe-Fukaya_Saitama_Prefecture_Kanto.html
Hotel Hanayu No Mori,366-0051,Saitama Prefecture,3-13-1 Kamisibacho Higashi Fukaya,,,http://www.tripadvisor.com/Hotel_Review-g651654-d3511298-Reviews-Hotel_Hanayu_No_Mori-Fukaya_Saitama_Prefecture_Kanto.html
Shiki Daily Hotel,353-0004,Saitama Prefecture,5-14-17 Honcho Shiki,65,$,http://www.tripadvisor.com/Hotel_Review-g1021390-d1075319-Reviews-Shiki_Daily_Hotel-Shiki_Saitama_Prefecture_Kanto.html
Honjo BS Hotel,367-0051,Saitama Prefecture,1-5-4 Honjo Honjo,,$,http://www.tripadvisor.com/Hotel_Review-g1021413-d1075281-Reviews-Honjo_BS_Hotel-Honjo_Saitama_Prefecture_Kanto.html
Hotel Honjo,367-0051,Saitama Prefecture,1-1-8 Honjo Honjo,,$,http://www.tripadvisor.com/Hotel_Review-g1021413-d1075283-Reviews-Hotel_Honjo-Honjo_Saitama_Prefecture_Kanto.html
Hotel Route Inn Honjo Ekiminami,367-0041,Saitama Prefecture,1-4-3 Ekinan Honjo,,$,http://www.tripadvisor.com/Hotel_Review-g1021413-d1075285-Reviews-Hotel_Route_Inn_Honjo_Ekiminami-Honjo_Saitama_Prefecture_Kanto.html
Business Hotel Ichibankan,367-0051,Saitama Prefecture,2-7-17 Honjo Honjo,,$,http://www.tripadvisor.com/Hotel_Review-g1021413-d1096156-Reviews-Business_Hotel_Ichibankan-Honjo_Saitama_Prefecture_Kanto.html
Saitama Grand Hotel Honjo,367-0041,Saitama Prefecture,2-2-1 Ekinan Honjo,90,$,http://www.tripadvisor.com/Hotel_Review-g1021413-d1096158-Reviews-Saitama_Grand_Hotel_Honjo-Honjo_Saitama_Prefecture_Kanto.html
Business Hotel Asahi Saitamaken Honjoshi,367-0051,Saitama Prefecture,2-2-6 Honjo Honjo,,$,http://www.tripadvisor.com/Hotel_Review-g1021413-d1113142-Reviews-Business_Hotel_Asahi_Saitamaken_Honjoshi-Honjo_Saitama_Prefecture_Kanto.html
Hotel Wakaizumi,367-0055,Saitama Prefecture,1-1-2 Wakaizumi Honjo,,,http://www.tripadvisor.com/Hotel_Review-g1021413-d1113153-Reviews-Hotel_Wakaizumi-Honjo_Saitama_Prefecture_Kanto.html
Kawaguchi Centre Hotel,332-0016,Saitama Prefecture,3-7-31 Saiwai-cho Kawaguchi,124,$,http://www.tripadvisor.com/Hotel_Review-g1021366-d1076169-Reviews-Kawaguchi_Centre_Hotel-Kawaguchi_Saitama_Prefecture_Kanto.html
Kawaguchi Station Hotel,332-0017,Saitama Prefecture,3-2-8 Sakae-cho Kawaguchi,,$,http://www.tripadvisor.com/Hotel_Review-g1021366-d1076172-Reviews-Kawaguchi_Station_Hotel-Kawaguchi_Saitama_Prefecture_Kanto.html
Hotel Urban Grace Nishi Kawaguchi,332-0034,Saitama Prefecture,3-18-5 Namiki Kawaguchi,132,$,http://www.tripadvisor.com/Hotel_Review-g1021366-d1076173-Reviews-Hotel_Urban_Grace_Nishi_Kawaguchi-Kawaguchi_Saitama_Prefecture_Kanto.html
Nishi-Kawaguchi Station Hotel Pocket Inn,332-0034,Saitama Prefecture,3-13-14 Namiki Kawaguchi,,$,http://www.tripadvisor.com/Hotel_Review-g1021366-d1076178-Reviews-Nishi_Kawaguchi_Station_Hotel_Pocket_Inn-Kawaguchi_Saitama_Prefecture_Kanto.html
Warabi Palace Hotel,333-0851,Saitama Prefecture,3-8 Shibashin-machi Kawaguchi,,$,http://www.tripadvisor.com/Hotel_Review-g1021366-d1076179-Reviews-Warabi_Palace_Hotel-Kawaguchi_Saitama_Prefecture_Kanto.html
Business Inn Public,332-0021,Saitama Prefecture,3-3-13 Nishikawaguchi Kawaguchi,,$,http://www.tripadvisor.com/Hotel_Review-g1021366-d1089247-Reviews-Business_Inn_Public-Kawaguchi_Saitama_Prefecture_Kanto.html
Business Hotel Shoraku,332-0021,Saitama Prefecture,3-2-8 Nishikawaguchi Kawaguchi,,,http://www.tripadvisor.com/Hotel_Review-g1021366-d1112955-Reviews-Business_Hotel_Shoraku-Kawaguchi_Saitama_Prefecture_Kanto.html
Garden's Hotel & Spa Museum,333-0815 ,Saitama Prefecture,3-2-56 Kitaharadai Kawaguchi,,,http://www.tripadvisor.com/Hotel_Review-g1021366-d1140318-Reviews-Garden_s_Hotel_Spa_Museum-Kawaguchi_Saitama_Prefecture_Kanto.html
Business Hotel Lend,333-0801,Saitama Prefecture,2-1-22 Higashikawaguchi Kawaguchi,,$,http://www.tripadvisor.com/Hotel_Review-g1021366-d1872431-Reviews-Business_Hotel_Lend-Kawaguchi_Saitama_Prefecture_Kanto.html
Weekly Nishikawaguchi,332-0034,Saitama Prefecture,3-15-10 Namiki Kawaguchi,58,$,http://www.tripadvisor.com/Hotel_Review-g1021366-d2552452-Reviews-Weekly_Nishikawaguchi-Kawaguchi_Saitama_Prefecture_Kanto.html
Toyoko Inn Wakoshi Eki-mae,351-0112,Saitama Prefecture,1-10-7 Maruyamadai Wako,129,$,http://www.tripadvisor.com/Hotel_Review-g1021391-d1495518-Reviews-Toyoko_Inn_Wakoshi_Eki_mae-Wako_Saitama_Prefecture_Kanto.html
Super Hotel Saitama Wakoshi-ekimae,351-0114,Saitama Prefecture,1-13 Honcho Wako,,$,http://www.tripadvisor.com/Hotel_Review-g1021391-d2260348-Reviews-Super_Hotel_Saitama_Wakoshi_ekimae-Wako_Saitama_Prefecture_Kanto.html
E Hotel Warabi,335-0004,Saitama Prefecture,1-9-6 Chuo Warabi,,$,http://www.tripadvisor.com/Hotel_Review-g1059467-d1091086-Reviews-E_Hotel_Warabi-Warabi_Saitama_Prefecture_Kanto.html
Life Station Warabi,335-0002,Saitama Prefecture,1-7-23 Tsukagoshi Warabi,,,http://www.tripadvisor.com/Hotel_Review-g1059467-d1113176-Reviews-Life_Station_Warabi-Warabi_Saitama_Prefecture_Kanto.html
Hotel San Marino,361-0078,Saitama Prefecture,14-23 Chuo Gyoda,,,http://www.tripadvisor.com/Hotel_Review-g1021367-d1091081-Reviews-Hotel_San_Marino-Gyoda_Saitama_Prefecture_Kanto.html
Ryokan Takekawa,361-0023,Saitama Prefecture,5-8-16 Nagano Gyoda,,,http://www.tripadvisor.com/Hotel_Review-g1021367-d1112997-Reviews-Ryokan_Takekawa-Gyoda_Saitama_Prefecture_Kanto.html
Isobe Ryokan,361-0023,Saitama Prefecture,4-15-13 Nagano Gyoda,,,http://www.tripadvisor.com/Hotel_Review-g1021367-d1113992-Reviews-Isobe_Ryokan-Gyoda_Saitama_Prefecture_Kanto.html
Matsunoya Ryokan,361-0075,Saitama Prefecture,17-34 Mukaimachi Gyoda,,,http://www.tripadvisor.com/Hotel_Review-g1021367-d1872435-Reviews-Matsunoya_Ryokan-Gyoda_Saitama_Prefecture_Kanto.html
Niiza Daily Hotel,352-0001,Saitama Prefecture,2-34-13 Tohoku Niiza,64,$,http://www.tripadvisor.com/Hotel_Review-g1021392-d1075312-Reviews-Niiza_Daily_Hotel-Niiza_Saitama_Prefecture_Kanto.html
Persimmon Hotel,352-0001,Saitama Prefecture,2-20-3 Tohoku Niiza,145,$,http://www.tripadvisor.com/Hotel_Review-g1021392-d1075313-Reviews-Persimmon_Hotel-Niiza_Saitama_Prefecture_Kanto.html
Daily Inn 254,352-0012,Saitama Prefecture,2-2-10 Hatanaka Niiza,,$,http://www.tripadvisor.com/Hotel_Review-g1021392-d1507839-Reviews-Daily_Inn_254-Niiza_Saitama_Prefecture_Kanto.html
Iruma Daiichi Hotel,358-0003,Saitama Prefecture,1-15-14 Toyoka Iruma,,$,http://www.tripadvisor.com/Hotel_Review-g1059468-d1113116-Reviews-Iruma_Daiichi_Hotel-Iruma_Saitama_Prefecture_Kanto.html
Chichibu Myuzu Park Cottage,368-0053,Saitama Prefecture,637-2 Kuna Chichibu,,,http://www.tripadvisor.com/Hotel_Review-g1021368-d300887-Reviews-Chichibu_Myuzu_Park_Cottage-Chichibu_Saitama_Prefecture_Kanto.html
Minshuku Suginoko,369-1802,Saitama Prefecture,1743-1 Arakawakamitano Chichibu,,,http://www.tripadvisor.com/Hotel_Review-g1021368-d1036818-Reviews-Minshuku_Suginoko-Chichibu_Saitama_Prefecture_Kanto.html
Sugina,368-0000,Saitama Prefecture,1036 Kuna Chichibu,,$$,http://www.tripadvisor.com/Hotel_Review-g1021368-d1036827-Reviews-Sugina-Chichibu_Saitama_Prefecture_Kanto.html
Hotel Miyama,368-0004,Saitama Prefecture,1294-1 Yamada Chichibu,43,$$,http://www.tripadvisor.com/Hotel_Review-g1021368-d1036830-Reviews-Hotel_Miyama-Chichibu_Saitama_Prefecture_Kanto.html
Sainomori Country Club,368-0064,Saitama Prefecture,1641 Shinazawa Chichibu,,$,http://www.tripadvisor.com/Hotel_Review-g1021368-d1036853-Reviews-Sainomori_Country_Club-Chichibu_Saitama_Prefecture_Kanto.html
Yamazato,369-1801,Saitama Prefecture,3980 Arakawakuna Chichibu,,,http://www.tripadvisor.com/Hotel_Review-g1021368-d1041933-Reviews-Yamazato-Chichibu_Saitama_Prefecture_Kanto.html
Kaoru Kousen,369-1505,Saitama Prefecture,3662 Kamiyoshida Chichibu,,,http://www.tripadvisor.com/Hotel_Review-g1021368-d1041945-Reviews-Kaoru_Kousen-Chichibu_Saitama_Prefecture_Kanto.html
Hakuunso,369-1803,Saitama Prefecture,542 Arakawahino Chichibu,,,http://www.tripadvisor.com/Hotel_Review-g1021368-d1041949-Reviews-Hakuunso-Chichibu_Saitama_Prefecture_Kanto.html
Yatsugawakan,369-1912,Saitama Prefecture,455 Arakawa Shiroku Chichibu,,$$$,http://www.tripadvisor.com/Hotel_Review-g1021368-d1041955-Reviews-Yatsugawakan-Chichibu_Saitama_Prefecture_Kanto.html
Araki Kosen Ryokan,368-0004,Saitama Prefecture,1538 Yamada Chichibu,14,$$$,http://www.tripadvisor.com/Hotel_Review-g1021368-d1041962-Reviews-Araki_Kosen_Ryokan-Chichibu_Saitama_Prefecture_Kanto.html
Natural Farm City Noen Hotel,368-0024,Saitama Prefecture,5911-1 Kamimiyajimachi Chichibu,,$$,http://www.tripadvisor.com/Hotel_Review-g1021368-d1043403-Reviews-Natural_Farm_City_Noen_Hotel-Chichibu_Saitama_Prefecture_Kanto.html
Oyado Taketori Monogatari,369-1802,Saitama Prefecture,56 Arakawakamitano Chichibu,,$$,http://www.tripadvisor.com/Hotel_Review-g1021368-d1043585-Reviews-Oyado_Taketori_Monogatari-Chichibu_Saitama_Prefecture_Kanto.html
Wadoh,368-0001,Saitama Prefecture,822-1 Kuroya Chichibu,,$$,http://www.tripadvisor.com/Hotel_Review-g1021368-d1075269-Reviews-Wadoh-Chichibu_Saitama_Prefecture_Kanto.html
Hatago Ichiban,368-0002,Saitama Prefecture,645 Tochiya Chichibu,,$$,http://www.tripadvisor.com/Hotel_Review-g1021368-d1090413-Reviews-Hatago_Ichiban-Chichibu_Saitama_Prefecture_Kanto.html
Daimasu Ryokan,368-0051,Saitama Prefecture,1-2-11 Nakamura-machi Chichibu,,$$,http://www.tripadvisor.com/Hotel_Review-g1021368-d1090415-Reviews-Daimasu_Ryokan-Chichibu_Saitama_Prefecture_Kanto.html
Hotel Route Inn Chichibu,368-0033,Saitama Prefecture,2-3-18 Nosaka-machi Chichibu,91,$,http://www.tripadvisor.com/Hotel_Review-g1021368-d1090416-Reviews-Hotel_Route_Inn_Chichibu-Chichibu_Saitama_Prefecture_Kanto.html
Minshuku Bentenbashi,368-0004,Saitama Prefecture,2230 Yamada Chichibu,,$,http://www.tripadvisor.com/Hotel_Review-g1021368-d1090418-Reviews-Minshuku_Bentenbashi-Chichibu_Saitama_Prefecture_Kanto.html
Ryokan Hiyoshi,368-0033,Saitama Prefecture,2-8-34 Nosaka-machi Chichibu,,$,http://www.tripadvisor.com/Hotel_Review-g1021368-d1090421-Reviews-Ryokan_Hiyoshi-Chichibu_Saitama_Prefecture_Kanto.html
Seseragisou,368-0056,Saitama Prefecture,3441-6 Terao Chichibu,,$$,http://www.tripadvisor.com/Hotel_Review-g1021368-d1090426-Reviews-Seseragisou-Chichibu_Saitama_Prefecture_Kanto.html
Tomoegawasou,368-0053,Saitama Prefecture,346 Kuna Chichibu,,$$,http://www.tripadvisor.com/Hotel_Review-g1021368-d1090427-Reviews-Tomoegawasou-Chichibu_Saitama_Prefecture_Kanto.html
Daiichi Hotel Chichibu,368-0046,Saitama Prefecture,5-1 Miyakawacho Chichibu,,$,http://www.tripadvisor.com/Hotel_Review-g1021368-d1096141-Reviews-Daiichi_Hotel_Chichibu-Chichibu_Saitama_Prefecture_Kanto.html
Minshuku Hamadaya,368-0053,Saitama Prefecture,1007 Kuna Chichibu,,,http://www.tripadvisor.com/Hotel_Review-g1021368-d1112883-Reviews-Minshuku_Hamadaya-Chichibu_Saitama_Prefecture_Kanto.html
Kaniwa,369-1902,Saitama Prefecture,828 Otaki Chichibu,,,http://www.tripadvisor.com/Hotel_Review-g1021368-d1112906-Reviews-Kaniwa-Chichibu_Saitama_Prefecture_Kanto.html
Yamada Onsen,368-0004,Saitama Prefecture,1431 Yamada Chichibu,,,http://www.tripadvisor.com/Hotel_Review-g1021368-d1112909-Reviews-Yamada_Onsen-Chichibu_Saitama_Prefecture_Kanto.html
Miyako Ryokan,369-1912,Saitama Prefecture,77 Arakawashiroku Chichibu,,,http://www.tripadvisor.com/Hotel_Review-g1021368-d1112912-Reviews-Miyako_Ryokan-Chichibu_Saitama_Prefecture_Kanto.html
Chigaya Kousen Ryokan,369-1505,Saitama Prefecture,2148 Kamiyoshida Chichibu,,,http://www.tripadvisor.com/Hotel_Review-g1021368-d1112918-Reviews-Chigaya_Kousen_Ryokan-Chichibu_Saitama_Prefecture_Kanto.html
Kounkaku,369-1902,Saitama Prefecture,298-1 Mitsumine Chichibu,,$,http://www.tripadvisor.com/Hotel_Review-g1021368-d1112937-Reviews-Kounkaku-Chichibu_Saitama_Prefecture_Kanto.html
Okuchichibu Lake view,369-1901,Saitama Prefecture,3755 Otaki Chichibu,,,http://www.tripadvisor.com/Hotel_Review-g1021368-d1112944-Reviews-Okuchichibu_Lake_view-Chichibu_Saitama_Prefecture_Kanto.html
Satoji,369-1912,Saitama Prefecture,1391 Arakawa Shiroku Chichibu,,,http://www.tripadvisor.com/Hotel_Review-g1021368-d1127156-Reviews-Satoji-Chichibu_Saitama_Prefecture_Kanto.html
Beyer,369-1503 ,Saitama Prefecture,483-2 Shimoyoshida Chichibu,16,$$,http://www.tripadvisor.com/Hotel_Review-g1021368-d1140320-Reviews-Beyer-Chichibu_Saitama_Prefecture_Kanto.html
Satoyamakaguhashi Miyamotonoyu,368-0102,Saitama Prefecture,510 Nagaru Oganomachi Chichibu,,$$,http://www.tripadvisor.com/Hotel_Review-g1021368-d1598940-Reviews-Satoyamakaguhashi_Miyamotonoyu-Chichibu_Saitama_Prefecture_Kanto.html
Kayanoya,369-1804,Saitama Prefecture,1009-1 Arakawa Onohara Chichibu,,$$$,http://www.tripadvisor.com/Hotel_Review-g1021368-d1635035-Reviews-Kayanoya-Chichibu_Saitama_Prefecture_Kanto.html
Hatonoyu,369-1803,Saitama Prefecture,526 Arakawa Hino Chichibu,,,http://www.tripadvisor.com/Hotel_Review-g1021368-d1635042-Reviews-Hatonoyu-Chichibu_Saitama_Prefecture_Kanto.html
Yamagiya,369-1911,Saitama Prefecture,2048 Arakawa Niegawa Chichibu,,$$,http://www.tripadvisor.com/Hotel_Review-g1021368-d1915062-Reviews-Yamagiya-Chichibu_Saitama_Prefecture_Kanto.html
Komadoriso,369-1903,Saitama Prefecture,447 Nakatsugawa Chichibu,,,http://www.tripadvisor.com/Hotel_Review-g1021368-d2192218-Reviews-Komadoriso-Chichibu_Saitama_Prefecture_Kanto.html
Hotel Union Vale,369-1503,Saitama Prefecture,8371-3 Shimoyoshida Chichibu,,$,http://www.tripadvisor.com/Hotel_Review-g1021368-d2588904-Reviews-Hotel_Union_Vale-Chichibu_Saitama_Prefecture_Kanto.html
Family Lodge Hatagoy Chichibu,369-1802,Saitama Prefecture,639-1 Arakawa Kamitano Chichibu,,$,http://www.tripadvisor.com/Hotel_Review-g1021368-d3644739-Reviews-Family_Lodge_Hatagoy_Chichibu-Chichibu_Saitama_Prefecture_Kanto.html
Minshuku Sampo,369-1804,Saitama Prefecture,282 Arakawa Onobara Chichibu,,$,http://www.tripadvisor.com/Hotel_Review-g1021368-d4340726-Reviews-Minshuku_Sampo-Chichibu_Saitama_Prefecture_Kanto.html
Okuchichibu Urayama Sanso,369-1802,Saitama Prefecture,565 Arakawa Onobara Chichibu,,$$,http://www.tripadvisor.com/Hotel_Review-g1021368-d4340730-Reviews-Okuchichibu_Urayama_Sanso-Chichibu_Saitama_Prefecture_Kanto.html
Beyer,369-1503,Saitama Prefecture,483-2 Shimyoshida Chichibu,,,http://www.tripadvisor.com/Hotel_Review-g1021368-d6922611-Reviews-Beyer-Chichibu_Saitama_Prefecture_Kanto.html
Pica Chichibu,368-0102,Saitama Prefecture,637-2 Kuna Chichibu,,,http://www.tripadvisor.com/Hotel_Review-g1021368-d6999465-Reviews-Pica_Chichibu-Chichibu_Saitama_Prefecture_Kanto.html
Kuki City Hotel,346-0000,Saitama Prefecture,2-13 Higashi 2-chome Kuki,,,http://www.tripadvisor.com/Hotel_Review-g1021394-d1735140-Reviews-Kuki_City_Hotel-Kuki_Saitama_Prefecture_Kanto.html
Hotel Kuki,346-0016,Saitama Prefecture,4-15-32 Higashi Kuki,,$,http://www.tripadvisor.com/Hotel_Review-g1021394-d1877941-Reviews-Hotel_Kuki-Kuki_Saitama_Prefecture_Kanto.html
Kuki Shobu Industrial Estate Management Center,346-0028,Saitama Prefecture,19 Kawaraicho Kuki,,$,http://www.tripadvisor.com/Hotel_Review-g1021394-d1915068-Reviews-Kuki_Shobu_Industrial_Estate_Management_Center-Kuki_Saitama_Prefecture_Kanto.html
Kamakitako Lake View,350-0454,Saitama Prefecture,86-1 Gongendo Moroyama-machi,,,http://www.tripadvisor.com/Hotel_Review-g1121080-d1507840-Reviews-Kamakitako_Lake_View-Moroyama_machi_Iruma_gun_Saitama_Prefecture_Kanto.html
Kuroyama Kousenkan,350-0424,Saitama Prefecture,1436 Kuroyama Ogose-machi,,$$$$,http://www.tripadvisor.com/Hotel_Review-g1121081-d1140330-Reviews-Kuroyama_Kousenkan-Ogose_machi_Iruma_gun_Saitama_Prefecture_Kanto.html
New Sunpia Saitama Ogose,350-0401,Saitama Prefecture,700 Furuike Ogose-machi,50,$,http://www.tripadvisor.com/Hotel_Review-g1121081-d1507841-Reviews-New_Sunpia_Saitama_Ogose-Ogose_machi_Iruma_gun_Saitama_Prefecture_Kanto.html
Yu park ogose,350-0415,Saitama Prefecture,3083 1 Ueno Ogose-machi,,,http://www.tripadvisor.com/Hotel_Review-g1121081-d1924169-Reviews-Yu_park_ogose-Ogose_machi_Iruma_gun_Saitama_Prefecture_Kanto.html
Kikusui-Tei,359-1145,Saitama Prefecture,2942 Yamaguchi Tokorozawa,,$$,http://www.tripadvisor.com/Hotel_Review-g1021369-d301211-Reviews-Kikusui_Tei-Tokorozawa_Saitama_Prefecture_Kanto.html
Tokorozawa Park Hotel,359-1124,Saitama Prefecture,3-5 Higashisumiyoshi Tokorozawa,,$$,http://www.tripadvisor.com/Hotel_Review-g1021369-d642492-Reviews-Tokorozawa_Park_Hotel-Tokorozawa_Saitama_Prefecture_Kanto.html
Tokorozawa Daiichi Hotel,359-1128,Saitama Prefecture,15-4 Kanayamacho Tokorozawa,,$,http://www.tripadvisor.com/Hotel_Review-g1021369-d1075322-Reviews-Tokorozawa_Daiichi_Hotel-Tokorozawa_Saitama_Prefecture_Kanto.html
Shintokorozawa Station Hotel,359-0044,Saitama Prefecture,3-4 Matsuba-cho Tokorozawa,,,http://www.tripadvisor.com/Hotel_Review-g1021369-d1858529-Reviews-Shintokorozawa_Station_Hotel-Tokorozawa_Saitama_Prefecture_Kanto.html
Hotel Kannonkaku,359-1153,Saitama Prefecture,2201 Kamiyamaguchi Tokorozawa,,,http://www.tripadvisor.com/Hotel_Review-g1021369-d1872437-Reviews-Hotel_Kannonkaku-Tokorozawa_Saitama_Prefecture_Kanto.html
Toyoko Inn Tsukuba Express Yashio-eki Kita-guchi,340-0822,Saitama Prefecture,738-1 Oaza Ooze Yashio,,$,http://www.tripadvisor.com/Hotel_Review-g1021397-d1863791-Reviews-Toyoko_Inn_Tsukuba_Express_Yashio_eki_Kita_guchi-Yashio_Saitama_Prefecture_Kanto.html
Heiseiro,355-0227,Saitama Prefecture,395 Senjudo Ranzan-machi,,$,http://www.tripadvisor.com/Hotel_Review-g1121083-d1140333-Reviews-Heiseiro-Ranzan_machi_Hiki_gun_Saitama_Prefecture_Kanto.html
Friendship Heights Yoshimi,355-0166,Saitama Prefecture,602 Kuroiwa Yoshimi-machi,,$,http://www.tripadvisor.com/Hotel_Review-g1121086-d1877916-Reviews-Friendship_Heights_Yoshimi-Yoshimi_machi_Hiki_gun_Saitama_Prefecture_Kanto.html
Rykan Tokigawa,355-0366,Saitama Prefecture,537 Ono Tokigawa-machi,,,http://www.tripadvisor.com/Hotel_Review-g1121088-d6591213-Reviews-Rykan_Tokigawa-Tokigawa_machi_Hiki_gun_Saitama_Prefecture_Kanto.html
Futaba,355-0328,Saitama Prefecture,32 Otsuka Ogawa-machi,,$$$$,http://www.tripadvisor.com/Hotel_Review-g1121084-d1126955-Reviews-Futaba-Ogawa_machi_Hiki_gun_Saitama_Prefecture_Kanto.html
Kazo Daiichi Hotel,347-0055,Saitama Prefecture,2-9-11 Chuo Kazo,,,http://www.tripadvisor.com/Hotel_Review-g1021370-d1113182-Reviews-Kazo_Daiichi_Hotel-Kazo_Saitama_Prefecture_Kanto.html
Kazo Center Hotel,347-0055,Saitama Prefecture,1-7-50 Chuo Kazo,,,http://www.tripadvisor.com/Hotel_Review-g1021370-d1113195-Reviews-Kazo_Center_Hotel-Kazo_Saitama_Prefecture_Kanto.html
Musashino Kisai Radon Center,347-0105,Saitama Prefecture,1062 Kisai Kazo,,,http://www.tripadvisor.com/Hotel_Review-g1021370-d2035941-Reviews-Musashino_Kisai_Radon_Center-Kazo_Saitama_Prefecture_Kanto.html
Mizuhodai Daily Hotel,354-0018,Saitama Prefecture,1-4-3 Nishimizuhodai Fujimi,,$,http://www.tripadvisor.com/Hotel_Review-g1021398-d1075270-Reviews-Mizuhodai_Daily_Hotel-Fujimi_Saitama_Prefecture_Kanto.html
Hatago Miasa,368-0072,Saitama Prefecture,5070-8 Yokoza Yokoze-machi,,$$,http://www.tripadvisor.com/Hotel_Review-g1121089-d1140338-Reviews-Hatago_Miasa-Yokoze_machi_Chichibu_gun_Saitama_Prefecture_Kanto.html
Bukonoyu Bekkan,368-0072,Saitama Prefecture,4627-2 Yokoze Yokoze-machi,,$,http://www.tripadvisor.com/Hotel_Review-g1121089-d1507842-Reviews-Bukonoyu_Bekkan-Yokoze_machi_Chichibu_gun_Saitama_Prefecture_Kanto.html
Maruyama Kosen Ryokan,368-0072,Saitama Prefecture,1795-1 Yokoze Yokoze-machi,,$$,http://www.tripadvisor.com/Hotel_Review-g1121089-d1877900-Reviews-Maruyama_Kosen_Ryokan-Yokoze_machi_Chichibu_gun_Saitama_Prefecture_Kanto.html
Minshuku Shizengo Higashisawa,368-0071,Saitama Prefecture,1317-1 Ashigakubo Yokoze-machi,,$,http://www.tripadvisor.com/Hotel_Review-g1121089-d2594161-Reviews-Minshuku_Shizengo_Higashisawa-Yokoze_machi_Chichibu_gun_Saitama_Prefecture_Kanto.html
Choseikan,369-1305,Saitama Prefecture,449 Nagatoro Nagatoro-machi,22,$$$,http://www.tripadvisor.com/Hotel_Review-g1121091-d1126960-Reviews-Choseikan-Nagatoro_machi_Chichibu_gun_Saitama_Prefecture_Kanto.html
Inn Yokotei,369-1305,Saitama Prefecture,1446 Nagatoro Nagatoro-machi,,$$,http://www.tripadvisor.com/Hotel_Review-g1121091-d1126963-Reviews-Inn_Yokotei-Nagatoro_machi_Chichibu_gun_Saitama_Prefecture_Kanto.html
Petit Hotel Ceravie,369-1312,Saitama Prefecture,419-1 Ido Nagatoro-machi,,$$$$,http://www.tripadvisor.com/Hotel_Review-g1121091-d1140360-Reviews-Petit_Hotel_Ceravie-Nagatoro_machi_Chichibu_gun_Saitama_Prefecture_Kanto.html
Chichibu-kan,369-1305,Saitama Prefecture,"Iwadatami-dori, Nagatoro-machi",,,http://www.tripadvisor.com/Hotel_Review-g1121091-d1403952-Reviews-Chichibu_kan-Nagatoro_machi_Chichibu_gun_Saitama_Prefecture_Kanto.html
Nagatoro Green Hotel,369-1305,Saitama Prefecture,872 Nagatoro Nagatoro-machi,,,http://www.tripadvisor.com/Hotel_Review-g1121091-d1507843-Reviews-Nagatoro_Green_Hotel-Nagatoro_machi_Chichibu_gun_Saitama_Prefecture_Kanto.html
Nagatoroso,369-1305,Saitama Prefecture,Nagatoro 1504 Nagatoro-machi,,,http://www.tripadvisor.com/Hotel_Review-g1121091-d1860652-Reviews-Nagatoroso-Nagatoro_machi_Chichibu_gun_Saitama_Prefecture_Kanto.html
Forest Sons Nagatoro,369-1304,Saitama Prefecture,363 Honnogami Nagatoro-machi,27,$$,http://www.tripadvisor.com/Hotel_Review-g1121091-d4310742-Reviews-Forest_Sons_Nagatoro-Nagatoro_machi_Chichibu_gun_Saitama_Prefecture_Kanto.html
Ojikaso,368-0112　,Saitama Prefecture,243 Sanyama Ogano-machi,,$$$,http://www.tripadvisor.com/Hotel_Review-g1121092-d1140372-Reviews-Ojikaso-Ogano_machi_Chichibu_gun_Saitama_Prefecture_Kanto.html
Ryozanpaku,368-0103,Saitama Prefecture,260 Hannya Ogano-machi,,$$,http://www.tripadvisor.com/Hotel_Review-g1121092-d1140375-Reviews-Ryozanpaku-Ogano_machi_Chichibu_gun_Saitama_Prefecture_Kanto.html
Kotobuki Ryokan,368-0105,Saitama Prefecture,314 Ogano Ogano-machi,,,http://www.tripadvisor.com/Hotel_Review-g1121092-d1140378-Reviews-Kotobuki_Ryokan-Ogano_machi_Chichibu_gun_Saitama_Prefecture_Kanto.html
Suzaki Ryokan,368-0105,Saitama Prefecture,1815 Ogano Ogano-machi,,$,http://www.tripadvisor.com/Hotel_Review-g1121092-d1140381-Reviews-Suzaki_Ryokan-Ogano_machi_Chichibu_gun_Saitama_Prefecture_Kanto.html
Ryokamiso,368-0202,Saitama Prefecture,707 Ryokami Komori Ogano-machi,,$$,http://www.tripadvisor.com/Hotel_Review-g1121092-d1507844-Reviews-Ryokamiso-Ogano_machi_Chichibu_gun_Saitama_Prefecture_Kanto.html
Echigoya Ryokan,368-0105,Saitama Prefecture,1853 Ogano Ogano-machi,,$$,http://www.tripadvisor.com/Hotel_Review-g1121092-d1877886-Reviews-Echigoya_Ryokan-Ogano_machi_Chichibu_gun_Saitama_Prefecture_Kanto.html
Miyamotoke,368-0102,Saitama Prefecture,510 Nagaru Ogano-machi,,$$$,http://www.tripadvisor.com/Hotel_Review-g1121092-d1924171-Reviews-Miyamotoke-Ogano_machi_Chichibu_gun_Saitama_Prefecture_Kanto.html
Mori no kaze miyamoto,368-0103,Saitama Prefecture,1575 Hannya Ogano-machi,,,http://www.tripadvisor.com/Hotel_Review-g1121092-d1924173-Reviews-Mori_no_kaze_miyamoto-Ogano_machi_Chichibu_gun_Saitama_Prefecture_Kanto.html
Yashiki,368-0112,Saitama Prefecture,"338, Sanyama Ogano-machi",,$,http://www.tripadvisor.com/Hotel_Review-g1121092-d2023983-Reviews-Yashiki-Ogano_machi_Chichibu_gun_Saitama_Prefecture_Kanto.html
Minshuku Nagawakasanso,368-0103,Saitama Prefecture,2863 Hannya Ogano-machi,,,http://www.tripadvisor.com/Hotel_Review-g1121092-d2594228-Reviews-Minshuku_Nagawakasanso-Ogano_machi_Chichibu_gun_Saitama_Prefecture_Kanto.html
Heritage Minoyama,369-1412,Saitama Prefecture,3415 Minano Minano-machi,30,$$,http://www.tripadvisor.com/Hotel_Review-g1121090-d1140345-Reviews-Heritage_Minoyama-Minano_machi_Chichibu_gun_Saitama_Prefecture_Kanto.html
Miyamaeso,369-1621,Saitama Prefecture,102 Kanasaki Minano-machi,,,http://www.tripadvisor.com/Hotel_Review-g1121090-d1877890-Reviews-Miyamaeso-Minano_machi_Chichibu_gun_Saitama_Prefecture_Kanto.html
Mission Hills Geihinkan,369-1622,Saitama Prefecture,1686 Kunikami Minano-machi,,$,http://www.tripadvisor.com/Hotel_Review-g1121090-d2594007-Reviews-Mission_Hills_Geihinkan-Minano_machi_Chichibu_gun_Saitama_Prefecture_Kanto.html
City Hotel Higashimatsuyama,355-0028,Saitama Prefecture,1-1-20 Yakyu-cho Higashimatsuyama,,$,http://www.tripadvisor.com/Hotel_Review-g1021372-d1091088-Reviews-City_Hotel_Higashimatsuyama-Higashimatsuyama_Saitama_Prefecture_Kanto.html
Shiunkaku,355-0028,Saitama Prefecture,2-5-14 Yakyu-cho Higashimatsuyama,,$,http://www.tripadvisor.com/Hotel_Review-g1021372-d1091098-Reviews-Shiunkaku-Higashimatsuyama_Saitama_Prefecture_Kanto.html
Business Hotel Station,355-0028,Saitama Prefecture,1-5-5 Yakyucho Higashimatsuyama,18,,http://www.tripadvisor.com/Hotel_Review-g1021372-d1112959-Reviews-Business_Hotel_Station-Higashimatsuyama_Saitama_Prefecture_Kanto.html
Saitama Radon Center,355-0014,Saitama Prefecture,2-10-31 Matsumotocho Higashimatsuyama,,,http://www.tripadvisor.com/Hotel_Review-g1021372-d1112963-Reviews-Saitama_Radon_Center-Higashimatsuyama_Saitama_Prefecture_Kanto.html
Higashi Matsuyama Daiichi hotel,355-0028,Saitama Prefecture,1-18-10 Yakyu-cho Higashimatsuyama,,,http://www.tripadvisor.com/Hotel_Review-g1021372-d1833471-Reviews-Higashi_Matsuyama_Daiichi_hotel-Higashimatsuyama_Saitama_Prefecture_Kanto.html
Toyoko Inn Saitama Misato Ekimae,341-0018,Saitama Prefecture,1-3-5 Waseda Misato,,$,http://www.tripadvisor.com/Hotel_Review-g1021399-d1495492-Reviews-Toyoko_Inn_Saitama_Misato_Ekimae-Misato_Saitama_Prefecture_Kanto.html
Kamiizumi,367-0313,Saitama Prefecture,1431-1 Yano Kamikawa-machi,,$$,http://www.tripadvisor.com/Hotel_Review-g1121095-d1507845-Reviews-Kamiizumi-Kamikawa_machi_Kodama_gun_Saitama_Prefecture_Kanto.html
Saitama Kokusai Golf Club,367-0311,Saitama Prefecture,1603-1 Shimoaguhara Kamikawa-machi,,$,http://www.tripadvisor.com/Hotel_Review-g1121095-d2594104-Reviews-Saitama_Kokusai_Golf_Club-Kamikawa_machi_Kodama_gun_Saitama_Prefecture_Kanto.html
Lohas Garten Camping Site,367-0236,Saitama Prefecture,1341 Kobama Kamikawa-machi,,,http://www.tripadvisor.com/Hotel_Review-g1121095-d3325561-Reviews-Lohas_Garten_Camping_Site-Kamikawa_machi_Kodama_gun_Saitama_Prefecture_Kanto.html
Business Hotel Matsui,350-1331,Saitama Prefecture,3-10-21 Shinsayama Sayama,,$,http://www.tripadvisor.com/Hotel_Review-g1021373-d1075315-Reviews-Business_Hotel_Matsui-Sayama_Saitama_Prefecture_Kanto.html
Hotel Civic Inn Sayama,350-1306,Saitama Prefecture,1-28-2 Fujimi Sayama,,$,http://www.tripadvisor.com/Hotel_Review-g1021373-d1075317-Reviews-Hotel_Civic_Inn_Sayama-Sayama_Saitama_Prefecture_Kanto.html
City Hotel Matsui,350-1307,Saitama Prefecture,3-3 Gion Sayama,,$,http://www.tripadvisor.com/Hotel_Review-g1021373-d1075318-Reviews-City_Hotel_Matsui-Sayama_Saitama_Prefecture_Kanto.html
Shinsayama Hotel,350-1331,Saitama Prefecture,3-9-2 Shinsayama Sayama,,$,http://www.tripadvisor.com/Hotel_Review-g1021373-d1096173-Reviews-Shinsayama_Hotel-Sayama_Saitama_Prefecture_Kanto.html
Shinsayama Daiichi Hotel,350-1331,Saitama Prefecture,3-11-3 Shinsayama Sayama,,$,http://www.tripadvisor.com/Hotel_Review-g1021373-d1117108-Reviews-Shinsayama_Daiichi_Hotel-Sayama_Saitama_Prefecture_Kanto.html
Chikosanso,350-1322,Saitama Prefecture,801-1 Shimohirose Sayama,,$,http://www.tripadvisor.com/Hotel_Review-g1021373-d1878127-Reviews-Chikosanso-Sayama_Saitama_Prefecture_Kanto.html
Sayama New City Hotel,350-1307,Saitama Prefecture,2-4 Gion Sayama,25,$,http://www.tripadvisor.com/Hotel_Review-g1021373-d1878144-Reviews-Sayama_New_City_Hotel-Sayama_Saitama_Prefecture_Kanto.html
Inari Ryokan,350-1332,Saitama Prefecture,641 Shimokudomi Sayama,,$,http://www.tripadvisor.com/Hotel_Review-g1021373-d1915065-Reviews-Inari_Ryokan-Sayama_Saitama_Prefecture_Kanto.html
Business Hotel Wakasa,350-1332,Saitama Prefecture,680 Shimokudomi Sayama,,$,http://www.tripadvisor.com/Hotel_Review-g1021373-d1915066-Reviews-Business_Hotel_Wakasa-Sayama_Saitama_Prefecture_Kanto.html
Kanpo no Yado Yorii,369-1205,Saitama Prefecture,2267 Sueno Yorii-machi,50,$$,http://www.tripadvisor.com/Hotel_Review-g1121097-d1140387-Reviews-Kanpo_no_Yado_Yorii-Yorii_machi_Osato_gun_Saitama_Prefecture_Kanto.html
Iwanedo,369-1224,Saitama Prefecture,3165 Hachigata Yorii-machi,,$$,http://www.tripadvisor.com/Hotel_Review-g1121097-d1507846-Reviews-Iwanedo-Yorii_machi_Osato_gun_Saitama_Prefecture_Kanto.html
Yamazakiya Ryokan,369-1203,Saitama Prefecture,938 Yorii Yorii-machi,,$,http://www.tripadvisor.com/Hotel_Review-g1121097-d1507847-Reviews-Yamazakiya_Ryokan-Yorii_machi_Osato_gun_Saitama_Prefecture_Kanto.html
Hotel City Plaza Yorii,369-1202,Saitama Prefecture,888 Sakurazawa Yorii-machi,,$,http://www.tripadvisor.com/Hotel_Review-g1121097-d1924174-Reviews-Hotel_City_Plaza_Yorii-Yorii_machi_Osato_gun_Saitama_Prefecture_Kanto.html
Business Hotel Isshin,369-1203,Saitama Prefecture,1534-1 Yorii Yorii-machi,,,http://www.tripadvisor.com/Hotel_Review-g1121097-d2588895-Reviews-Business_Hotel_Isshin-Yorii_machi_Osato_gun_Saitama_Prefecture_Kanto.html
Business Hotel Ogura,348-0057,Saitama Prefecture,1-15-19 Kita Hanyu,,$,http://www.tripadvisor.com/Hotel_Review-g1021374-d1075279-Reviews-Business_Hotel_Ogura-Hanyu_Saitama_Prefecture_Kanto.html
Business Kikumoto Ryokan,348-0058,Saitama Prefecture,2-12-3 Chuou Hanyu,,,http://www.tripadvisor.com/Hotel_Review-g1021374-d1089884-Reviews-Business_Kikumoto_Ryokan-Hanyu_Saitama_Prefecture_Kanto.html
Hotel Grantia Hanyu,348-0054,Saitama Prefecture,3-19-3 Nishi Hanyu,259,$$,http://www.tripadvisor.com/Hotel_Review-g1021374-d1090984-Reviews-Hotel_Grantia_Hanyu-Hanyu_Saitama_Prefecture_Kanto.html
Oosawaya Ryokan,348-0058,Saitama Prefecture,1-7-36 Chuo Hanyu,,$,http://www.tripadvisor.com/Hotel_Review-g1021374-d1091084-Reviews-Oosawaya_Ryokan-Hanyu_Saitama_Prefecture_Kanto.html
Hotel Sun Road,350-0225,Saitama Prefecture,2-10 Hinodecho Sakado,,,http://www.tripadvisor.com/Hotel_Review-g1021405-d1720221-Reviews-Hotel_Sun_Road-Sakado_Saitama_Prefecture_Kanto.html
Sakado Grand Hotel Win,350-0215,Saitama Prefecture,2-6-32 Sekima Sakado,,$,http://www.tripadvisor.com/Hotel_Review-g1021405-d1877930-Reviews-Sakado_Grand_Hotel_Win-Sakado_Saitama_Prefecture_Kanto.html
Sakado Hotel Honten,350-0234,Saitama Prefecture,5-4 Midoricho Sakado,,$,http://www.tripadvisor.com/Hotel_Review-g1021405-d1915069-Reviews-Sakado_Hotel_Honten-Sakado_Saitama_Prefecture_Kanto.html
Hotel Green Core Shiraoka,349-0205,Saitama Prefecture,10-9-2 Nishi Shiraoka,100,$,http://www.tripadvisor.com/Hotel_Review-g1121102-d1507848-Reviews-Hotel_Green_Core_Shiraoka-Shiraoka_Saitama_Prefecture_Kanto.html
Musashino Grand Hotel,362-0021,Saitama Prefecture,315 Haraichi Ageo,,$,http://www.tripadvisor.com/Hotel_Review-g1021376-d1036770-Reviews-Musashino_Grand_Hotel-Ageo_Saitama_Prefecture_Kanto.html
Ageo Daiichi Hotel,362-0035,Saitama Prefecture,1-2-1 Nakacho Ageo,,,http://www.tripadvisor.com/Hotel_Review-g1021376-d1036774-Reviews-Ageo_Daiichi_Hotel-Ageo_Saitama_Prefecture_Kanto.html
Hotel Mates Ageo,362-0035,Saitama Prefecture,1-2-16 Nakacho Ageo,,,http://www.tripadvisor.com/Hotel_Review-g1021376-d1036779-Reviews-Hotel_Mates_Ageo-Ageo_Saitama_Prefecture_Kanto.html
Hotel Route-Inn Ageo,362-0071,Saitama Prefecture,2-37-1 Idogi Ageo,,$,http://www.tripadvisor.com/Hotel_Review-g1021376-d1036788-Reviews-Hotel_Route_Inn_Ageo-Ageo_Saitama_Prefecture_Kanto.html
Ageo Tobu Hotel,362-0075,Saitama Prefecture,1-1-21 Kashiwaza Ageo,,$,http://www.tripadvisor.com/Hotel_Review-g1021376-d1036794-Reviews-Ageo_Tobu_Hotel-Ageo_Saitama_Prefecture_Kanto.html
