Otsu Prince Hotel,520-8520,Shiga Prefecture,7-7 Nionohama 4-chome Otsu,520,$,http://www.tripadvisor.com/Hotel_Review-g298202-d301364-Reviews-Otsu_Prince_Hotel-Otsu_Shiga_Prefecture_Kinki.html
Hotel Tetra Otsu Kyoto,520-0054,Shiga Prefecture,1-1-1 Osaka Otsu,131,$,http://www.tripadvisor.com/Hotel_Review-g298202-d596928-Reviews-Hotel_Tetra_Otsu_Kyoto-Otsu_Shiga_Prefecture_Kinki.html
Biwako Hotel,520-0041,Shiga Prefecture,2-40 Hamamachi Otsu,171,$$,http://www.tripadvisor.com/Hotel_Review-g298202-d866620-Reviews-Biwako_Hotel-Otsu_Shiga_Prefecture_Kinki.html
Yumotokan,520-0102,Shiga Prefecture,2-30-7 Noka Otsu,73,$$$,http://www.tripadvisor.com/Hotel_Review-g298202-d946668-Reviews-Yumotokan-Otsu_Shiga_Prefecture_Kinki.html
Ayaha Lakeside Hotel,520-0801,Shiga Prefecture,3-2-25 Nionohama Otsu,29,$$,http://www.tripadvisor.com/Hotel_Review-g298202-d1063277-Reviews-Ayaha_Lakeside_Hotel-Otsu_Shiga_Prefecture_Kinki.html
Business Hotel Nishiotsu,520-0025,Shiga Prefecture,2-7-30 Ojigaoka Otsu,30,$,http://www.tripadvisor.com/Hotel_Review-g298202-d1063285-Reviews-Business_Hotel_Nishiotsu-Otsu_Shiga_Prefecture_Kinki.html
Biwako Grand Hotel,520-0101,Shiga Prefecture,6-5-1 Ogoto Otsu,149,$$,http://www.tripadvisor.com/Hotel_Review-g298202-d1063288-Reviews-Biwako_Grand_Hotel-Otsu_Shiga_Prefecture_Kinki.html
Bodaiju,520-0861,Shiga Prefecture,1-2-21 Ishiyamadera Otsu,,$,http://www.tripadvisor.com/Hotel_Review-g298202-d1063291-Reviews-Bodaiju-Otsu_Shiga_Prefecture_Kinki.html
NEC Seiran Kaikan,520-0834,Shiga Prefecture,6-28 Gotengahama Otsu,,,http://www.tripadvisor.com/Hotel_Review-g298202-d1063293-Reviews-NEC_Seiran_Kaikan-Otsu_Shiga_Prefecture_Kinki.html
Hotel Alpha-1 Otsu,520-0051,Shiga Prefecture,2-6-28 Umebayashi Otsu,157,$,http://www.tripadvisor.com/Hotel_Review-g298202-d1063450-Reviews-Hotel_Alpha_1_Otsu-Otsu_Shiga_Prefecture_Kinki.html
Smile Hotel Otsuseta,520-2144,Shiga Prefecture,1-13-11 Ogaya Otsu,94,$,http://www.tripadvisor.com/Hotel_Review-g298202-d1063480-Reviews-Smile_Hotel_Otsuseta-Otsu_Shiga_Prefecture_Kinki.html
Hotel Piazza Biwako,520-0801,Shiga Prefecture,1-1-20 Nionohama Otsu,,$,http://www.tripadvisor.com/Hotel_Review-g298202-d1063482-Reviews-Hotel_Piazza_Biwako-Otsu_Shiga_Prefecture_Kinki.html
Kyououmi,520-0101,Shiga Prefecture,6-5-1 Ogoto Otsu,,$$$$,http://www.tripadvisor.com/Hotel_Review-g298202-d1063484-Reviews-Kyououmi-Otsu_Shiga_Prefecture_Kinki.html
New Biwako Hotel,520-2152,Shiga Prefecture,1-9-18 Tsukinowa Otsu,61,$,http://www.tripadvisor.com/Hotel_Review-g298202-d1063496-Reviews-New_Biwako_Hotel-Otsu_Shiga_Prefecture_Kinki.html
Yuzanso,520-0101,Shiga Prefecture,1-9-28 Ogoto Otsu,,$$$,http://www.tripadvisor.com/Hotel_Review-g298202-d1063509-Reviews-Yuzanso-Otsu_Shiga_Prefecture_Kinki.html
Seta Urban Hotel,520-2144,Shiga Prefecture,1-16-1 Ogaya Otsu,89,$,http://www.tripadvisor.com/Hotel_Review-g298202-d1063526-Reviews-Seta_Urban_Hotel-Otsu_Shiga_Prefecture_Kinki.html
City Hotel DIC,520-0807,Shiga Prefecture,2-15-23 Matsumoto Otsu,,,http://www.tripadvisor.com/Hotel_Review-g298202-d1063532-Reviews-City_Hotel_DIC-Otsu_Shiga_Prefecture_Kinki.html
Biwako Hanakaido,520-0101,Shiga Prefecture,1-1-3 Ogoto Otsu,43,$$$$,http://www.tripadvisor.com/Hotel_Review-g298202-d1093187-Reviews-Biwako_Hanakaido-Otsu_Shiga_Prefecture_Kinki.html
Biwako Ryokusuitei,520-0101,Shiga Prefecture,6-1-6 Ogoto Otsu,70,$$$,http://www.tripadvisor.com/Hotel_Review-g298202-d1093192-Reviews-Biwako_Ryokusuitei-Otsu_Shiga_Prefecture_Kinki.html
Dantokan Kikunoya,520-0101,Shiga Prefecture,6-1-29 Ogoto Otsu,27,$$,http://www.tripadvisor.com/Hotel_Review-g298202-d1093270-Reviews-Dantokan_Kikunoya-Otsu_Shiga_Prefecture_Kinki.html
Royal Oak Hotel,520-2143,Shiga Prefecture,23-1 Kayanoura Otsu,169,$,http://www.tripadvisor.com/Hotel_Review-g298202-d1093271-Reviews-Royal_Oak_Hotel-Otsu_Shiga_Prefecture_Kinki.html
Hotel Blue Lake Otsu,520-0047,Shiga Prefecture,1-4-12 Hamaotsu Otsu,95,$,http://www.tripadvisor.com/Hotel_Review-g298202-d1093272-Reviews-Hotel_Blue_Lake_Otsu-Otsu_Shiga_Prefecture_Kinki.html
Reiah Hotel Ohtsu Ishiyama,520-0832,Shiga Prefecture,9-21 Awazu-cho Otsu,69,$,http://www.tripadvisor.com/Hotel_Review-g298202-d1093863-Reviews-Reiah_Hotel_Ohtsu_Ishiyama-Otsu_Shiga_Prefecture_Kinki.html
Enryakuji Kaikan,520-0116,Shiga Prefecture,4220 Sakamotohonmachi Otsu,,$$$,http://www.tripadvisor.com/Hotel_Review-g298202-d1093869-Reviews-Enryakuji_Kaikan-Otsu_Shiga_Prefecture_Kinki.html
Hakuteien,520-0502,Shiga Prefecture,1095-20 Minamikomatsu Otsu,,$$,http://www.tripadvisor.com/Hotel_Review-g298202-d1093871-Reviews-Hakuteien-Otsu_Shiga_Prefecture_Kinki.html
Holiday Afternoon,520-0503,Shiga Prefecture,948-10 Kitahira Otsu,,$,http://www.tripadvisor.com/Hotel_Review-g298202-d1093877-Reviews-Holiday_Afternoon-Otsu_Shiga_Prefecture_Kinki.html
Ikadachiminshuku,520-0352,Shiga Prefecture,654-1 Ikadachishimozaiji-cho Otsu,,$,http://www.tripadvisor.com/Hotel_Review-g298202-d1093906-Reviews-Ikadachiminshuku-Otsu_Shiga_Prefecture_Kinki.html
Ogotoso,520-0101,Shiga Prefecture,6-1-24 Ogoto Otsu,,$$,http://www.tripadvisor.com/Hotel_Review-g298202-d1094230-Reviews-Ogotoso-Otsu_Shiga_Prefecture_Kinki.html
Yumekoan,520-0501,Shiga Prefecture,1748-155 Kitakomatsu Otsu,,$,http://www.tripadvisor.com/Hotel_Review-g298202-d1094237-Reviews-Yumekoan-Otsu_Shiga_Prefecture_Kinki.html
Komorebi,520-0102,Shiga Prefecture,2-30-1 Noka Otsu,20,$$,http://www.tripadvisor.com/Hotel_Review-g298202-d1094244-Reviews-Komorebi-Otsu_Shiga_Prefecture_Kinki.html
Matsunoso,520-0853,Shiga Prefecture,3-31 Hotarudani Otsu,,$$,http://www.tripadvisor.com/Hotel_Review-g298202-d1094247-Reviews-Matsunoso-Otsu_Shiga_Prefecture_Kinki.html
Futabaya,520-0865,Shiga Prefecture,5-15-7 Nango Otsu,,$$,http://www.tripadvisor.com/Hotel_Review-g298202-d1094249-Reviews-Futabaya-Otsu_Shiga_Prefecture_Kinki.html
Tsukinoya Sansou,520-0861,Shiga Prefecture,1-2-15 Ishiyamadera Otsu,,$,http://www.tripadvisor.com/Hotel_Review-g298202-d1094254-Reviews-Tsukinoya_Sansou-Otsu_Shiga_Prefecture_Kinki.html
Yamatsune,520-0241,Shiga Prefecture,3-21-14 Imakatata Otsu,,$,http://www.tripadvisor.com/Hotel_Review-g298202-d1094258-Reviews-Yamatsune-Otsu_Shiga_Prefecture_Kinki.html
Super Hotel Otsuekimae,520-0044,Shiga Prefecture,3-2-7 Kyomachi Otsu,80,$,http://www.tripadvisor.com/Hotel_Review-g298202-d1094264-Reviews-Super_Hotel_Otsuekimae-Otsu_Shiga_Prefecture_Kinki.html
Kotoyuu,520-0102,Shiga Prefecture,3-9-5 Nouka Otsu,,$$,http://www.tripadvisor.com/Hotel_Review-g298202-d1094268-Reviews-Kotoyuu-Otsu_Shiga_Prefecture_Kinki.html
Maiko Hut,520-0503,Shiga Prefecture,957 Kitahira Otsu,,,http://www.tripadvisor.com/Hotel_Review-g298202-d1094284-Reviews-Maiko_Hut-Otsu_Shiga_Prefecture_Kinki.html
Tsubotaya,520-0865,Shiga Prefecture,5-24-6 Nango Otsu,,$,http://www.tripadvisor.com/Hotel_Review-g298202-d1094286-Reviews-Tsubotaya-Otsu_Shiga_Prefecture_Kinki.html
Kiyomisou,520-0241,Shiga Prefecture,3-25-13 Imakatata Otsu,,$,http://www.tripadvisor.com/Hotel_Review-g298202-d1094300-Reviews-Kiyomisou-Otsu_Shiga_Prefecture_Kinki.html
KKR Hotel Biwako,520-0105,Shiga Prefecture,1-1-1 Shimosakamoto Otsu,27,$$,http://www.tripadvisor.com/Hotel_Review-g298202-d1094302-Reviews-KKR_Hotel_Biwako-Otsu_Shiga_Prefecture_Kinki.html
Ab Shiga,520-0851,Shiga Prefecture,23-3 Karahashicho Otsu,,$,http://www.tripadvisor.com/Hotel_Review-g298202-d1094377-Reviews-Ab_Shiga-Otsu_Shiga_Prefecture_Kinki.html
Shin-Omi Annex,520-0831,Shiga Prefecture,18-10 Matsubara-cho Otsu,,$$,http://www.tripadvisor.com/Hotel_Review-g298202-d1108460-Reviews-Shin_Omi_Annex-Otsu_Shiga_Prefecture_Kinki.html
Alvilla Omimaiko,520-0503,Shiga Prefecture,985-9 Kitahira Otsu,,$,http://www.tripadvisor.com/Hotel_Review-g298202-d1116386-Reviews-Alvilla_Omimaiko-Otsu_Shiga_Prefecture_Kinki.html
Pension Biwako Club,520-0501,Shiga Prefecture,1369 Kitakomatsu Otsu,,,http://www.tripadvisor.com/Hotel_Review-g298202-d1116388-Reviews-Pension_Biwako_Club-Otsu_Shiga_Prefecture_Kinki.html
Omi Kangakukan,520-0015,Shiga Prefecture,1-1 Jingucho Otsu,,,http://www.tripadvisor.com/Hotel_Review-g298202-d1116394-Reviews-Omi_Kangakukan-Otsu_Shiga_Prefecture_Kinki.html
Minshuku Tanuma,520-0503,Shiga Prefecture,1035-16 Kitahira Otsu,,,http://www.tripadvisor.com/Hotel_Review-g298202-d1116396-Reviews-Minshuku_Tanuma-Otsu_Shiga_Prefecture_Kinki.html
Wind Cube,520-0502,Shiga Prefecture,19-4 Minamikomatsu Otsu,,$$,http://www.tripadvisor.com/Hotel_Review-g298202-d1116411-Reviews-Wind_Cube-Otsu_Shiga_Prefecture_Kinki.html
Minshuku Kohansou Shigaken,520-0502,Shiga Prefecture,100 Minamikomatsu Otsu,,$,http://www.tripadvisor.com/Hotel_Review-g298202-d1116419-Reviews-Minshuku_Kohansou_Shigaken-Otsu_Shiga_Prefecture_Kinki.html
Nakamuraya,520-0047,Shiga Prefecture,1-2-10 Hamaotsu Otsu,,,http://www.tripadvisor.com/Hotel_Review-g298202-d1116428-Reviews-Nakamuraya-Otsu_Shiga_Prefecture_Kinki.html
View Lodge Biwa,520-0241,Shiga Prefecture,3-24-7 Imakatata Otsu,,$,http://www.tripadvisor.com/Hotel_Review-g298202-d1116457-Reviews-View_Lodge_Biwa-Otsu_Shiga_Prefecture_Kinki.html
Biwako Alps Sansou,520-0514,Shiga Prefecture,1547-1 Kido Otsu,,,http://www.tripadvisor.com/Hotel_Review-g298202-d1116486-Reviews-Biwako_Alps_Sansou-Otsu_Shiga_Prefecture_Kinki.html
Hirasanso,520-0475 ,Shiga Prefecture,"94 Katsuragawaboumuracho, Otsu",,,http://www.tripadvisor.com/Hotel_Review-g298202-d1389985-Reviews-Hirasanso-Otsu_Shiga_Prefecture_Kinki.html
BSC Water Sports Centre,520-0588,Shiga Prefecture,4-1 Minamifunaji Otsu,,$$$,http://www.tripadvisor.com/Hotel_Review-g298202-d1485753-Reviews-BSC_Water_Sports_Centre-Otsu_Shiga_Prefecture_Kinki.html
Hotel Otsu,520-0011,Shiga Prefecture,971-1 Minamishiga-cho Otsu,,$,http://www.tripadvisor.com/Hotel_Review-g298202-d1485754-Reviews-Hotel_Otsu-Otsu_Shiga_Prefecture_Kinki.html
Auberge Meson,520-0503,Shiga Prefecture,1039-45 Kitahira Otsu,4,$$$$,http://www.tripadvisor.com/Hotel_Review-g298202-d1724953-Reviews-Auberge_Meson-Otsu_Shiga_Prefecture_Kinki.html
Toyoko Inn Kyoto Biwako Otsu,520-0046,Shiga Prefecture,"2-1-28, Nagara Otsu",142,$,http://www.tripadvisor.com/Hotel_Review-g298202-d1816064-Reviews-Toyoko_Inn_Kyoto_Biwako_Otsu-Otsu_Shiga_Prefecture_Kinki.html
Minshuku Maikoya,520-0502,Shiga Prefecture,1096-1 Minamikomatsu Otsu,,$,http://www.tripadvisor.com/Hotel_Review-g298202-d1862222-Reviews-Minshuku_Maikoya-Otsu_Shiga_Prefecture_Kinki.html
Pention Chewing gum,520-0511,Shiga Prefecture,1240-3 Minamihira Otsu,,$,http://www.tripadvisor.com/Hotel_Review-g298202-d1877919-Reviews-Pention_Chewing_gum-Otsu_Shiga_Prefecture_Kinki.html
Hira Lake House,520-0503,Shiga Prefecture,242 Kitahira Otsu,,$$,http://www.tripadvisor.com/Hotel_Review-g298202-d1877922-Reviews-Hira_Lake_House-Otsu_Shiga_Prefecture_Kinki.html
Omatsukan,520-0502,Shiga Prefecture,1095 Minamikomatsu Otsu,,,http://www.tripadvisor.com/Hotel_Review-g298202-d1877926-Reviews-Omatsukan-Otsu_Shiga_Prefecture_Kinki.html
Biwa Lake Otsuka,520-0502,Shiga Prefecture,1054-3 Minamikomatsu Otsu,24,$$,http://www.tripadvisor.com/Hotel_Review-g298202-d1877933-Reviews-Biwa_Lake_Otsuka-Otsu_Shiga_Prefecture_Kinki.html
B B Dylan,520-0502,Shiga Prefecture,100 Minamikomatsu Otsu,6,,http://www.tripadvisor.com/Hotel_Review-g298202-d1910232-Reviews-B_B_Dylan-Otsu_Shiga_Prefecture_Kinki.html
Business Hotel Kogetsu,520-0055,Shiga Prefecture,2-11 Kasugacho Otsu,,,http://www.tripadvisor.com/Hotel_Review-g298202-d1910234-Reviews-Business_Hotel_Kogetsu-Otsu_Shiga_Prefecture_Kinki.html
cafe & guesthouse AN,520-0837,Shiga Prefecture,2-10-35 Nakasho Otsu,,$,http://www.tripadvisor.com/Hotel_Review-g298202-d2541343-Reviews-Cafe_guesthouse_AN-Otsu_Shiga_Prefecture_Kinki.html
River hill Oishi,520-2262,Shiga Prefecture,3-16-18 Oishiyodo Otsu,,,http://www.tripadvisor.com/Hotel_Review-g298202-d3581474-Reviews-River_hill_Oishi-Otsu_Shiga_Prefecture_Kinki.html
Youth Hostel Seikyoji,520-0113,Shiga Prefecture,5-13-1 Sakamoto Otsu,,,http://www.tripadvisor.com/Hotel_Review-g298202-d3581479-Reviews-Youth_Hostel_Seikyoji-Otsu_Shiga_Prefecture_Kinki.html
Cikashin,5200101,Shiga Prefecture,6-1-23 Ogoto Otsu,,,http://www.tripadvisor.com/Hotel_Review-g298202-d3581480-Reviews-Cikashin-Otsu_Shiga_Prefecture_Kinki.html
Hotel Idutsu,520-0105,Shiga Prefecture,1-29-9 Shimosakamoto Otsu,,,http://www.tripadvisor.com/Hotel_Review-g298202-d3581486-Reviews-Hotel_Idutsu-Otsu_Shiga_Prefecture_Kinki.html
BSC House Biwa lake,520-0516,Shiga Prefecture,4-1 Minami-funaji Otsu,,$$$,http://www.tripadvisor.com/Hotel_Review-g298202-d3581489-Reviews-BSC_House_Biwa_lake-Otsu_Shiga_Prefecture_Kinki.html
Youth Hostel Wanihama Seinen kaikan,5200523,Shiga Prefecture,403 Waniminamihama Otsu,,,http://www.tripadvisor.com/Hotel_Review-g298202-d3581491-Reviews-Youth_Hostel_Wanihama_Seinen_kaikan-Otsu_Shiga_Prefecture_Kinki.html
Ryokan Hanamura,520-0047,Shiga Prefecture,3-9-5 Hamaotsu Otsu,,,http://www.tripadvisor.com/Hotel_Review-g298202-d3583957-Reviews-Ryokan_Hanamura-Otsu_Shiga_Prefecture_Kinki.html
Minakuchi Century Hotel,528-0035,Shiga Prefecture,170-1 Minakuchichonasaka Koka,,$,http://www.tripadvisor.com/Hotel_Review-g1023574-d1063796-Reviews-Minakuchi_Century_Hotel-Koka_Shiga_Prefecture_Kinki.html
Shiono Onsen,520-3315,Shiga Prefecture,269 Shiono Konancho Koka,,,http://www.tripadvisor.com/Hotel_Review-g1023574-d1114405-Reviews-Shiono_Onsen-Koka_Shiga_Prefecture_Kinki.html
Hotel New Mifuku,528-0033,Shiga Prefecture,3-59 Ayano Minakuchicho Koka,45,$,http://www.tripadvisor.com/Hotel_Review-g1023574-d1114410-Reviews-Hotel_New_Mifuku-Koka_Shiga_Prefecture_Kinki.html
Kouunsou,529-1804,Shiga Prefecture,1424-1 Kushi Shigarakichocho Koka,,$,http://www.tripadvisor.com/Hotel_Review-g1023574-d1114416-Reviews-Kouunsou-Koka_Shiga_Prefecture_Kinki.html
Ogawatei,529-1851,Shiga Prefecture,876 Shigarakichonagano Koka,,$,http://www.tripadvisor.com/Hotel_Review-g1023574-d1114420-Reviews-Ogawatei-Koka_Shiga_Prefecture_Kinki.html
Hiraokaya,529-1851,Shiga Prefecture,516-28 Nagano Shigarakicho Koka,,$$$,http://www.tripadvisor.com/Hotel_Review-g1023574-d1116491-Reviews-Hiraokaya-Koka_Shiga_Prefecture_Kinki.html
Miyano Onsen,520-3314,Shiga Prefecture,364-1 Konanchosugitani Koka,,$,http://www.tripadvisor.com/Hotel_Review-g1023574-d1116497-Reviews-Miyano_Onsen-Koka_Shiga_Prefecture_Kinki.html
Hotel Lake Villa,529-1821,Shiga Prefecture,1 Shigarakicho Tarao Koka,34,$$,http://www.tripadvisor.com/Hotel_Review-g1023574-d1116501-Reviews-Hotel_Lake_Villa-Koka_Shiga_Prefecture_Kinki.html
Kamoshikasou,528-0201,Shiga Prefecture,1104 Okawara_Tsuchiyamacho Koka,,$$,http://www.tripadvisor.com/Hotel_Review-g1023574-d1116512-Reviews-Kamoshikasou-Koka_Shiga_Prefecture_Kinki.html
Greenhill Suntopia,528-0051,Shiga Prefecture,"1-1 Kitanaiki, Minakuchi-cho Koka",11,$,http://www.tripadvisor.com/Hotel_Review-g1023574-d1862197-Reviews-Greenhill_Suntopia-Koka_Shiga_Prefecture_Kinki.html
Hotel Kojo,528-0017,Shiga Prefecture,"2-2 Kyomachi, Minakuchi-cho Koka",,$,http://www.tripadvisor.com/Hotel_Review-g1023574-d1862200-Reviews-Hotel_Kojo-Koka_Shiga_Prefecture_Kinki.html
Diamond Shiga,528-0208,Shiga Prefecture,1711 Tsuchiyamachokurokawa Koka,,$$,http://www.tripadvisor.com/Hotel_Review-g1023574-d2258792-Reviews-Diamond_Shiga-Koka_Shiga_Prefecture_Kinki.html
Pension Shigaraki,529-1851,Shiga Prefecture,"1185-2 Shigaraki-cho, Nagano Koka",,$,http://www.tripadvisor.com/Hotel_Review-g1023574-d3583739-Reviews-Pension_Shigaraki-Koka_Shiga_Prefecture_Kinki.html
Masuya,521-0034,Shiga Prefecture,410 Shimonyu Maibara,,$$$,http://www.tripadvisor.com/Hotel_Review-g1023581-d1059850-Reviews-Masuya-Maibara_Shiga_Prefecture_Kinki.html
Oumiya,521-0012,Shiga Prefecture,600 Maihara Maibara,,,http://www.tripadvisor.com/Hotel_Review-g1023581-d1114361-Reviews-Oumiya-Maibara_Shiga_Prefecture_Kinki.html
Family Pension Ibuki,521-0312,Shiga Prefecture,983-1 Ueno Maibara,,,http://www.tripadvisor.com/Hotel_Review-g1023581-d1114382-Reviews-Family_Pension_Ibuki-Maibara_Shiga_Prefecture_Kinki.html
Lodge Yama,521-0312,Shiga Prefecture,1855-23 Ueno Maibara,,,http://www.tripadvisor.com/Hotel_Review-g1023581-d1116378-Reviews-Lodge_Yama-Maibara_Shiga_Prefecture_Kinki.html
Hotel Naredge Inn,521-0015,Shiga Prefecture,23 Maibaranishi Maibara,,,http://www.tripadvisor.com/Hotel_Review-g1023581-d1116523-Reviews-Hotel_Naredge_Inn-Maibara_Shiga_Prefecture_Kinki.html
Ibukikogenso,521-0312,Shiga Prefecture,1855 Ueno Maibara,,,http://www.tripadvisor.com/Hotel_Review-g1023581-d1869669-Reviews-Ibukikogenso-Maibara_Shiga_Prefecture_Kinki.html
Taisitsukaizen no Syokuji to Yado Hiiragi,521-0312,Shiga Prefecture,827 Ueno Maibara,,,http://www.tripadvisor.com/Hotel_Review-g1023581-d1877902-Reviews-Taisitsukaizen_no_Syokuji_to_Yado_Hiiragi-Maibara_Shiga_Prefecture_Kinki.html
Ibuki sanroku Minshuku,521-0312,Shiga Prefecture,Ueno Maibara,,,http://www.tripadvisor.com/Hotel_Review-g1023581-d3581493-Reviews-Ibuki_sanroku_Minshuku-Maibara_Shiga_Prefecture_Kinki.html
Okuibuki Minshuku,521-0301,Shiga Prefecture,Kozuhara Maibara,,,http://www.tripadvisor.com/Hotel_Review-g1023581-d3583743-Reviews-Okuibuki_Minshuku-Maibara_Shiga_Prefecture_Kinki.html
Shinmei Camping place,521-0062,Shiga Prefecture,Ukano Maibara,,,http://www.tripadvisor.com/Hotel_Review-g1023581-d3583751-Reviews-Shinmei_Camping_place-Maibara_Shiga_Prefecture_Kinki.html
Okuibuki Camping place,521-0301,Shiga Prefecture,Kozuhara Maibara,,,http://www.tripadvisor.com/Hotel_Review-g1023581-d3583753-Reviews-Okuibuki_Camping_place-Maibara_Shiga_Prefecture_Kinki.html
Anegawa Park Camping place,521-0307,Shiga Prefecture,Okubo Maibara,,,http://www.tripadvisor.com/Hotel_Review-g1023581-d3583754-Reviews-Anegawa_Park_Camping_place-Maibara_Shiga_Prefecture_Kinki.html
Agri Cottage,521-0301,Shiga Prefecture,Kozuhara Maibara,,,http://www.tripadvisor.com/Hotel_Review-g1023581-d3583958-Reviews-Agri_Cottage-Maibara_Shiga_Prefecture_Kinki.html
Fureai no sato River Hall Itanami,521-0305,Shiga Prefecture,Kamiitanami Maibara,,,http://www.tripadvisor.com/Hotel_Review-g1023581-d3583959-Reviews-Fureai_no_sato_River_Hall_Itanami-Maibara_Shiga_Prefecture_Kinki.html
Greenpark Santo Kamoikeso,521-0221,Shiga Prefecture,80-1 Ikenoshita Maibara,,$,http://www.tripadvisor.com/Hotel_Review-g1023581-d4341094-Reviews-Greenpark_Santo_Kamoikeso-Maibara_Shiga_Prefecture_Kinki.html
Hikone View Hotel,522-0002,Shiga Prefecture,1435-91 Matsubaracho Hikone,102,$$,http://www.tripadvisor.com/Hotel_Review-g1023563-d301200-Reviews-Hikone_View_Hotel-Hikone_Shiga_Prefecture_Kinki.html
Garden Hotel Daiwa,522-0021,Shiga Prefecture,76 Saiwaicho Hikone,42,$,http://www.tripadvisor.com/Hotel_Review-g1023563-d325787-Reviews-Garden_Hotel_Daiwa-Hikone_Shiga_Prefecture_Kinki.html
Business Hotel Hikone,522-0009,Shiga Prefecture,170-1 Tomachi Hikone,,,http://www.tripadvisor.com/Hotel_Review-g1023563-d1063357-Reviews-Business_Hotel_Hikone-Hikone_Shiga_Prefecture_Kinki.html
Biwako Conference Center,521-1136,Shiga Prefecture,2-1-1 Shingaihama Hikone,,$$,http://www.tripadvisor.com/Hotel_Review-g1023563-d1063384-Reviews-Biwako_Conference_Center-Hikone_Shiga_Prefecture_Kinki.html
Grand Duku Hotel,522-0075,Shiga Prefecture,11-36 Sawacho Hikone,41,$,http://www.tripadvisor.com/Hotel_Review-g1023563-d1063387-Reviews-Grand_Duku_Hotel-Hikone_Shiga_Prefecture_Kinki.html
Hikone Art Hotel,522-0201,Shiga Prefecture,1708-1 Takamiyacho Hikone,,$,http://www.tripadvisor.com/Hotel_Review-g1023563-d1063392-Reviews-Hikone_Art_Hotel-Hikone_Shiga_Prefecture_Kinki.html
Hikone Station Hotel,522-0007,Shiga Prefecture,677 Furusawacho Hikone,120,$,http://www.tripadvisor.com/Hotel_Review-g1023563-d1063397-Reviews-Hikone_Station_Hotel-Hikone_Shiga_Prefecture_Kinki.html
Hotel Estacion Hikone,522-0073,Shiga Prefecture,8-31 Asahimachi Hikone,37,$,http://www.tripadvisor.com/Hotel_Review-g1023563-d1063405-Reviews-Hotel_Estacion_Hikone-Hikone_Shiga_Prefecture_Kinki.html
Hotel Lakeland Hikone,522-0054,Shiga Prefecture,62-2 Nishiimacho Hikone,,$,http://www.tripadvisor.com/Hotel_Review-g1023563-d1063408-Reviews-Hotel_Lakeland_Hikone-Hikone_Shiga_Prefecture_Kinki.html
Hotel Southern Village,522-0041,Shiga Prefecture,512 Hiratacho Hikone,52,$,http://www.tripadvisor.com/Hotel_Review-g1023563-d1063411-Reviews-Hotel_Southern_Village-Hikone_Shiga_Prefecture_Kinki.html
Hotel Sun Root Hikone,522-0073,Shiga Prefecture,9-14 Asahimachi Hikone,73,$,http://www.tripadvisor.com/Hotel_Review-g1023563-d1063637-Reviews-Hotel_Sun_Root_Hikone-Hikone_Shiga_Prefecture_Kinki.html
Futabaso,522-0002,Shiga Prefecture,1377 Matsubara Hikone,15,$$,http://www.tripadvisor.com/Hotel_Review-g1023563-d1063641-Reviews-Futabaso-Hikone_Shiga_Prefecture_Kinki.html
Hikone Biwako Hotel,522-0041,Shiga Prefecture,63 Hirata-cho Hikone,36,$,http://www.tripadvisor.com/Hotel_Review-g1023563-d1089442-Reviews-Hikone_Biwako_Hotel-Hikone_Shiga_Prefecture_Kinki.html
Hikone Castle Resort & Spa,522-0075,Shiga Prefecture,1-8 Sawa-cho Hikone,55,$$,http://www.tripadvisor.com/Hotel_Review-g1023563-d1089450-Reviews-Hikone_Castle_Resort_Spa-Hikone_Shiga_Prefecture_Kinki.html
Super Hotel Minamihikoneekimae,522-0043,Shiga Prefecture,133-1 Koizumi-cho Hikone,,$,http://www.tripadvisor.com/Hotel_Review-g1023563-d1089464-Reviews-Super_Hotel_Minamihikoneekimae-Hikone_Shiga_Prefecture_Kinki.html
Kanponoyado Hikone,522-0002 ,Shiga Prefecture,3759 Matsubara-cho Hikone,,$$,http://www.tripadvisor.com/Hotel_Review-g1023563-d1089468-Reviews-Kanponoyado_Hikone-Hikone_Shiga_Prefecture_Kinki.html
Yasui,522-0082,Shiga Prefecture,13-26 Yasukiyo-cho Hikone,,$$$$,http://www.tripadvisor.com/Hotel_Review-g1023563-d1089483-Reviews-Yasui-Hikone_Shiga_Prefecture_Kinki.html
Minami Hikone Station Hotel,522-0043,Shiga Prefecture,289 Koizumi-cho Hikone,,$,http://www.tripadvisor.com/Hotel_Review-g1023563-d1089490-Reviews-Minami_Hikone_Station_Hotel-Hikone_Shiga_Prefecture_Kinki.html
Hikone North Art Hotel,522-0071,Shiga Prefecture,1-23 Motomachi Hikone,,,http://www.tripadvisor.com/Hotel_Review-g1023563-d1093780-Reviews-Hikone_North_Art_Hotel-Hikone_Shiga_Prefecture_Kinki.html
Casa Estacion Hikone,522-0074,Shiga Prefecture,7-20 Daito-cho Hikone,,$$,http://www.tripadvisor.com/Hotel_Review-g1023563-d1108459-Reviews-Casa_Estacion_Hikone-Hikone_Shiga_Prefecture_Kinki.html
Business Hotel Serikawa,522-0083,Shiga Prefecture,2-8-4 Kawara Hikone,40,$,http://www.tripadvisor.com/Hotel_Review-g1023563-d1114339-Reviews-Business_Hotel_Serikawa-Hikone_Shiga_Prefecture_Kinki.html
Business Hotel Oumi,522-0074,Shiga Prefecture,2-35 Daitocho Hikone,,$,http://www.tripadvisor.com/Hotel_Review-g1023563-d1114342-Reviews-Business_Hotel_Oumi-Hikone_Shiga_Prefecture_Kinki.html
Weekly Mansion Nakamura,522-0046,Shiga Prefecture,255-5 Kanrocho Hikone,,,http://www.tripadvisor.com/Hotel_Review-g1023563-d1114347-Reviews-Weekly_Mansion_Nakamura-Hikone_Shiga_Prefecture_Kinki.html
Kiyotaki Ryokan,522-0083,Shiga Prefecture,2-7-10 Kawara Hikone,,$,http://www.tripadvisor.com/Hotel_Review-g1023563-d1114351-Reviews-Kiyotaki_Ryokan-Hikone_Shiga_Prefecture_Kinki.html
Hotel Route Inn Hikone,522-0027,Shiga Prefecture,111-3 Higashino Namicho Hikone,207,$,http://www.tripadvisor.com/Hotel_Review-g1023563-d1404885-Reviews-Hotel_Route_Inn_Hikone-Hikone_Shiga_Prefecture_Kinki.html
Comfort Hotel Hikone,522-0007,Shiga Prefecture,155 Furusawa-cho Hikone,154,$,http://www.tripadvisor.com/Hotel_Review-g1023563-d1439838-Reviews-Comfort_Hotel_Hikone-Hikone_Shiga_Prefecture_Kinki.html
Tobaya Ryokan,522-0083,Shiga Prefecture,3-1-23 Kawara Hikone,,$,http://www.tripadvisor.com/Hotel_Review-g1023563-d1877875-Reviews-Tobaya_Ryokan-Hikone_Shiga_Prefecture_Kinki.html
Hakkeitei,522-0061,Shiga Prefecture,3-41 Konki-cho Hikone,,$$$$,http://www.tripadvisor.com/Hotel_Review-g1023563-d3581492-Reviews-Hakkeitei-Hikone_Shiga_Prefecture_Kinki.html
Guest House Muga,522-0087,Shiga Prefecture,1-4-43 Seribashi Hikone,,$,http://www.tripadvisor.com/Hotel_Review-g1023563-d6436613-Reviews-Guest_House_Muga-Hikone_Shiga_Prefecture_Kinki.html
Business Hotel Takara,520-2331,Shiga Prefecture,855 Koshinohara Yasu,,$,http://www.tripadvisor.com/Hotel_Review-g1023576-d1063402-Reviews-Business_Hotel_Takara-Yasu_Shiga_Prefecture_Kinki.html
Central Hotel Yasu,520-2362,Shiga Prefecture,948-1 Ichimiyake Yasu,,$,http://www.tripadvisor.com/Hotel_Review-g1023576-d1114388-Reviews-Central_Hotel_Yasu-Yasu_Shiga_Prefecture_Kinki.html
Yasu City Hotel,520-2361,Shiga Prefecture,1-1-6 Kitano Yasu,,,http://www.tripadvisor.com/Hotel_Review-g1023576-d1817243-Reviews-Yasu_City_Hotel-Yasu_Shiga_Prefecture_Kinki.html
Ayameso,524-0202,Shiga Prefecture,252 Ayame Yasu,,,http://www.tripadvisor.com/Hotel_Review-g1023576-d1925357-Reviews-Ayameso-Yasu_Shiga_Prefecture_Kinki.html
Biwako Maiamilnd,524-0201,Shiga Prefecture,3326-1 Yoshikawa Yasu,,,http://www.tripadvisor.com/Hotel_Review-g1023576-d2222788-Reviews-Biwako_Maiamilnd-Yasu_Shiga_Prefecture_Kinki.html
Omi Fuji karyoku koen lodge,520-2323,Shiga Prefecture,519 Mikami Yasu,,$,http://www.tripadvisor.com/Hotel_Review-g1023576-d2526893-Reviews-Omi_Fuji_karyoku_koen_lodge-Yasu_Shiga_Prefecture_Kinki.html
Omi Kibougaoka Youth Hostel,520-2321,Shiga Prefecture,978 Kitazakura Yasu,,,http://www.tripadvisor.com/Hotel_Review-g1023576-d3583969-Reviews-Omi_Kibougaoka_Youth_Hostel-Yasu_Shiga_Prefecture_Kinki.html
Miami Beach Auto-Camp site,524-0201,Shiga Prefecture,3326-1 Yoshikawa Yasu,,,http://www.tripadvisor.com/Hotel_Review-g1023576-d4108000-Reviews-Miami_Beach_Auto_Camp_site-Yasu_Shiga_Prefecture_Kinki.html
Hotel Yes Nagahama Ekimaekan,526-0058,Shiga Prefecture,9-30 Minamigofukucho Nagahama,119,$,http://www.tripadvisor.com/Hotel_Review-g1023582-d1063443-Reviews-Hotel_Yes_Nagahama_Ekimaekan-Nagahama_Shiga_Prefecture_Kinki.html
Hamakogetsu,526-0065,Shiga Prefecture,4-25 Koencho Nagahama,,$$,http://www.tripadvisor.com/Hotel_Review-g1023582-d1063445-Reviews-Hamakogetsu-Nagahama_Shiga_Prefecture_Kinki.html
Nagahama Business Hotel,526-0846,Shiga Prefecture,300 Kawasakicho Nagahama,,$,http://www.tripadvisor.com/Hotel_Review-g1023582-d1063451-Reviews-Nagahama_Business_Hotel-Nagahama_Shiga_Prefecture_Kinki.html
Sugatani Onsen,526-0277,Shiga Prefecture,36 Sugatanicho Nagahama,,$$$$,http://www.tripadvisor.com/Hotel_Review-g1023582-d1063456-Reviews-Sugatani_Onsen-Nagahama_Shiga_Prefecture_Kinki.html
Business Hotel Wellness,526-0015,Shiga Prefecture,951-1 Kamiteru-cho Nagahama,,$,http://www.tripadvisor.com/Hotel_Review-g1023582-d1093180-Reviews-Business_Hotel_Wellness-Nagahama_Shiga_Prefecture_Kinki.html
Hotel Route Inn Nagahama Inter,526-0804,Shiga Prefecture,"884-1 Kamitsunoda, Kano-cho Nagahama",,$,http://www.tripadvisor.com/Hotel_Review-g1023582-d1093188-Reviews-Hotel_Route_Inn_Nagahama_Inter-Nagahama_Shiga_Prefecture_Kinki.html
Kitabiwako Hotel Grazie,526-0067,Shiga Prefecture,4-17 Minato-cho Nagahama,82,$$,http://www.tripadvisor.com/Hotel_Review-g1023582-d1093190-Reviews-Kitabiwako_Hotel_Grazie-Nagahama_Shiga_Prefecture_Kinki.html
Houkousou,526-0065,Shiga Prefecture,10-1 Koen-cho Nagahama,,$,http://www.tripadvisor.com/Hotel_Review-g1023582-d1093196-Reviews-Houkousou-Nagahama_Shiga_Prefecture_Kinki.html
Chimoto,526-0056,Shiga Prefecture,3-1 Asahi-cho Nagahama,,$$$,http://www.tripadvisor.com/Hotel_Review-g1023582-d1093202-Reviews-Chimoto-Nagahama_Shiga_Prefecture_Kinki.html
Nagahama Dome Shukuhaku Kenshukan,526-0829,Shiga Prefecture,1411-1 Tamuracho Nagahama,,$,http://www.tripadvisor.com/Hotel_Review-g1023582-d1093838-Reviews-Nagahama_Dome_Shukuhaku_Kenshukan-Nagahama_Shiga_Prefecture_Kinki.html
Nagahama Royal Hotel,526-0066,Shiga Prefecture,38 Oshimacho Nagahama,366,$,http://www.tripadvisor.com/Hotel_Review-g1023582-d1093844-Reviews-Nagahama_Royal_Hotel-Nagahama_Shiga_Prefecture_Kinki.html
Business Hotel Izumi,526-0031,Shiga Prefecture,224 Yawatahigashicho Nagahama,,$,http://www.tripadvisor.com/Hotel_Review-g1023582-d1094368-Reviews-Business_Hotel_Izumi-Nagahama_Shiga_Prefecture_Kinki.html
Pension Big Foot Okubiwako,529-0726,Shiga Prefecture,1438-1 Sugaura Nagahama,,$$,http://www.tripadvisor.com/Hotel_Review-g1023582-d1124550-Reviews-Pension_Big_Foot_Okubiwako-Nagahama_Shiga_Prefecture_Kinki.html
Beniayu,529-0364,Shiga Prefecture,312 Onoe Nagahama,16,$$$$,http://www.tripadvisor.com/Hotel_Review-g1023582-d1198514-Reviews-Beniayu-Nagahama_Shiga_Prefecture_Kinki.html
Omi Ikoino Hiroba,529-0415,Shiga Prefecture,678 Omi Nagahama,,$,http://www.tripadvisor.com/Hotel_Review-g1023582-d1485747-Reviews-Omi_Ikoino_Hiroba-Nagahama_Shiga_Prefecture_Kinki.html
Chojian,529-0402,Shiga Prefecture,2702 Sugino Nagahama,,$,http://www.tripadvisor.com/Hotel_Review-g1023582-d1485748-Reviews-Chojian-Nagahama_Shiga_Prefecture_Kinki.html
Suzunoya Seisenkaku,529-0425,Shiga Prefecture,Kinomoto Ekimae Nagahama,,$,http://www.tripadvisor.com/Hotel_Review-g1023582-d1485749-Reviews-Suzunoya_Seisenkaku-Nagahama_Shiga_Prefecture_Kinki.html
Ryokan Kokoan,529-0411,Shiga Prefecture,1094 Furuhashi Nagahama,,$$,http://www.tripadvisor.com/Hotel_Review-g1023582-d1485750-Reviews-Ryokan_Kokoan-Nagahama_Shiga_Prefecture_Kinki.html
Lake Side Inn Rudder,529-0721,Shiga Prefecture,1824 Oura Nagahama,,$$,http://www.tripadvisor.com/Hotel_Review-g1023582-d1485751-Reviews-Lake_Side_Inn_Rudder-Nagahama_Shiga_Prefecture_Kinki.html
Soukotei Gennai,529-0431,Shiga Prefecture,1529-1 Oto Kinomotocho Nagahama,,$$$$,http://www.tripadvisor.com/Hotel_Review-g1023582-d1785580-Reviews-Soukotei_Gennai-Nagahama_Shiga_Prefecture_Kinki.html
L'Hotel du Lac,529-0721,Shiga Prefecture,"2064 Oura, Nishiazai-cho Nagahama",13,$$,http://www.tripadvisor.com/Hotel_Review-g1023582-d1862205-Reviews-L_Hotel_du_Lac-Nagahama_Shiga_Prefecture_Kinki.html
Art Hotel Nagahama,526-0021,Shiga Prefecture,28-1 Yawata Nakayama-cho Nagahama,105,$,http://www.tripadvisor.com/Hotel_Review-g1023582-d1862224-Reviews-Art_Hotel_Nagahama-Nagahama_Shiga_Prefecture_Kinki.html
Green Hotel Yes Nagahama Minatokan,526-0067,Shiga Prefecture,2-28 Minatocho Nagahama,104,$,http://www.tripadvisor.com/Hotel_Review-g1023582-d1877905-Reviews-Green_Hotel_Yes_Nagahama_Minatokan-Nagahama_Shiga_Prefecture_Kinki.html
Tsuzuraoso,529-0726,Shiga Prefecture,580 Sugaura Nishiasaicho Nagahama,,$,http://www.tripadvisor.com/Hotel_Review-g1023582-d1925360-Reviews-Tsuzuraoso-Nagahama_Shiga_Prefecture_Kinki.html
Onoueso,529-0364,Shiga Prefecture,313_13 Onoe Nagahama,,,http://www.tripadvisor.com/Hotel_Review-g1023582-d1925363-Reviews-Onoueso-Nagahama_Shiga_Prefecture_Kinki.html
Woody Pal Yogo,529-0515,Shiga Prefecture,260 Nakanogo Nagahama,,$$,http://www.tripadvisor.com/Hotel_Review-g1023582-d1925367-Reviews-Woody_Pal_Yogo-Nagahama_Shiga_Prefecture_Kinki.html
Kokuminshukusha Yogokoso,529-0541,Shiga Prefecture,Yogocho Nagahama,,,http://www.tripadvisor.com/Hotel_Review-g1023582-d2037644-Reviews-Kokuminshukusha_Yogokoso-Nagahama_Shiga_Prefecture_Kinki.html
Takayama Camping place,526-0201,Shiga Prefecture,2324 Takayama-cho Nagahama,,,http://www.tripadvisor.com/Hotel_Review-g1023582-d3581483-Reviews-Takayama_Camping_place-Nagahama_Shiga_Prefecture_Kinki.html
Toragozenyama Camping place,529-0103,Shiga Prefecture,Nakano-cho Nagahama,,,http://www.tripadvisor.com/Hotel_Review-g1023582-d3581484-Reviews-Toragozenyama_Camping_place-Nagahama_Shiga_Prefecture_Kinki.html
Bunemon,5290523,Shiga Prefecture,"261-1 Kawanami, Yogo-cho Nagahama",,,http://www.tripadvisor.com/Hotel_Review-g1023582-d3581485-Reviews-Bunemon-Nagahama_Shiga_Prefecture_Kinki.html
Yogo Fujitopia,529-0523,Shiga Prefecture,"1560 Kawanami, Yogo-cho Nagahama",,$,http://www.tripadvisor.com/Hotel_Review-g1023582-d3581488-Reviews-Yogo_Fujitopia-Nagahama_Shiga_Prefecture_Kinki.html
Fukushimaya,5290721,Shiga Prefecture,"821 Oura, Nishiazai Nagahama",,,http://www.tripadvisor.com/Hotel_Review-g1023582-d3581490-Reviews-Fukushimaya-Nagahama_Shiga_Prefecture_Kinki.html
Minshuku Funakura,529-0364,Shiga Prefecture,"313-7 Kohoku-cho, Onoe Nagahama",,,http://www.tripadvisor.com/Hotel_Review-g1023582-d3583748-Reviews-Minshuku_Funakura-Nagahama_Shiga_Prefecture_Kinki.html
Ryoriryokan Uwoyoshi,529-0364,Shiga Prefecture,287-1 Kohokucho Onoe Nagahama,,$$,http://www.tripadvisor.com/Hotel_Review-g1023582-d4341621-Reviews-Ryoriryokan_Uwoyoshi-Nagahama_Shiga_Prefecture_Kinki.html
Hotel hachiman,523-0843,Shiga Prefecture,285sakuranomiyamachi Omihachiman,,$,http://www.tripadvisor.com/Hotel_Review-g1023564-d1063471-Reviews-Hotel_hachiman-Omihachiman_Shiga_Prefecture_Kinki.html
Business Hotel Nishinosho,523-0816,Shiga Prefecture,1252-2 Nishinosho-cho Omihachiman,,$,http://www.tripadvisor.com/Hotel_Review-g1023564-d1089498-Reviews-Business_Hotel_Nishinosho-Omihachiman_Shiga_Prefecture_Kinki.html
Green Hotel Yes Ohmi Hachiman,523-0894,Shiga Prefecture,21-6 Nakamura-cho Omihachiman,52,$,http://www.tripadvisor.com/Hotel_Review-g1023564-d1090590-Reviews-Green_Hotel_Yes_Ohmi_Hachiman-Omihachiman_Shiga_Prefecture_Kinki.html
Hotel New Omi,523-8585,Shiga Prefecture,1481 Takagai-cho Omihachiman,83,$$,http://www.tripadvisor.com/Hotel_Review-g1023564-d1090592-Reviews-Hotel_New_Omi-Omihachiman_Shiga_Prefecture_Kinki.html
Hotel Rokumaibashi,523-0016,Shiga Prefecture,617-1 Senzoku-cho Omihachiman,,,http://www.tripadvisor.com/Hotel_Review-g1023564-d1090598-Reviews-Hotel_Rokumaibashi-Omihachiman_Shiga_Prefecture_Kinki.html
Omihachiman Station Hotel,523-0891,Shiga Prefecture,3-3-9 Minami Takakai-cho Omihachiman,,$,http://www.tripadvisor.com/Hotel_Review-g1023564-d1090636-Reviews-Omihachiman_Station_Hotel-Omihachiman_Shiga_Prefecture_Kinki.html
Qkamura Ohmi-Hachiman,523-0801,Shiga Prefecture,"Miyagahama, Okishima-cho Omihachiman",,$$,http://www.tripadvisor.com/Hotel_Review-g1023564-d1092272-Reviews-Qkamura_Ohmi_Hachiman-Omihachiman_Shiga_Prefecture_Kinki.html
Best Inn Omi Hachiman,523-0891,Shiga Prefecture,514-1 Takakai-cho Omihachiman,116,$,http://www.tripadvisor.com/Hotel_Review-g1023564-d1093782-Reviews-Best_Inn_Omi_Hachiman-Omihachiman_Shiga_Prefecture_Kinki.html
Business Daiichi Hotel,523-0032,Shiga Prefecture,48-9 Shiratoricho Omihachiman,,$,http://www.tripadvisor.com/Hotel_Review-g1023564-d1114974-Reviews-Business_Daiichi_Hotel-Omihachiman_Shiga_Prefecture_Kinki.html
Business Ryokan Kameya Shigaken,523-0896,Shiga Prefecture,4-23-14 Takakaichokita Omihachiman,,,http://www.tripadvisor.com/Hotel_Review-g1023564-d1114976-Reviews-Business_Ryokan_Kameya_Shigaken-Omihachiman_Shiga_Prefecture_Kinki.html
Suigosou,523-0808,Shiga Prefecture,23 Chomeijicho Omihachiman,,,http://www.tripadvisor.com/Hotel_Review-g1023564-d1114979-Reviews-Suigosou-Omihachiman_Shiga_Prefecture_Kinki.html
Nakamuraya,523-0012,Shiga Prefecture,544 Musacho Omihachiman,,,http://www.tripadvisor.com/Hotel_Review-g1023564-d1913499-Reviews-Nakamuraya-Omihachiman_Shiga_Prefecture_Kinki.html
Mizugahama pension,5230808,Shiga Prefecture,"183-22 Mizugahama, Chomeiji-cho Omihachiman",,,http://www.tripadvisor.com/Hotel_Review-g1023564-d3583729-Reviews-Mizugahama_pension-Omihachiman_Shiga_Prefecture_Kinki.html
Omi hachiman Youth hostel,523-0805,Shiga Prefecture,610 Maruyama-cho Omihachiman,,,http://www.tripadvisor.com/Hotel_Review-g1023564-d3583750-Reviews-Omi_hachiman_Youth_hostel-Omihachiman_Shiga_Prefecture_Kinki.html
Hotel Suncrest Kousei,520-3254,Shiga Prefecture,1-33 Iwanechuo Konan,,$$,http://www.tripadvisor.com/Hotel_Review-g1023577-d1063635-Reviews-Hotel_Suncrest_Kousei-Konan_Shiga_Prefecture_Kinki.html
Kose Art Hotel,520-3234,Shiga Prefecture,1-51 Chuo Konan,,$,http://www.tripadvisor.com/Hotel_Review-g1023577-d1114400-Reviews-Kose_Art_Hotel-Konan_Shiga_Prefecture_Kinki.html
Business Ryokan Tenpokaku,520-3221,Shiga Prefecture,26 Mikumo Konan,,$,http://www.tripadvisor.com/Hotel_Review-g1023577-d1877876-Reviews-Business_Ryokan_Tenpokaku-Konan_Shiga_Prefecture_Kinki.html
Business Hotel Mikumo,520-3221,Shiga Prefecture,149-1 Mikumo Konan,,$,http://www.tripadvisor.com/Hotel_Review-g1023577-d2258781-Reviews-Business_Hotel_Mikumo-Konan_Shiga_Prefecture_Kinki.html
Business ryokan Heisei,5203201,Shiga Prefecture,4173 Shimoda Konan,,,http://www.tripadvisor.com/Hotel_Review-g1023577-d3583732-Reviews-Business_ryokan_Heisei-Konan_Shiga_Prefecture_Kinki.html
Shogetsu ryokan,520-3251,Shiga Prefecture,149-1 Asakuni Konan,,,http://www.tripadvisor.com/Hotel_Review-g1023577-d3583746-Reviews-Shogetsu_ryokan-Konan_Shiga_Prefecture_Kinki.html
Ryokan Sazanami so,520-3201,Shiga Prefecture,1508 Shimoda Konan,,,http://www.tripadvisor.com/Hotel_Review-g1023577-d3583956-Reviews-Ryokan_Sazanami_so-Konan_Shiga_Prefecture_Kinki.html
Business Green Hotel Hino,529-1601,Shiga Prefecture,2-16 Matsuo Hino-cho,,$,http://www.tripadvisor.com/Hotel_Review-g1121265-d1124545-Reviews-Business_Green_Hotel_Hino-Hino_cho_Gamo_gun_Shiga_Prefecture_Kinki.html
Ryotei Ryokan Sushiya,529-1603,Shiga Prefecture,531 Okubo Hino-cho,,,http://www.tripadvisor.com/Hotel_Review-g1121265-d3583755-Reviews-Ryotei_Ryokan_Sushiya-Hino_cho_Gamo_gun_Shiga_Prefecture_Kinki.html
Glim Boken no mori,529-1623,Shiga Prefecture,431 Kumano Hino-cho,,,http://www.tripadvisor.com/Hotel_Review-g1121265-d3583756-Reviews-Glim_Boken_no_mori-Hino_cho_Gamo_gun_Shiga_Prefecture_Kinki.html
Hotel Boston Plaza Kusatsu,525-0037,Shiga Prefecture,1-27 Nishiojicho Kusatsu,216,$,http://www.tripadvisor.com/Hotel_Review-g1023565-d620556-Reviews-Hotel_Boston_Plaza_Kusatsu-Kusatsu_Shiga_Prefecture_Kinki.html
Business Hotel Asahi,525-0034,Shiga Prefecture,1-20-14 Kusatsu Kusatsu,,,http://www.tripadvisor.com/Hotel_Review-g1023565-d1063326-Reviews-Business_Hotel_Asahi-Kusatsu_Shiga_Prefecture_Kinki.html
Hotel 21,525-0031,Shiga Prefecture,7-10 Wakatakecho Kusatsu,37,$,http://www.tripadvisor.com/Hotel_Review-g1023565-d1063343-Reviews-Hotel_21-Kusatsu_Shiga_Prefecture_Kinki.html
Kusatsu Daiichi Hotel,525-0031,Shiga Prefecture,5-5 Wakatakecho Kusatsu,,$,http://www.tripadvisor.com/Hotel_Review-g1023565-d1063348-Reviews-Kusatsu_Daiichi_Hotel-Kusatsu_Shiga_Prefecture_Kinki.html
Urban Hotel Kusatsu,525-0032,Shiga Prefecture,1-4-31 Oji Kusatsu,113,$,http://www.tripadvisor.com/Hotel_Review-g1023565-d1064235-Reviews-Urban_Hotel_Kusatsu-Kusatsu_Shiga_Prefecture_Kinki.html
Business Hotel Blue World Kusatsu,525-0033,Shiga Prefecture,2-1-40 Higashi Kusatsu Kusatsu,,$,http://www.tripadvisor.com/Hotel_Review-g1023565-d1092283-Reviews-Business_Hotel_Blue_World_Kusatsu-Kusatsu_Shiga_Prefecture_Kinki.html
Kusatsu Estopia Hotel,525-0037,Shiga Prefecture,4-32 Nishioji-cho Kusatsu,73,$,http://www.tripadvisor.com/Hotel_Review-g1023565-d1092287-Reviews-Kusatsu_Estopia_Hotel-Kusatsu_Shiga_Prefecture_Kinki.html
Business Hotel Hibari,525-0031,Shiga Prefecture,8-4 Wakatake-cho Kusatsu,,$,http://www.tripadvisor.com/Hotel_Review-g1023565-d1092292-Reviews-Business_Hotel_Hibari-Kusatsu_Shiga_Prefecture_Kinki.html
Biwako no Senmatsu,525-0067,Shiga Prefecture,297-1 Shinhamacho Kusatsu,,$$,http://www.tripadvisor.com/Hotel_Review-g1023565-d1094359-Reviews-Biwako_no_Senmatsu-Kusatsu_Shiga_Prefecture_Kinki.html
Urban Hotel Minami Kusatsu,525-0050,Shiga Prefecture,1-1-5 Minamikusatsu Kusatsu,158,$,http://www.tripadvisor.com/Hotel_Review-g1023565-d2264041-Reviews-Urban_Hotel_Minami_Kusatsu-Kusatsu_Shiga_Prefecture_Kinki.html
Okubiwako Makino Grand Park Hotel,520-1813,Shiga Prefecture,"Takagihama, Makinocho Takashima",,$,http://www.tripadvisor.com/Hotel_Review-g1023578-d301363-Reviews-Okubiwako_Makino_Grand_Park_Hotel-Takashima_Shiga_Prefecture_Kinki.html
Pension Rusian,520-1452,Shiga Prefecture,87-1 Kutukichishihara Takashima,,,http://www.tripadvisor.com/Hotel_Review-g1023578-d1063786-Reviews-Pension_Rusian-Takashima_Shiga_Prefecture_Kinki.html
Shirahamaso,520-1223,Shiga Prefecture,2300-1 Adogawacho Shimoogawa Takashima,,$$,http://www.tripadvisor.com/Hotel_Review-g1023578-d1063792-Reviews-Shirahamaso-Takashima_Shiga_Prefecture_Kinki.html
Imazu Sun Bridge Hotel,520-1621,Shiga Prefecture,"1689-2 Imazu, Imazucho Takashima",55,$,http://www.tripadvisor.com/Hotel_Review-g1023578-d1093185-Reviews-Imazu_Sun_Bridge_Hotel-Takashima_Shiga_Prefecture_Kinki.html
Biwako Royal Hotel,520-1822,Shiga Prefecture,6-1 Makinochoshinbo Takashima,,,http://www.tripadvisor.com/Hotel_Review-g1023578-d1094385-Reviews-Biwako_Royal_Hotel-Takashima_Shiga_Prefecture_Kinki.html
Marusan Ryokan,520-1212,Shiga Prefecture,1045-1 Adogawachonishiyurugi Takashima,,$,http://www.tripadvisor.com/Hotel_Review-g1023578-d1114103-Reviews-Marusan_Ryokan-Takashima_Shiga_Prefecture_Kinki.html
Villa Sansui,520-1812,Shiga Prefecture,761-1 Makinochonishihama Takashima,,$$,http://www.tripadvisor.com/Hotel_Review-g1023578-d1114143-Reviews-Villa_Sansui-Takashima_Shiga_Prefecture_Kinki.html
Kogyo Minshuku Kitsuhei,520-1814,Shiga Prefecture,1046 Makino-cho Chinai Takashima,,$,http://www.tripadvisor.com/Hotel_Review-g1023578-d1114160-Reviews-Kogyo_Minshuku_Kitsuhei-Takashima_Shiga_Prefecture_Kinki.html
Pension Cuckoonosu,520-1837,Shiga Prefecture,5-40 Shiratani Makinocho Takashima,,$$,http://www.tripadvisor.com/Hotel_Review-g1023578-d1114168-Reviews-Pension_Cuckoonosu-Takashima_Shiga_Prefecture_Kinki.html
Pension Olive Shigaken,520-1834,Shiga Prefecture,699-1 Makinochoterakubo Takashima,,,http://www.tripadvisor.com/Hotel_Review-g1023578-d1114177-Reviews-Pension_Olive_Shigaken-Takashima_Shiga_Prefecture_Kinki.html
Pension Delice,520-1836,Shiga Prefecture,554-6 Makinochomakino Takashima,,,http://www.tripadvisor.com/Hotel_Review-g1023578-d1114183-Reviews-Pension_Delice-Takashima_Shiga_Prefecture_Kinki.html
West Lake Hotel Kaitorou,520-1216,Shiga Prefecture,2-1-6 Adogawachochuo Takashima,,$,http://www.tripadvisor.com/Hotel_Review-g1023578-d1114194-Reviews-West_Lake_Hotel_Kaitorou-Takashima_Shiga_Prefecture_Kinki.html
Uttatane Biwako,520-1823,Shiga Prefecture,1204-10 Nakasho Makinocho Takashima,,,http://www.tripadvisor.com/Hotel_Review-g1023578-d1114209-Reviews-Uttatane_Biwako-Takashima_Shiga_Prefecture_Kinki.html
Hotel Kaito,520-1631,Shiga Prefecture,1-6 Nakoji Imazucho Takashima,,$,http://www.tripadvisor.com/Hotel_Review-g1023578-d1114211-Reviews-Hotel_Kaito-Takashima_Shiga_Prefecture_Kinki.html
Village D'est Imazu,520-1601,Shiga Prefecture,2405-1 Imazuchofukashimizu Takashima,26,$,http://www.tripadvisor.com/Hotel_Review-g1023578-d1114240-Reviews-Village_D_est_Imazu-Takashima_Shiga_Prefecture_Kinki.html
Pension Kurikko,520-1836,Shiga Prefecture,554-4 Makinochomakino Takashima,,$$$,http://www.tripadvisor.com/Hotel_Review-g1023578-d1114251-Reviews-Pension_Kurikko-Takashima_Shiga_Prefecture_Kinki.html
Pension GuZu,520-1825,Shiga Prefecture,547-7 Makinochomorinishi Takashima,,$$$,http://www.tripadvisor.com/Hotel_Review-g1023578-d1114261-Reviews-Pension_GuZu-Takashima_Shiga_Prefecture_Kinki.html
Pension Makino,520-1835,Shiga Prefecture,229-1 Ishiba Makinocho Takashima,,$,http://www.tripadvisor.com/Hotel_Review-g1023578-d1114273-Reviews-Pension_Makino-Takashima_Shiga_Prefecture_Kinki.html
Pension Kutsukimura,520-1412,Shiga Prefecture,449 Kutsuki Nojiri Takashima,,,http://www.tripadvisor.com/Hotel_Review-g1023578-d1114276-Reviews-Pension_Kutsukimura-Takashima_Shiga_Prefecture_Kinki.html
Toriiro,520-1522,Shiga Prefecture,482 Shinasahi-cho Shinjo Takashima,,$,http://www.tripadvisor.com/Hotel_Review-g1023578-d1114296-Reviews-Toriiro-Takashima_Shiga_Prefecture_Kinki.html
Maruzen Shigaken,520-1836,Shiga Prefecture,263 Makino Makinocho Takashima,,,http://www.tripadvisor.com/Hotel_Review-g1023578-d1114304-Reviews-Maruzen_Shigaken-Takashima_Shiga_Prefecture_Kinki.html
Minshuku Yamagen Shigaken,520-1655,Shiga Prefecture,3021 Imazuchohiokimae Takashima,,,http://www.tripadvisor.com/Hotel_Review-g1023578-d1114308-Reviews-Minshuku_Yamagen_Shigaken-Takashima_Shiga_Prefecture_Kinki.html
Yumoto Kotobuki,520-1223,Shiga Prefecture,2248-2 Shimogawa Adogawacho Takashima,,$$,http://www.tripadvisor.com/Hotel_Review-g1023578-d1116521-Reviews-Yumoto_Kotobuki-Takashima_Shiga_Prefecture_Kinki.html
Green Park Omoidenomori Bungalow,520-1415,Shiga Prefecture,341-3 Kutsukikase Takashima,,$,http://www.tripadvisor.com/Hotel_Review-g1023578-d1877883-Reviews-Green_Park_Omoidenomori_Bungalow-Takashima_Shiga_Prefecture_Kinki.html
Maruyoshi Ryokan,520-1621,Shiga Prefecture,112 Imazuchoimazu Takashima,,$,http://www.tripadvisor.com/Hotel_Review-g1023578-d1877887-Reviews-Maruyoshi_Ryokan-Takashima_Shiga_Prefecture_Kinki.html
Cottage Kiki,520-1655,Shiga Prefecture,"1858-2 Hiokimae, Imazu-cho Takashima",,$$,http://www.tripadvisor.com/Hotel_Review-g1023578-d1877888-Reviews-Cottage_Kiki-Takashima_Shiga_Prefecture_Kinki.html
Pension Biwako,520-1837,Shiga Prefecture,420-8 Makinocho Shiratani Takashima,10,,http://www.tripadvisor.com/Hotel_Review-g1023578-d2035943-Reviews-Pension_Biwako-Takashima_Shiga_Prefecture_Kinki.html
Chinjusha,520-1837,Shiga Prefecture,5-107 Makinochoshiratani Takashima,,$$$$,http://www.tripadvisor.com/Hotel_Review-g1023578-d2258791-Reviews-Chinjusha-Takashima_Shiga_Prefecture_Kinki.html
Biwa lake Seishonen no ie,5201121,Shiga Prefecture,1523-1 Katsuno Takashima,,,http://www.tripadvisor.com/Hotel_Review-g1023578-d3581487-Reviews-Biwa_lake_Seishonen_no_ie-Takashima_Shiga_Prefecture_Kinki.html
Emiju so,520-1121,Shiga Prefecture,1593 Katsuno Takashima,,,http://www.tripadvisor.com/Hotel_Review-g1023578-d3583737-Reviews-Emiju_so-Takashima_Shiga_Prefecture_Kinki.html
Kosei,520-1121,Shiga Prefecture,1533 Katsuno Takashima,,$$,http://www.tripadvisor.com/Hotel_Review-g1023578-d3583741-Reviews-Kosei-Takashima_Shiga_Prefecture_Kinki.html
Hachioji so,520-1837,Shiga Prefecture,"370-1 Shiratani, Makino-cho Takashima",,,http://www.tripadvisor.com/Hotel_Review-g1023578-d3583964-Reviews-Hachioji_so-Takashima_Shiga_Prefecture_Kinki.html
Takagihama Auto Camping Site,520-1812,Shiga Prefecture,Nishihama Makinocho Takashima,,,http://www.tripadvisor.com/Hotel_Review-g1023578-d4163407-Reviews-Takagihama_Auto_Camping_Site-Takashima_Shiga_Prefecture_Kinki.html
Pension BBC,520-1112,Shiga Prefecture,8-45 Nagata Takashima,,$,http://www.tripadvisor.com/Hotel_Review-g1023578-d6495737-Reviews-Pension_BBC-Takashima_Shiga_Prefecture_Kinki.html
Business Hotel Sun Villa,529-1314,Shiga Prefecture,156 Nakajuku Aisho-cho,,,http://www.tripadvisor.com/Hotel_Review-g1121267-d1485746-Reviews-Business_Hotel_Sun_Villa-Aisho_cho_Echi_gun_Shiga_Prefecture_Kinki.html
Ryori Ryokan Takeheiro,529-1331,Shiga Prefecture,1608 Echigawa Aisho-cho,,,http://www.tripadvisor.com/Hotel_Review-g1121267-d1877909-Reviews-Ryori_Ryokan_Takeheiro-Aisho_cho_Echi_gun_Shiga_Prefecture_Kinki.html
Family Lodge Hatagoya Hikoneten,529-1303,Shiga Prefecture,13 Nagano Aisho-cho,,$,http://www.tripadvisor.com/Hotel_Review-g1121267-d1877913-Reviews-Family_Lodge_Hatagoya_Hikoneten-Aisho_cho_Echi_gun_Shiga_Prefecture_Kinki.html
Hotel biwakopuraza,524-0102,Shiga Prefecture,2892-2 Mizuhocho Moriyama,,$,http://www.tripadvisor.com/Hotel_Review-g1023567-d1063462-Reviews-Hotel_biwakopuraza-Moriyama_Shiga_Prefecture_Kinki.html
Hotel Omi Moriyama,524-0037,Shiga Prefecture,15-14 Umedacho Moriyama,,$,http://www.tripadvisor.com/Hotel_Review-g1023567-d1063463-Reviews-Hotel_Omi_Moriyama-Moriyama_Shiga_Prefecture_Kinki.html
Laforet Biwako,524-0101,Shiga Prefecture,2876 Imahamacho Jukkenya Moriyama,272,$,http://www.tripadvisor.com/Hotel_Review-g1023567-d1063467-Reviews-Laforet_Biwako-Moriyama_Shiga_Prefecture_Kinki.html
Moriyama Art Hotel,524-0012,Shiga Prefecture,50-1 Harimada-cho Moriyama,86,$,http://www.tripadvisor.com/Hotel_Review-g1023567-d1093129-Reviews-Moriyama_Art_Hotel-Moriyama_Shiga_Prefecture_Kinki.html
Rise Ville Tsugayama,524-0033,Shiga Prefecture,300-24 Fuke-cho Moriyama,,$,http://www.tripadvisor.com/Hotel_Review-g1023567-d1093133-Reviews-Rise_Ville_Tsugayama-Moriyama_Shiga_Prefecture_Kinki.html
Hotel Laurier,524-0102,Shiga Prefecture,2891-6 Mizuhocho Moriyama,,,http://www.tripadvisor.com/Hotel_Review-g1023567-d1094364-Reviews-Hotel_Laurier-Moriyama_Shiga_Prefecture_Kinki.html
Biwako Resort Club,524-0101,Shiga Prefecture,2620-41 Imahama-cho Moriyama,,,http://www.tripadvisor.com/Hotel_Review-g1023567-d1118371-Reviews-Biwako_Resort_Club-Moriyama_Shiga_Prefecture_Kinki.html
Ryokan Ishihide,524-0021,Shiga Prefecture,2-1-67 Yoshimi Moriyama,,,http://www.tripadvisor.com/Hotel_Review-g1023567-d3583742-Reviews-Ryokan_Ishihide-Moriyama_Shiga_Prefecture_Kinki.html
Hotel Setre Marina Biwako,524-0102,Shiga Prefecture,1380-1 Mizuhocho Moriyama,,$$,http://www.tripadvisor.com/Hotel_Review-g1023567-d5039871-Reviews-Hotel_Setre_Marina_Biwako-Moriyama_Shiga_Prefecture_Kinki.html
Business Ryokan Hazama,527-0028,Shiga Prefecture,1-2-19 Yokaichikanaya Higashiomi,,$,http://www.tripadvisor.com/Hotel_Review-g1023580-d1063431-Reviews-Business_Ryokan_Hazama-Higashiomi_Shiga_Prefecture_Kinki.html
Best Inn Yokaichi,527-0045,Shiga Prefecture,495-1 Nakoji-cho Higashiomi,,$,http://www.tripadvisor.com/Hotel_Review-g1023580-d1093146-Reviews-Best_Inn_Yokaichi-Higashiomi_Shiga_Prefecture_Kinki.html
Crefeel Koto,527-0102,Shiga Prefecture,22-3 Hirayanagi-cho Higashiomi,,$,http://www.tripadvisor.com/Hotel_Review-g1023580-d1093153-Reviews-Crefeel_Koto-Higashiomi_Shiga_Prefecture_Kinki.html
Yokaichi Royal Hotel,527-0046,Shiga Prefecture,690 Myohoji-cho Higashiomi,,$,http://www.tripadvisor.com/Hotel_Review-g1023580-d1093157-Reviews-Yokaichi_Royal_Hotel-Higashiomi_Shiga_Prefecture_Kinki.html
Business Green Hotel,527-0026,Shiga Prefecture,290-1 Yokaichinonomiya-cho Higashiomi,,$,http://www.tripadvisor.com/Hotel_Review-g1023580-d1094354-Reviews-Business_Green_Hotel-Higashiomi_Shiga_Prefecture_Kinki.html
Hitomisansou,527-0204,Shiga Prefecture,1691 Mandokorocho Higashiomi,,,http://www.tripadvisor.com/Hotel_Review-g1023580-d1114983-Reviews-Hitomisansou-Higashiomi_Shiga_Prefecture_Kinki.html
Soukinkan,527-0211,Shiga Prefecture,982-1 Eigenji Aidanicho Higashiomi,,,http://www.tripadvisor.com/Hotel_Review-g1023580-d1116380-Reviews-Soukinkan-Higashiomi_Shiga_Prefecture_Kinki.html
Az Inn Higashiomi Notogawa-ekimae,521-1224,Shiga Prefecture,20 Hayashicho Higashiomi,125,$,http://www.tripadvisor.com/Hotel_Review-g1023580-d1864135-Reviews-Az_Inn_Higashiomi_Notogawa_ekimae-Higashiomi_Shiga_Prefecture_Kinki.html
Ryori Ryokan Taiheiro,527-0051,Shiga Prefecture,1168-5 Hayashidacho Higashiomi,,,http://www.tripadvisor.com/Hotel_Review-g1023580-d1877891-Reviews-Ryori_Ryokan_Taiheiro-Higashiomi_Shiga_Prefecture_Kinki.html
Eigenji Kaikan,527-0212,Shiga Prefecture,"41 Eiheiji, Takano-cho Higashiomi",,,http://www.tripadvisor.com/Hotel_Review-g1023580-d3583749-Reviews-Eigenji_Kaikan-Higashiomi_Shiga_Prefecture_Kinki.html
Business Inn Hotel Kurama,529-1171,Shiga Prefecture,920-2 Anjiki-Nishi Toyosato-cho,,$,http://www.tripadvisor.com/Hotel_Review-g1121268-d1171430-Reviews-Business_Inn_Hotel_Kurama-Toyosato_cho_Inukami_gun_Shiga_Prefecture_Kinki.html
Business hotel Kobayashi,529-1171,Shiga Prefecture,912-1 Anjikinishi Toyosato-cho,,,http://www.tripadvisor.com/Hotel_Review-g1121268-d3583744-Reviews-Business_hotel_Kobayashi-Toyosato_cho_Inukami_gun_Shiga_Prefecture_Kinki.html
Highway Hotel Rest Inn Taga,522-0342,Shiga Prefecture,66-36 Binmanji Taga-cho,,,http://www.tripadvisor.com/Hotel_Review-g1121270-d1858540-Reviews-Highway_Hotel_Rest_Inn_Taga-Taga_cho_Inukami_gun_Shiga_Prefecture_Kinki.html
Kamera Ryori Ryokan,522-0341,Shiga Prefecture,"631 Taga, Taga-cho Taga-cho",,,http://www.tripadvisor.com/Hotel_Review-g1121270-d3583759-Reviews-Kamera_Ryori_Ryokan-Taga_cho_Inukami_gun_Shiga_Prefecture_Kinki.html
Kagiro,522-0341,Shiga Prefecture,"653 Taga, Taga-cho Taga-cho",,,http://www.tripadvisor.com/Hotel_Review-g1121270-d3583963-Reviews-Kagiro-Taga_cho_Inukami_gun_Shiga_Prefecture_Kinki.html
Art Rits Hotel,520-3031,Shiga Prefecture,1-11-1 Heso Ritto,82,$,http://www.tripadvisor.com/Hotel_Review-g1023570-d1114091-Reviews-Art_Rits_Hotel-Ritto_Shiga_Prefecture_Kinki.html
Mamekirou,520-3042,Shiga Prefecture,392 Tsuji Ritto,,,http://www.tripadvisor.com/Hotel_Review-g1023570-d1114100-Reviews-Mamekirou-Ritto_Shiga_Prefecture_Kinki.html
Ritto Plaza,520-3046,Shiga Prefecture,6-6-51 Ohashi Ritto,,,http://www.tripadvisor.com/Hotel_Review-g1023570-d1925354-Reviews-Ritto_Plaza-Ritto_Shiga_Prefecture_Kinki.html
Konza no sato Shinyukan,520-3002,Shiga Prefecture,537-1 Kanonji Ritto,,,http://www.tripadvisor.com/Hotel_Review-g1023570-d3583747-Reviews-Konza_no_sato_Shinyukan-Ritto_Shiga_Prefecture_Kinki.html
Business ryokan Ritto,5203045,Shiga Prefecture,220 Takano Ritto,,,http://www.tripadvisor.com/Hotel_Review-g1023570-d3583758-Reviews-Business_ryokan_Ritto-Ritto_Shiga_Prefecture_Kinki.html
Konza no sato Bungalow village,520-3002,Shiga Prefecture,535 Kanonji Ritto,,,http://www.tripadvisor.com/Hotel_Review-g1023570-d3583961-Reviews-Konza_no_sato_Bungalow_village-Ritto_Shiga_Prefecture_Kinki.html
Megumi ryokan,520-3005,Shiga Prefecture,889-5 Misono Ritto,,,http://www.tripadvisor.com/Hotel_Review-g1023570-d3583962-Reviews-Megumi_ryokan-Ritto_Shiga_Prefecture_Kinki.html
