Horaiso,690-0887,Shimane Prefecture,Tonomachi Matsue,,$$,http://www.tripadvisor.com/Hotel_Review-g298136-d324835-Reviews-Horaiso-Matsue_Shimane_Prefecture_Chugoku.html
Hotel Ichibata,690-0852,Shimane Prefecture,30 Chidori-cho Matsue,142,$$,http://www.tripadvisor.com/Hotel_Review-g298136-d324836-Reviews-Hotel_Ichibata-Matsue_Shimane_Prefecture_Chugoku.html
Matsue New Urban Hotel,690-0845,Shimane Prefecture,40-1 Nishichamachi Matsue,68,$,http://www.tripadvisor.com/Hotel_Review-g298136-d324837-Reviews-Matsue_New_Urban_Hotel-Matsue_Shimane_Prefecture_Chugoku.html
Minami-Kan,690-0843,Shimane Prefecture,14 Suetsugu Honmachi Matsue,,$$$,http://www.tripadvisor.com/Hotel_Review-g298136-d324838-Reviews-Minami_Kan-Matsue_Shimane_Prefecture_Chugoku.html
Inn Terazuya,690-0064,Shimane Prefecture,60-3 Tenjin-machi Matsue,9,$,http://www.tripadvisor.com/Hotel_Review-g298136-d324839-Reviews-Inn_Terazuya-Matsue_Shimane_Prefecture_Chugoku.html
Tokyu Inn Matsue,690-0003,Shimane Prefecture,590 Asahimachi Matsue,181,$,http://www.tripadvisor.com/Hotel_Review-g298136-d324840-Reviews-Tokyu_Inn_Matsue-Matsue_Shimane_Prefecture_Chugoku.html
Matsue Urban Hotel Lakeinn,690-0056,Shimane Prefecture,153 Saikamachi Matsue,44,$,http://www.tripadvisor.com/Hotel_Review-g298136-d1073017-Reviews-Matsue_Urban_Hotel_Lakeinn-Matsue_Shimane_Prefecture_Chugoku.html
Fukumakan,690-1501,Shimane Prefecture,586 Mihonosekichomihonoseki Matsue,15,$,http://www.tripadvisor.com/Hotel_Review-g298136-d1073027-Reviews-Fukumakan-Matsue_Shimane_Prefecture_Chugoku.html
Hoseikan,699-0201,Shimane Prefecture,1191-1 Tamatukuri Tamayucho Matsue,,$$,http://www.tripadvisor.com/Hotel_Review-g298136-d1073028-Reviews-Hoseikan-Matsue_Shimane_Prefecture_Chugoku.html
Hotel Alpha 1 Daini Matsue,690-0003,Shimane Prefecture,461 Asahimachi Matsue,160,$,http://www.tripadvisor.com/Hotel_Review-g298136-d1073029-Reviews-Hotel_Alpha_1_Daini_Matsue-Matsue_Shimane_Prefecture_Chugoku.html
Hotel Alpha 1 Matsue,690-0007,Shimane Prefecture,567 Otesenbacho Matsue,197,$,http://www.tripadvisor.com/Hotel_Review-g298136-d1073030-Reviews-Hotel_Alpha_1_Matsue-Matsue_Shimane_Prefecture_Chugoku.html
Hotel Route Inn Matsue,690-0842,Shimane Prefecture,2-22 Higashihonmachi Matsue,158,$,http://www.tripadvisor.com/Hotel_Review-g298136-d1073032-Reviews-Hotel_Route_Inn_Matsue-Matsue_Shimane_Prefecture_Chugoku.html
Kasuien Minami,699-0201,Shimane Prefecture,1218-8 Tamayuchotamatsukuri Matsue,,$$,http://www.tripadvisor.com/Hotel_Review-g298136-d1073035-Reviews-Kasuien_Minami-Matsue_Shimane_Prefecture_Chugoku.html
Matsue Urban Hotel,690-0003,Shimane Prefecture,590-3 Asahimachi Matsue,115,$,http://www.tripadvisor.com/Hotel_Review-g298136-d1073036-Reviews-Matsue_Urban_Hotel-Matsue_Shimane_Prefecture_Chugoku.html
Matsue City Hotel,690-0843,Shimane Prefecture,31 Suetsuguhonmachi Matsue,,$,http://www.tripadvisor.com/Hotel_Review-g298136-d1073037-Reviews-Matsue_City_Hotel-Matsue_Shimane_Prefecture_Chugoku.html
Matsunoyu,699-0201,Shimane Prefecture,"1215 Tamatsukuri, Tamayu-cho Matsue",,$$$,http://www.tripadvisor.com/Hotel_Review-g298136-d1077348-Reviews-Matsunoyu-Matsue_Shimane_Prefecture_Chugoku.html
Naniwa Issui,690-0852,Shimane Prefecture,63 Chidoricho Matsue,26,$$,http://www.tripadvisor.com/Hotel_Review-g298136-d1077355-Reviews-Naniwa_Issui-Matsue_Shimane_Prefecture_Chugoku.html
Notsu Ryokan,690-0006,Shimane Prefecture,555 Isemiya-cho Matsue,,$,http://www.tripadvisor.com/Hotel_Review-g298136-d1077356-Reviews-Notsu_Ryokan-Matsue_Shimane_Prefecture_Chugoku.html
Ohashikan,690-0843,Shimane Prefecture,40 Suetsugu Hon-machi Matsue,,$$,http://www.tripadvisor.com/Hotel_Review-g298136-d1077357-Reviews-Ohashikan-Matsue_Shimane_Prefecture_Chugoku.html
Ryotei Yamanoi,699-0201,Shimane Prefecture,"1042 Tamatsukuri, Tamayu-cho Matsue",,$,http://www.tripadvisor.com/Hotel_Review-g298136-d1077358-Reviews-Ryotei_Yamanoi-Matsue_Shimane_Prefecture_Chugoku.html
Shiraishiya,699-0201,Shimane Prefecture,"44-2 Tamayu-cho,Tamatsukuri Matsue",,$$$,http://www.tripadvisor.com/Hotel_Review-g298136-d1077363-Reviews-Shiraishiya-Matsue_Shimane_Prefecture_Chugoku.html
Tamai Bekkan,699-0201,Shimane Prefecture,1247 Tamatsukuri Tamayu-cho Matsue,46,$$,http://www.tripadvisor.com/Hotel_Review-g298136-d1077366-Reviews-Tamai_Bekkan-Matsue_Shimane_Prefecture_Chugoku.html
Tamatukuri Grand Hotel Choseikaku,699-0201,Shimane Prefecture,"331 Tamatsukuri, Tamayucho Matsue",95,$$,http://www.tripadvisor.com/Hotel_Review-g298136-d1077367-Reviews-Tamatukuri_Grand_Hotel_Choseikaku-Matsue_Shimane_Prefecture_Chugoku.html
Business Hotel Kageyama Inn,690-0064,Shimane Prefecture,19 Tenjinmachi Matsue,,,http://www.tripadvisor.com/Hotel_Review-g298136-d1087181-Reviews-Business_Hotel_Kageyama_Inn-Matsue_Shimane_Prefecture_Chugoku.html
Green Rich Hotel Matsue Ekimae,690-0003,Shimane Prefecture,493-1 Asahimachi Matsue,,$,http://www.tripadvisor.com/Hotel_Review-g298136-d1087213-Reviews-Green_Rich_Hotel_Matsue_Ekimae-Matsue_Shimane_Prefecture_Chugoku.html
Matsuekan,690-0003,Shimane Prefecture,494-5 Asahimachi Matsue,,,http://www.tripadvisor.com/Hotel_Review-g298136-d1087221-Reviews-Matsuekan-Matsue_Shimane_Prefecture_Chugoku.html
Matsue Plaza Hotel,690-0003,Shimane Prefecture,469-1 Asahicho Matsue,180,$,http://www.tripadvisor.com/Hotel_Review-g298136-d1087225-Reviews-Matsue_Plaza_Hotel-Matsue_Shimane_Prefecture_Chugoku.html
Matsue Lakeside Youth Hostel,690-0151,Shimane Prefecture,1546 Kososhi-cho Matsue,,,http://www.tripadvisor.com/Hotel_Review-g298136-d1087246-Reviews-Matsue_Lakeside_Youth_Hostel-Matsue_Shimane_Prefecture_Chugoku.html
Mihokan,690-1501,Shimane Prefecture,570 Mihonosekicho Mihonoseki Matsue,,$$,http://www.tripadvisor.com/Hotel_Review-g298136-d1087264-Reviews-Mihokan-Matsue_Shimane_Prefecture_Chugoku.html
Nabeya Annex,690-1504,Shimane Prefecture,303 Mihonoseki-cho Fukuura Matsue,,$$,http://www.tripadvisor.com/Hotel_Review-g298136-d1087295-Reviews-Nabeya_Annex-Matsue_Shimane_Prefecture_Chugoku.html
Pension Tobita,690-0855,Shimane Prefecture,924-4 Hamasada-cho Matsue,,,http://www.tripadvisor.com/Hotel_Review-g298136-d1087305-Reviews-Pension_Tobita-Matsue_Shimane_Prefecture_Chugoku.html
Osako,690-0003,Shimane Prefecture,494-3 Asahimachi Matsue,,,http://www.tripadvisor.com/Hotel_Review-g298136-d1087326-Reviews-Osako-Matsue_Shimane_Prefecture_Chugoku.html
Sun Rapport Murakumo,690-0887,Shimane Prefecture,369 Tonomachi Matsue,,$,http://www.tripadvisor.com/Hotel_Review-g298136-d1087481-Reviews-Sun_Rapport_Murakumo-Matsue_Shimane_Prefecture_Chugoku.html
Sauna 25 Hotel Floor,690-0003,Shimane Prefecture,470-1 Asahi-machi Matsue,,$,http://www.tripadvisor.com/Hotel_Review-g298136-d1087530-Reviews-Sauna_25_Hotel_Floor-Matsue_Shimane_Prefecture_Chugoku.html
Shoheikaku,690-0852,Shimane Prefecture,38 Chidori-cho Matsue,,$$,http://www.tripadvisor.com/Hotel_Review-g298136-d1087533-Reviews-Shoheikaku-Matsue_Shimane_Prefecture_Chugoku.html
Marine Park Takobana,690-1213,Shimane Prefecture,1050 Shimane-cho Tako Matsue,,,http://www.tripadvisor.com/Hotel_Review-g298136-d1087575-Reviews-Marine_Park_Takobana-Matsue_Shimane_Prefecture_Chugoku.html
Tenten Temari,690-0852,Shimane Prefecture,73 Chidoricho Matsue,17,$$,http://www.tripadvisor.com/Hotel_Review-g298136-d1087578-Reviews-Tenten_Temari-Matsue_Shimane_Prefecture_Chugoku.html
Tokoh Hotel,690-1501,Shimane Prefecture,652 Mihonoseki Mihonosekicho Matsue,,$$,http://www.tripadvisor.com/Hotel_Review-g298136-d1087587-Reviews-Tokoh_Hotel-Matsue_Shimane_Prefecture_Chugoku.html
Toyoko Inn Matsue Ekimae,690-0003 ,Shimane Prefecture,498-10 Asahimachi Matsue,190,$,http://www.tripadvisor.com/Hotel_Review-g298136-d1087592-Reviews-Toyoko_Inn_Matsue_Ekimae-Matsue_Shimane_Prefecture_Chugoku.html
Young Inn Matsue,690-0062,Shimane Prefecture,5 Uomachi Matsue,,$,http://www.tripadvisor.com/Hotel_Review-g298136-d1087693-Reviews-Young_Inn_Matsue-Matsue_Shimane_Prefecture_Chugoku.html
Yuai Kumanokan,690-2104,Shimane Prefecture,773-1 Yakumo-cho Kumano Matsue,,$,http://www.tripadvisor.com/Hotel_Review-g298136-d1087699-Reviews-Yuai_Kumanokan-Matsue_Shimane_Prefecture_Chugoku.html
Suitenkaku,690-0852,Shimane Prefecture,39 Chidoricho Matsue,55,$,http://www.tripadvisor.com/Hotel_Review-g298136-d1087703-Reviews-Suitenkaku-Matsue_Shimane_Prefecture_Chugoku.html
Chiyonoyu,699-0201,Shimane Prefecture,1215-2 Tamayuchotamatsukuri Matsue,,$$$,http://www.tripadvisor.com/Hotel_Review-g298136-d1093809-Reviews-Chiyonoyu-Matsue_Shimane_Prefecture_Chugoku.html
Yutei Konya,699-0201,Shimane Prefecture,1246 Tamayuchotamatsukuri Matsue,,$$,http://www.tripadvisor.com/Hotel_Review-g298136-d1093825-Reviews-Yutei_Konya-Matsue_Shimane_Prefecture_Chugoku.html
Tamatukuri International Hotel,699-0202,Shimane Prefecture,148-2 Tamayuchoyumachi Matsue,,$$,http://www.tripadvisor.com/Hotel_Review-g298136-d1093827-Reviews-Tamatukuri_International_Hotel-Matsue_Shimane_Prefecture_Chugoku.html
Hoshino Resort Kai Izumo,699-0201,Shimane Prefecture,1237 Tamayuchotamatsukuri Matsue,24,$$$$,http://www.tripadvisor.com/Hotel_Review-g298136-d1093830-Reviews-Hoshino_Resort_Kai_Izumo-Matsue_Shimane_Prefecture_Chugoku.html
Seifuso,699-0201,Shimane Prefecture,"1183-1 Tamatsukuri, Tamayucho_ Matsue",,$$,http://www.tripadvisor.com/Hotel_Review-g298136-d1096001-Reviews-Seifuso-Matsue_Shimane_Prefecture_Chugoku.html
Business Hotel Kitamatsue,690-0874,Shimane Prefecture,52 Nakaharacho Matsue,,,http://www.tripadvisor.com/Hotel_Review-g298136-d1096921-Reviews-Business_Hotel_Kitamatsue-Matsue_Shimane_Prefecture_Chugoku.html
Business Hotel Ryokan Yakumo,690-0015,Shimane Prefecture,3-10-14 Agenogi Matsue,,$,http://www.tripadvisor.com/Hotel_Review-g298136-d1107064-Reviews-Business_Hotel_Ryokan_Yakumo-Matsue_Shimane_Prefecture_Chugoku.html
Shimaneken Kyouikukaikan,690-0886,Shimane Prefecture,55-2 Horomachi Matsue,,$,http://www.tripadvisor.com/Hotel_Review-g298136-d1107065-Reviews-Shimaneken_Kyouikukaikan-Matsue_Shimane_Prefecture_Chugoku.html
Hotel Shinjiko,690-0048,Shimane Prefecture,2-10-16 Nishiyomeshima Matsue,,,http://www.tripadvisor.com/Hotel_Review-g298136-d1107067-Reviews-Hotel_Shinjiko-Matsue_Shimane_Prefecture_Chugoku.html
Minshuku Matsuya,690-1312,Shimane Prefecture,716 Moriyama Mihonosekicho Matsue,,$,http://www.tripadvisor.com/Hotel_Review-g298136-d1107068-Reviews-Minshuku_Matsuya-Matsue_Shimane_Prefecture_Chugoku.html
Chorakuen,699-0201,Shimane Prefecture,323 Tamayucho Tamatsukuri Matsue,67,$$,http://www.tripadvisor.com/Hotel_Review-g298136-d1107070-Reviews-Chorakuen-Matsue_Shimane_Prefecture_Chugoku.html
Ark Hotel,690-0842,Shimane Prefecture,1-73 Higashihonmachi Matsue,,,http://www.tripadvisor.com/Hotel_Review-g298136-d1107071-Reviews-Ark_Hotel-Matsue_Shimane_Prefecture_Chugoku.html
New Ebisu Taikan,690-1501,Shimane Prefecture,659-1 Mihonosekicho Mihonoseki Matsue,,,http://www.tripadvisor.com/Hotel_Review-g298136-d1107072-Reviews-New_Ebisu_Taikan-Matsue_Shimane_Prefecture_Chugoku.html
Hashine Ryokan,690-1221,Shimane Prefecture,178 Mihonosekicho Kitaura Matsue,,$$,http://www.tripadvisor.com/Hotel_Review-g298136-d1107074-Reviews-Hashine_Ryokan-Matsue_Shimane_Prefecture_Chugoku.html
Meijinkan,690-1501,Shimane Prefecture,555 Mihonosekicho Mihonoseki Matsue,,$$,http://www.tripadvisor.com/Hotel_Review-g298136-d1107076-Reviews-Meijinkan-Matsue_Shimane_Prefecture_Chugoku.html
Business Hotel Yamamoto,690-0003,Shimane Prefecture,481-7 Asahimachi Matsue,,,http://www.tripadvisor.com/Hotel_Review-g298136-d1118199-Reviews-Business_Hotel_Yamamoto-Matsue_Shimane_Prefecture_Chugoku.html
Tsuruya Ryokan,690-0062,Shimane Prefecture,5 Uomachi Matsue,,,http://www.tripadvisor.com/Hotel_Review-g298136-d1127719-Reviews-Tsuruya_Ryokan-Matsue_Shimane_Prefecture_Chugoku.html
Matsue City Hotel Annex,690-0843,Shimane Prefecture,29 Suetsuguhonmachi Matsue,,$,http://www.tripadvisor.com/Hotel_Review-g298136-d1127722-Reviews-Matsue_City_Hotel_Annex-Matsue_Shimane_Prefecture_Chugoku.html
Matsue New Urban Hotel Annex,690-0845,Shimane Prefecture,45-8 Nishichamachi Matsue,102,$,http://www.tripadvisor.com/Hotel_Review-g298136-d1127725-Reviews-Matsue_New_Urban_Hotel_Annex-Matsue_Shimane_Prefecture_Chugoku.html
Gyokusen,699-0201 ,Shimane Prefecture,53-2 Tamatsukuri Tamayucho Matsue,,$$,http://www.tripadvisor.com/Hotel_Review-g298136-d1127732-Reviews-Gyokusen-Matsue_Shimane_Prefecture_Chugoku.html
Tamaikan,699-0201,Shimane Prefecture,328 Tamatsukuri Tamayu-cho Matsue,10,$$,http://www.tripadvisor.com/Hotel_Review-g298136-d1136805-Reviews-Tamaikan-Matsue_Shimane_Prefecture_Chugoku.html
Asahikan,690-1501,Shimane Prefecture,554 Mihonosekicho Mihonoseki Matsue,,$$,http://www.tripadvisor.com/Hotel_Review-g298136-d1566522-Reviews-Asahikan-Matsue_Shimane_Prefecture_Chugoku.html
Hotel Hakucho,690-0852,Shimane Prefecture,20 Chidoricho Matsue,,,http://www.tripadvisor.com/Hotel_Review-g298136-d1849669-Reviews-Hotel_Hakucho-Matsue_Shimane_Prefecture_Chugoku.html
Matsue Universal Hotel Honkan,690-0003,Shimane Prefecture,471 Asahimachi Matsue,,$,http://www.tripadvisor.com/Hotel_Review-g298136-d1849670-Reviews-Matsue_Universal_Hotel_Honkan-Matsue_Shimane_Prefecture_Chugoku.html
Matsue-eikimae Universal Hotel,690-0003,Shimane Prefecture,460-8 Asahimachi Matsue,,$,http://www.tripadvisor.com/Hotel_Review-g298136-d1849671-Reviews-Matsue_eikimae_Universal_Hotel-Matsue_Shimane_Prefecture_Chugoku.html
Rainbow plaza,690-0825,Shimane Prefecture,"1-8-8, Gakuen Matsue",,$,http://www.tripadvisor.com/Hotel_Review-g298136-d1857481-Reviews-Rainbow_plaza-Matsue_Shimane_Prefecture_Chugoku.html
Cottage Sanin,690-0402,Shimane Prefecture,1995-1 Owashi Shimanecho Matsue,,,http://www.tripadvisor.com/Hotel_Review-g298136-d1863111-Reviews-Cottage_Sanin-Matsue_Shimane_Prefecture_Chugoku.html
Furusato Forest Park,699-0406,Shimane Prefecture,3353-2 Sasou Matsue,,$,http://www.tripadvisor.com/Hotel_Review-g298136-d1864069-Reviews-Furusato_Forest_Park-Matsue_Shimane_Prefecture_Chugoku.html
Okamoto Ryokan,690-0874,Shimane Prefecture,153 Nakaharacho Matsue,,,http://www.tripadvisor.com/Hotel_Review-g298136-d1879252-Reviews-Okamoto_Ryokan-Matsue_Shimane_Prefecture_Chugoku.html
Kitahori,690-0888,Shimane Prefecture,299 Kitahoricho Matsue,,$$$$,http://www.tripadvisor.com/Hotel_Review-g298136-d1879256-Reviews-Kitahori-Matsue_Shimane_Prefecture_Chugoku.html
Hashizuya,690-1501,Shimane Prefecture,352 Mihonoseki Mihonosekicho Matsue,,,http://www.tripadvisor.com/Hotel_Review-g298136-d1909161-Reviews-Hashizuya-Matsue_Shimane_Prefecture_Chugoku.html
Enishigura,699-0201,Shimane Prefecture,"43-2, Tamatsukuri, Tamayucho Matsue",,,http://www.tripadvisor.com/Hotel_Review-g298136-d2238885-Reviews-Enishigura-Matsue_Shimane_Prefecture_Chugoku.html
Matsue Universal Hotel Bekkan,690-0003,Shimane Prefecture,467 Asahimachi Matsue,,$,http://www.tripadvisor.com/Hotel_Review-g298136-d2258742-Reviews-Matsue_Universal_Hotel_Bekkan-Matsue_Shimane_Prefecture_Chugoku.html
Minshuku Onishibunke,690-1221,Shimane Prefecture,282 Mihonosekichokitaura Matsue,,,http://www.tripadvisor.com/Hotel_Review-g298136-d2695145-Reviews-Minshuku_Onishibunke-Matsue_Shimane_Prefecture_Chugoku.html
Dormy Inn Express Matsue,690-0003,Shimane Prefecture,498-1 Asahimachi Matsue,137,$,http://www.tripadvisor.com/Hotel_Review-g298136-d3292158-Reviews-Dormy_Inn_Express_Matsue-Matsue_Shimane_Prefecture_Chugoku.html
Matsue Plaza Hotel Annex,690-0003,Shimane Prefecture,463-11 Asahi-cho Matsue,,$,http://www.tripadvisor.com/Hotel_Review-g298136-d3487015-Reviews-Matsue_Plaza_Hotel_Annex-Matsue_Shimane_Prefecture_Chugoku.html
Tourism No Yado Wakatsukiya,690-2801,Shimane Prefecture,2566 Yoshidacho Yoshida Unnan,,,http://www.tripadvisor.com/Hotel_Review-g1023587-d1107041-Reviews-Tourism_No_Yado_Wakatsukiya-Unnan_Shimane_Prefecture_Chugoku.html
Hotarunoyado Sansuikan,699-1253,Shimane Prefecture,462 Daitocho Nakayuishi Unnan,,$$,http://www.tripadvisor.com/Hotel_Review-g1023587-d1107044-Reviews-Hotarunoyado_Sansuikan-Unnan_Shimane_Prefecture_Chugoku.html
Ushioso,699-1253,Shimane Prefecture,451 Nakayuishi Daitocho Unnan,,$$$,http://www.tripadvisor.com/Hotel_Review-g1023587-d1137790-Reviews-Ushioso-Unnan_Shimane_Prefecture_Chugoku.html
Seiranso,690-2314,Shimane Prefecture,161-4 Kawate Yoshidacho Unnan,,$,http://www.tripadvisor.com/Hotel_Review-g1023587-d1864072-Reviews-Seiranso-Unnan_Shimane_Prefecture_Chugoku.html
Amanokan,699-1332,Shimane Prefecture,51 Kisukichokisuki Unnan,,,http://www.tripadvisor.com/Hotel_Review-g1023587-d1880918-Reviews-Amanokan-Unnan_Shimane_Prefecture_Chugoku.html
Hotel Jodai,690-2404,Shimane Prefecture,20 Mitoyachomitoya Unnan,,,http://www.tripadvisor.com/Hotel_Review-g1023587-d1880921-Reviews-Hotel_Jodai-Unnan_Shimane_Prefecture_Chugoku.html
Yoshida Greenshowernomori,690-2801,Shimane Prefecture,4152-1 Yoshidachoyoshida Unnan,,,http://www.tripadvisor.com/Hotel_Review-g1023587-d1880928-Reviews-Yoshida_Greenshowernomori-Unnan_Shimane_Prefecture_Chugoku.html
Kotobiki Village Mountain Villa,690-3204,Shimane Prefecture,1199-3 Sami Iinan-cho,,,http://www.tripadvisor.com/Hotel_Review-g1121377-d1991057-Reviews-Kotobiki_Village_Mountain_Villa-Iinan_cho_Iishi_gun_Shimane_Prefecture_Chugoku.html
Masuya Ryokan,699-0701,Shimane Prefecture,493 Taishacho Kizukihigashi Izumo,,$$,http://www.tripadvisor.com/Hotel_Review-g1023583-d627050-Reviews-Masuya_Ryokan-Izumo_Shimane_Prefecture_Chugoku.html
Hirata Maple Hotel,691-0001,Shimane Prefecture,2451 Hiratacho Izumo,89,$,http://www.tripadvisor.com/Hotel_Review-g1023583-d1072953-Reviews-Hirata_Maple_Hotel-Izumo_Shimane_Prefecture_Chugoku.html
Hotel Alpha One Izumo,693-0001,Shimane Prefecture,971-3 Imaichicho Izumo,,$,http://www.tripadvisor.com/Hotel_Review-g1023583-d1072954-Reviews-Hotel_Alpha_One_Izumo-Izumo_Shimane_Prefecture_Chugoku.html
Hotel Izumo,699-0721,Shimane Prefecture,821-3 Taishachoshurimen Izumo,,$$$,http://www.tripadvisor.com/Hotel_Review-g1023583-d1072955-Reviews-Hotel_Izumo-Izumo_Shimane_Prefecture_Chugoku.html
Hotel Takeshi Sanso,693-0001,Shimane Prefecture,2041 Imaichihigashicho Izumo,23,$,http://www.tripadvisor.com/Hotel_Review-g1023583-d1072956-Reviews-Hotel_Takeshi_Sanso-Izumo_Shimane_Prefecture_Chugoku.html
Izumo Green Hotel Morris,693-0003,Shimane Prefecture,2-3-4 Ekiminamimachi Izumo,198,$,http://www.tripadvisor.com/Hotel_Review-g1023583-d1072957-Reviews-Izumo_Green_Hotel_Morris-Izumo_Shimane_Prefecture_Chugoku.html
Izumo Royal Hotel,693-0004,Shimane Prefecture,831 Watarihashicho Izumo,99,$,http://www.tripadvisor.com/Hotel_Review-g1023583-d1072958-Reviews-Izumo_Royal_Hotel-Izumo_Shimane_Prefecture_Chugoku.html
Izumo Station Hotel,693-0001,Shimane Prefecture,1261-23 Imaichicho Izumo,,$,http://www.tripadvisor.com/Hotel_Review-g1023583-d1072997-Reviews-Izumo_Station_Hotel-Izumo_Shimane_Prefecture_Chugoku.html
Takenoya,699-0711,Shimane Prefecture,857 Taishachokizukiminami Izumo,,$$,http://www.tripadvisor.com/Hotel_Review-g1023583-d1073000-Reviews-Takenoya-Izumo_Shimane_Prefecture_Chugoku.html
Twin Leaves Hotel izumo,693-0007,Shimane Prefecture,4-1 Ekikitamachi Izumo,150,$,http://www.tripadvisor.com/Hotel_Review-g1023583-d1073004-Reviews-Twin_Leaves_Hotel_izumo-Izumo_Shimane_Prefecture_Chugoku.html
Goshoranba,693-0216,Shimane Prefecture,5269 Otsutate-cho Izumo,,$$,http://www.tripadvisor.com/Hotel_Review-g1023583-d1085995-Reviews-Goshoranba-Izumo_Shimane_Prefecture_Chugoku.html
Hotel Rich Garden,693-0005,Shimane Prefecture,860-10 Tenjincho Izumo,31,$,http://www.tripadvisor.com/Hotel_Review-g1023583-d1085997-Reviews-Hotel_Rich_Garden-Izumo_Shimane_Prefecture_Chugoku.html
Izumo Forest Hotel,693-0012,Shimane Prefecture,1-53-2 Otsu Shinzaki-cho Izumo,,$,http://www.tripadvisor.com/Hotel_Review-g1023583-d1086021-Reviews-Izumo_Forest_Hotel-Izumo_Shimane_Prefecture_Chugoku.html
Hakkoen,693-0216,Shimane Prefecture,5273-8 Otsutatecho Izumo,,$$,http://www.tripadvisor.com/Hotel_Review-g1023583-d1086024-Reviews-Hakkoen-Izumo_Shimane_Prefecture_Chugoku.html
Toyoko Inn Izumo-shi Ekimae,693-0001,Shimane Prefecture,971-13 Imaichicho Izumo,,$,http://www.tripadvisor.com/Hotel_Review-g1023583-d1086034-Reviews-Toyoko_Inn_Izumo_shi_Ekimae-Izumo_Shimane_Prefecture_Chugoku.html
Super Hotel Izumoekimae,693-0008,Shimane Prefecture,1-3-3 Eki Minamimachi Izumo,121,$,http://www.tripadvisor.com/Hotel_Review-g1023583-d1086037-Reviews-Super_Hotel_Izumoekimae-Izumo_Shimane_Prefecture_Chugoku.html
Marine Thaiasso Izumo,699-0902,Shimane Prefecture,859-1 Takicho Taki Izumo,16,$,http://www.tripadvisor.com/Hotel_Review-g1023583-d1106947-Reviews-Marine_Thaiasso_Izumo-Izumo_Shimane_Prefecture_Chugoku.html
Minshuku Nishigameso,699-0763,Shimane Prefecture,241 Hinomisaki Taisha-cho Izumo,,$,http://www.tripadvisor.com/Hotel_Review-g1023583-d1106949-Reviews-Minshuku_Nishigameso-Izumo_Shimane_Prefecture_Chugoku.html
Minshuku Ibana,693-0061,Shimane Prefecture,211-1 Himebaracho Izumo,,,http://www.tripadvisor.com/Hotel_Review-g1023583-d1106950-Reviews-Minshuku_Ibana-Izumo_Shimane_Prefecture_Chugoku.html
Kaisenn Minshuku Kotobukiso,699-0763,Shimane Prefecture,Hinomisaki Taisha-cho Izumo,,,http://www.tripadvisor.com/Hotel_Review-g1023583-d1106951-Reviews-Kaisenn_Minshuku_Kotobukiso-Izumo_Shimane_Prefecture_Chugoku.html
Minshuku Izumonosato,693-0061,Shimane Prefecture,188-4 Himebaracho Izumo,,,http://www.tripadvisor.com/Hotel_Review-g1023583-d1106952-Reviews-Minshuku_Izumonosato-Izumo_Shimane_Prefecture_Chugoku.html
Hinodekan,699-0711,Shimane Prefecture,776 Taishacho Kizukinishi Izumo,,$$,http://www.tripadvisor.com/Hotel_Review-g1023583-d1106956-Reviews-Hinodekan-Izumo_Shimane_Prefecture_Chugoku.html
Business Hotel Taisha,699-0701,Shimane Prefecture,67-3 Taishacho Kizukihigashi Izumo,,$$,http://www.tripadvisor.com/Hotel_Review-g1023583-d1106958-Reviews-Business_Hotel_Taisha-Izumo_Shimane_Prefecture_Chugoku.html
Asazusou,699-0763,Shimane Prefecture,622-1 Taishacho Hinomisaki Izumo,,,http://www.tripadvisor.com/Hotel_Review-g1023583-d1106959-Reviews-Asazusou-Izumo_Shimane_Prefecture_Chugoku.html
Ryokan Kurosaki,693-0001,Shimane Prefecture,927 Imaichicho Izumo,,,http://www.tripadvisor.com/Hotel_Review-g1023583-d1106961-Reviews-Ryokan_Kurosaki-Izumo_Shimane_Prefecture_Chugoku.html
Mochidaya Ryokan,691-0001,Shimane Prefecture,1023 Hirata-cho Saiwaimachi Izumo,,,http://www.tripadvisor.com/Hotel_Review-g1023583-d1106963-Reviews-Mochidaya_Ryokan-Izumo_Shimane_Prefecture_Chugoku.html
Minshuku Takahashi,699-0763,Shimane Prefecture,1480-13 Taishacho Hinomisaki Izumo,,$,http://www.tripadvisor.com/Hotel_Review-g1023583-d1106964-Reviews-Minshuku_Takahashi-Izumo_Shimane_Prefecture_Chugoku.html
Hatago Oda Onsen,699-0903,Shimane Prefecture,208-3 Takich Oda Izumo,,$$$,http://www.tripadvisor.com/Hotel_Review-g1023583-d1106966-Reviews-Hatago_Oda_Onsen-Izumo_Shimane_Prefecture_Chugoku.html
Oshimaya Ryokan,699-0701,Shimane Prefecture,722 Taishacho Kizukihigashi Izumo,,$$,http://www.tripadvisor.com/Hotel_Review-g1023583-d1106967-Reviews-Oshimaya_Ryokan-Izumo_Shimane_Prefecture_Chugoku.html
Ichibatasan Cottage,691-0074,Shimane Prefecture,2117-6 Kozakaicho Izumo,,,http://www.tripadvisor.com/Hotel_Review-g1023583-d1106972-Reviews-Ichibatasan_Cottage-Izumo_Shimane_Prefecture_Chugoku.html
Wel City Shimane,693-0023,Shimane Prefecture,2-16 Enyaariharacho Izumo,,$,http://www.tripadvisor.com/Hotel_Review-g1023583-d1106974-Reviews-Wel_City_Shimane-Izumo_Shimane_Prefecture_Chugoku.html
Hotel Sunnube,693-0037,Shimane Prefecture,1-2548-1 Nishishinmachi Izumo,50,$,http://www.tripadvisor.com/Hotel_Review-g1023583-d1106976-Reviews-Hotel_Sunnube-Izumo_Shimane_Prefecture_Chugoku.html
Inabaya Ryokan,699-0701,Shimane Prefecture,721 Taishacho Kizukihigashi Izumo,,,http://www.tripadvisor.com/Hotel_Review-g1023583-d1106977-Reviews-Inabaya_Ryokan-Izumo_Shimane_Prefecture_Chugoku.html
Hotel Eight,693-0001,Shimane Prefecture,882-1 Imaichicho Izumo,,,http://www.tripadvisor.com/Hotel_Review-g1023583-d1118196-Reviews-Hotel_Eight-Izumo_Shimane_Prefecture_Chugoku.html
Misakiya Honten,699-0763 ,Shimane Prefecture,472 Taishacho Hinomisaki Izumo,,$,http://www.tripadvisor.com/Hotel_Review-g1023583-d1127311-Reviews-Misakiya_Honten-Izumo_Shimane_Prefecture_Chugoku.html
Kirara Cottage,699-0901　,Shimane Prefecture,182-1 Takicho Kumura Izumo,,$,http://www.tripadvisor.com/Hotel_Review-g1023583-d1127695-Reviews-Kirara_Cottage-Izumo_Shimane_Prefecture_Chugoku.html
Izumi Airport Hotel,699-0502,Shimane Prefecture,"2891-3 Shobara, Hikawa-cho Izumo",,$,http://www.tripadvisor.com/Hotel_Review-g1023583-d1137597-Reviews-Izumi_Airport_Hotel-Izumo_Shimane_Prefecture_Chugoku.html
Minshuku Shirasuna,699-0702,Shimane Prefecture,2977 Kizukikita Taishacho Izumo,,,http://www.tripadvisor.com/Hotel_Review-g1023583-d1755220-Reviews-Minshuku_Shirasuna-Izumo_Shimane_Prefecture_Chugoku.html
Ginrinso,693-0023,Shimane Prefecture,2-10 Enya Ariharacho Izumo,,,http://www.tripadvisor.com/Hotel_Review-g1023583-d1863551-Reviews-Ginrinso-Izumo_Shimane_Prefecture_Chugoku.html
Minshuku Omiyaso,699-0763,Shimane Prefecture,448 Hinomisaki Taishacho Izumo,,$$,http://www.tripadvisor.com/Hotel_Review-g1023583-d1864056-Reviews-Minshuku_Omiyaso-Izumo_Shimane_Prefecture_Chugoku.html
Hotel Nagata,693-0001,Shimane Prefecture,864-5 Imaichicho Izumo,36,$,http://www.tripadvisor.com/Hotel_Review-g1023583-d1864058-Reviews-Hotel_Nagata-Izumo_Shimane_Prefecture_Chugoku.html
Minshuku Sekiya,699-0702,Shimane Prefecture,3006 Taishachokizukikita Izumo,,,http://www.tripadvisor.com/Hotel_Review-g1023583-d1880876-Reviews-Minshuku_Sekiya-Izumo_Shimane_Prefecture_Chugoku.html
Ginkai,699-0763,Shimane Prefecture,1370-2 Taishachohinomisaki Izumo,,,http://www.tripadvisor.com/Hotel_Review-g1023583-d1880880-Reviews-Ginkai-Izumo_Shimane_Prefecture_Chugoku.html
Hanakura Onsen,699-0901,Shimane Prefecture,915-4 Takichokumura Izumo,,,http://www.tripadvisor.com/Hotel_Review-g1023583-d1880883-Reviews-Hanakura_Onsen-Izumo_Shimane_Prefecture_Chugoku.html
New welcity Izumo,693-0023,Shimane Prefecture,2-15-1 Enyaarihara-cho Izumo,,$,http://www.tripadvisor.com/Hotel_Review-g1023583-d1932556-Reviews-New_welcity_Izumo-Izumo_Shimane_Prefecture_Chugoku.html
Kunibikiso,699-0812,Shimane Prefecture,1230 Koryocho-Nibu Izumo,,,http://www.tripadvisor.com/Hotel_Review-g1023583-d1999108-Reviews-Kunibikiso-Izumo_Shimane_Prefecture_Chugoku.html
Kazen Ryokan,699-0711,Shimane Prefecture,1386-5 Taishachokizukiminami Izumo,,,http://www.tripadvisor.com/Hotel_Review-g1023583-d2695140-Reviews-Kazen_Ryokan-Izumo_Shimane_Prefecture_Chugoku.html
Minshuku Nakaya,691-0025,Shimane Prefecture,1561-5 Kawashimocho Izumo,,,http://www.tripadvisor.com/Hotel_Review-g1023583-d2695142-Reviews-Minshuku_Nakaya-Izumo_Shimane_Prefecture_Chugoku.html
Izumo Hinomisakino Yado Fuji,699-0763,Shimane Prefecture,588-1 Taishacho Hinomisaki Izumo,,$$$$,http://www.tripadvisor.com/Hotel_Review-g1023583-d3523693-Reviews-Izumo_Hinomisakino_Yado_Fuji-Izumo_Shimane_Prefecture_Chugoku.html
Family Lodge Hatagoya Izumotaisha,699-0711,Shimane Prefecture,"1386-12 Kidukiminami, Taishacho Izumo",,,http://www.tripadvisor.com/Hotel_Review-g1023583-d6365605-Reviews-Family_Lodge_Hatagoya_Izumotaisha-Izumo_Shimane_Prefecture_Chugoku.html
Hotel Konoya,691-0001,Shimane Prefecture,982 Hiratacho Izumo,,,http://www.tripadvisor.com/Hotel_Review-g1023583-d6453047-Reviews-Hotel_Konoya-Izumo_Shimane_Prefecture_Chugoku.html
Hamada Washington Hotel Plaza,697-0024,Shimane Prefecture,4177 Kurokawacho Hamada,112,$,http://www.tripadvisor.com/Hotel_Review-g1023588-d1072951-Reviews-Hamada_Washington_Hotel_Plaza-Hamada_Shimane_Prefecture_Chugoku.html
Hotel Matsuo,697-0022,Shimane Prefecture,4185 Kurokawacho Hamada,,$,http://www.tripadvisor.com/Hotel_Review-g1023588-d1072952-Reviews-Hotel_Matsuo-Hamada_Shimane_Prefecture_Chugoku.html
Shirotsunoso,697-0427,Shimane Prefecture,952-1 Asahicho Kita Hamada,,$$,http://www.tripadvisor.com/Hotel_Review-g1023588-d1086232-Reviews-Shirotsunoso-Hamada_Shimane_Prefecture_Chugoku.html
Green Rich Hotel Hamada-Ekimae,697-0022,Shimane Prefecture,86-19 Asaicho Hamada,128,$,http://www.tripadvisor.com/Hotel_Review-g1023588-d1086233-Reviews-Green_Rich_Hotel_Hamada_Ekimae-Hamada_Shimane_Prefecture_Chugoku.html
Hotel New Castle,697-0027,Shimane Prefecture,83-124 Tonomachi Hamada,42,$,http://www.tripadvisor.com/Hotel_Review-g1023588-d1086242-Reviews-Hotel_New_Castle-Hamada_Shimane_Prefecture_Chugoku.html
Hotel Kawasumi,697-0427,Shimane Prefecture,1005-1 Asahicho Kita Hamada,,$$,http://www.tripadvisor.com/Hotel_Review-g1023588-d1086243-Reviews-Hotel_Kawasumi-Hamada_Shimane_Prefecture_Chugoku.html
Iwatakeso,697-0301,Shimane Prefecture,13-1 Kanagicho Oibara Hamada,,,http://www.tripadvisor.com/Hotel_Review-g1023588-d1086244-Reviews-Iwatakeso-Hamada_Shimane_Prefecture_Chugoku.html
Yukari,697-0427,Shimane Prefecture,1006-1 Asahicho Kita Hamada,,$$,http://www.tripadvisor.com/Hotel_Review-g1023588-d1086245-Reviews-Yukari-Hamada_Shimane_Prefecture_Chugoku.html
Kanagi Kanko Hotel,697-0301,Shimane Prefecture,39-1 Kanagicho Oibara Hamada,,$$,http://www.tripadvisor.com/Hotel_Review-g1023588-d1086246-Reviews-Kanagi_Kanko_Hotel-Hamada_Shimane_Prefecture_Chugoku.html
Kokumin Hoyo Center,697-0301,Shimane Prefecture,32-1 Kanagicho Oibara Hamada,,$,http://www.tripadvisor.com/Hotel_Review-g1023588-d1086248-Reviews-Kokumin_Hoyo_Center-Hamada_Shimane_Prefecture_Chugoku.html
Kintano Sato,697-0123,Shimane Prefecture,980-1 Kanagicho Shichijo Hamada,,$,http://www.tripadvisor.com/Hotel_Review-g1023588-d1086249-Reviews-Kintano_Sato-Hamada_Shimane_Prefecture_Chugoku.html
Mikuniya,697-0301,Shimane Prefecture,7-3 Kanagicho Oibara Hamada,,$,http://www.tripadvisor.com/Hotel_Review-g1023588-d1086250-Reviews-Mikuniya-Hamada_Shimane_Prefecture_Chugoku.html
Kameya Ryokan,697-0301,Shimane Prefecture,7-2 Kanagicho Ibara Hamada,,$,http://www.tripadvisor.com/Hotel_Review-g1023588-d1107045-Reviews-Kameya_Ryokan-Hamada_Shimane_Prefecture_Chugoku.html
Cottage Hotel Area35N,697-0063,Shimane Prefecture,1621 Nagahamacho Hamada,,$,http://www.tripadvisor.com/Hotel_Review-g1023588-d1107048-Reviews-Cottage_Hotel_Area35N-Hamada_Shimane_Prefecture_Chugoku.html
Senjouen,697-0006,Shimane Prefecture,2164 Shimokocho Hamada,,$,http://www.tripadvisor.com/Hotel_Review-g1023588-d1107049-Reviews-Senjouen-Hamada_Shimane_Prefecture_Chugoku.html
Log House Green Village,697-0514,Shimane Prefecture,7245-1 Asahicho Ichigi Hamada,,$$,http://www.tripadvisor.com/Hotel_Review-g1023588-d1107053-Reviews-Log_House_Green_Village-Hamada_Shimane_Prefecture_Chugoku.html
Toraya Ryokan,697-0301,Shimane Prefecture,11 Kou Kanagicho Ibara Hamada,,,http://www.tripadvisor.com/Hotel_Review-g1023588-d1107054-Reviews-Toraya_Ryokan-Hamada_Shimane_Prefecture_Chugoku.html
Hamada Station Hotel,697-0022,Shimane Prefecture,64-1 Asaicho Hamada,,$,http://www.tripadvisor.com/Hotel_Review-g1023588-d1863114-Reviews-Hamada_Station_Hotel-Hamada_Shimane_Prefecture_Chugoku.html
Yamane Ryokan,697-0301,Shimane Prefecture,7-1 Kanagichoibara Hamada,,$$,http://www.tripadvisor.com/Hotel_Review-g1023588-d1880931-Reviews-Yamane_Ryokan-Hamada_Shimane_Prefecture_Chugoku.html
Minshuku Kamaya,697-0003,Shimane Prefecture,602 Kokubucho Hamada,,,http://www.tripadvisor.com/Hotel_Review-g1023588-d1880971-Reviews-Minshuku_Kamaya-Hamada_Shimane_Prefecture_Chugoku.html
Toko Hotel,697-0024,Shimane Prefecture,108-18 Kurokawacho Hamada,,$,http://www.tripadvisor.com/Hotel_Review-g1023588-d1880978-Reviews-Toko_Hotel-Hamada_Shimane_Prefecture_Chugoku.html
Hotel Suehiro,697-0024,Shimane Prefecture,4191 Kurokawacho Hamada,,$,http://www.tripadvisor.com/Hotel_Review-g1023588-d1925375-Reviews-Hotel_Suehiro-Hamada_Shimane_Prefecture_Chugoku.html
Hotel Mimata,697-0301,Shimane Prefecture,31-5 Kanagicho Oibara Hamada,,$,http://www.tripadvisor.com/Hotel_Review-g1023588-d1925379-Reviews-Hotel_Mimata-Hamada_Shimane_Prefecture_Chugoku.html
Business Hotel Hamaichi,697-0024,Shimane Prefecture,97-9 Kurokawacho Hamada,,,http://www.tripadvisor.com/Hotel_Review-g1023588-d4199083-Reviews-Business_Hotel_Hamaichi-Hamada_Shimane_Prefecture_Chugoku.html
Yuyado Soan,699-0501,Shimane Prefecture,1493-4 Gakuto Hikawa-cho,,$$$$,http://www.tripadvisor.com/Hotel_Review-g1121378-d1124099-Reviews-Yuyado_Soan-Hikawa_cho_Hikawa_gun_Shimane_Prefecture_Chugoku.html
Koseiso,699-0501,Shimane Prefecture,1948 Gakuto Hikawa-cho,,$$,http://www.tripadvisor.com/Hotel_Review-g1121378-d1137615-Reviews-Koseiso-Hikawa_cho_Hikawa_gun_Shimane_Prefecture_Chugoku.html
Yumoto Yunokawa,699-0501,Shimane Prefecture,1329-1 Gakuto Hikawa-cho,,$$$,http://www.tripadvisor.com/Hotel_Review-g1121378-d1137626-Reviews-Yumoto_Yunokawa-Hikawa_cho_Hikawa_gun_Shimane_Prefecture_Chugoku.html
Haradaso,699-0501,Shimane Prefecture,3585-2 Gakuto Hikawa-cho,,,http://www.tripadvisor.com/Hotel_Review-g1121378-d1566510-Reviews-Haradaso-Hikawa_cho_Hikawa_gun_Shimane_Prefecture_Chugoku.html
Shoen,699-0501,Shimane Prefecture,1683-5 Gakuto Hikawa-cho,,$$$,http://www.tripadvisor.com/Hotel_Review-g1121378-d1566511-Reviews-Shoen-Hikawa_cho_Hikawa_gun_Shimane_Prefecture_Chugoku.html
Shikiso,699-0501,Shimane Prefecture,1369 Gakuto Hikawa-cho,,$$,http://www.tripadvisor.com/Hotel_Review-g1121378-d1864063-Reviews-Shikiso-Hikawa_cho_Hikawa_gun_Shimane_Prefecture_Chugoku.html
Masuda Green Hotel Morris,698-0024,Shimane Prefecture,17-2 Ekimaecho Masuda,141,$,http://www.tripadvisor.com/Hotel_Review-g1023584-d1073010-Reviews-Masuda_Green_Hotel_Morris-Masuda_Shimane_Prefecture_Chugoku.html
Masuda Central Hotel,698-0027,Shimane Prefecture,2-1 Akebonohigashimachi Masuda,,$,http://www.tripadvisor.com/Hotel_Review-g1023584-d1073011-Reviews-Masuda_Central_Hotel-Masuda_Shimane_Prefecture_Chugoku.html
Yasuragi no Yu,698-1211,Shimane Prefecture,713 Hikimi Hikimi-cho Masuda,,$$,http://www.tripadvisor.com/Hotel_Review-g1023584-d1086054-Reviews-Yasuragi_no_Yu-Masuda_Shimane_Prefecture_Chugoku.html
Shoroen,698-0041,Shimane Prefecture,2574-3 Takatsucho Masuda,,,http://www.tripadvisor.com/Hotel_Review-g1023584-d1086062-Reviews-Shoroen-Masuda_Shimane_Prefecture_Chugoku.html
Mito Shizenno Mori,698-0203,Shimane Prefecture,2654 Mitocho Tsumo Masuda,,,http://www.tripadvisor.com/Hotel_Review-g1023584-d1086198-Reviews-Mito_Shizenno_Mori-Masuda_Shimane_Prefecture_Chugoku.html
Miyoshiya,698-0021,Shimane Prefecture,7-4 Saiwai-cho Masuda,,$,http://www.tripadvisor.com/Hotel_Review-g1023584-d1086201-Reviews-Miyoshiya-Masuda_Shimane_Prefecture_Chugoku.html
Kajikaso,698-0012,Shimane Prefecture,985-1 Otanicho Masuda,,$,http://www.tripadvisor.com/Hotel_Review-g1023584-d1086205-Reviews-Kajikaso-Masuda_Shimane_Prefecture_Chugoku.html
Hakuryukan,698-0031,Shimane Prefecture,383 Tadacho Masuda,,$,http://www.tripadvisor.com/Hotel_Review-g1023584-d1086207-Reviews-Hakuryukan-Masuda_Shimane_Prefecture_Chugoku.html
Araisokan,699-3506,Shimane Prefecture,1019-1 Nishihirabaracho Masuda,,$$,http://www.tripadvisor.com/Hotel_Review-g1023584-d1106979-Reviews-Araisokan-Masuda_Shimane_Prefecture_Chugoku.html
Ekimae Business Hotel,698-0024,Shimane Prefecture,26-2 Ekimaecho Masuda,,,http://www.tripadvisor.com/Hotel_Review-g1023584-d1106981-Reviews-Ekimae_Business_Hotel-Masuda_Shimane_Prefecture_Chugoku.html
Tomoe Ryokan,698-0036,Shimane Prefecture,20-38 Sukocho Masuda,,$,http://www.tripadvisor.com/Hotel_Review-g1023584-d1106982-Reviews-Tomoe_Ryokan-Masuda_Shimane_Prefecture_Chugoku.html
Watanabe Ryokan,699-5132,Shimane Prefecture,262 Yokotacho Masuda,,,http://www.tripadvisor.com/Hotel_Review-g1023584-d1566504-Reviews-Watanabe_Ryokan-Masuda_Shimane_Prefecture_Chugoku.html
Minshuku Yamabiko,698-0202,Shimane Prefecture,Ro-729 Mitocho Uzukawa Masuda,,,http://www.tripadvisor.com/Hotel_Review-g1023584-d1566505-Reviews-Minshuku_Yamabiko-Masuda_Shimane_Prefecture_Chugoku.html
Terminal Hotel Toraya,698-0024,Shimane Prefecture,25_34 Ekimaecho Masuda,,,http://www.tripadvisor.com/Hotel_Review-g1023584-d1863113-Reviews-Terminal_Hotel_Toraya-Masuda_Shimane_Prefecture_Chugoku.html
Hotel Sunpalace Masuda,698-0041,Shimane Prefecture,2355-12 Takatsucho Masuda,,,http://www.tripadvisor.com/Hotel_Review-g1023584-d1880897-Reviews-Hotel_Sunpalace_Masuda-Masuda_Shimane_Prefecture_Chugoku.html
Genkai,698-0033,Shimane Prefecture,14-6 Motomachi Masuda,,,http://www.tripadvisor.com/Hotel_Review-g1023584-d1880901-Reviews-Genkai-Masuda_Shimane_Prefecture_Chugoku.html
Station Hotel Daiei,698-0025,Shimane Prefecture,3 3 Akebono Nishimachi Masuda,,$,http://www.tripadvisor.com/Hotel_Review-g1023584-d1925369-Reviews-Station_Hotel_Daiei-Masuda_Shimane_Prefecture_Chugoku.html
Pension Zoku,699-3764,Shimane Prefecture,i 1569-45 Kiamicho Masuda,,,http://www.tripadvisor.com/Hotel_Review-g1023584-d2035947-Reviews-Pension_Zoku-Masuda_Shimane_Prefecture_Chugoku.html
Hotel Hatoya,698-0025,Shimane Prefecture,15-3 Akebononishimachi Masuda,,,http://www.tripadvisor.com/Hotel_Review-g1023584-d2695139-Reviews-Hotel_Hatoya-Masuda_Shimane_Prefecture_Chugoku.html
Azumaya Ryokan,698-0202,Shimane Prefecture,687-6 Mitochouzukawa Masuda,,,http://www.tripadvisor.com/Hotel_Review-g1023584-d3225428-Reviews-Azumaya_Ryokan-Masuda_Shimane_Prefecture_Chugoku.html
Manyo Park Campground,698-0041,Shimane Prefecture,I 2402-1 Takatsucho Masuda,,,http://www.tripadvisor.com/Hotel_Review-g1023584-d3338610-Reviews-Manyo_Park_Campground-Masuda_Shimane_Prefecture_Chugoku.html
Hikimikyo Rest Park,698-1211,Shimane Prefecture,"Hikimichi, Hikimicho Masuda",,,http://www.tripadvisor.com/Hotel_Review-g1023584-d3344929-Reviews-Hikimikyo_Rest_Park-Masuda_Shimane_Prefecture_Chugoku.html
Aisaika,698−0207,Shimane Prefecture,"1084-2 Marumori, Mito-cho Masuda",,,http://www.tripadvisor.com/Hotel_Review-g1023584-d3344941-Reviews-Aisaika-Masuda_Shimane_Prefecture_Chugoku.html
Sanbeso,694-0222,Shimane Prefecture,2072 Sanbecho Shigaku Oda,,$$,http://www.tripadvisor.com/Hotel_Review-g1023589-d1086225-Reviews-Sanbeso-Oda_Shimane_Prefecture_Chugoku.html
Sanbe Kanko Hotel,694-0222,Shimane Prefecture,881 Shigaku Sanbe-cho Oda,,,http://www.tripadvisor.com/Hotel_Review-g1023589-d1086228-Reviews-Sanbe_Kanko_Hotel-Oda_Shimane_Prefecture_Chugoku.html
Senkobo,694-0011,Shimane Prefecture,4247-1 Kawaicho Kawai Oda,,,http://www.tripadvisor.com/Hotel_Review-g1023589-d1086230-Reviews-Senkobo-Oda_Shimane_Prefecture_Chugoku.html
Sahimeno,694-0222,Shimane Prefecture,2078-2 Sanbecho Shigaku Oda,,$$,http://www.tripadvisor.com/Hotel_Review-g1023589-d1086231-Reviews-Sahimeno-Oda_Shimane_Prefecture_Chugoku.html
Ryokan Masuya,699-2501,Shimane Prefecture,32 Yunotsucho Yunotsu Oda,,$$$,http://www.tripadvisor.com/Hotel_Review-g1023589-d1107055-Reviews-Ryokan_Masuya-Oda_Shimane_Prefecture_Chugoku.html
Ryokan Koraku,699-2501,Shimane Prefecture,205-1 Yunotsu Yunotsu-cho Oda,,$$$,http://www.tripadvisor.com/Hotel_Review-g1023589-d1107056-Reviews-Ryokan_Koraku-Oda_Shimane_Prefecture_Chugoku.html
Tabinoyado Kiunso,699-2501,Shimane Prefecture,202-1 Yunotsu Yunotsu-cho Oda,,$$,http://www.tripadvisor.com/Hotel_Review-g1023589-d1107058-Reviews-Tabinoyado_Kiunso-Oda_Shimane_Prefecture_Chugoku.html
Nogawaya Ryokan,699-2501,Shimane Prefecture,30 Yunotsu Yunotsu-cho Oda,,$$,http://www.tripadvisor.com/Hotel_Review-g1023589-d1107059-Reviews-Nogawaya_Ryokan-Oda_Shimane_Prefecture_Chugoku.html
Business Hotel Otahuku,694-0051,Shimane Prefecture,1327-3 Kutecho Hanenishi Oda,,$,http://www.tripadvisor.com/Hotel_Review-g1023589-d1107060-Reviews-Business_Hotel_Otahuku-Oda_Shimane_Prefecture_Chugoku.html
Pension Monte Rosa,694-0223,Shimane Prefecture,208-2 Sanbecho Ikeda Oda,,$,http://www.tripadvisor.com/Hotel_Review-g1023589-d1107062-Reviews-Pension_Monte_Rosa-Oda_Shimane_Prefecture_Chugoku.html
Yusako Onsen Ryokan,699-2305,Shimane Prefecture,853 Nimacho Amagochi Oda,,$,http://www.tripadvisor.com/Hotel_Review-g1023589-d1127710-Reviews-Yusako_Onsen_Ryokan-Oda_Shimane_Prefecture_Chugoku.html
Morimoto Ryokan,699-2501,Shimane Prefecture,1-1 YunotsuYunotsucho Oda,,,http://www.tripadvisor.com/Hotel_Review-g1023589-d1137733-Reviews-Morimoto_Ryokan-Oda_Shimane_Prefecture_Chugoku.html
Ryokan Yoshidaya,699-2501,Shimane Prefecture,"707 Yunotsu, Yunotsu-cho Oda",,,http://www.tripadvisor.com/Hotel_Review-g1023589-d1137744-Reviews-Ryokan_Yoshidaya-Oda_Shimane_Prefecture_Chugoku.html
Shiroyama Onsen Ryokan,694-0064,Shimane Prefecture,I934 Odacho Oda Oda,,,http://www.tripadvisor.com/Hotel_Review-g1023589-d1566509-Reviews-Shiroyama_Onsen_Ryokan-Oda_Shimane_Prefecture_Chugoku.html
Sky hotel Oda,694-0064,Shimane Prefecture,"I-318 Oda, Odacho Oda",59,$,http://www.tripadvisor.com/Hotel_Review-g1023589-d1857480-Reviews-Sky_hotel_Oda-Oda_Shimane_Prefecture_Chugoku.html
Kumagai Ryokan,694-0224,Shimane Prefecture,1014-1 Sanbecho-Koyahara Oda,,,http://www.tripadvisor.com/Hotel_Review-g1023589-d1858549-Reviews-Kumagai_Ryokan-Oda_Shimane_Prefecture_Chugoku.html
Kaneko Ryokan,699-2211,Shimane Prefecture,1345 Hanecho Oda,,,http://www.tripadvisor.com/Hotel_Review-g1023589-d1880940-Reviews-Kaneko_Ryokan-Oda_Shimane_Prefecture_Chugoku.html
Hirotaya Ryokan,964-0305,Shimane Prefecture,89-1 Omoricho Oda,,$,http://www.tripadvisor.com/Hotel_Review-g1023589-d1880992-Reviews-Hirotaya_Ryokan-Oda_Shimane_Prefecture_Chugoku.html
Ishihara,699-2211,Shimane Prefecture,1333 Hanecho Oda,,,http://www.tripadvisor.com/Hotel_Review-g1023589-d1925384-Reviews-Ishihara-Oda_Shimane_Prefecture_Chugoku.html
Suimeikan,699-2211,Shimane Prefecture,1336-1 Hanecho Oda,,,http://www.tripadvisor.com/Hotel_Review-g1023589-d1925385-Reviews-Suimeikan-Oda_Shimane_Prefecture_Chugoku.html
Shiki no Yado,694-0222,Shimane Prefecture,2072-1 Sanbecho Shigaku Oda,,,http://www.tripadvisor.com/Hotel_Review-g1023589-d2026698-Reviews-Shiki_no_Yado-Oda_Shimane_Prefecture_Chugoku.html
Nakanoya,699-2501,Shimane Prefecture,Ro12-2 Yunotsucho Yunotsu Oda,,,http://www.tripadvisor.com/Hotel_Review-g1023589-d2070280-Reviews-Nakanoya-Oda_Shimane_Prefecture_Chugoku.html
Asahi Ryokan,694-0051,Shimane Prefecture,396-4 Kutecho Hanenishi Oda,,,http://www.tripadvisor.com/Hotel_Review-g1023589-d2078362-Reviews-Asahi_Ryokan-Oda_Shimane_Prefecture_Chugoku.html
Plaza Hotel Sanbe,694-0064,Shimane Prefecture,76-6 Odachooda Oda,,$,http://www.tripadvisor.com/Hotel_Review-g1023589-d2194155-Reviews-Plaza_Hotel_Sanbe-Oda_Shimane_Prefecture_Chugoku.html
Asagiya,699-2511,Shimane Prefecture,1109-17 Yunotsuchokohama Oda,,,http://www.tripadvisor.com/Hotel_Review-g1023589-d2253424-Reviews-Asagiya-Oda_Shimane_Prefecture_Chugoku.html
Asuterasu,694-0064,Shimane Prefecture,236_4 Ota-cho Ota Oda,,,http://www.tripadvisor.com/Hotel_Review-g1023589-d3980056-Reviews-Asuterasu-Oda_Shimane_Prefecture_Chugoku.html
Yamagataya,699-2501,Shimane Prefecture,"205-6 Ro Yunotsu, Yunotsucho Oda",,,http://www.tripadvisor.com/Hotel_Review-g1023589-d4346062-Reviews-Yamagataya-Oda_Shimane_Prefecture_Chugoku.html
Takeda Ryokan,699-2211,Shimane Prefecture,Kanecho Ekimae Oda,,,http://www.tripadvisor.com/Hotel_Review-g1023589-d5979725-Reviews-Takeda_Ryokan-Oda_Shimane_Prefecture_Chugoku.html
Yuzuriha,694-0305 ,Shimane Prefecture,Ni 3-1 Omoricho Oda,,,http://www.tripadvisor.com/Hotel_Review-g1023589-d6676265-Reviews-Yuzuriha-Oda_Shimane_Prefecture_Chugoku.html
Sasayuri koen,696-0004,Shimane Prefecture,3005-2 Kawakudari Kawamoto-machi,,,http://www.tripadvisor.com/Hotel_Review-g1121379-d1880948-Reviews-Sasayuri_koen-Kawamoto_machi_Ochi_gun_Shimane_Prefecture_Chugoku.html
Otogikan,696-0001,Shimane Prefecture,332-13 Kawamoto Kawamoto-machi,,$,http://www.tripadvisor.com/Hotel_Review-g1121379-d4738399-Reviews-Otogikan-Kawamoto_machi_Ochi_gun_Shimane_Prefecture_Chugoku.html
Golden Utopia Ohchi,699-4621,Shimane Prefecture,57-1 Kasubuchi Misato-cho,,$,http://www.tripadvisor.com/Hotel_Review-g1121380-d1136139-Reviews-Golden_Utopia_Ohchi-Misato_cho_Ochi_gun_Shimane_Prefecture_Chugoku.html
Canoenosato Ohchi,699-4707,Shimane Prefecture,54-1 Kamemura Misato-cho,,$$,http://www.tripadvisor.com/Hotel_Review-g1121380-d1136145-Reviews-Canoenosato_Ohchi-Misato_cho_Ochi_gun_Shimane_Prefecture_Chugoku.html
Shinyu Nakada,699-4633,Shimane Prefecture,348 Yugakai Misato-cho,,,http://www.tripadvisor.com/Hotel_Review-g1121380-d1136152-Reviews-Shinyu_Nakada-Misato_cho_Ochi_gun_Shimane_Prefecture_Chugoku.html
Yugakaiso,699-4633,Shimane Prefecture,344 Yugakai Misato-cho,,,http://www.tripadvisor.com/Hotel_Review-g1121380-d1136164-Reviews-Yugakaiso-Misato_cho_Ochi_gun_Shimane_Prefecture_Chugoku.html
Kiyuutei,699-4621,Shimane Prefecture,340 Kasubuchi Misato-cho,,,http://www.tripadvisor.com/Hotel_Review-g1121380-d2026673-Reviews-Kiyuutei-Misato_cho_Ochi_gun_Shimane_Prefecture_Chugoku.html
Daiwaso,696-0706,Shimane Prefecture,760-1 Nagato Misato-cho,,,http://www.tripadvisor.com/Hotel_Review-g1121380-d2695149-Reviews-Daiwaso-Misato_cho_Ochi_gun_Shimane_Prefecture_Chugoku.html
Ikoinomura Shimane,696-0131,Shimane Prefecture,2467-10 Kozui Onan-cho,,$,http://www.tripadvisor.com/Hotel_Review-g1121381-d1137582-Reviews-Ikoinomura_Shimane-Onan_cho_Ochi_gun_Shimane_Prefecture_Chugoku.html
Pension Jirosan no Ie,696-0314,Shimane Prefecture,1258 Iwaya Onan-cho,,$,http://www.tripadvisor.com/Hotel_Review-g1121381-d1566512-Reviews-Pension_Jirosan_no_Ie-Onan_cho_Ochi_gun_Shimane_Prefecture_Chugoku.html
Minshuku Niiya,697-0631,Shimane Prefecture,2169-3 Ichigi Onan-cho,,,http://www.tripadvisor.com/Hotel_Review-g1121381-d1566513-Reviews-Minshuku_Niiya-Onan_cho_Ochi_gun_Shimane_Prefecture_Chugoku.html
Ichigi Club,697-0631,Shimane Prefecture,1280 Ichigi Onan-cho,,,http://www.tripadvisor.com/Hotel_Review-g1121381-d1566514-Reviews-Ichigi_Club-Onan_cho_Ochi_gun_Shimane_Prefecture_Chugoku.html
Green Lodge Mizuho,697-0631,Shimane Prefecture,5851-4 Ichigi Onan-cho,,,http://www.tripadvisor.com/Hotel_Review-g1121381-d1880957-Reviews-Green_Lodge_Mizuho-Onan_cho_Ochi_gun_Shimane_Prefecture_Chugoku.html
Lodge Nook,696-0601,Shimane Prefecture,5464-2 Ueda Onan-cho,,,http://www.tripadvisor.com/Hotel_Review-g1121381-d1880962-Reviews-Lodge_Nook-Onan_cho_Ochi_gun_Shimane_Prefecture_Chugoku.html
Area 34 in Mizuho,697-0631,Shimane Prefecture,1709-2 Ichigi Onan-cho,,,http://www.tripadvisor.com/Hotel_Review-g1121381-d1910293-Reviews-Area_34_in_Mizuho-Onan_cho_Ochi_gun_Shimane_Prefecture_Chugoku.html
Villa Kisetsufu,697-0631,Shimane Prefecture,6268-23 Ichigi Onan-cho,,$,http://www.tripadvisor.com/Hotel_Review-g1121381-d1910295-Reviews-Villa_Kisetsufu-Onan_cho_Ochi_gun_Shimane_Prefecture_Chugoku.html
Pension & Cottage Mabo,697-0631,Shimane Prefecture,2037-1 Ichigi Onan-cho,,,http://www.tripadvisor.com/Hotel_Review-g1121381-d2542004-Reviews-Pension_Cottage_Mabo-Onan_cho_Ochi_gun_Shimane_Prefecture_Chugoku.html
Koyukan,696-0103,Shimane Prefecture,8532-2 Yagami Onan-cho,,,http://www.tripadvisor.com/Hotel_Review-g1121381-d4738104-Reviews-Koyukan-Onan_cho_Ochi_gun_Shimane_Prefecture_Chugoku.html
Chikuyo,692-0064,Shimane Prefecture,438 Furukawa-cho Yasugi,,$,http://www.tripadvisor.com/Hotel_Review-g1023585-d1086209-Reviews-Chikuyo-Yasugi_Shimane_Prefecture_Chugoku.html
Kouyoukan,692-0033,Shimane Prefecture,528 Kiyomizu-cho Yasugi,,$$,http://www.tripadvisor.com/Hotel_Review-g1023585-d1086211-Reviews-Kouyoukan-Yasugi_Shimane_Prefecture_Chugoku.html
Asahikan,692-0011,Shimane Prefecture,1970 Yasugicho Yasugi,,$,http://www.tripadvisor.com/Hotel_Review-g1023585-d1086212-Reviews-Asahikan-Yasugi_Shimane_Prefecture_Chugoku.html
Saginoyuso,692-0064,Shimane Prefecture,478-1 Furukawa-cho Yasugi,21,$$,http://www.tripadvisor.com/Hotel_Review-g1023585-d1086213-Reviews-Saginoyuso-Yasugi_Shimane_Prefecture_Chugoku.html
Shokinkan,692-0033,Shimane Prefecture,527 Kiyomizu-cho Yasugi,,$,http://www.tripadvisor.com/Hotel_Review-g1023585-d1086215-Reviews-Shokinkan-Yasugi_Shimane_Prefecture_Chugoku.html
Yasugien,692-0064,Shimane Prefecture,478 Furukawa-cho Yasugi,,$,http://www.tripadvisor.com/Hotel_Review-g1023585-d1086216-Reviews-Yasugien-Yasugi_Shimane_Prefecture_Chugoku.html
Hino Ryokan,692-0011,Shimane Prefecture,1966 Yasugicho Yasugi,,,http://www.tripadvisor.com/Hotel_Review-g1023585-d1107034-Reviews-Hino_Ryokan-Yasugi_Shimane_Prefecture_Chugoku.html
Hotel Hisagoya,692-0011,Shimane Prefecture,2403 Yasugicho Yasugi,,,http://www.tripadvisor.com/Hotel_Review-g1023585-d1107035-Reviews-Hotel_Hisagoya-Yasugi_Shimane_Prefecture_Chugoku.html
Yume Land Shirasagi,692-0064 ,Shimane Prefecture,835 Furukawacho Yasugi,,$,http://www.tripadvisor.com/Hotel_Review-g1023585-d3477363-Reviews-Yume_Land_Shirasagi-Yasugi_Shimane_Prefecture_Chugoku.html
Business Hotel Route 9,699-0108,Shimane Prefecture,470-1 Adakae Higashiizumo-cho,,$,http://www.tripadvisor.com/Hotel_Review-g1121375-d1136134-Reviews-Business_Hotel_Route_9-Higashiizumo_cho_Yatsuka_gun_Shimane_Prefecture_Chugoku.html
Haradaya,699-5605,Shimane Prefecture,712 Ushiroda Tsuwano-cho,,$,http://www.tripadvisor.com/Hotel_Review-g1121382-d1136187-Reviews-Haradaya-Tsuwano_cho_Kanoashi_gun_Shimane_Prefecture_Chugoku.html
Hotel Sky Hill Tsuwano,699-5606,Shimane Prefecture,845-1 Terada Tsuwano-cho,50,$,http://www.tripadvisor.com/Hotel_Review-g1121382-d1136198-Reviews-Hotel_Sky_Hill_Tsuwano-Tsuwano_cho_Kanoashi_gun_Shimane_Prefecture_Chugoku.html
Norennoyado Meigetsu,699-5605,Shimane Prefecture,665 Ushiroda Tsuwano-cho,,$$,http://www.tripadvisor.com/Hotel_Review-g1121382-d1136214-Reviews-Norennoyado_Meigetsu-Tsuwano_cho_Kanoashi_gun_Shimane_Prefecture_Chugoku.html
Auberge Shikinouta,699-5613,Shimane Prefecture,386 Washibara Tsuwano-cho,,$$,http://www.tripadvisor.com/Hotel_Review-g1121382-d1136217-Reviews-Auberge_Shikinouta-Tsuwano_cho_Kanoashi_gun_Shimane_Prefecture_Chugoku.html
Pension Hokuto,699-5207,Shimane Prefecture,801-8 Makurase Tsuwano-cho,,$$,http://www.tripadvisor.com/Hotel_Review-g1121382-d1136221-Reviews-Pension_Hokuto-Tsuwano_cho_Kanoashi_gun_Shimane_Prefecture_Chugoku.html
Pension Tsuwano,699-5613,Shimane Prefecture,244-1 Washibara Tsuwano-cho,,,http://www.tripadvisor.com/Hotel_Review-g1121382-d1136357-Reviews-Pension_Tsuwano-Tsuwano_cho_Kanoashi_gun_Shimane_Prefecture_Chugoku.html
Ryokan Koraku,699-5605,Shimane Prefecture,76-1 Ushiroda Tsuwano-cho,,$,http://www.tripadvisor.com/Hotel_Review-g1121382-d1136359-Reviews-Ryokan_Koraku-Tsuwano_cho_Kanoashi_gun_Shimane_Prefecture_Chugoku.html
Ryokan Yoshinoya,699-5605,Shimane Prefecture,185-3 Ushiroda Tsuwano-cho,,$,http://www.tripadvisor.com/Hotel_Review-g1121382-d1136366-Reviews-Ryokan_Yoshinoya-Tsuwano_cho_Kanoashi_gun_Shimane_Prefecture_Chugoku.html
Tsuwano Lodge,699-5613,Shimane Prefecture,345 Washibara Tsuwano-cho,,$$,http://www.tripadvisor.com/Hotel_Review-g1121382-d1136549-Reviews-Tsuwano_Lodge-Tsuwano_cho_Kanoashi_gun_Shimane_Prefecture_Chugoku.html
Wakasaginoyado,699-5604,Shimane Prefecture,93-6 Morimura Tsuwano-cho,,$,http://www.tripadvisor.com/Hotel_Review-g1121382-d1136557-Reviews-Wakasaginoyado-Tsuwano_cho_Kanoashi_gun_Shimane_Prefecture_Chugoku.html
Wataya,699-5605,Shimane Prefecture,82-3 Ushiroda Tsuwano-cho Tsuwano-cho,,$,http://www.tripadvisor.com/Hotel_Review-g1121382-d1137867-Reviews-Wataya-Tsuwano_cho_Kanoashi_gun_Shimane_Prefecture_Chugoku.html
Futaba Ryokan,699-5221,Shimane Prefecture,224-8 Nichihara Tsuwano-cho,,,http://www.tripadvisor.com/Hotel_Review-g1121382-d1566515-Reviews-Futaba_Ryokan-Tsuwano_cho_Kanoashi_gun_Shimane_Prefecture_Chugoku.html
Mimuraya,699-5605,Shimane Prefecture,178-1 Ushiroda Tsuwano-cho,,,http://www.tripadvisor.com/Hotel_Review-g1121382-d1881060-Reviews-Mimuraya-Tsuwano_cho_Kanoashi_gun_Shimane_Prefecture_Chugoku.html
Minshuku Hoshiryokan,699-5605,Shimane Prefecture,53-6 Ushiroda I Tsuwano-cho,,$,http://www.tripadvisor.com/Hotel_Review-g1121382-d1881063-Reviews-Minshuku_Hoshiryokan-Tsuwano_cho_Kanoashi_gun_Shimane_Prefecture_Chugoku.html
Ekimae Business Hotel Tsuwano,699-5605,Shimane Prefecture,57-1 Ushiroda Tsuwano-cho,6,$,http://www.tripadvisor.com/Hotel_Review-g1121382-d1881067-Reviews-Ekimae_Business_Hotel_Tsuwano-Tsuwano_cho_Kanoashi_gun_Shimane_Prefecture_Chugoku.html
Minshuku Miyake,699-5605,Shimane Prefecture,150 Ushiroda Tsuwano-cho,,$,http://www.tripadvisor.com/Hotel_Review-g1121382-d1881072-Reviews-Minshuku_Miyake-Tsuwano_cho_Kanoashi_gun_Shimane_Prefecture_Chugoku.html
Wakasagi No Yado,669-5604,Shimane Prefecture,98-6 Morimura Tsuwano-cho,,$,http://www.tripadvisor.com/Hotel_Review-g1121382-d3484308-Reviews-Wakasagi_No_Yado-Tsuwano_cho_Kanoashi_gun_Shimane_Prefecture_Chugoku.html
Minshuku Satoyama Ryokan,699-5613,Shimane Prefecture,Ro 345 Washibara Tsuwano-cho,,$,http://www.tripadvisor.com/Hotel_Review-g1121382-d5603547-Reviews-Minshuku_Satoyama_Ryokan-Tsuwano_cho_Kanoashi_gun_Shimane_Prefecture_Chugoku.html
Yurara,699-5506,Shimane Prefecture,238-2 Arii Yoshika-cho,,$$,http://www.tripadvisor.com/Hotel_Review-g1121383-d1137807-Reviews-Yurara-Yoshika_cho_Kanoashi_gun_Shimane_Prefecture_Chugoku.html
Ogawaya Ryokan,695-0156,Shimane Prefecture,691 Arifukuonsencho Gotsu,,$$,http://www.tripadvisor.com/Hotel_Review-g1023586-d1072950-Reviews-Ogawaya_Ryokan-Gotsu_Shimane_Prefecture_Chugoku.html
Nushiya,695-0156,Shimane Prefecture,955 Arifuku Onsencho Gotsu,,$$$$,http://www.tripadvisor.com/Hotel_Review-g1023586-d1086221-Reviews-Nushiya-Gotsu_Shimane_Prefecture_Chugoku.html
Higuchi,695-0156,Shimane Prefecture,695 Arifuku Onsencho Gotsu,18,$$$,http://www.tripadvisor.com/Hotel_Review-g1023586-d1086224-Reviews-Higuchi-Gotsu_Shimane_Prefecture_Chugoku.html
Onsen Resort Kazenokuni,699-4431,Shimane Prefecture,2696 Sakuraecho Nagatani Gotsu,,$$,http://www.tripadvisor.com/Hotel_Review-g1023586-d1107037-Reviews-Onsen_Resort_Kazenokuni-Gotsu_Shimane_Prefecture_Chugoku.html
Sangai Ryokan,695-0156,Shimane Prefecture,692 Arifuku Onsencho Gotsu,,$$$,http://www.tripadvisor.com/Hotel_Review-g1023586-d1863116-Reviews-Sangai_Ryokan-Gotsu_Shimane_Prefecture_Chugoku.html
Yoshidaya,695-0156,Shimane Prefecture,708 Arifuku Onsencho Gotsu,,$$,http://www.tripadvisor.com/Hotel_Review-g1023586-d1864054-Reviews-Yoshidaya-Gotsu_Shimane_Prefecture_Chugoku.html
Watazuya Ryokan,695-0156,Shimane Prefecture,697 Arifukuonsencho Gotsu,,$,http://www.tripadvisor.com/Hotel_Review-g1023586-d1880903-Reviews-Watazuya_Ryokan-Gotsu_Shimane_Prefecture_Chugoku.html
Mikawa Ryokan,699-4226,Shimane Prefecture,127-1 Sakuraechokawado Gotsu,,,http://www.tripadvisor.com/Hotel_Review-g1023586-d1880909-Reviews-Mikawa_Ryokan-Gotsu_Shimane_Prefecture_Chugoku.html
Business Hotel Sunmall,695-0021,Shimane Prefecture,2399-1 Tsunozucho Gotsu,,$,http://www.tripadvisor.com/Hotel_Review-g1023586-d1880913-Reviews-Business_Hotel_Sunmall-Gotsu_Shimane_Prefecture_Chugoku.html
Tamaminesanso,699-1701,Shimane Prefecture,3609-1 Kamedake Okuizumo-cho,,$$,http://www.tripadvisor.com/Hotel_Review-g1121376-d1137884-Reviews-Tamaminesanso-Okuizumo_cho_Nita_gun_Shimane_Prefecture_Chugoku.html
Okuizimocho Cycling Terminal,699-1511,Shimane Prefecture,558-6 Minari Okuizumo-cho,,,http://www.tripadvisor.com/Hotel_Review-g1121376-d1841963-Reviews-Okuizimocho_Cycling_Terminal-Okuizumo_cho_Nita_gun_Shimane_Prefecture_Chugoku.html
"Okuizimo Tane Museum Of Natural History, Accommodation",699-1434,Shimane Prefecture,236-1 Sajiro Okuizumo-cho,,$,http://www.tripadvisor.com/Hotel_Review-g1121376-d1860314-Reviews-Okuizimo_Tane_Museum_Of_Natural_History_Accommodation-Okuizumo_cho_Nita_gun_Shimane_P.html
Fukuya Ryokan,699-1832,Shimane Prefecture,945-1 Yokota Okuizumo-cho,,,http://www.tripadvisor.com/Hotel_Review-g1121376-d2695152-Reviews-Fukuya_Ryokan-Okuizumo_cho_Nita_gun_Shimane_Prefecture_Chugoku.html
Minshuku Tanabe, 699-1801,Shimane Prefecture,1844 Takezaki Okuizumo-cho,,,http://www.tripadvisor.com/Hotel_Review-g1121376-d5545216-Reviews-Minshuku_Tanabe-Okuizumo_cho_Nita_gun_Shimane_Prefecture_Chugoku.html
Marine Port Hotel Ama,684-0404,Shimane Prefecture,1375-1 Fukui Ama-cho,,$$,http://www.tripadvisor.com/Hotel_Review-g1121384-d1124115-Reviews-Marine_Port_Hotel_Ama-Ama_cho_Oki_gun_Shimane_Prefecture_Chugoku.html
Minshuku Kosaki,684-0411,Shimane Prefecture,Ama-cho,,,http://www.tripadvisor.com/Hotel_Review-g1121384-d1857483-Reviews-Minshuku_Kosaki-Ama_cho_Oki_gun_Shimane_Prefecture_Chugoku.html
Otomaridokoro Nakamura,684-0403,Shimane Prefecture,1458-3 Ama Ama-cho,,$,http://www.tripadvisor.com/Hotel_Review-g1121384-d1880983-Reviews-Otomaridokoro_Nakamura-Ama_cho_Oki_gun_Shimane_Prefecture_Chugoku.html
Hotel Chibuno Sato,684-0105,Shimane Prefecture,1242-1 Nibu Chibu-mura,,$$$,http://www.tripadvisor.com/Hotel_Review-g1121386-d1566517-Reviews-Hotel_Chibuno_Sato-Chibu_mura_Oki_gun_Shimane_Prefecture_Chugoku.html
Auberge Primavera,684-0100,Shimane Prefecture,451 Chibu-mura,,,http://www.tripadvisor.com/Hotel_Review-g1121386-d1884636-Reviews-Auberge_Primavera-Chibu_mura_Oki_gun_Shimane_Prefecture_Chugoku.html
Islandpark Hotel,685-0105,Shimane Prefecture,896 Tsudo Okinoshima-cho,,$$,http://www.tripadvisor.com/Hotel_Review-g1121387-d1125411-Reviews-Islandpark_Hotel-Okinoshima_cho_Oki_gun_Shimane_Prefecture_Chugoku.html
Hotel Sunrise Fuse,685-0413,Shimane Prefecture,1005 Uzuki Okinoshima-cho,13,$$,http://www.tripadvisor.com/Hotel_Review-g1121387-d1125458-Reviews-Hotel_Sunrise_Fuse-Okinoshima_cho_Oki_gun_Shimane_Prefecture_Chugoku.html
Oki Plaza Hotel,685-0015,Shimane Prefecture,11-1 Minato-machi Okinoshima-cho,35,$$,http://www.tripadvisor.com/Hotel_Review-g1121387-d1125691-Reviews-Oki_Plaza_Hotel-Okinoshima_cho_Oki_gun_Shimane_Prefecture_Chugoku.html
Uneri,685-0303,Shimane Prefecture,1933-1 Minamigata Okinoshima-cho,10,$,http://www.tripadvisor.com/Hotel_Review-g1121387-d1136728-Reviews-Uneri-Okinoshima_cho_Oki_gun_Shimane_Prefecture_Chugoku.html
Kajitani,685-0005,Shimane Prefecture,14-1 Miyabi Togo Okinoshima-cho,,,http://www.tripadvisor.com/Hotel_Review-g1121387-d1136743-Reviews-Kajitani-Okinoshima_cho_Oki_gun_Shimane_Prefecture_Chugoku.html
Oki View Port Hotel,685-0013,Shimane Prefecture,4-54-3 Naka-machi Okinoshima-cho,34,$,http://www.tripadvisor.com/Hotel_Review-g1121387-d1136769-Reviews-Oki_View_Port_Hotel-Okinoshima_cho_Oki_gun_Shimane_Prefecture_Chugoku.html
Hagoromoso,685-0000,Shimane Prefecture,2213 Tsuma Okinoshima-cho,,$$,http://www.tripadvisor.com/Hotel_Review-g1121387-d1137899-Reviews-Hagoromoso-Okinoshima_cho_Oki_gun_Shimane_Prefecture_Chugoku.html
New Chikusenkaku,685-0021,Shimane Prefecture,28 Takai Misaki-machi Okinoshima-cho,,,http://www.tripadvisor.com/Hotel_Review-g1121387-d1137928-Reviews-New_Chikusenkaku-Okinoshima_cho_Oki_gun_Shimane_Prefecture_Chugoku.html
Hamadaya Daiichi Kanko,685-0434,Shimane Prefecture,1434-6 Nakamura Okinoshima-cho,,$,http://www.tripadvisor.com/Hotel_Review-g1121387-d1566519-Reviews-Hamadaya_Daiichi_Kanko-Okinoshima_cho_Oki_gun_Shimane_Prefecture_Chugoku.html
Minshuku Ajitomi,685-0301,Shimane Prefecture,262-1 Kitagata Okinoshima-cho,,,http://www.tripadvisor.com/Hotel_Review-g1121387-d1566520-Reviews-Minshuku_Ajitomi-Okinoshima_cho_Oki_gun_Shimane_Prefecture_Chugoku.html
Kinbuso,685-0005,Shimane Prefecture,59 Kanbe Togo Okinoshima-cho,,,http://www.tripadvisor.com/Hotel_Review-g1121387-d1879248-Reviews-Kinbuso-Okinoshima_cho_Oki_gun_Shimane_Prefecture_Chugoku.html
Shimaji,685-0015,Shimane Prefecture,80-22 Tenjinbara Minatomachi Okinoshima-cho,,,http://www.tripadvisor.com/Hotel_Review-g1121387-d1879249-Reviews-Shimaji-Okinoshima_cho_Oki_gun_Shimane_Prefecture_Chugoku.html
Ryokan Matsuhama,685-0015,Shimane Prefecture,84 Minatomachi Shioguchi Okinoshima-cho,,$,http://www.tripadvisor.com/Hotel_Review-g1121387-d1910313-Reviews-Ryokan_Matsuhama-Okinoshima_cho_Oki_gun_Shimane_Prefecture_Chugoku.html
Ikoinoyado Ishizuka Ryokan,685-0012,Shimane Prefecture,16-2 Higashimachi Okinoshima-cho,,$$,http://www.tripadvisor.com/Hotel_Review-g1121387-d2695144-Reviews-Ikoinoyado_Ishizuka_Ryokan-Okinoshima_cho_Oki_gun_Shimane_Prefecture_Chugoku.html
Hotel Oki,684-0303,Shimane Prefecture,4386 Mita Nishinoshima-cho,,$,http://www.tripadvisor.com/Hotel_Review-g1121385-d1136561-Reviews-Hotel_Oki-Nishinoshima_cho_Oki_gun_Shimane_Prefecture_Chugoku.html
Oki Seaside Hotel Tsurumaru,684-0303,Shimane Prefecture,771-1 Mita Nishinoshima-cho,,$$,http://www.tripadvisor.com/Hotel_Review-g1121385-d1136568-Reviews-Oki_Seaside_Hotel_Tsurumaru-Nishinoshima_cho_Oki_gun_Shimane_Prefecture_Chugoku.html
Hotel Oki Roza Ju,684-0303,Shimane Prefecture,Mita Nishinoshima-cho,,$$,http://www.tripadvisor.com/Hotel_Review-g1121385-d1136588-Reviews-Hotel_Oki_Roza_Ju-Nishinoshima_cho_Oki_gun_Shimane_Prefecture_Chugoku.html
Mitsukejimaso,684-0302,Shimane Prefecture,2151-3 Beppu Nishinoshima-cho,,$,http://www.tripadvisor.com/Hotel_Review-g1121385-d1136626-Reviews-Mitsukejimaso-Nishinoshima_cho_Oki_gun_Shimane_Prefecture_Chugoku.html
Kunigaso,684-0211 ,Shimane Prefecture,192 Urago Nishinoshima-cho,,$$,http://www.tripadvisor.com/Hotel_Review-g1121385-d1440391-Reviews-Kunigaso-Nishinoshima_cho_Oki_gun_Shimane_Prefecture_Chugoku.html
Masakiya Ryokan,684-0302,Shimane Prefecture,47 Beppu Nishinoshima-cho,,,http://www.tripadvisor.com/Hotel_Review-g1121385-d1566516-Reviews-Masakiya_Ryokan-Nishinoshima_cho_Oki_gun_Shimane_Prefecture_Chugoku.html
Kishimoto Ryokan,684-0303,Shimane Prefecture,494-2 Urago Nishinoshima-cho,,$,http://www.tripadvisor.com/Hotel_Review-g1121385-d6028989-Reviews-Kishimoto_Ryokan-Nishinoshima_cho_Oki_gun_Shimane_Prefecture_Chugoku.html
Ryokan Tsukamoto,684-0303,Shimane Prefecture,Mita Funakoshi Nishinoshima-cho,,$,http://www.tripadvisor.com/Hotel_Review-g1121385-d6029049-Reviews-Ryokan_Tsukamoto-Nishinoshima_cho_Oki_gun_Shimane_Prefecture_Chugoku.html
Miyoshi,684-0211,Shimane Prefecture,677-13 Urago Nishinoshima-cho,,,http://www.tripadvisor.com/Hotel_Review-g1121385-d6922919-Reviews-Miyoshi-Nishinoshima_cho_Oki_gun_Shimane_Prefecture_Chugoku.html
