Tokyu Inn Tokushima,770-0834,Tokushima Prefecture,1-24 Motomachi Tokushima,138,$,http://www.tripadvisor.com/Hotel_Review-g298236-d505981-Reviews-Tokyu_Inn_Tokushima-Tokushima_Tokushima_Prefecture_Shikoku.html
Tokushima Kenchomae Daiichi Hotel,770-0942,Tokushima Prefecture,1-15 Showacho Tokushima,63,$,http://www.tripadvisor.com/Hotel_Review-g298236-d1047852-Reviews-Tokushima_Kenchomae_Daiichi_Hotel-Tokushima_Tokushima_Prefecture_Shikoku.html
Agnes Hotel Tokushima,770-0831,Tokushima Prefecture,1-28 Terashimahonchonishi Tokushima,,$,http://www.tripadvisor.com/Hotel_Review-g298236-d1047861-Reviews-Agnes_Hotel_Tokushima-Tokushima_Tokushima_Prefecture_Shikoku.html
Hotel Plaza Inn Tokushima,770-0815,Tokushima Prefecture,1-20 Suketobashi Tokushima,,$,http://www.tripadvisor.com/Hotel_Review-g298236-d1047864-Reviews-Hotel_Plaza_Inn_Tokushima-Tokushima_Tokushima_Prefecture_Shikoku.html
Tokushima Grand Hotel Kairakuen,770-0926,Tokushima Prefecture,1-8 Igacho Tokushima,,$$,http://www.tripadvisor.com/Hotel_Review-g298236-d1047867-Reviews-Tokushima_Grand_Hotel_Kairakuen-Tokushima_Tokushima_Prefecture_Shikoku.html
Hotel Astria,770-0833,Tokushima Prefecture,2-26-1 Ichibancho Tokushima,,$,http://www.tripadvisor.com/Hotel_Review-g298236-d1047874-Reviews-Hotel_Astria-Tokushima_Tokushima_Prefecture_Shikoku.html
Business Hotel New Toyo,770-0902,Tokushima Prefecture,1-33 Nishishinmachi Tokushima,,$,http://www.tripadvisor.com/Hotel_Review-g298236-d1047881-Reviews-Business_Hotel_New_Toyo-Tokushima_Tokushima_Prefecture_Shikoku.html
Taishoro,770-0042,Tokushima Prefecture,1-24 Kuramotocho Tokushima,,$,http://www.tripadvisor.com/Hotel_Review-g298236-d1047884-Reviews-Taishoro-Tokushima_Tokushima_Prefecture_Shikoku.html
Business Hotel Sasada,770-0931,Tokushima Prefecture,1-9 Tomidahama Tokushima,,$,http://www.tripadvisor.com/Hotel_Review-g298236-d1047898-Reviews-Business_Hotel_Sasada-Tokushima_Tokushima_Prefecture_Shikoku.html
Tokushima Washington Hotel Plaza,770-0923,Tokushima Prefecture,1-61-1 Omichi Tokushima,196,$,http://www.tripadvisor.com/Hotel_Review-g298236-d1047908-Reviews-Tokushima_Washington_Hotel_Plaza-Tokushima_Tokushima_Prefecture_Shikoku.html
Century Plaza Hotel,770-0944,Tokushima Prefecture,1-46-1 Minamishowacho Tokushima,,$,http://www.tripadvisor.com/Hotel_Review-g298236-d1047913-Reviews-Century_Plaza_Hotel-Tokushima_Tokushima_Prefecture_Shikoku.html
Business Hotel Nakazu,770-0856,Tokushima Prefecture,3-26-3 Nakazucho Tokushima,,,http://www.tripadvisor.com/Hotel_Review-g298236-d1047919-Reviews-Business_Hotel_Nakazu-Tokushima_Tokushima_Prefecture_Shikoku.html
Kenzan Hotel,770-0846,Tokushima Prefecture,2-11 Minamiuchimachi Tokushima,,$,http://www.tripadvisor.com/Hotel_Review-g298236-d1047926-Reviews-Kenzan_Hotel-Tokushima_Tokushima_Prefecture_Shikoku.html
Business Hotel Kondo,770-0903,Tokushima Prefecture,1-10 Nishidaikumachi Tokushima,,,http://www.tripadvisor.com/Hotel_Review-g298236-d1047936-Reviews-Business_Hotel_Kondo-Tokushima_Tokushima_Prefecture_Shikoku.html
Sunshine Tokushima Annex,770-0824,Tokushima Prefecture,2-9 Minamidekijimacho Tokushima,,$,http://www.tripadvisor.com/Hotel_Review-g298236-d1047939-Reviews-Sunshine_Tokushima_Annex-Tokushima_Tokushima_Prefecture_Shikoku.html
Business Hotel Aege,770-0802,Tokushima Prefecture,5-16 Yoshinohoncho Tokushima,,$,http://www.tripadvisor.com/Hotel_Review-g298236-d1047949-Reviews-Business_Hotel_Aege-Tokushima_Tokushima_Prefecture_Shikoku.html
Hotel Castle CV,770-0812,Tokushima Prefecture,2-11-1 Kitajosanjima-cho Tokushima,,$,http://www.tripadvisor.com/Hotel_Review-g298236-d1047952-Reviews-Hotel_Castle_CV-Tokushima_Tokushima_Prefecture_Shikoku.html
Weekly Tokushima,770-0813,Tokushima Prefecture,3-6-1 Nakajosanjimacho Tokushima,,$,http://www.tripadvisor.com/Hotel_Review-g298236-d1047958-Reviews-Weekly_Tokushima-Tokushima_Tokushima_Prefecture_Shikoku.html
Hayashi Bekkan,770-0844,Tokushima Prefecture,2-22 Nakatorimachi Tokushima,,$,http://www.tripadvisor.com/Hotel_Review-g298236-d1047961-Reviews-Hayashi_Bekkan-Tokushima_Tokushima_Prefecture_Shikoku.html
Hotel Echihisa,770-0931,Tokushima Prefecture,1-22 Tomidahama Tokushima,,$,http://www.tripadvisor.com/Hotel_Review-g298236-d1047964-Reviews-Hotel_Echihisa-Tokushima_Tokushima_Prefecture_Shikoku.html
Kanpo No Yado Tokushima,770-8071,Tokushima Prefecture,3-70 Nakatsuyama Hachimancho Tokushima,,$,http://www.tripadvisor.com/Hotel_Review-g298236-d1047969-Reviews-Kanpo_No_Yado_Tokushima-Tokushima_Tokushima_Prefecture_Shikoku.html
Hotel Four Season Tokushima,770-0831,Tokushima Prefecture,1-54-1 Terashimahonchonishi Tokushima,,$,http://www.tripadvisor.com/Hotel_Review-g298236-d1047972-Reviews-Hotel_Four_Season_Tokushima-Tokushima_Tokushima_Prefecture_Shikoku.html
Alpha Hotel Tokushima,770-0905,Tokushima Prefecture,2-11 Higashidaikumachi Tokushima,84,$,http://www.tripadvisor.com/Hotel_Review-g298236-d1047977-Reviews-Alpha_Hotel_Tokushima-Tokushima_Tokushima_Prefecture_Shikoku.html
Awa Kanko Hotel,770-0833,Tokushima Prefecture,3-16-3 Ichiban-cho Tokushima,,$,http://www.tripadvisor.com/Hotel_Review-g298236-d1082224-Reviews-Awa_Kanko_Hotel-Tokushima_Tokushima_Prefecture_Shikoku.html
Awanokuni Subaruyado Yoshino,770-0833,Tokushima Prefecture,3-18 Ichiban-cho Tokushima,,$,http://www.tripadvisor.com/Hotel_Review-g298236-d1082250-Reviews-Awanokuni_Subaruyado_Yoshino-Tokushima_Tokushima_Prefecture_Shikoku.html
The Grand Palace Tokushima,770-0831,Tokushima Prefecture,1-60-1 Terashima Hon-cho Nishi Tokushima,,$,http://www.tripadvisor.com/Hotel_Review-g298236-d1082263-Reviews-The_Grand_Palace_Tokushima-Tokushima_Tokushima_Prefecture_Shikoku.html
Hotel Cosmos Tokushima,770-0936,Tokushima Prefecture,2-35-4 Chuo-dori Tokushima,122,$,http://www.tripadvisor.com/Hotel_Review-g298236-d1082270-Reviews-Hotel_Cosmos_Tokushima-Tokushima_Tokushima_Prefecture_Shikoku.html
Hotel Sunroute Tokushima,770-0834,Tokushima Prefecture,1-5-1 Motomachi Tokushima,177,$,http://www.tripadvisor.com/Hotel_Review-g298236-d1082275-Reviews-Hotel_Sunroute_Tokushima-Tokushima_Tokushima_Prefecture_Shikoku.html
Tokushima Green Hotel,770-0815,Tokushima Prefecture,4-5-2 Suketobashi Tokushima,,$,http://www.tripadvisor.com/Hotel_Review-g298236-d1082280-Reviews-Tokushima_Green_Hotel-Tokushima_Tokushima_Prefecture_Shikoku.html
Grandvrio Hotel Tokushima,770-0941,Tokushima Prefecture,3-5-1 Bandai-cho Tokushima,208,$,http://www.tripadvisor.com/Hotel_Review-g298236-d1082281-Reviews-Grandvrio_Hotel_Tokushima-Tokushima_Tokushima_Prefecture_Shikoku.html
Avanti,770-0905,Tokushima Prefecture,1-20 Higashidaikumachi Tokushima,,$,http://www.tripadvisor.com/Hotel_Review-g298236-d1082339-Reviews-Avanti-Tokushima_Tokushima_Prefecture_Shikoku.html
Tokushima Business Hotel Orient,770-8063,Tokushima Prefecture,1-1-30 Minaminikenya-cho Tokushima,,$,http://www.tripadvisor.com/Hotel_Review-g298236-d1082343-Reviews-Tokushima_Business_Hotel_Orient-Tokushima_Tokushima_Prefecture_Shikoku.html
Business Hotel Seifuso,770-0842,Tokushima Prefecture,3-8 Tori-machi Tokushima,,$,http://www.tripadvisor.com/Hotel_Review-g298236-d1082347-Reviews-Business_Hotel_Seifuso-Tokushima_Tokushima_Prefecture_Shikoku.html
Economy Hotel Palesu 21,770-0856,Tokushima Prefecture,1-26 Nakasu-cho Tokushima,,$,http://www.tripadvisor.com/Hotel_Review-g298236-d1082350-Reviews-Economy_Hotel_Palesu_21-Tokushima_Tokushima_Prefecture_Shikoku.html
Business Hotel Senba,770-0911,Tokushima Prefecture,2-15-1 Higashisenba-cho Tokushima,,,http://www.tripadvisor.com/Hotel_Review-g298236-d1082353-Reviews-Business_Hotel_Senba-Tokushima_Tokushima_Prefecture_Shikoku.html
Business Hotel Shiraito,770-0934,Tokushima Prefecture,1-71 Akita-machi Tokushima,,$,http://www.tripadvisor.com/Hotel_Review-g298236-d1082355-Reviews-Business_Hotel_Shiraito-Tokushima_Tokushima_Prefecture_Shikoku.html
Hotel Hakusuien,770-0932,Tokushima Prefecture,1-40 Nakanocho Tokushima,45,$,http://www.tripadvisor.com/Hotel_Review-g298236-d1084342-Reviews-Hotel_Hakusuien-Tokushima_Tokushima_Prefecture_Shikoku.html
Hotel Marston Green,770-0843,Tokushima Prefecture,1-12 Ryogokuhoncho Tokushima,,,http://www.tripadvisor.com/Hotel_Review-g298236-d1084345-Reviews-Hotel_Marston_Green-Tokushima_Tokushima_Prefecture_Shikoku.html
Hotel Nogamiya,770-0937,Tokushima Prefecture,1-15 Tomidabashi Tokushima,,,http://www.tripadvisor.com/Hotel_Review-g298236-d1084353-Reviews-Hotel_Nogamiya-Tokushima_Tokushima_Prefecture_Shikoku.html
Hotel Sunshine Tokushima,770-0824,Tokushima Prefecture,2-7-1 Minamidekijimacho Tokushima,47,$,http://www.tripadvisor.com/Hotel_Review-g298236-d1084359-Reviews-Hotel_Sunshine_Tokushima-Tokushima_Tokushima_Prefecture_Shikoku.html
Hotel Senshukaku,770-0847,Tokushima Prefecture,3-55 Saiwaicho Tokushima,40,$,http://www.tripadvisor.com/Hotel_Review-g298236-d1084364-Reviews-Hotel_Senshukaku-Tokushima_Tokushima_Prefecture_Shikoku.html
Tokushima Ekimae Daiichii Hotel,770-0833,Tokushima Prefecture,2-21 Ichibancho Tokushima,88,$,http://www.tripadvisor.com/Hotel_Review-g298236-d1084368-Reviews-Tokushima_Ekimae_Daiichii_Hotel-Tokushima_Tokushima_Prefecture_Shikoku.html
Tokushima Youth Hostel,770-8012,Tokushima Prefecture,7-1 Hama Oharacho Tokushima,,,http://www.tripadvisor.com/Hotel_Review-g298236-d1084381-Reviews-Tokushima_Youth_Hostel-Tokushima_Tokushima_Prefecture_Shikoku.html
Toyoko Inn Tokushima-eki Bizan-guchi,770-0905,Tokushima Prefecture,2-7 Higashidaikumachi Tokushima,208,$,http://www.tripadvisor.com/Hotel_Review-g298236-d1084397-Reviews-Toyoko_Inn_Tokushima_eki_Bizan_guchi-Tokushima_Tokushima_Prefecture_Shikoku.html
Business Hotel May Up,770-0847,Tokushima Prefecture,3-108 Saiwaicho Tokushima,,$,http://www.tripadvisor.com/Hotel_Review-g298236-d1084403-Reviews-Business_Hotel_May_Up-Tokushima_Tokushima_Prefecture_Shikoku.html
Business Hotel Minshuku Minato,770-0865,Tokushima Prefecture,2-77 Mimamisuehitocho Tokushima,,,http://www.tripadvisor.com/Hotel_Review-g298236-d1084408-Reviews-Business_Hotel_Minshuku_Minato-Tokushima_Tokushima_Prefecture_Shikoku.html
Hotel Clement Tokushima,770-0831,Tokushima Prefecture,1-61 Terashimahonchonishi Tokushima,250,$,http://www.tripadvisor.com/Hotel_Review-g298236-d1093387-Reviews-Hotel_Clement_Tokushima-Tokushima_Tokushima_Prefecture_Shikoku.html
Town Hotel Chiyo,770-0939,Tokushima Prefecture,1-50 Kachidokibashi Tokushima,,$,http://www.tripadvisor.com/Hotel_Review-g298236-d1104502-Reviews-Town_Hotel_Chiyo-Tokushima_Tokushima_Prefecture_Shikoku.html
Agnes Hotel Plus,770-0831,Tokushima Prefecture,1-34 Terashimahonchonishi Tokushima,30,$,http://www.tripadvisor.com/Hotel_Review-g298236-d1104504-Reviews-Agnes_Hotel_Plus-Tokushima_Tokushima_Prefecture_Shikoku.html
Business Hotel Fujishima,770-0937,Tokushima Prefecture,2-59 Tomidabashi Tokushima,,$,http://www.tripadvisor.com/Hotel_Review-g298236-d1104508-Reviews-Business_Hotel_Fujishima-Tokushima_Tokushima_Prefecture_Shikoku.html
New Marushin,770-0931,Tokushima Prefecture,3-10 Tomidahama Tokushima,,$,http://www.tripadvisor.com/Hotel_Review-g298236-d1104511-Reviews-New_Marushin-Tokushima_Tokushima_Prefecture_Shikoku.html
Myouzai Ryokan,779-3132,Tokushima Prefecture,234 Ichinomiyacho Tokushima,,$,http://www.tripadvisor.com/Hotel_Review-g298236-d1104516-Reviews-Myouzai_Ryokan-Tokushima_Tokushima_Prefecture_Shikoku.html
Toyoko Inn Tokushima ekimae,770-0843,Tokushima Prefecture,1-5 Ryogoku honcho Tokushima,,$,http://www.tripadvisor.com/Hotel_Review-g298236-d1497112-Reviews-Toyoko_Inn_Tokushima_ekimae-Tokushima_Tokushima_Prefecture_Shikoku.html
Hyper-Inn Tokushima Higashisemba,770-0911,Tokushima Prefecture,2-15 Higashisembacho Tokushima,,$,http://www.tripadvisor.com/Hotel_Review-g298236-d1500322-Reviews-Hyper_Inn_Tokushima_Higashisemba-Tokushima_Tokushima_Prefecture_Shikoku.html
Tokushima Station Hotel,770-0832,Tokushima Prefecture,3-4 Terashimahoncho-Higashi Tokushima,,$,http://www.tripadvisor.com/Hotel_Review-g298236-d1867088-Reviews-Tokushima_Station_Hotel-Tokushima_Tokushima_Prefecture_Shikoku.html
Business Hotel Mizuho,770-0933,Tokushima Prefecture,1-46-3 Minaminakanocho Tokushima,,$,http://www.tripadvisor.com/Hotel_Review-g298236-d1910324-Reviews-Business_Hotel_Mizuho-Tokushima_Tokushima_Prefecture_Shikoku.html
Annex Mizuho,770-0937,Tokushima Prefecture,1-119-7 Tomidabashi Tokushima,,$,http://www.tripadvisor.com/Hotel_Review-g298236-d1910326-Reviews-Annex_Mizuho-Tokushima_Tokushima_Prefecture_Shikoku.html
3metPlaza,770-0923,Tokushima Prefecture,1-8 Omichi Tokushima,,,http://www.tripadvisor.com/Hotel_Review-g298236-d2697077-Reviews-3metPlaza-Tokushima_Tokushima_Prefecture_Shikoku.html
Waki Plaza Hotel,779-3601,Tokushima Prefecture,2020-3 Hibara Wakimachi Mima,,$,http://www.tripadvisor.com/Hotel_Review-g1023593-d1072253-Reviews-Waki_Plaza_Hotel-Mima_Tokushima_Prefecture_Shikoku.html
Suisha no Sato,777-0006,Tokushima Prefecture,1028-1 Kuchiyama Fuchimyo Anabukicho Mima,,,http://www.tripadvisor.com/Hotel_Review-g1023593-d1072255-Reviews-Suisha_no_Sato-Mima_Tokushima_Prefecture_Shikoku.html
Hotel Matsuka,779-3602,Tokushima Prefecture,153-1 Tatejinjya shimominami Inoshiri Wakimachi Mima,,$,http://www.tripadvisor.com/Hotel_Review-g1023593-d1072256-Reviews-Hotel_Matsuka-Mima_Tokushima_Prefecture_Shikoku.html
Aburaya Mimakan,777-0005,Tokushima Prefecture,100-6 Ichinoshimo Anabuki Anabukicho Mima,,$,http://www.tripadvisor.com/Hotel_Review-g1023593-d1072257-Reviews-Aburaya_Mimakan-Mima_Tokushima_Prefecture_Shikoku.html
Business Hotel Inadaen,779-3601,Tokushima Prefecture,1001-1 Haibara Wakimachi Mima,33,$,http://www.tripadvisor.com/Hotel_Review-g1023593-d1072258-Reviews-Business_Hotel_Inadaen-Mima_Tokushima_Prefecture_Shikoku.html
Unkaiso,777-0302,Tokushima Prefecture,121 Aza Kawai Koyadaira Mima,,,http://www.tripadvisor.com/Hotel_Review-g1023593-d1072260-Reviews-Unkaiso-Mima_Tokushima_Prefecture_Shikoku.html
Blue villa Anabuki,777-0006,Tokushima Prefecture,"1 Maruyama, Kuchiyama, Anabukicho Mima",,$$,http://www.tripadvisor.com/Hotel_Review-g1023593-d1857490-Reviews-Blue_villa_Anabuki-Mima_Tokushima_Prefecture_Shikoku.html
Shikoku Saburo no Sato,771-2107,Tokushima Prefecture,39-10 Sakaime Mimacho Mima,,$,http://www.tripadvisor.com/Hotel_Review-g1023593-d1925388-Reviews-Shikoku_Saburo_no_Sato-Mima_Tokushima_Prefecture_Shikoku.html
Shikibidani Onsen,771-6116,Tokushima Prefecture,3-3 Yokodani Natsugiri Naka-cho,,$,http://www.tripadvisor.com/Hotel_Review-g1121414-d1132367-Reviews-Shikibidani_Onsen-Naka_cho_Naka_gun_Tokushima_Prefecture_Shikoku.html
Tansusiso,771-5329,Tokushima Prefecture,147 Takegatani Nagato Naka-cho,,$,http://www.tripadvisor.com/Hotel_Review-g1121414-d1500186-Reviews-Tansusiso-Naka_cho_Naka_gun_Tokushima_Prefecture_Shikoku.html
Hotel Washi no Sato,771-5203,Tokushima Prefecture,50 Wajikigo Naka-cho,,,http://www.tripadvisor.com/Hotel_Review-g1121414-d1870793-Reviews-Hotel_Washi_no_Sato-Naka_cho_Naka_gun_Tokushima_Prefecture_Shikoku.html
Sowaka,771-5203,Tokushima Prefecture,"50-1 Tano, Wajikigo Naka-cho",,$,http://www.tripadvisor.com/Hotel_Review-g1121414-d2697081-Reviews-Sowaka-Naka_cho_Naka_gun_Tokushima_Prefecture_Shikoku.html
Anan Plaza Hotel,774-0030,Tokushima Prefecture,24-8 Tomiokacho takinoshita Anan,,,http://www.tripadvisor.com/Hotel_Review-g670168-d1093401-Reviews-Anan_Plaza_Hotel-Anan_Tokushima_Prefecture_Shikoku.html
Hotel Sun Ocean,774-0030,Tokushima Prefecture,42-4 Tomiokacho takinoshita Anan,101,$,http://www.tripadvisor.com/Hotel_Review-g670168-d1093403-Reviews-Hotel_Sun_Ocean-Anan_Tokushima_Prefecture_Shikoku.html
Anan Plaza Inn,774-0030,Tokushima Prefecture,17-1 Tomiokachotakinoshita Anan,,$,http://www.tripadvisor.com/Hotel_Review-g670168-d1093407-Reviews-Anan_Plaza_Inn-Anan_Tokushima_Prefecture_Shikoku.html
Kasagi Ryokan,774-0004,Tokushima Prefecture,136-1 Fukumuracho minamisuji Anan,,$,http://www.tripadvisor.com/Hotel_Review-g670168-d1093409-Reviews-Kasagi_Ryokan-Anan_Tokushima_Prefecture_Shikoku.html
Anan Daiichi Hotel,774-0030,Tokushima Prefecture,14-1 Tomiokacho nishiikedaguchi Anan,,$,http://www.tripadvisor.com/Hotel_Review-g670168-d1093420-Reviews-Anan_Daiichi_Hotel-Anan_Tokushima_Prefecture_Shikoku.html
Royal Garden Hotel,774-0030,Tokushima Prefecture,52-2 Tomiokacho aodani Anan,,$,http://www.tripadvisor.com/Hotel_Review-g670168-d1093432-Reviews-Royal_Garden_Hotel-Anan_Tokushima_Prefecture_Shikoku.html
Pension Kitaisaribi,774-0016,Tokushima Prefecture,100-9 Ogiri Nakabayashicho Anan,,,http://www.tripadvisor.com/Hotel_Review-g670168-d1098812-Reviews-Pension_Kitaisaribi-Anan_Tokushima_Prefecture_Shikoku.html
Petite Resort Village Awashima,774-0003,Tokushima Prefecture,1-90 Haricho Anan,,$$,http://www.tripadvisor.com/Hotel_Review-g670168-d1104527-Reviews-Petite_Resort_Village_Awashima-Anan_Tokushima_Prefecture_Shikoku.html
Kachintei,779-1750,Tokushima Prefecture,66 Tsubakicho Anan,,$$$$,http://www.tripadvisor.com/Hotel_Review-g670168-d1104534-Reviews-Kachintei-Anan_Tokushima_Prefecture_Shikoku.html
Business In Ichiraku,774-0021,Tokushima Prefecture,115-1 Tsunominecho Anan,,$,http://www.tripadvisor.com/Hotel_Review-g670168-d1104545-Reviews-Business_In_Ichiraku-Anan_Tokushima_Prefecture_Shikoku.html
Itami Ryokan,774-0021,Tokushima Prefecture,52-3 Tsunominecho Anan,,,http://www.tripadvisor.com/Hotel_Review-g670168-d1104548-Reviews-Itami_Ryokan-Anan_Tokushima_Prefecture_Shikoku.html
Minshuku Kaizokuso,774-0003,Tokushima Prefecture,7 Haricho Anan,,,http://www.tripadvisor.com/Hotel_Review-g670168-d1104552-Reviews-Minshuku_Kaizokuso-Anan_Tokushima_Prefecture_Shikoku.html
Anan Station Hotel,774-0030,Tokushima Prefecture,43-5 Tomiokacho Anan,,,http://www.tripadvisor.com/Hotel_Review-g670168-d1104558-Reviews-Anan_Station_Hotel-Anan_Tokushima_Prefecture_Shikoku.html
Minshuku Ohamaso,774-0016,Tokushima Prefecture,106 Nakabayashicho Anan,,$$,http://www.tripadvisor.com/Hotel_Review-g670168-d1104564-Reviews-Minshuku_Ohamaso-Anan_Tokushima_Prefecture_Shikoku.html
Miyukiso,779-1620,Tokushima Prefecture,106 Fukuicho Anan,,,http://www.tripadvisor.com/Hotel_Review-g670168-d1104567-Reviews-Miyukiso-Anan_Tokushima_Prefecture_Shikoku.html
Bayside Hotel Ryugu,774-0023,Tokushima Prefecture,92-2 Tachibanacho Anan,,$,http://www.tripadvisor.com/Hotel_Review-g670168-d1104571-Reviews-Bayside_Hotel_Ryugu-Anan_Tokushima_Prefecture_Shikoku.html
Hotel Ishimatsu,774-0030,Tokushima Prefecture,113-3 Tomiokacho Anan,,$,http://www.tripadvisor.com/Hotel_Review-g670168-d1104579-Reviews-Hotel_Ishimatsu-Anan_Tokushima_Prefecture_Shikoku.html
Tsubaki Shizenen,779-1750,Tokushima Prefecture,45 Tsubakicho Anan,,$$,http://www.tripadvisor.com/Hotel_Review-g670168-d1104582-Reviews-Tsubaki_Shizenen-Anan_Tokushima_Prefecture_Shikoku.html
Kitanowaki,774-0016,Tokushima Prefecture,102-7 Nakabayashicho Anan,,$,http://www.tripadvisor.com/Hotel_Review-g670168-d1104584-Reviews-Kitanowaki-Anan_Tokushima_Prefecture_Shikoku.html
Minshuku Tsukasaso,774-0016,Tokushima Prefecture,6-4 Teinouchi Nakabayashi-cho Anan,,,http://www.tripadvisor.com/Hotel_Review-g670168-d1104588-Reviews-Minshuku_Tsukasaso-Anan_Tokushima_Prefecture_Shikoku.html
Business Hotel Marunouchi,774-0030,Tokushima Prefecture,59-5 Tomiokacho Anan,,,http://www.tripadvisor.com/Hotel_Review-g670168-d1104591-Reviews-Business_Hotel_Marunouchi-Anan_Tokushima_Prefecture_Shikoku.html
Oyado Namioto,774-0016,Tokushima Prefecture,79-1 Nakabayashicho Anan,,,http://www.tripadvisor.com/Hotel_Review-g670168-d1500323-Reviews-Oyado_Namioto-Anan_Tokushima_Prefecture_Shikoku.html
Business Minshuku Charm,774-0030,Tokushima Prefecture,27-4 Aishi Tomiokacho Anan,,,http://www.tripadvisor.com/Hotel_Review-g670168-d1863090-Reviews-Business_Minshuku_Charm-Anan_Tokushima_Prefecture_Shikoku.html
Dochu Dondon,771-1705,Tokushima Prefecture,163-3 Sakuranooka Awacho Awa,,$,http://www.tripadvisor.com/Hotel_Review-g1023594-d1072248-Reviews-Dochu_Dondon-Awa_Tokushima_Prefecture_Shikoku.html
Ryodengosho Yashironomori,771-1508,Tokushima Prefecture,"71-2 Aza Ochikubo Miyagawauchi, Donari-cho Awa",,$$$$,http://www.tripadvisor.com/Hotel_Review-g1023594-d1072249-Reviews-Ryodengosho_Yashironomori-Awa_Tokushima_Prefecture_Shikoku.html
Business Hotel Access Awa,771-1506,Tokushima Prefecture,51-4 Donarichodonari Awa,,$,http://www.tripadvisor.com/Hotel_Review-g1023594-d1104430-Reviews-Business_Hotel_Access_Awa-Awa_Tokushima_Prefecture_Shikoku.html
Dochu Land,771-1705,Tokushima Prefecture,165 Awacho Sakuranooka Awa,,$,http://www.tripadvisor.com/Hotel_Review-g1023594-d1104438-Reviews-Dochu_Land-Awa_Tokushima_Prefecture_Shikoku.html
Gosho Onsen Kanko Hotel,771-1508　,Tokushima Prefecture,47-2 Donaricho Miyagawauchi Hirama Awa,,,http://www.tripadvisor.com/Hotel_Review-g1023594-d1132339-Reviews-Gosho_Onsen_Kanko_Hotel-Awa_Tokushima_Prefecture_Shikoku.html
Dochu Paradise,771-1705,Tokushima Prefecture,164-1 Awacho Sakuranooka Awa,,,http://www.tripadvisor.com/Hotel_Review-g1023594-d1500150-Reviews-Dochu_Paradise-Awa_Tokushima_Prefecture_Shikoku.html
Tsuchibashi Land Shin-onsen,771-1705,Tokushima Prefecture,165 Sakuranooka Awacho Awa,,,http://www.tripadvisor.com/Hotel_Review-g1023594-d4164531-Reviews-Tsuchibashi_Land_Shin_onsen-Awa_Tokushima_Prefecture_Shikoku.html
Hotel Shiroitodai,779-2304,Tokushima Prefecture,455 Hiwasaura Minami-cho,,$$,http://www.tripadvisor.com/Hotel_Review-g1121416-d1124943-Reviews-Hotel_Shiroitodai-Minami_cho_Kaifu_gun_Tokushima_Prefecture_Shikoku.html
Kokuminnoyado Umigamesou,779-2304 ,Tokushima Prefecture,370-4 Hiwasawara Minami-cho,35,$,http://www.tripadvisor.com/Hotel_Review-g1121416-d1371492-Reviews-Kokuminnoyado_Umigamesou-Minami_cho_Kaifu_gun_Tokushima_Prefecture_Shikoku.html
Minshuku Koyoso,779-2305,Tokushima Prefecture,70 Okugawauchi Motomura Minami-cho,,$,http://www.tripadvisor.com/Hotel_Review-g1121416-d1500187-Reviews-Minshuku_Koyoso-Minami_cho_Kaifu_gun_Tokushima_Prefecture_Shikoku.html
Business Hotel Cairns,779-2305,Tokushima Prefecture,75-17 Okugawauchi Benzaiten Minami-cho,,$,http://www.tripadvisor.com/Hotel_Review-g1121416-d1500262-Reviews-Business_Hotel_Cairns-Minami_cho_Kaifu_gun_Tokushima_Prefecture_Shikoku.html
Green House Juen,779-2109,Tokushima Prefecture,834-5 Tai Minami-cho,,$$,http://www.tripadvisor.com/Hotel_Review-g1121416-d1500266-Reviews-Green_House_Juen-Minami_cho_Kaifu_gun_Tokushima_Prefecture_Shikoku.html
Minamiawa Sunline Mobillage,779-2307,Tokushima Prefecture,"1-1 Akimaru, Yamagawauchi Minami-cho",,$,http://www.tripadvisor.com/Hotel_Review-g1121416-d1866197-Reviews-Minamiawa_Sunline_Mobillage-Minami_cho_Kaifu_gun_Tokushima_Prefecture_Shikoku.html
Hotel Riviera Shishikui,775-0501,Tokushima Prefecture,"226-1 Aza Matsubara, Shishikuiura Kaiyo-cho",28,$$,http://www.tripadvisor.com/Hotel_Review-g1121417-d1132374-Reviews-Hotel_Riviera_Shishikui-Kaiyo_cho_Kaifu_gun_Tokushima_Prefecture_Shikoku.html
Pension Shishikui,775-0501,Tokushima Prefecture,"84-18 Kome, Shishikuiura Kaiyo-cho",10,$,http://www.tripadvisor.com/Hotel_Review-g1121417-d1132377-Reviews-Pension_Shishikui-Kaiyo_cho_Kaifu_gun_Tokushima_Prefecture_Shikoku.html
Atago Ryokan,775-0501,Tokushima Prefecture,358-4 Shishikuiura Shihsikui Kaiyo-cho,,,http://www.tripadvisor.com/Hotel_Review-g1121417-d1500269-Reviews-Atago_Ryokan-Kaiyo_cho_Kaifu_gun_Tokushima_Prefecture_Shikoku.html
Yuyu Nasa,775-0302,Tokushima Prefecture,58-3 Shikagatani Okuura Kaiyo-cho,,$$,http://www.tripadvisor.com/Hotel_Review-g1121417-d1600355-Reviews-Yuyu_Nasa-Kaiyo_cho_Kaifu_gun_Tokushima_Prefecture_Shikoku.html
Minshuku RiverRuns,775-0412,Tokushima Prefecture,"31-1 Higashikuwabara, Ogawa Kaiyo-cho",,,http://www.tripadvisor.com/Hotel_Review-g1121417-d1870796-Reviews-Minshuku_RiverRuns-Kaiyo_cho_Kaifu_gun_Tokushima_Prefecture_Shikoku.html
Harurutei,775-0502,Tokushima Prefecture,230-1 Kubo Itadori Kaiyo-cho,,,http://www.tripadvisor.com/Hotel_Review-g1121417-d4341576-Reviews-Harurutei-Kaiyo_cho_Kaifu_gun_Tokushima_Prefecture_Shikoku.html
Bentenya Ryokan,775-0501,Tokushima Prefecture,45-7 Shishikuiura Matsubara Kaiyo-cho,,$,http://www.tripadvisor.com/Hotel_Review-g1121417-d4341578-Reviews-Bentenya_Ryokan-Kaiyo_cho_Kaifu_gun_Tokushima_Prefecture_Shikoku.html
Minshuku Takegashima,775-0513,Tokushima Prefecture,1-1 Shishikuiura Takegajima Kaiyo-cho,,$,http://www.tripadvisor.com/Hotel_Review-g1121417-d4341593-Reviews-Minshuku_Takegashima-Kaiyo_cho_Kaifu_gun_Tokushima_Prefecture_Shikoku.html
Renaissance Naruto Resort,772-0053,Tokushima Prefecture,16-45 Oge Tosadomariura Narutocho Naruto,208,$$,http://www.tripadvisor.com/Hotel_Review-g678355-d299766-Reviews-Renaissance_Naruto_Resort-Naruto_Tokushima_Prefecture_Shikoku.html
Hotel Ad Inn Naruto,772-0002,Tokushima Prefecture,5-5 Otsutsumi Saita Muyacho Naruto,,$,http://www.tripadvisor.com/Hotel_Review-g678355-d1072749-Reviews-Hotel_Ad_Inn_Naruto-Naruto_Tokushima_Prefecture_Shikoku.html
Hotel Lotus,772-0053,Tokushima Prefecture,234-16 Oge Tosadomariura Narutocho Naruto,,$$,http://www.tripadvisor.com/Hotel_Review-g678355-d1072752-Reviews-Hotel_Lotus-Naruto_Tokushima_Prefecture_Shikoku.html
Taimaru,772-0053,Tokushima Prefecture,15-33 Fukuike Tosadomariura Narutocho Naruto,,$$$,http://www.tripadvisor.com/Hotel_Review-g678355-d1072759-Reviews-Taimaru-Naruto_Tokushima_Prefecture_Shikoku.html
Todai,772-0013,Tokushima Prefecture,94-1 Nitodorohigashi Okazaki Muyacho Naruto,,$,http://www.tripadvisor.com/Hotel_Review-g678355-d1072762-Reviews-Todai-Naruto_Tokushima_Prefecture_Shikoku.html
Naruto Grand Hotel,772-0053,Tokushima Prefecture,"82-88 Aza Oge, Naruto-cho Tosadomariura Naruto",,$$,http://www.tripadvisor.com/Hotel_Review-g678355-d1072765-Reviews-Naruto_Grand_Hotel-Naruto_Tokushima_Prefecture_Shikoku.html
Naruto Hotel Hama,772-0012,Tokushima Prefecture,65 Maehama Kokuwajima Muyacho Naruto,,$,http://www.tripadvisor.com/Hotel_Review-g678355-d1072767-Reviews-Naruto_Hotel_Hama-Naruto_Tokushima_Prefecture_Shikoku.html
Hotel First Season,772-0002,Tokushima Prefecture,228 Saitaoozutsumi Muyacho Naruto,40,$,http://www.tripadvisor.com/Hotel_Review-g678355-d1084442-Reviews-Hotel_First_Season-Naruto_Tokushima_Prefecture_Shikoku.html
Hotel Viruberu,772-0002,Tokushima Prefecture,55 Saitaazaoozutsumi Muyacho Naruto,,,http://www.tripadvisor.com/Hotel_Review-g678355-d1084443-Reviews-Hotel_Viruberu-Naruto_Tokushima_Prefecture_Shikoku.html
Kokumin Shukusha Otaniso,772-0021,Tokushima Prefecture,432-87 Satouraazasakata Satouracho Naruto,,$,http://www.tripadvisor.com/Hotel_Review-g678355-d1084448-Reviews-Kokumin_Shukusha_Otaniso-Naruto_Tokushima_Prefecture_Shikoku.html
Mizuno Ryokan,772-0013,Tokushima Prefecture,"101 Aza Nitodoro-higashi, Muya-cho Okazaki Naruto",,,http://www.tripadvisor.com/Hotel_Review-g678355-d1084456-Reviews-Mizuno_Ryokan-Naruto_Tokushima_Prefecture_Shikoku.html
Naruto Kaigetsu,772-0053,Tokushima Prefecture,65-8 Fukuike Tosadomariura Narutocho Naruto,29,$,http://www.tripadvisor.com/Hotel_Review-g678355-d1084476-Reviews-Naruto_Kaigetsu-Naruto_Tokushima_Prefecture_Shikoku.html
Resort Hotel Moana Coast,772-0053,Tokushima Prefecture,186-16 Takasago Tosadomariura Narutocho Naruto,14,$$$$,http://www.tripadvisor.com/Hotel_Review-g678355-d1084488-Reviews-Resort_Hotel_Moana_Coast-Naruto_Tokushima_Prefecture_Shikoku.html
Uzuhan,772-0053,Tokushima Prefecture,118-252 Narutochotosadomariura_azakuroyama Naruto,,,http://www.tripadvisor.com/Hotel_Review-g678355-d1093199-Reviews-Uzuhan-Naruto_Tokushima_Prefecture_Shikoku.html
Koenmizuno,772-0053,Tokushima Prefecture,65 Narutochotosadomariura azafukuike Naruto,,$,http://www.tripadvisor.com/Hotel_Review-g678355-d1093214-Reviews-Koenmizuno-Naruto_Tokushima_Prefecture_Shikoku.html
Business Hotel Naruto,772-0002,Tokushima Prefecture,"104-105 Aza Ozutsumi, Muya-cho Saita Naruto",53,$,http://www.tripadvisor.com/Hotel_Review-g678355-d1093392-Reviews-Business_Hotel_Naruto-Naruto_Tokushima_Prefecture_Shikoku.html
Business Hotel BM,772-0012,Tokushima Prefecture,168-1 Muyachokokuwajima Azamaehama Naruto,,$,http://www.tripadvisor.com/Hotel_Review-g678355-d1093395-Reviews-Business_Hotel_BM-Naruto_Tokushima_Prefecture_Shikoku.html
Minshuku Yamahiro,771-0361,Tokushima Prefecture,81-2 Setochodonora Naruto,,,http://www.tripadvisor.com/Hotel_Review-g678355-d1104596-Reviews-Minshuku_Yamahiro-Naruto_Tokushima_Prefecture_Shikoku.html
Sanukiya,772-0014,Tokushima Prefecture,"39 Aza Mitsuicho, Muya-cho Bezaiten Naruto",,$,http://www.tripadvisor.com/Hotel_Review-g678355-d1104603-Reviews-Sanukiya-Naruto_Tokushima_Prefecture_Shikoku.html
Kanbaien,779-0230,Tokushima Prefecture,"9 Aza Hirotsuka, Oasa-cho bando Naruto",,,http://www.tripadvisor.com/Hotel_Review-g678355-d1104608-Reviews-Kanbaien-Naruto_Tokushima_Prefecture_Shikoku.html
Hotel Ridge,771-0367,Tokushima Prefecture,1-1 Setocho Oshimada Nakayama Naruto,10,$$$$,http://www.tripadvisor.com/Hotel_Review-g678355-d1132406-Reviews-Hotel_Ridge-Naruto_Tokushima_Prefecture_Shikoku.html
Hotel Hokuyo,772-0011,Tokushima Prefecture,51-1 Suberiiwahama Okuwajima Muyacho Naruto,,$,http://www.tripadvisor.com/Hotel_Review-g678355-d1863094-Reviews-Hotel_Hokuyo-Naruto_Tokushima_Prefecture_Shikoku.html
Grundy Naruto The Lodge,771-0376,Tokushima Prefecture,"182 Okawasuji, Kitanadacho-Orino Naruto",,$$,http://www.tripadvisor.com/Hotel_Review-g678355-d1866195-Reviews-Grundy_Naruto_The_Lodge-Naruto_Tokushima_Prefecture_Shikoku.html
Oshikoku Guesthouse,779-0236,Tokushima Prefecture,19-2 Oasachobandonishiyamada Naruto,,,http://www.tripadvisor.com/Hotel_Review-g678355-d2697067-Reviews-Oshikoku_Guesthouse-Naruto_Tokushima_Prefecture_Shikoku.html
Minshuku Kusumi,771-0361,Tokushima Prefecture,"2-439 Jimawari, Setochodonoura Naruto",,,http://www.tripadvisor.com/Hotel_Review-g678355-d2697080-Reviews-Minshuku_Kusumi-Naruto_Tokushima_Prefecture_Shikoku.html
Iseya Resort Naruto,772-0051,Tokushima Prefecture,"99-3 Takashima Yamaji, Naruto-cho Naruto",,,http://www.tripadvisor.com/Hotel_Review-g678355-d6453152-Reviews-Iseya_Resort_Naruto-Naruto_Tokushima_Prefecture_Shikoku.html
Family Lodge Hatagoya Narutoekimae-ten,772-0012,Tokushima Prefecture,"277-2 Maehama, Muyacho-kokuwajima Naruto",,,http://www.tripadvisor.com/Hotel_Review-g678355-d6558556-Reviews-Family_Lodge_Hatagoya_Narutoekimae_ten-Naruto_Tokushima_Prefecture_Shikoku.html
Okuiya,778-0204,Tokushima Prefecture,161-3 Kyojo Higashiiya Miyoshi,,$,http://www.tripadvisor.com/Hotel_Review-g1023595-d1072262-Reviews-Okuiya-Miyoshi_Tokushima_Prefecture_Shikoku.html
Konishi Ryokan,778-5251,Tokushima Prefecture,76-2 Hakuchihonmyo Ikedacho Miyoshi,,$,http://www.tripadvisor.com/Hotel_Review-g1023595-d1072530-Reviews-Konishi_Ryokan-Miyoshi_Tokushima_Prefecture_Shikoku.html
Hotel Hikyonoyu,778-0101,Tokushima Prefecture,401 Yamamura Oinouchi Nishiiya Miyoshi,,$$,http://www.tripadvisor.com/Hotel_Review-g1023595-d1072531-Reviews-Hotel_Hikyonoyu-Miyoshi_Tokushima_Prefecture_Shikoku.html
Kyokoku-no-Yuyado Obokekyo Mannaka,779-5451,Tokushima Prefecture,1644-1 Nishiu Yamashiro-cho Miyoshi,30,$$,http://www.tripadvisor.com/Hotel_Review-g1023595-d1072533-Reviews-Kyokoku_no_Yuyado_Obokekyo_Mannaka-Miyoshi_Tokushima_Prefecture_Shikoku.html
Awanosho,778-5251,Tokushima Prefecture,"165-6 Hakuchihonmyo, Ikedacho Miyoshi",,$,http://www.tripadvisor.com/Hotel_Review-g1023595-d1072534-Reviews-Awanosho-Miyoshi_Tokushima_Prefecture_Shikoku.html
Sunriver Oboke,779-5451,Tokushima Prefecture,1259-1 Nishiu Yamashirocho Miyoshi,,$,http://www.tripadvisor.com/Hotel_Review-g1023595-d1072536-Reviews-Sunriver_Oboke-Miyoshi_Tokushima_Prefecture_Shikoku.html
Hotel Kazurabashi,778-0102,Tokushima Prefecture,33-1 Yamamurazentoku Nishiiya Miyoshi,28,$$$,http://www.tripadvisor.com/Hotel_Review-g1023595-d1072538-Reviews-Hotel_Kazurabashi-Miyoshi_Tokushima_Prefecture_Shikoku.html
Kazuraya,778-0102,Tokushima Prefecture,78 Kanjo Nishiirayamamura Miyoshi,,$$$,http://www.tripadvisor.com/Hotel_Review-g1023595-d1084104-Reviews-Kazuraya-Miyoshi_Tokushima_Prefecture_Shikoku.html
Hotel Iyaonsen,778-0165,Tokushima Prefecture,367-2 Ikedachomatsuomatsumoto Miyoshi,21,$$$,http://www.tripadvisor.com/Hotel_Review-g1023595-d1084138-Reviews-Hotel_Iyaonsen-Miyoshi_Tokushima_Prefecture_Shikoku.html
Awanosho Bekkan,778-5251,Tokushima Prefecture,165-6-2 Hakuchihonmyo Ikedacho Miyoshi,,$,http://www.tripadvisor.com/Hotel_Review-g1023595-d1084327-Reviews-Awanosho_Bekkan-Miyoshi_Tokushima_Prefecture_Shikoku.html
Business Hotel Awaikeda,778-0001,Tokushima Prefecture,3159-2 Ikeda-cho Ueno Miyoshi,,,http://www.tripadvisor.com/Hotel_Review-g1023595-d1093379-Reviews-Business_Hotel_Awaikeda-Miyoshi_Tokushima_Prefecture_Shikoku.html
Hakuchiso,778-5251,Tokushima Prefecture,755-2 Ikedachohakuchi Miyoshi,,$,http://www.tripadvisor.com/Hotel_Review-g1023595-d1104443-Reviews-Hakuchiso-Miyoshi_Tokushima_Prefecture_Shikoku.html
Minshuku Matsuura,778-0201,Tokushima Prefecture,204 Higashiiyasugeoi Miyoshi,,$,http://www.tripadvisor.com/Hotel_Review-g1023595-d1104462-Reviews-Minshuku_Matsuura-Miyoshi_Tokushima_Prefecture_Shikoku.html
Fukuya Ryokan,778-0002,Tokushima Prefecture,2177-4 Ikedachomachi Miyoshi,,$,http://www.tripadvisor.com/Hotel_Review-g1023595-d1104468-Reviews-Fukuya_Ryokan-Miyoshi_Tokushima_Prefecture_Shikoku.html
Yoshida,778-0204,Tokushima Prefecture,434 Higashiiyakyojo Miyoshi,,,http://www.tripadvisor.com/Hotel_Review-g1023595-d1104489-Reviews-Yoshida-Miyoshi_Tokushima_Prefecture_Shikoku.html
Yamashiro,778-0002,Tokushima Prefecture,2180-1 Ikedachomachi Miyoshi,,$,http://www.tripadvisor.com/Hotel_Review-g1023595-d1104492-Reviews-Yamashiro-Miyoshi_Tokushima_Prefecture_Shikoku.html
Iyashino Onsenkyo,778-0201,Tokushima Prefecture,28 Higashiiyasugeoi Miyoshi,,$$,http://www.tripadvisor.com/Hotel_Review-g1023595-d1104495-Reviews-Iyashino_Onsenkyo-Miyoshi_Tokushima_Prefecture_Shikoku.html
Ku Nel Asob,778-0104,Tokushima Prefecture,442 Nishiiyayamamura Enoki Miyoshi,3,$,http://www.tripadvisor.com/Hotel_Review-g1023595-d1416484-Reviews-Ku_Nel_Asob-Miyoshi_Tokushima_Prefecture_Shikoku.html
Iya Bijin,778-0102,Tokushima Prefecture,9-3 Nishiiyayamamura Zentoku Miyoshi,8,$$$$,http://www.tripadvisor.com/Hotel_Review-g1023595-d1437942-Reviews-Iya_Bijin-Miyoshi_Tokushima_Prefecture_Shikoku.html
Kenmi Onsen,779-5313,Tokushima Prefecture,3-3 Kurokawa Yamashirocho Miyoshi,,$$$,http://www.tripadvisor.com/Hotel_Review-g1023595-d1863075-Reviews-Kenmi_Onsen-Miyoshi_Tokushima_Prefecture_Shikoku.html
Kazurabashi Ryokan Okura,778-0102,Tokushima Prefecture,161-16 Nishiiya Yamamura Zentoku Miyoshi,,$,http://www.tripadvisor.com/Hotel_Review-g1023595-d1863078-Reviews-Kazurabashi_Ryokan_Okura-Miyoshi_Tokushima_Prefecture_Shikoku.html
Minshuku Toshikoso,778-0102,Tokushima Prefecture,339 Nishiiya Yamamura Imakubo Miyoshi,,,http://www.tripadvisor.com/Hotel_Review-g1023595-d1863080-Reviews-Minshuku_Toshikoso-Miyoshi_Tokushima_Prefecture_Shikoku.html
Iya Kanko Ryokan,778-0102,Tokushima Prefecture,161 Nishiiya Yamamura Zentoku Miyoshi,,$,http://www.tripadvisor.com/Hotel_Review-g1023595-d1863082-Reviews-Iya_Kanko_Ryokan-Miyoshi_Tokushima_Prefecture_Shikoku.html
Minshuku Oyamaso,778-0102,Tokushima Prefecture,91-2 Nishiiya Yamamura Kanjo Miyoshi,,$,http://www.tripadvisor.com/Hotel_Review-g1023595-d1863084-Reviews-Minshuku_Oyamaso-Miyoshi_Tokushima_Prefecture_Shikoku.html
Minshuku Minami,778-0102,Tokushima Prefecture,175-8-10 Nishiiya Yamamura Zentoku Miyoshi,,$,http://www.tripadvisor.com/Hotel_Review-g1023595-d1863086-Reviews-Minshuku_Minami-Miyoshi_Tokushima_Prefecture_Shikoku.html
Minshuku Iyaso,778-0102,Tokushima Prefecture,157-11 Nishiiya Yamamura Zentoku Miyoshi,,$,http://www.tripadvisor.com/Hotel_Review-g1023595-d1863087-Reviews-Minshuku_Iyaso-Miyoshi_Tokushima_Prefecture_Shikoku.html
Nashikubonoie,771-2306,Tokushima Prefecture,780 Minochotachinoyama Miyoshi,,$,http://www.tripadvisor.com/Hotel_Review-g1023595-d2697073-Reviews-Nashikubonoie-Miyoshi_Tokushima_Prefecture_Shikoku.html
Ryokan Sushiroku,778-0002,Tokushima Prefecture,2178-5 Ikedachomachi Miyoshi,,$,http://www.tripadvisor.com/Hotel_Review-g1023595-d2697079-Reviews-Ryokan_Sushiroku-Miyoshi_Tokushima_Prefecture_Shikoku.html
Hyakunenkura,779-5166,Tokushima Prefecture,"120-2 Miyanomae, Ikedachokawasaki Miyoshi",,,http://www.tripadvisor.com/Hotel_Review-g1023595-d3309099-Reviews-Hyakunenkura-Miyoshi_Tokushima_Prefecture_Shikoku.html
Kenko to Fureai no Mori,771-2304,Tokushima Prefecture,1342-3 Minocho Shibo Miyoshi,,,http://www.tripadvisor.com/Hotel_Review-g1023595-d3337044-Reviews-Kenko_to_Fureai_no_Mori-Miyoshi_Tokushima_Prefecture_Shikoku.html
Inaka no Kamaya Furusato,779-5347,Tokushima Prefecture,368-1 Yamashirocho Otsuki Miyoshi,,$$,http://www.tripadvisor.com/Hotel_Review-g1023595-d3644725-Reviews-Inaka_no_Kamaya_Furusato-Miyoshi_Tokushima_Prefecture_Shikoku.html
Momonga Village,779-5334,Tokushima Prefecture,1153 Yamashirocho Nobumasa Miyoshi,,$,http://www.tripadvisor.com/Hotel_Review-g1023595-d3831469-Reviews-Momonga_Village-Miyoshi_Tokushima_Prefecture_Shikoku.html
Guesthouse Boke Nouen,779-5452,Tokushima Prefecture,1983 Yamagicho Kamimyo Miyoshi,,$$,http://www.tripadvisor.com/Hotel_Review-g1023595-d4557136-Reviews-Guesthouse_Boke_Nouen-Miyoshi_Tokushima_Prefecture_Shikoku.html
Awa Ikeda Youth Hostel,778-0040 ,Tokushima Prefecture,3798 Ikedacho Nishiyamasako Miyoshi,,,http://www.tripadvisor.com/Hotel_Review-g1023595-d6023718-Reviews-Awa_Ikeda_Youth_Hostel-Miyoshi_Tokushima_Prefecture_Shikoku.html
Business Ryokan Tatsumi,771-0219,Tokushima Prefecture,254-1 Sasagino Matsushige-cho,,$,http://www.tripadvisor.com/Hotel_Review-g1121418-d1500280-Reviews-Business_Ryokan_Tatsumi-Matsushige_cho_Itano_gun_Tokushima_Prefecture_Shikoku.html
Business Hotel New Sky Route,771-0219,Tokushima Prefecture,164-7 Sasagino Matsushige-cho,,$,http://www.tripadvisor.com/Hotel_Review-g1121418-d1500290-Reviews-Business_Hotel_New_Sky_Route-Matsushige_cho_Itano_gun_Tokushima_Prefecture_Shikoku.html
Business Matsuba Ryokan,771-0219,Tokushima Prefecture,251-2 Sasagino Matsushige-cho,,$,http://www.tripadvisor.com/Hotel_Review-g1121418-d1500293-Reviews-Business_Matsuba_Ryokan-Matsushige_cho_Itano_gun_Tokushima_Prefecture_Shikoku.html
Hotel Solae,771-0220,Tokushima Prefecture,"26-1 Miyanomae, Hiroshima Matsushige-cho",,$,http://www.tripadvisor.com/Hotel_Review-g1121418-d1866190-Reviews-Hotel_Solae-Matsushige_cho_Itano_gun_Tokushima_Prefecture_Shikoku.html
Business Hotel Pocket,771-0219,Tokushima Prefecture,207-1 Sasagino Hachikitakaitaku Matsushige-cho,,$,http://www.tripadvisor.com/Hotel_Review-g1121418-d1910319-Reviews-Business_Hotel_Pocket-Matsushige_cho_Itano_gun_Tokushima_Prefecture_Shikoku.html
Hotel Taiheiyo,771-0212,Tokushima Prefecture,"38-1 Ushikaino higashinoko, Nakagirai, Matsushigecho, Matsushige-cho",,$,http://www.tripadvisor.com/Hotel_Review-g1121418-d3477092-Reviews-Hotel_Taiheiyo-Matsushige_cho_Itano_gun_Tokushima_Prefecture_Shikoku.html
Tsukimigaoka Umihama Koen,771-0215,Tokushima Prefecture,42 Toyooka Yamanote Matsushige-cho,,$$,http://www.tripadvisor.com/Hotel_Review-g1121418-d4020984-Reviews-Tsukimigaoka_Umihama_Koen-Matsushige_cho_Itano_gun_Tokushima_Prefecture_Shikoku.html
World Inn Tokushima,771-0219,Tokushima Prefecture,1-164 Sasagino Hachikita Kaitaku Matsushige-cho,,$,http://www.tripadvisor.com/Hotel_Review-g1121418-d4341100-Reviews-World_Inn_Tokushima-Matsushige_cho_Itano_gun_Tokushima_Prefecture_Shikoku.html
Tabibito no Yado Michishirube,779-0104　,Tokushima Prefecture,"93-11 Aza Hirayama, Fukita Itano-cho",,,http://www.tripadvisor.com/Hotel_Review-g1121421-d1132384-Reviews-Tabibito_no_Yado_Michishirube-Itano_cho_Itano_gun_Tokushima_Prefecture_Shikoku.html
Hanaya Ryokan,773-0001,Tokushima Prefecture,7-13 Sotobiraki Komatsushimacho Komatsushima,,,http://www.tripadvisor.com/Hotel_Review-g1023591-d1072252-Reviews-Hanaya_Ryokan-Komatsushima_Tokushima_Prefecture_Shikoku.html
Midori Ryokan,773-0001,Tokushima Prefecture,7-5 Sotobiraki Komatsushima-cho Komatsushima,,$,http://www.tripadvisor.com/Hotel_Review-g1023591-d1075470-Reviews-Midori_Ryokan-Komatsushima_Tokushima_Prefecture_Shikoku.html
Akaishi,773-0021,Tokushima Prefecture,Akaishi-cho Komatsushima,,,http://www.tripadvisor.com/Hotel_Review-g1023591-d1866192-Reviews-Akaishi-Komatsushima_Tokushima_Prefecture_Shikoku.html
Ryokan Asahiya,773-0021,Tokushima Prefecture,9-2 Akaishicho Komatsushima,,$,http://www.tripadvisor.com/Hotel_Review-g1023591-d1925386-Reviews-Ryokan_Asahiya-Komatsushima_Tokushima_Prefecture_Shikoku.html
Tsukinoyado,771-4501,Tokushima Prefecture,"71-1 Aza Hirama, Fukuhara Kamikatsu-cho",,$,http://www.tripadvisor.com/Hotel_Review-g1121410-d1124934-Reviews-Tsukinoyado-Kamikatsu_cho_Katsura_gun_Tokushima_Prefecture_Shikoku.html
Asahi,771-4502,Tokushima Prefecture,72 Asahi Nakamura Kamikatsu-cho,,,http://www.tripadvisor.com/Hotel_Review-g1121410-d1857488-Reviews-Asahi-Kamikatsu_cho_Katsura_gun_Tokushima_Prefecture_Shikoku.html
Minshuku Hanabiyori,771-4502,Tokushima Prefecture,"116 Nakamura, Asahi Kamikatsu-cho",,$,http://www.tripadvisor.com/Hotel_Review-g1121410-d3570971-Reviews-Minshuku_Hanabiyori-Kamikatsu_cho_Katsura_gun_Tokushima_Prefecture_Shikoku.html
Minshuku Kawamata,779-4307,Tokushima Prefecture,932 Ichiu-Kawamata Tsurugi-cho,,,http://www.tripadvisor.com/Hotel_Review-g1121423-d1870794-Reviews-Minshuku_Kawamata-Tsurugi_cho_Mima_gun_Tokushima_Prefecture_Shikoku.html
Tsurugino Yado Iwato,779-4302,Tokushima Prefecture,6-9 Ichiu Akamatsu Tsurugi-cho,,$,http://www.tripadvisor.com/Hotel_Review-g1121423-d4342089-Reviews-Tsurugino_Yado_Iwato-Tsurugi_cho_Mima_gun_Tokushima_Prefecture_Shikoku.html
Access Kamojima,776-0010,Tokushima Prefecture,224-1 Kamojimachokamojima Yoshinogawa,,,http://www.tripadvisor.com/Hotel_Review-g1023592-d1047840-Reviews-Access_Kamojima-Yoshinogawa_Tokushima_Prefecture_Shikoku.html
Central Hotel Kamojima,776-0010,Tokushima Prefecture,471-2 Kamojimachokamojima Yoshinogawa,,$,http://www.tripadvisor.com/Hotel_Review-g1023592-d1047845-Reviews-Central_Hotel_Kamojima-Yoshinogawa_Tokushima_Prefecture_Shikoku.html
Mikasaya Ryokan,776-0010,Tokushima Prefecture,461-10 Kamojimachokamojima Yoshinogawa,,$,http://www.tripadvisor.com/Hotel_Review-g1023592-d1047847-Reviews-Mikasaya_Ryokan-Yoshinogawa_Tokushima_Prefecture_Shikoku.html
Business Hotel Road Side,776-0003,Tokushima Prefecture,"160-3, Kamojimachouchibara Yoshinogawa",,$,http://www.tripadvisor.com/Hotel_Review-g1023592-d1084041-Reviews-Business_Hotel_Road_Side-Yoshinogawa_Tokushima_Prefecture_Shikoku.html
Oike,776-0010,Tokushima Prefecture,537 Kamojimacho-Kamojima Yoshinogawa,,$,http://www.tripadvisor.com/Hotel_Review-g1023592-d1870799-Reviews-Oike-Yoshinogawa_Tokushima_Prefecture_Shikoku.html
Kinoko no Sato,779-3501,Tokushima Prefecture,199-1 Misatotadaira Yoshinogawa,,,http://www.tripadvisor.com/Hotel_Review-g1023592-d2222733-Reviews-Kinoko_no_Sato-Yoshinogawa_Tokushima_Prefecture_Shikoku.html
Kamiyama Onsen Hotel Shikinosato & Iyashinoyu,771-3310,Tokushima Prefecture,"80-2 Aza Honuetsuno, Jinryo Kamiyama-cho",20,$,http://www.tripadvisor.com/Hotel_Review-g1121413-d1132351-Reviews-Kamiyama_Onsen_Hotel_Shikinosato_Iyashinoyu-Kamiyama_cho_Myozai_gun_Tokushima_Prefect.html
Petit Pention Yasuragi,771-3201,Tokushima Prefecture,"349-1 Minamigyojano, Ano Kamiyama-cho",,$,http://www.tripadvisor.com/Hotel_Review-g1121413-d1870792-Reviews-Petit_Pention_Yasuragi-Kamiyama_cho_Myozai_gun_Tokushima_Prefecture_Shikoku.html
Business Hotel Waraguro,779-4703,Tokushima Prefecture,984 Nakasho Higashimiyoshi-cho,,,http://www.tripadvisor.com/Hotel_Review-g1121424-d1500296-Reviews-Business_Hotel_Waraguro-Higashimiyoshi_cho_Miyoshi_gun_Tokushima_Prefecture_Shikoku.html
