Hotel New Otani Tottori,680-0822,Tottori Prefecture,2-153 Ima-machi Tottori,137,$,http://www.tripadvisor.com/Hotel_Review-g298138-d301318-Reviews-Hotel_New_Otani_Tottori-Tottori_Tottori_Prefecture_Chugoku.html
Hotel Alpha 1 Tottori,680-0833,Tottori Prefecture,759 Suehironsencho Tottori,,$,http://www.tripadvisor.com/Hotel_Review-g298138-d1072614-Reviews-Hotel_Alpha_1_Tottori-Tottori_Tottori_Prefecture_Chugoku.html
Hotel Sakyu Center,689-0105,Tottori Prefecture,2083 Yuyama Fukube-cho Tottori,,$,http://www.tripadvisor.com/Hotel_Review-g298138-d1072616-Reviews-Hotel_Sakyu_Center-Tottori_Tottori_Prefecture_Chugoku.html
Hotel Resh Tottori Ekimae,680-0831,Tottori Prefecture,752 Sakaemachi Tottori,88,$,http://www.tripadvisor.com/Hotel_Review-g298138-d1072617-Reviews-Hotel_Resh_Tottori_Ekimae-Tottori_Tottori_Prefecture_Chugoku.html
Kansuitei Kozeniya,680-0834,Tottori Prefecture,651 Eirakuonsencho Tottori,,$$,http://www.tripadvisor.com/Hotel_Review-g298138-d1072618-Reviews-Kansuitei_Kozeniya-Tottori_Tottori_Prefecture_Chugoku.html
Tottori Green Hotel Morris,680-0822,Tottori Prefecture,2-107 Imamachi Tottori,,$,http://www.tripadvisor.com/Hotel_Review-g298138-d1072619-Reviews-Tottori_Green_Hotel_Morris-Tottori_Tottori_Prefecture_Chugoku.html
Tottori City Hotel,680-0055,Tottori Prefecture,471 Ebisu-cho Tottori,146,$,http://www.tripadvisor.com/Hotel_Review-g298138-d1072621-Reviews-Tottori_City_Hotel-Tottori_Tottori_Prefecture_Chugoku.html
Tottori Washington Hotel Plaza,680-0835,Tottori Prefecture,102 Higashihonjicho Tottori,,$,http://www.tripadvisor.com/Hotel_Review-g298138-d1072622-Reviews-Tottori_Washington_Hotel_Plaza-Tottori_Tottori_Prefecture_Chugoku.html
Apa Hotel Tottori Ekimae,680-0845,Tottori Prefecture,2-138-2 Tomiyasu Tottori,122,$,http://www.tripadvisor.com/Hotel_Review-g298138-d1087929-Reviews-Apa_Hotel_Tottori_Ekimae-Tottori_Tottori_Prefecture_Chugoku.html
Fukutaya Ryokan,680-1442,Tottori Prefecture,238 Yoshioka Onsencho Tottori,,$$,http://www.tripadvisor.com/Hotel_Review-g298138-d1087934-Reviews-Fukutaya_Ryokan-Tottori_Tottori_Prefecture_Chugoku.html
Hotel Monarque Tottori,680-0834,Tottori Prefecture,403 Eiraku Onsencho Tottori,116,$,http://www.tripadvisor.com/Hotel_Review-g298138-d1087935-Reviews-Hotel_Monarque_Tottori-Tottori_Tottori_Prefecture_Chugoku.html
Hotel National,680-0834,Tottori Prefecture,159 Eiraku Onsencho Tottori,,$,http://www.tripadvisor.com/Hotel_Review-g298138-d1087936-Reviews-Hotel_National-Tottori_Tottori_Prefecture_Chugoku.html
Wellness Inn Inabaji,680-1444,Tottori Prefecture,343 Matsubara Tottori,17,$,http://www.tripadvisor.com/Hotel_Review-g298138-d1087937-Reviews-Wellness_Inn_Inabaji-Tottori_Tottori_Prefecture_Chugoku.html
Yamadaya,680-0907,Tottori Prefecture,1-5-36 Karocho Kita Tottori,,$$$,http://www.tripadvisor.com/Hotel_Review-g298138-d1087950-Reviews-Yamadaya-Tottori_Tottori_Prefecture_Chugoku.html
Onsen Ryokan Marumo,680-0834,Tottori Prefecture,458 Eiraku Onsencho Tottori,,$$,http://www.tripadvisor.com/Hotel_Review-g298138-d1087952-Reviews-Onsen_Ryokan_Marumo-Tottori_Tottori_Prefecture_Chugoku.html
Shinseikan,680-1442,Tottori Prefecture,753 Yoshiokaonsencho Tottori,,$$,http://www.tripadvisor.com/Hotel_Review-g298138-d1087955-Reviews-Shinseikan-Tottori_Tottori_Prefecture_Chugoku.html
Super Hotel Tottori Stationside,680-0846　,Tottori Prefecture,5 Ogimachi Tottori,,$,http://www.tripadvisor.com/Hotel_Review-g298138-d1087957-Reviews-Super_Hotel_Tottori_Stationside-Tottori_Tottori_Prefecture_Chugoku.html
Taisuikaku,680-0845,Tottori Prefecture,1-84 Tomiyasu Tottori,,$,http://www.tripadvisor.com/Hotel_Review-g298138-d1087959-Reviews-Taisuikaku-Tottori_Tottori_Prefecture_Chugoku.html
Takaraya Ryokan,680-1442,Tottori Prefecture,772 Yoshiokaonsencho Tottori,,$$,http://www.tripadvisor.com/Hotel_Review-g298138-d1087960-Reviews-Takaraya_Ryokan-Tottori_Tottori_Prefecture_Chugoku.html
Yunaka,680-1442,Tottori Prefecture,632-1 Yoshiokaonsencho Tottori,,$$,http://www.tripadvisor.com/Hotel_Review-g298138-d1087962-Reviews-Yunaka-Tottori_Tottori_Prefecture_Chugoku.html
Wel City Tottori,680-0846,Tottori Prefecture,176 Ogimachi Tottori,,,http://www.tripadvisor.com/Hotel_Review-g298138-d1087973-Reviews-Wel_City_Tottori-Tottori_Tottori_Prefecture_Chugoku.html
Ryofuan,689-0332,Tottori Prefecture,"696-1 Katsumi, Ketaka-cho Tottori",,$,http://www.tripadvisor.com/Hotel_Review-g298138-d1093832-Reviews-Ryofuan-Tottori_Tottori_Prefecture_Chugoku.html
Super Hotel Tottori Station North,680-0822,Tottori Prefecture,2-382 Imamachi Tottori,,$,http://www.tripadvisor.com/Hotel_Review-g298138-d1096923-Reviews-Super_Hotel_Tottori_Station_North-Tottori_Tottori_Prefecture_Chugoku.html
Konankaku,680-0845,Tottori Prefecture,1-148 Tomiyasu Tottori,,,http://www.tripadvisor.com/Hotel_Review-g298138-d1096926-Reviews-Konankaku-Tottori_Tottori_Prefecture_Chugoku.html
Hotel Union Plaza,680-0843,Tottori Prefecture,1-100 Minamiyoshikata Tottori,,$,http://www.tripadvisor.com/Hotel_Review-g298138-d1096927-Reviews-Hotel_Union_Plaza-Tottori_Tottori_Prefecture_Chugoku.html
Tsuneten,680-0831,Tottori Prefecture,230 Sakaemachi Tottori,,$,http://www.tripadvisor.com/Hotel_Review-g298138-d1110626-Reviews-Tsuneten-Tottori_Tottori_Prefecture_Chugoku.html
Amimoto,689-0102,Tottori Prefecture,727-20 Fukubechohosogawa Tottori,,$$,http://www.tripadvisor.com/Hotel_Review-g298138-d1110632-Reviews-Amimoto-Tottori_Tottori_Prefecture_Chugoku.html
Business Inn Kawagoe,680-0821,Tottori Prefecture,605 Kawaramachi Tottori,,$,http://www.tripadvisor.com/Hotel_Review-g298138-d1110641-Reviews-Business_Inn_Kawagoe-Tottori_Tottori_Prefecture_Chugoku.html
Hope Star Tottori,680-0834,Tottori Prefecture,556 Eirakuonsencho Tottori,,$,http://www.tripadvisor.com/Hotel_Review-g298138-d1110653-Reviews-Hope_Star_Tottori-Tottori_Tottori_Prefecture_Chugoku.html
Pension Cosmos no Yakata,689-1312,Tottori Prefecture,1072-1 Sajichotakayama Tottori,,$$,http://www.tripadvisor.com/Hotel_Review-g298138-d1110660-Reviews-Pension_Cosmos_no_Yakata-Tottori_Tottori_Prefecture_Chugoku.html
Hotel Holly Hock,680-0822,Tottori Prefecture,2-276 Imamachi Tottori,,,http://www.tripadvisor.com/Hotel_Review-g298138-d1110662-Reviews-Hotel_Holly_Hock-Tottori_Tottori_Prefecture_Chugoku.html
Yayoikan,680-0843,Tottori Prefecture,1-99 Minamiyoshikata Tottori,,$,http://www.tripadvisor.com/Hotel_Review-g298138-d1110667-Reviews-Yayoikan-Tottori_Tottori_Prefecture_Chugoku.html
Foresutoria Mochigase,689-1215,Tottori Prefecture,1480 Mochigasechoaganami Tottori,,$$,http://www.tripadvisor.com/Hotel_Review-g298138-d1110684-Reviews-Foresutoria_Mochigase-Tottori_Tottori_Prefecture_Chugoku.html
Yumehiko,689-0425,Tottori Prefecture,8 Shikanochoimaichi Tottori,,$$$,http://www.tripadvisor.com/Hotel_Review-g298138-d1110688-Reviews-Yumehiko-Tottori_Tottori_Prefecture_Chugoku.html
Hakutokaikan,680-0833,Tottori Prefecture,556 Suehironsencho Tottori,,$,http://www.tripadvisor.com/Hotel_Review-g298138-d1110691-Reviews-Hakutokaikan-Tottori_Tottori_Prefecture_Chugoku.html
Kawahara Mitakiso,680-1234,Tottori Prefecture,934-141 Kawaharacho Kitamura Tottori,,,http://www.tripadvisor.com/Hotel_Review-g298138-d1110694-Reviews-Kawahara_Mitakiso-Tottori_Tottori_Prefecture_Chugoku.html
Watabe Ryokan,680-0907,Tottori Prefecture,1-5-34 Karochokita Tottori,,,http://www.tripadvisor.com/Hotel_Review-g298138-d1110695-Reviews-Watabe_Ryokan-Tottori_Tottori_Prefecture_Chugoku.html
Hotel National Shinkan,680-0834,Tottori Prefecture,252 Eirakuonsencho Tottori,,,http://www.tripadvisor.com/Hotel_Review-g298138-d1110710-Reviews-Hotel_National_Shinkan-Tottori_Tottori_Prefecture_Chugoku.html
Pension Del Mar,689-0535 ,Tottori Prefecture,271-1 Ide Aoya-cho Tottori,,$$,http://www.tripadvisor.com/Hotel_Review-g298138-d1127758-Reviews-Pension_Del_Mar-Tottori_Tottori_Prefecture_Chugoku.html
Kansuitei Kozeniya Bekkan Gensuitei,680-0834 ,Tottori Prefecture,651 Eirakuonsencho Tottori,,$$,http://www.tripadvisor.com/Hotel_Review-g298138-d1127775-Reviews-Kansuitei_Kozeniya_Bekkan_Gensuitei-Tottori_Tottori_Prefecture_Chugoku.html
Ladies Inn Tottori,680-0834,Tottori Prefecture,102-6 Eiraku Onsencho Tottori,,,http://www.tripadvisor.com/Hotel_Review-g298138-d1143554-Reviews-Ladies_Inn_Tottori-Tottori_Tottori_Prefecture_Chugoku.html
Toyoko Inn Tottori-eki Minami-guchi,680-0845,Tottori Prefecture,2-153-3 Tomiyasu Tottori,,$,http://www.tripadvisor.com/Hotel_Review-g298138-d1495503-Reviews-Toyoko_Inn_Tottori_eki_Minami_guchi-Tottori_Tottori_Prefecture_Chugoku.html
Sanshien,689-0425,Tottori Prefecture,972-1 Shikanocho Imaichi Tottori,,$$,http://www.tripadvisor.com/Hotel_Review-g298138-d1567241-Reviews-Sanshien-Tottori_Tottori_Prefecture_Chugoku.html
Nakashimaya Ryokan,680-1442,Tottori Prefecture,265 Yoshioka Omsencho Tottori,,$,http://www.tripadvisor.com/Hotel_Review-g298138-d1864086-Reviews-Nakashimaya_Ryokan-Tottori_Tottori_Prefecture_Chugoku.html
Okajima,680-1442,Tottori Prefecture,140 Yoshoka Onsencho Tottori,,,http://www.tripadvisor.com/Hotel_Review-g298138-d1864094-Reviews-Okajima-Tottori_Tottori_Prefecture_Chugoku.html
Tanakaya Ryokan,680-1442,Tottori Prefecture,251 Yoshiokaonsencho Tottori,,$$,http://www.tripadvisor.com/Hotel_Review-g298138-d1879349-Reviews-Tanakaya_Ryokan-Tottori_Tottori_Prefecture_Chugoku.html
Minshuku Nagisa,689-0101,Tottori Prefecture,8-2 Iwado Fukubecho Tottori,,,http://www.tripadvisor.com/Hotel_Review-g298138-d1879353-Reviews-Minshuku_Nagisa-Tottori_Tottori_Prefecture_Chugoku.html
Toraya Ryokan,680-0055,Tottori Prefecture,455 Ebisumachi Tottori,,,http://www.tripadvisor.com/Hotel_Review-g298138-d1879354-Reviews-Toraya_Ryokan-Tottori_Tottori_Prefecture_Chugoku.html
Kitagawa Ryokan,680-1442,Tottori Prefecture,765 Yoshiokaonsencho Tottori,,$$,http://www.tripadvisor.com/Hotel_Review-g298138-d2258744-Reviews-Kitagawa_Ryokan-Tottori_Tottori_Prefecture_Chugoku.html
Miyakawa Ryokan,680-1442,Tottori Prefecture,878-1 Yoshiokaonsencho Tottori,,$,http://www.tripadvisor.com/Hotel_Review-g298138-d2695106-Reviews-Miyakawa_Ryokan-Tottori_Tottori_Prefecture_Chugoku.html
Matsuyaso,680-0841,Tottori Prefecture,3-814 Yoshikataonsen Tottori,,,http://www.tripadvisor.com/Hotel_Review-g298138-d2695138-Reviews-Matsuyaso-Tottori_Tottori_Prefecture_Chugoku.html
Matsumura Ryokan,680-0905,Tottori Prefecture,3-27-18 Karochokita Tottori,,,http://www.tripadvisor.com/Hotel_Review-g298138-d3571342-Reviews-Matsumura_Ryokan-Tottori_Tottori_Prefecture_Chugoku.html
Lake Daijyu,680-1439,Tottori Prefecture,6 Kanazawa Tottori,,$,http://www.tripadvisor.com/Hotel_Review-g298138-d3653547-Reviews-Lake_Daijyu-Tottori_Tottori_Prefecture_Chugoku.html
New Sakyusou,680-0001 ,Tottori Prefecture,1390-230 Hamasaka Tottori,,,http://www.tripadvisor.com/Hotel_Review-g298138-d4105316-Reviews-New_Sakyusou-Tottori_Tottori_Prefecture_Chugoku.html
Yudaniso,680-1231,Tottori Prefecture,"249 Yudani, Kawaharacho Tottori",,,http://www.tripadvisor.com/Hotel_Review-g298138-d4542091-Reviews-Yudaniso-Tottori_Tottori_Prefecture_Chugoku.html
Sakyu no Ie,680-0001,Tottori Prefecture,1157-117 Hamasaka Tottori,,$,http://www.tripadvisor.com/Hotel_Review-g298138-d6222870-Reviews-Sakyu_no_Ie-Tottori_Tottori_Prefecture_Chugoku.html
Sakaiminato Marina Hotel,684-0051,Tottori Prefecture,3268 Niiyacho Sakaiminato,66,$,http://www.tripadvisor.com/Hotel_Review-g1023598-d1072612-Reviews-Sakaiminato_Marina_Hotel-Sakaiminato_Tottori_Prefecture_Chugoku.html
Hanaya Bekkan,682-0123,Tottori Prefecture,818-6 Misasa Misasa-cho,,$$,http://www.tripadvisor.com/Hotel_Review-g1121364-d1125733-Reviews-Hanaya_Bekkan-Misasa_cho_Tohaku_gun_Tottori_Prefecture_Chugoku.html
Izanro Iwasaki,682-0123,Tottori Prefecture,365-1 Misasa Misasa-cho,77,$$,http://www.tripadvisor.com/Hotel_Review-g1121364-d1125741-Reviews-Izanro_Iwasaki-Misasa_cho_Tohaku_gun_Tottori_Prefecture_Chugoku.html
Kiya Ryokan,682-0123,Tottori Prefecture,895 Misasa Misasa-cho,,$$$,http://www.tripadvisor.com/Hotel_Review-g1121364-d1125747-Reviews-Kiya_Ryokan-Misasa_cho_Tohaku_gun_Tottori_Prefecture_Chugoku.html
Misasakan,682-0122,Tottori Prefecture,174 Yamada Misasa-cho,73,$$,http://www.tripadvisor.com/Hotel_Review-g1121364-d1125754-Reviews-Misasakan-Misasa_cho_Tohaku_gun_Tottori_Prefecture_Chugoku.html
Mansuiro,682-0122,Tottori Prefecture,5 Yamada Misasa-cho,,$$,http://www.tripadvisor.com/Hotel_Review-g1121364-d1125762-Reviews-Mansuiro-Misasa_cho_Tohaku_gun_Tottori_Prefecture_Chugoku.html
Koraku,682-0123,Tottori Prefecture,972-1 Misasa Misasa-cho,,$,http://www.tripadvisor.com/Hotel_Review-g1121364-d1125769-Reviews-Koraku-Misasa_cho_Tohaku_gun_Tottori_Prefecture_Chugoku.html
Misasa Royal Hotel,682-0121,Tottori Prefecture,1210 Oze Misasa-cho,98,$,http://www.tripadvisor.com/Hotel_Review-g1121364-d1125790-Reviews-Misasa_Royal_Hotel-Misasa_cho_Tohaku_gun_Tottori_Prefecture_Chugoku.html
Ohashi,682-0123,Tottori Prefecture,302-1 Misasa Misasa-cho,,$$,http://www.tripadvisor.com/Hotel_Review-g1121364-d1125802-Reviews-Ohashi-Misasa_cho_Tohaku_gun_Tottori_Prefecture_Chugoku.html
Grampas Inn Misasa,682-0122,Tottori Prefecture,118-1 Yamada Misasa-cho,,$,http://www.tripadvisor.com/Hotel_Review-g1121364-d1140316-Reviews-Grampas_Inn_Misasa-Misasa_cho_Tohaku_gun_Tottori_Prefecture_Chugoku.html
Yuraku,682-0123,Tottori Prefecture,642-1 Misasa Misasa-cho,,$$$,http://www.tripadvisor.com/Hotel_Review-g1121364-d1140317-Reviews-Yuraku-Misasa_cho_Tohaku_gun_Tottori_Prefecture_Chugoku.html
Misasa Plain Hotel,682-0123,Tottori Prefecture,696-1 Misasa Misasa-cho,,$,http://www.tripadvisor.com/Hotel_Review-g1121364-d1140327-Reviews-Misasa_Plain_Hotel-Misasa_cho_Tohaku_gun_Tottori_Prefecture_Chugoku.html
Iwayu,682-0123,Tottori Prefecture,942 Misasa Misasa-cho,,$$$,http://www.tripadvisor.com/Hotel_Review-g1121364-d1140365-Reviews-Iwayu-Misasa_cho_Tohaku_gun_Tottori_Prefecture_Chugoku.html
Seiryuso,682-0123,Tottori Prefecture,309 Misasa Misasa-cho,,$$,http://www.tripadvisor.com/Hotel_Review-g1121364-d1140367-Reviews-Seiryuso-Misasa_cho_Tohaku_gun_Tottori_Prefecture_Chugoku.html
Meijiso,682-0123,Tottori Prefecture,847 Misasa Misasa-cho,,$$,http://www.tripadvisor.com/Hotel_Review-g1121364-d1140371-Reviews-Meijiso-Misasa_cho_Tohaku_gun_Tottori_Prefecture_Chugoku.html
Saikibekkan,682-0122,Tottori Prefecture,70 Yamada Misasa-cho,,$$,http://www.tripadvisor.com/Hotel_Review-g1121364-d1140374-Reviews-Saikibekkan-Misasa_cho_Tohaku_gun_Tottori_Prefecture_Chugoku.html
Keisenkaku,682-0122,Tottori Prefecture,180 Yamada Misasa-cho,,$,http://www.tripadvisor.com/Hotel_Review-g1121364-d1143257-Reviews-Keisenkaku-Misasa_cho_Tohaku_gun_Tottori_Prefecture_Chugoku.html
Hashizuya,682-0123,Tottori Prefecture,886 Misasa Misasa-cho,,$$$,http://www.tripadvisor.com/Hotel_Review-g1121364-d1144093-Reviews-Hashizuya-Misasa_cho_Tohaku_gun_Tottori_Prefecture_Chugoku.html
Shukubo Kaijo-in,682-0132,Tottori Prefecture,1016 Mitoku Misasa-cho,,,http://www.tripadvisor.com/Hotel_Review-g1121364-d1372431-Reviews-Shukubo_Kaijo_in-Misasa_cho_Tohaku_gun_Tottori_Prefecture_Chugoku.html
Shukubo Shozenin Temple,682-0132,Tottori Prefecture,1013 Mitoku Misasa-cho,,,http://www.tripadvisor.com/Hotel_Review-g1121364-d1372437-Reviews-Shukubo_Shozenin_Temple-Misasa_cho_Tohaku_gun_Tottori_Prefecture_Chugoku.html
Shukubo Rinko-in Temple,682-0132,Tottori Prefecture,1017 Mitoku Misasa-cho,,,http://www.tripadvisor.com/Hotel_Review-g1121364-d1372450-Reviews-Shukubo_Rinko_in_Temple-Misasa_cho_Tohaku_gun_Tottori_Prefecture_Chugoku.html
Sanrakuso,682-0123,Tottori Prefecture,1007-14 Misasa Misasa-cho,,,http://www.tripadvisor.com/Hotel_Review-g1121364-d1879287-Reviews-Sanrakuso-Misasa_cho_Tohaku_gun_Tottori_Prefecture_Chugoku.html
Nakaya,682-0123,Tottori Prefecture,855 Misasa Misasa-cho,,,http://www.tripadvisor.com/Hotel_Review-g1121364-d1879291-Reviews-Nakaya-Misasa_cho_Tohaku_gun_Tottori_Prefecture_Chugoku.html
Blanc Art Misasa,682-0123,Tottori Prefecture,388-1 Misasa Misasa-cho,,,http://www.tripadvisor.com/Hotel_Review-g1121364-d2465962-Reviews-Blanc_Art_Misasa-Misasa_cho_Tohaku_gun_Tottori_Prefecture_Chugoku.html
Hotel Sunshine Tohaku,689-2303,Tottori Prefecture,437-10 Tokuman Kotora-cho,,$,http://www.tripadvisor.com/Hotel_Review-g1121366-d1125825-Reviews-Hotel_Sunshine_Tohaku-Kotora_cho_Tohaku_gun_Tottori_Prefecture_Chugoku.html
Hotel Tohaku Inn,689-2301,Tottori Prefecture,211 Yabase Kotora-cho,,$,http://www.tripadvisor.com/Hotel_Review-g1121366-d1143238-Reviews-Hotel_Tohaku_Inn-Kotora_cho_Tohaku_gun_Tottori_Prefecture_Chugoku.html
Houjyo Auto Camp,689-2103,Tottori Prefecture,488-1 Tai Hokuei-cho,,$,http://www.tripadvisor.com/Hotel_Review-g1121367-d1143250-Reviews-Houjyo_Auto_Camp-Hokuei_cho_Tohaku_gun_Tottori_Prefecture_Chugoku.html
Yunoyado Saika,682-0700,Tottori Prefecture,4-74 Hawaionsen Yurihama-cho,22,$$,http://www.tripadvisor.com/Hotel_Review-g1121365-d557519-Reviews-Yunoyado_Saika-Yurihama_cho_Tohaku_gun_Tottori_Prefecture_Chugoku.html
Ryokan Suigo,682-0715,Tottori Prefecture,6-1 Yurihamacho Hawaionsen Yurihama-cho,12,$,http://www.tripadvisor.com/Hotel_Review-g1121365-d1125813-Reviews-Ryokan_Suigo-Yurihama_cho_Tohaku_gun_Tottori_Prefecture_Chugoku.html
Asahi Ryokan,689-0713,Tottori Prefecture,138 Asahi Yurihama-cho,,$,http://www.tripadvisor.com/Hotel_Review-g1121365-d1138974-Reviews-Asahi_Ryokan-Yurihama_cho_Tohaku_gun_Tottori_Prefecture_Chugoku.html
Bokoro,682-0715,Tottori Prefecture,4-25 Hawaionsen Yurihama-cho,,$$$,http://www.tripadvisor.com/Hotel_Review-g1121365-d1138983-Reviews-Bokoro-Yurihama_cho_Tohaku_gun_Tottori_Prefecture_Chugoku.html
Koinoyu,682-0715,Tottori Prefecture,31-1 Hawaionsen Yurihama-cho,,$,http://www.tripadvisor.com/Hotel_Review-g1121365-d1138992-Reviews-Koinoyu-Yurihama_cho_Tohaku_gun_Tottori_Prefecture_Chugoku.html
Kosenkaku Yojokan,689-0715,Tottori Prefecture,144 Hikiji Yurihama-cho,,$$,http://www.tripadvisor.com/Hotel_Review-g1121365-d1139005-Reviews-Kosenkaku_Yojokan-Yurihama_cho_Tohaku_gun_Tottori_Prefecture_Chugoku.html
Sawanoyu,689-0713,Tottori Prefecture,61 Asahi Yurihama-cho,,$,http://www.tripadvisor.com/Hotel_Review-g1121365-d1139015-Reviews-Sawanoyu-Yurihama_cho_Tohaku_gun_Tottori_Prefecture_Chugoku.html
Suisen,682-0715,Tottori Prefecture,15 Hawaionsen Yurihama-cho,,$$,http://www.tripadvisor.com/Hotel_Review-g1121365-d1139019-Reviews-Suisen-Yurihama_cho_Tohaku_gun_Tottori_Prefecture_Chugoku.html
Sennentei,682-0715,Tottori Prefecture,4-62 Hawaionsen Yurihama-cho,,$$,http://www.tripadvisor.com/Hotel_Review-g1121365-d1144051-Reviews-Sennentei-Yurihama_cho_Tohaku_gun_Tottori_Prefecture_Chugoku.html
Business Hotel Yamamoto,682-0715,Tottori Prefecture,6-10 Hawaionsen Yurihama-cho,,$,http://www.tripadvisor.com/Hotel_Review-g1121365-d1567213-Reviews-Business_Hotel_Yamamoto-Yurihama_cho_Tohaku_gun_Tottori_Prefecture_Chugoku.html
Ryokan Ichifuji,689-0713,Tottori Prefecture,70 Asahi Yurihama-cho,,,http://www.tripadvisor.com/Hotel_Review-g1121365-d1567215-Reviews-Ryokan_Ichifuji-Yurihama_cho_Tohaku_gun_Tottori_Prefecture_Chugoku.html
Kokuminshukusya Suimeiso,689-0713,Tottori Prefecture,132 Asahi Yurihama-cho,,$,http://www.tripadvisor.com/Hotel_Review-g1121365-d1567218-Reviews-Kokuminshukusya_Suimeiso-Yurihama_cho_Tohaku_gun_Tottori_Prefecture_Chugoku.html
Bekkan Yunoshima,682-0715,Tottori Prefecture,5-1 Hawai Onsen Yurihama-cho,,,http://www.tripadvisor.com/Hotel_Review-g1121365-d1879294-Reviews-Bekkan_Yunoshima-Yurihama_cho_Tohaku_gun_Tottori_Prefecture_Chugoku.html
New Takahashi,682-0715,Tottori Prefecture,4-48 Hawai Onsen Yurihama-cho,,,http://www.tripadvisor.com/Hotel_Review-g1121365-d1879296-Reviews-New_Takahashi-Yurihama_cho_Tohaku_gun_Tottori_Prefecture_Chugoku.html
Hagoromo,682-0715,Tottori Prefecture,21-1 Hawai Onsen Yurihama-cho,,$,http://www.tripadvisor.com/Hotel_Review-g1121365-d1879299-Reviews-Hagoromo-Yurihama_cho_Tohaku_gun_Tottori_Prefecture_Chugoku.html
Tami,689-0712,Tottori Prefecture,340-1 Chukoji Yurihama-cho,,$,http://www.tripadvisor.com/Hotel_Review-g1121365-d6903681-Reviews-Tami-Yurihama_cho_Tohaku_gun_Tottori_Prefecture_Chugoku.html
ANA Hotel Yonago,683-0824,Tottori Prefecture,53-2 Kume-cho Yonago,134,$,http://www.tripadvisor.com/Hotel_Review-g298139-d300481-Reviews-ANA_Hotel_Yonago-Yonago_Tottori_Prefecture_Chugoku.html
Business Hotel Agenda Ekimaekan,683-0053,Tottori Prefecture,181 Meijicho Yonago,,$,http://www.tripadvisor.com/Hotel_Review-g298139-d1072623-Reviews-Business_Hotel_Agenda_Ekimaekan-Yonago_Tottori_Prefecture_Chugoku.html
Business Hotel Ocean,683-0801,Tottori Prefecture,3-2-55 Shinkai Yonago,,$,http://www.tripadvisor.com/Hotel_Review-g298139-d1072624-Reviews-Business_Hotel_Ocean-Yonago_Tottori_Prefecture_Chugoku.html
Hotel Alpha 1 Yonago,683-0053,Tottori Prefecture,195 Meijicho Yonago,,$,http://www.tripadvisor.com/Hotel_Review-g298139-d1072625-Reviews-Hotel_Alpha_1_Yonago-Yonago_Tottori_Prefecture_Chugoku.html
Hotel Harvest Inn Yonago,683-0036,Tottori Prefecture,8-27 Yayoicho Yonago,132,$,http://www.tripadvisor.com/Hotel_Review-g298139-d1072626-Reviews-Hotel_Harvest_Inn_Yonago-Yonago_Tottori_Prefecture_Chugoku.html
Hotel Kakuban,683-0812,Tottori Prefecture,2-10 Kakubancho Yonago,,$,http://www.tripadvisor.com/Hotel_Review-g298139-d1072627-Reviews-Hotel_Kakuban-Yonago_Tottori_Prefecture_Chugoku.html
Hotel Sanada,683-0053,Tottori Prefecture,197 Meijicho Yonago,,$,http://www.tripadvisor.com/Hotel_Review-g298139-d1072629-Reviews-Hotel_Sanada-Yonago_Tottori_Prefecture_Chugoku.html
Hotel Sunroute Yonago,683-0805,Tottori Prefecture,1-1-55 Nishifukubara Yonago,112,$,http://www.tripadvisor.com/Hotel_Review-g298139-d1072630-Reviews-Hotel_Sunroute_Yonago-Yonago_Tottori_Prefecture_Chugoku.html
Hotel Wakow (Yonago),683-0802,Tottori Prefecture,2-1-1 Higashifukubara Yonago,,$,http://www.tripadvisor.com/Hotel_Review-g298139-d1072632-Reviews-Hotel_Wakow_Yonago-Yonago_Tottori_Prefecture_Chugoku.html
Kaike Kikunoya,683-0001,Tottori Prefecture,4-29-10 Kaikeonsen Yonago,,$$,http://www.tripadvisor.com/Hotel_Review-g298139-d1072634-Reviews-Kaike_Kikunoya-Yonago_Tottori_Prefecture_Chugoku.html
Kaike Seaside Hotel,683-0001,Tottori Prefecture,3-4-3 Kaikeonsen Yonago,95,$,http://www.tripadvisor.com/Hotel_Review-g298139-d1072666-Reviews-Kaike_Seaside_Hotel-Yonago_Tottori_Prefecture_Chugoku.html
Kaike Tsuruya,683-0001,Tottori Prefecture,2-5-1 Kaikeonsen Yonago,,$$,http://www.tripadvisor.com/Hotel_Review-g298139-d1072667-Reviews-Kaike_Tsuruya-Yonago_Tottori_Prefecture_Chugoku.html
Kanko Business Hotel Kaikeonsen,683-0001,Tottori Prefecture,3-1-41 Kaikeonsen Yonago,,$,http://www.tripadvisor.com/Hotel_Review-g298139-d1072669-Reviews-Kanko_Business_Hotel_Kaikeonsen-Yonago_Tottori_Prefecture_Chugoku.html
Nagisaen,683-0001,Tottori Prefecture,3-11-1 Kaikeonsen Yonago,,$,http://www.tripadvisor.com/Hotel_Review-g298139-d1072670-Reviews-Nagisaen-Yonago_Tottori_Prefecture_Chugoku.html
Oyu Hotel,683-0001,Tottori Prefecture,1-18-1 Kaikeonsen Yonago,,$,http://www.tripadvisor.com/Hotel_Review-g298139-d1072671-Reviews-Oyu_Hotel-Yonago_Tottori_Prefecture_Chugoku.html
Petit Pension Gruppe,689-3513,Tottori Prefecture,580 Okanari Yonago,,$$,http://www.tripadvisor.com/Hotel_Review-g298139-d1072672-Reviews-Petit_Pension_Gruppe-Yonago_Tottori_Prefecture_Chugoku.html
Yonago New Urban Hotel,683-0822,Tottori Prefecture,28 Nakamachi Yonago,36,$,http://www.tripadvisor.com/Hotel_Review-g298139-d1072673-Reviews-Yonago_New_Urban_Hotel-Yonago_Tottori_Prefecture_Chugoku.html
Yonago Washington Hotel Plaza,683-0053,Tottori Prefecture,125 Meijicho Yonago,196,$,http://www.tripadvisor.com/Hotel_Review-g298139-d1072674-Reviews-Yonago_Washington_Hotel_Plaza-Yonago_Tottori_Prefecture_Chugoku.html
Fuyo Bekkan,683-0001,Tottori Prefecture,3-14-10 Kaikeonsen Yonago,35,$,http://www.tripadvisor.com/Hotel_Review-g298139-d1088826-Reviews-Fuyo_Bekkan-Yonago_Tottori_Prefecture_Chugoku.html
Hotel Axis,683-0811,Tottori Prefecture,2-3-1 Nishikicho Yonago,,$,http://www.tripadvisor.com/Hotel_Review-g298139-d1088831-Reviews-Hotel_Axis-Yonago_Tottori_Prefecture_Chugoku.html
Ikoitei Kikuman,683-0001,Tottori Prefecture,4-27-1 Kaikeonsen Yonago,,$,http://www.tripadvisor.com/Hotel_Review-g298139-d1088833-Reviews-Ikoitei_Kikuman-Yonago_Tottori_Prefecture_Chugoku.html
Kaichoen,683-0001,Tottori Prefecture,3-3-3 Kaikeonsen Yonago,,$$,http://www.tripadvisor.com/Hotel_Review-g298139-d1088834-Reviews-Kaichoen-Yonago_Tottori_Prefecture_Chugoku.html
Kaike Grand Hotel Tensui,683-0001,Tottori Prefecture,4-18-45 Kaikeonsen Yonago,,$$,http://www.tripadvisor.com/Hotel_Review-g298139-d1088836-Reviews-Kaike_Grand_Hotel_Tensui-Yonago_Tottori_Prefecture_Chugoku.html
Kasuitei,683-0001,Tottori Prefecture,4-19-10 Kaikeonsen Yonago,,$$,http://www.tripadvisor.com/Hotel_Review-g298139-d1088838-Reviews-Kasuitei-Yonago_Tottori_Prefecture_Chugoku.html
Mitsui Bekkan,683-0001,Tottori Prefecture,3-15-55 Kaikeonsen Yonago,50,$,http://www.tripadvisor.com/Hotel_Review-g298139-d1088840-Reviews-Mitsui_Bekkan-Yonago_Tottori_Prefecture_Chugoku.html
Yururi,683-0001,Tottori Prefecture,3-16-1 Kaikeonsen Yonago,,$,http://www.tripadvisor.com/Hotel_Review-g298139-d1088841-Reviews-Yururi-Yonago_Tottori_Prefecture_Chugoku.html
Mitsui,683-0001,Tottori Prefecture,4-24-21 Kaike Onsen Yonago,,$,http://www.tripadvisor.com/Hotel_Review-g298139-d1088850-Reviews-Mitsui-Yonago_Tottori_Prefecture_Chugoku.html
Sun Hotel Aoki,683-0053,Tottori Prefecture,313 Meijicho Yonago,,$,http://www.tripadvisor.com/Hotel_Review-g298139-d1088852-Reviews-Sun_Hotel_Aoki-Yonago_Tottori_Prefecture_Chugoku.html
Shotoen,683-0001 ,Tottori Prefecture,4-25-15 Kaike Onsen Yonago,,$,http://www.tripadvisor.com/Hotel_Review-g298139-d1088854-Reviews-Shotoen-Yonago_Tottori_Prefecture_Chugoku.html
Tokoen,683-0001,Tottori Prefecture,3-17-7 Kaikeonsen Yonago,70,$,http://www.tripadvisor.com/Hotel_Review-g298139-d1088857-Reviews-Tokoen-Yonago_Tottori_Prefecture_Chugoku.html
Hotel Wellness Hokiji,683-0002,Tottori Prefecture,3-22-12 Kaikeshinden Yonago,24,$,http://www.tripadvisor.com/Hotel_Review-g298139-d1088869-Reviews-Hotel_Wellness_Hokiji-Yonago_Tottori_Prefecture_Chugoku.html
Shogetsu,683-0001,Tottori Prefecture,3-4-25 Kaikeonsen Yonago,19,$$,http://www.tripadvisor.com/Hotel_Review-g298139-d1088874-Reviews-Shogetsu-Yonago_Tottori_Prefecture_Chugoku.html
Iwasakikan,683-0001,Tottori Prefecture,1-12-30 Kaike Onsen Yonago,,,http://www.tripadvisor.com/Hotel_Review-g298139-d1088876-Reviews-Iwasakikan-Yonago_Tottori_Prefecture_Chugoku.html
Yonago Town Hotel,683-0053,Tottori Prefecture,255 Meijicho Yonago,,$,http://www.tripadvisor.com/Hotel_Review-g298139-d1088879-Reviews-Yonago_Town_Hotel-Yonago_Tottori_Prefecture_Chugoku.html
Yukibou Hakusen,683-0001,Tottori Prefecture,3-12-33 Kaikeonsen Yonago,29,$$,http://www.tripadvisor.com/Hotel_Review-g298139-d1088881-Reviews-Yukibou_Hakusen-Yonago_Tottori_Prefecture_Chugoku.html
Business Hotel Agenda Honkan,683-0055,Tottori Prefecture,2-160 Fujimi-cho Yonago,,$,http://www.tripadvisor.com/Hotel_Review-g298139-d1088885-Reviews-Business_Hotel_Agenda_Honkan-Yonago_Tottori_Prefecture_Chugoku.html
Business Ryokan Satsuma,683-0804,Tottori Prefecture,9-5-37 Yonehara Yonago,,,http://www.tripadvisor.com/Hotel_Review-g298139-d1088896-Reviews-Business_Ryokan_Satsuma-Yonago_Tottori_Prefecture_Chugoku.html
Green Hotel Yonago,683-0065,Tottori Prefecture,151-2 Mannocho Yonago,,$,http://www.tripadvisor.com/Hotel_Review-g298139-d1088901-Reviews-Green_Hotel_Yonago-Yonago_Tottori_Prefecture_Chugoku.html
Irifune Ryokan Business,683-0001,Tottori Prefecture,1-3-50 Kaikeonsen Yonago,,,http://www.tripadvisor.com/Hotel_Review-g298139-d1088908-Reviews-Irifune_Ryokan_Business-Yonago_Tottori_Prefecture_Chugoku.html
Yonago Terminal Hotel Matsuda,683-0043,Tottori Prefecture,130 Suehirocho Yonago,,$,http://www.tripadvisor.com/Hotel_Review-g298139-d1096928-Reviews-Yonago_Terminal_Hotel_Matsuda-Yonago_Tottori_Prefecture_Chugoku.html
Yominoshima,683-0001,Tottori Prefecture,3-3-12 Kaikeonsen Yonago,,$,http://www.tripadvisor.com/Hotel_Review-g298139-d1110711-Reviews-Yominoshima-Yonago_Tottori_Prefecture_Chugoku.html
Asahi Resort Hotel Oyama,689-3417,Tottori Prefecture,338-90 Yodoecho Nakanishio Yonago,,,http://www.tripadvisor.com/Hotel_Review-g298139-d1110717-Reviews-Asahi_Resort_Hotel_Oyama-Yonago_Tottori_Prefecture_Chugoku.html
Business Inn Yonago,683-0065,Tottori Prefecture,171 Mannocho Yonago,,$,http://www.tripadvisor.com/Hotel_Review-g298139-d1110721-Reviews-Business_Inn_Yonago-Yonago_Tottori_Prefecture_Chugoku.html
Yumigahamaso,683-0001,Tottori Prefecture,4-6-12 Kaikeonsen Yonago,,$,http://www.tripadvisor.com/Hotel_Review-g298139-d1110729-Reviews-Yumigahamaso-Yonago_Tottori_Prefecture_Chugoku.html
Seikoen,683-0001,Tottori Prefecture,4-6-3 Kaikeonsen Yonago,,,http://www.tripadvisor.com/Hotel_Review-g298139-d1110735-Reviews-Seikoen-Yonago_Tottori_Prefecture_Chugoku.html
Fuso Bekkan,683-0001,Tottori Prefecture,4-4-35 Kaikeonsen Yonago,,$,http://www.tripadvisor.com/Hotel_Review-g298139-d1110753-Reviews-Fuso_Bekkan-Yonago_Tottori_Prefecture_Chugoku.html
Suikoen,689-3543,Tottori Prefecture,282-1 Kaya Yonago,,$,http://www.tripadvisor.com/Hotel_Review-g298139-d1110757-Reviews-Suikoen-Yonago_Tottori_Prefecture_Chugoku.html
Milky Way,689-3513,Tottori Prefecture,580-308 Okanari Yonago,,$$,http://www.tripadvisor.com/Hotel_Review-g298139-d1110779-Reviews-Milky_Way-Yonago_Tottori_Prefecture_Chugoku.html
Chateau Odaka,689-3514　,Tottori Prefecture,2377 Odaka Yonago,,$,http://www.tripadvisor.com/Hotel_Review-g298139-d1127791-Reviews-Chateau_Odaka-Yonago_Tottori_Prefecture_Chugoku.html
Kanpo No Yado Kaike,683-0002,Tottori Prefecture,3-1-7 Kaike Yonago,,$$,http://www.tripadvisor.com/Hotel_Review-g298139-d1127794-Reviews-Kanpo_No_Yado_Kaike-Yonago_Tottori_Prefecture_Chugoku.html
Yonago Universal Hotel (ekimae),683-0065　,Tottori Prefecture,121 Manno-cho Yonago,239,$,http://www.tripadvisor.com/Hotel_Review-g298139-d1390837-Reviews-Yonago_Universal_Hotel_ekimae-Yonago_Tottori_Prefecture_Chugoku.html
Toyoko Inn Yonago ekimae,683-0053,Tottori Prefecture,100 Meiji cho Yonago,,$,http://www.tripadvisor.com/Hotel_Review-g298139-d1497076-Reviews-Toyoko_Inn_Yonago_ekimae-Yonago_Tottori_Prefecture_Chugoku.html
Yukai Resort Kaike Saichoraku,683-0001 ,Tottori Prefecture,4-29-11 Kaike-Onsen Yonago,,$$,http://www.tripadvisor.com/Hotel_Review-g298139-d1583426-Reviews-Yukai_Resort_Kaike_Saichoraku-Yonago_Tottori_Prefecture_Chugoku.html
Bayside Square Kaike Hotel,683-0001,Tottori Prefecture,4-21-1 Kaike Onsen Yonago,80,$$,http://www.tripadvisor.com/Hotel_Review-g298139-d1600349-Reviews-Bayside_Square_Kaike_Hotel-Yonago_Tottori_Prefecture_Chugoku.html
Super Hotel Yonago-ekimae,683-0065,Tottori Prefecture,112 Mannocho Yonago,,$,http://www.tripadvisor.com/Hotel_Review-g298139-d1775505-Reviews-Super_Hotel_Yonago_ekimae-Yonago_Tottori_Prefecture_Chugoku.html
Urashima,683-0001,Tottori Prefecture,4-23-23 Kaike Onsen Yonago,,$,http://www.tripadvisor.com/Hotel_Review-g298139-d1864075-Reviews-Urashima-Yonago_Tottori_Prefecture_Chugoku.html
Yonago Business Hotel,683-0053,Tottori Prefecture,149 Meijicho Yonago,,,http://www.tripadvisor.com/Hotel_Review-g298139-d1864079-Reviews-Yonago_Business_Hotel-Yonago_Tottori_Prefecture_Chugoku.html
Family Inn Daisen Second Hotel,689-3512,Tottori Prefecture,706-375 Izumi Yonago,,$,http://www.tripadvisor.com/Hotel_Review-g298139-d1879342-Reviews-Family_Inn_Daisen_Second_Hotel-Yonago_Tottori_Prefecture_Chugoku.html
Hotel Frontier Yonago,683-0053,Tottori Prefecture,127 Meijicho Yonago,,,http://www.tripadvisor.com/Hotel_Review-g298139-d1879346-Reviews-Hotel_Frontier_Yonago-Yonago_Tottori_Prefecture_Chugoku.html
Hanaya Ryokan,681-0024,Tottori Prefecture,546 Iwai Iwami-cho,,$$,http://www.tripadvisor.com/Hotel_Review-g1121360-d1125714-Reviews-Hanaya_Ryokan-Iwami_cho_Iwami_gun_Tottori_Prefecture_Chugoku.html
Akashiya,681-0024,Tottori Prefecture,536 Iwai Iwami-cho,,$$$,http://www.tripadvisor.com/Hotel_Review-g1121360-d1138010-Reviews-Akashiya-Iwami_cho_Iwami_gun_Tottori_Prefecture_Chugoku.html
Iwaiya,681-0024,Tottori Prefecture,544 Iwai Iwami-cho,15,$$,http://www.tripadvisor.com/Hotel_Review-g1121360-d1138037-Reviews-Iwaiya-Iwami_cho_Iwami_gun_Tottori_Prefecture_Chugoku.html
Onishiso,681-0073,Tottori Prefecture,2182-231 Otani Iwami-cho,,,http://www.tripadvisor.com/Hotel_Review-g1121360-d1138066-Reviews-Onishiso-Iwami_cho_Iwami_gun_Tottori_Prefecture_Chugoku.html
Seaside Uradome,681-0003,Tottori Prefecture,2475-18 Uradome Iwami-cho,,$,http://www.tripadvisor.com/Hotel_Review-g1121360-d1138073-Reviews-Seaside_Uradome-Iwami_cho_Iwami_gun_Tottori_Prefecture_Chugoku.html
Takenakaya,681-0003,Tottori Prefecture,2478-1 Uradome Iwami-cho,,$,http://www.tripadvisor.com/Hotel_Review-g1121360-d1567208-Reviews-Takenakaya-Iwami_cho_Iwami_gun_Tottori_Prefecture_Chugoku.html
Pension Purupuru,681-0003,Tottori Prefecture,2288 Uradome Iwami-cho,,,http://www.tripadvisor.com/Hotel_Review-g1121360-d1567209-Reviews-Pension_Purupuru-Iwami_cho_Iwami_gun_Tottori_Prefecture_Chugoku.html
Takeso,681-0003,Tottori Prefecture,2540-3 Uradome Iwami-cho,,,http://www.tripadvisor.com/Hotel_Review-g1121360-d1567210-Reviews-Takeso-Iwami_cho_Iwami_gun_Tottori_Prefecture_Chugoku.html
Minshuku Matsuso,681-0003,Tottori Prefecture,2539-12 Uradome Iwami-cho,,$,http://www.tripadvisor.com/Hotel_Review-g1121360-d1567211-Reviews-Minshuku_Matsuso-Iwami_cho_Iwami_gun_Tottori_Prefecture_Chugoku.html
Minshuku Takenoya,681-0003,Tottori Prefecture,2528 Uradome Iwami-cho,,,http://www.tripadvisor.com/Hotel_Review-g1121360-d1879281-Reviews-Minshuku_Takenoya-Iwami_cho_Iwami_gun_Tottori_Prefecture_Chugoku.html
Uekyu,681-0003,Tottori Prefecture,2475-36 Uradome Iwami-cho,,,http://www.tripadvisor.com/Hotel_Review-g1121360-d1879284-Reviews-Uekyu-Iwami_cho_Iwami_gun_Tottori_Prefecture_Chugoku.html
Kamaya Ryokan,681-0003,Tottori Prefecture,1892 Uradome Iwami-cho,,,http://www.tripadvisor.com/Hotel_Review-g1121360-d1910286-Reviews-Kamaya_Ryokan-Iwami_cho_Iwami_gun_Tottori_Prefecture_Chugoku.html
Pension Cruise,681-0001,Tottori Prefecture,588-10 Makidani Iwami-cho,,$,http://www.tripadvisor.com/Hotel_Review-g1121360-d2526921-Reviews-Pension_Cruise-Iwami_cho_Iwami_gun_Tottori_Prefecture_Chugoku.html
Tottori Marine Club Otaniso,681-0073,Tottori Prefecture,562-1 Otani Iwami-cho,,,http://www.tripadvisor.com/Hotel_Review-g1121360-d2542003-Reviews-Tottori_Marine_Club_Otaniso-Iwami_cho_Iwami_gun_Tottori_Prefecture_Chugoku.html
Unabaraso, 689-3551,Tottori Prefecture,218 Imayoshi Hiezu-son,,$$,http://www.tripadvisor.com/Hotel_Review-g1121368-d1864084-Reviews-Unabaraso-Hiezu_son_Saihaku_gun_Tottori_Prefecture_Chugoku.html
Daisen Lake Hotel,689-3317,Tottori Prefecture,Daisencho Oono Kohan Daisen-cho,47,$$$,http://www.tripadvisor.com/Hotel_Review-g1121369-d1126623-Reviews-Daisen_Lake_Hotel-Daisen_cho_Saihaku_gun_Tottori_Prefecture_Chugoku.html
Daisen View Heights,689-3318,Tottori Prefecture,145-7 Daisen Daisen-cho,,$$,http://www.tripadvisor.com/Hotel_Review-g1121369-d1126625-Reviews-Daisen_View_Heights-Daisen_cho_Saihaku_gun_Tottori_Prefecture_Chugoku.html
Yutorian,689-3316,Tottori Prefecture,2051-104 Toyofusa Katori Daisen-cho,,,http://www.tripadvisor.com/Hotel_Review-g1121369-d1126627-Reviews-Yutorian-Daisen_cho_Saihaku_gun_Tottori_Prefecture_Chugoku.html
Nakanohara Ginrei,689-3318,Tottori Prefecture,144-3 Daisen Daisen-cho,,$$$,http://www.tripadvisor.com/Hotel_Review-g1121369-d1126629-Reviews-Nakanohara_Ginrei-Daisen_cho_Saihaku_gun_Tottori_Prefecture_Chugoku.html
Tirol And Shirakaba,689-3318,Tottori Prefecture,39-2 Daisen Daisen-cho,,$,http://www.tripadvisor.com/Hotel_Review-g1121369-d1139847-Reviews-Tirol_And_Shirakaba-Daisen_cho_Saihaku_gun_Tottori_Prefecture_Chugoku.html
Daisen White Palace,689-3318,Tottori Prefecture,144-2 Daisen Daisen-cho,,$$,http://www.tripadvisor.com/Hotel_Review-g1121369-d1139848-Reviews-Daisen_White_Palace-Daisen_cho_Saihaku_gun_Tottori_Prefecture_Chugoku.html
Daisen Utopia,689-3318,Tottori Prefecture,36-17 Daisen Daisen-cho,,$$,http://www.tripadvisor.com/Hotel_Review-g1121369-d1139858-Reviews-Daisen_Utopia-Daisen_cho_Saihaku_gun_Tottori_Prefecture_Chugoku.html
Hotel Daisen,689-3318,Tottori Prefecture,36 Daisen Daisen-cho,,,http://www.tripadvisor.com/Hotel_Review-g1121369-d1139862-Reviews-Hotel_Daisen-Daisen_cho_Saihaku_gun_Tottori_Prefecture_Chugoku.html
Hotel Daisen Bekkan Shiroganeso,689-3318,Tottori Prefecture,136-2 Daisen Daisen-cho Daisen-cho,,$$,http://www.tripadvisor.com/Hotel_Review-g1121369-d1139865-Reviews-Hotel_Daisen_Bekkan_Shiroganeso-Daisen_cho_Saihaku_gun_Tottori_Prefecture_Chugoku.html
Kaienbo,689-3221,Tottori Prefecture,934-2 Tominaga Daisen-cho,,$,http://www.tripadvisor.com/Hotel_Review-g1121369-d1139870-Reviews-Kaienbo-Daisen_cho_Saihaku_gun_Tottori_Prefecture_Chugoku.html
Kawatokoya,689-3318,Tottori Prefecture,40-2 Daisen Daisen-cho,,$$,http://www.tripadvisor.com/Hotel_Review-g1121369-d1139912-Reviews-Kawatokoya-Daisen_cho_Saihaku_gun_Tottori_Prefecture_Chugoku.html
Lodge Sano,689-3318,Tottori Prefecture,145-1 Daisen Daisen-cho,,,http://www.tripadvisor.com/Hotel_Review-g1121369-d1140446-Reviews-Lodge_Sano-Daisen_cho_Saihaku_gun_Tottori_Prefecture_Chugoku.html
Misenso,689-3318,Tottori Prefecture,116 Daisen Daisen-cho,,$$,http://www.tripadvisor.com/Hotel_Review-g1121369-d1143294-Reviews-Misenso-Daisen_cho_Saihaku_gun_Tottori_Prefecture_Chugoku.html
Pension Akemanomori,689-3319,Tottori Prefecture,313-14 Akamatsu Daisen-cho,6,$$,http://www.tripadvisor.com/Hotel_Review-g1121369-d1143304-Reviews-Pension_Akemanomori-Daisen_cho_Saihaku_gun_Tottori_Prefecture_Chugoku.html
Wakuwakumura,689-3319,Tottori Prefecture,313-11 Akima Akamatsu Daisen-cho,,$$,http://www.tripadvisor.com/Hotel_Review-g1121369-d1143312-Reviews-Wakuwakumura-Daisen_cho_Saihaku_gun_Tottori_Prefecture_Chugoku.html
Yamabikoso,689-3318,Tottori Prefecture,36-16 Daisen Daisen-cho,,$$,http://www.tripadvisor.com/Hotel_Review-g1121369-d1143316-Reviews-Yamabikoso-Daisen_cho_Saihaku_gun_Tottori_Prefecture_Chugoku.html
Asagiri Sanso,689-3318,Tottori Prefecture,36-4 Daisen Daisen-cho,,$,http://www.tripadvisor.com/Hotel_Review-g1121369-d1567220-Reviews-Asagiri_Sanso-Daisen_cho_Saihaku_gun_Tottori_Prefecture_Chugoku.html
Sekkaso,689-3318,Tottori Prefecture,40-3 Daisen Daisen-cho,,$$,http://www.tripadvisor.com/Hotel_Review-g1121369-d1567223-Reviews-Sekkaso-Daisen_cho_Saihaku_gun_Tottori_Prefecture_Chugoku.html
Midoriso,689-3318,Tottori Prefecture,40-9 Daisen Daisen-cho,,$,http://www.tripadvisor.com/Hotel_Review-g1121369-d1567225-Reviews-Midoriso-Daisen_cho_Saihaku_gun_Tottori_Prefecture_Chugoku.html
SugataRyokan Bekkan,689-3318,Tottori Prefecture,135 Daisen Daisen-cho,,,http://www.tripadvisor.com/Hotel_Review-g1121369-d1567227-Reviews-SugataRyokan_Bekkan-Daisen_cho_Saihaku_gun_Tottori_Prefecture_Chugoku.html
Alpine Sanso,689-3318,Tottori Prefecture,39-7 Daisen Daisen-cho,,$$,http://www.tripadvisor.com/Hotel_Review-g1121369-d1567230-Reviews-Alpine_Sanso-Daisen_cho_Saihaku_gun_Tottori_Prefecture_Chugoku.html
Pension Liberty Club,689-3319,Tottori Prefecture,Akemanomori Daisen-cho,,$,http://www.tripadvisor.com/Hotel_Review-g1121369-d1567232-Reviews-Pension_Liberty_Club-Daisen_cho_Saihaku_gun_Tottori_Prefecture_Chugoku.html
Toyama Ryokan,689-3318,Tottori Prefecture,18 Daisen Daisen-cho,,,http://www.tripadvisor.com/Hotel_Review-g1121369-d1864093-Reviews-Toyama_Ryokan-Daisen_cho_Saihaku_gun_Tottori_Prefecture_Chugoku.html
Kazan,689-3318,Tottori Prefecture,32 Daisen Daisen-cho,,,http://www.tripadvisor.com/Hotel_Review-g1121369-d1879304-Reviews-Kazan-Daisen_cho_Saihaku_gun_Tottori_Prefecture_Chugoku.html
Sanrakuso,689-3318,Tottori Prefecture,14 Daisen Daisen-cho,,$$$,http://www.tripadvisor.com/Hotel_Review-g1121369-d1879308-Reviews-Sanrakuso-Daisen_cho_Saihaku_gun_Tottori_Prefecture_Chugoku.html
Daisen Riding Center,689-3319,Tottori Prefecture,2459-130 Akamatsu Daisen-cho,,$,http://www.tripadvisor.com/Hotel_Review-g1121369-d1879310-Reviews-Daisen_Riding_Center-Daisen_cho_Saihaku_gun_Tottori_Prefecture_Chugoku.html
Manor House,689-3319,Tottori Prefecture,Akamatsu Daisen-cho,,,http://www.tripadvisor.com/Hotel_Review-g1121369-d1879318-Reviews-Manor_House-Daisen_cho_Saihaku_gun_Tottori_Prefecture_Chugoku.html
Ichibankan,689-3318,Tottori Prefecture,36-32 Daisen Daisen-cho,,,http://www.tripadvisor.com/Hotel_Review-g1121369-d2695105-Reviews-Ichibankan-Daisen_cho_Saihaku_gun_Tottori_Prefecture_Chugoku.html
Schiheil,689-3300,Tottori Prefecture,144-3 Daisen-cho,,,http://www.tripadvisor.com/Hotel_Review-g1121369-d5509851-Reviews-Schiheil-Daisen_cho_Saihaku_gun_Tottori_Prefecture_Chugoku.html
Showa Coporation Daisen Cottage,689-3318,Tottori Prefecture,57 Daisen Daisen-cho,,,http://www.tripadvisor.com/Hotel_Review-g1121369-d6591584-Reviews-Showa_Coporation_Daisen_Cottage-Daisen_cho_Saihaku_gun_Tottori_Prefecture_Chugoku.html
Daisen Guesthouse Ju-an,689-3318,Tottori Prefecture,36-5 Daisen Daisen-cho,,$$$$,http://www.tripadvisor.com/Hotel_Review-g1121369-d6861669-Reviews-Daisen_Guesthouse_Ju_an-Daisen_cho_Saihaku_gun_Tottori_Prefecture_Chugoku.html
Daisen Royal Hotel,689-4192,Tottori Prefecture,1647-13 Maruyama Hoki-cho,219,$$,http://www.tripadvisor.com/Hotel_Review-g1121371-d505426-Reviews-Daisen_Royal_Hotel-Hoki_cho_Saihaku_gun_Tottori_Prefecture_Chugoku.html
Elmonte,689-4101,Tottori Prefecture,123-47 Kobayashi Hoki-cho,,,http://www.tripadvisor.com/Hotel_Review-g1121371-d1126619-Reviews-Elmonte-Hoki_cho_Saihaku_gun_Tottori_Prefecture_Chugoku.html
Wagon Boy,689-4103,Tottori Prefecture,694-9 Mano Hoki-cho,,$$,http://www.tripadvisor.com/Hotel_Review-g1121371-d1126621-Reviews-Wagon_Boy-Hoki_cho_Saihaku_gun_Tottori_Prefecture_Chugoku.html
Alicenooka,689-4101,Tottori Prefecture,88-25 Kobayashi Hoki-cho,,$,http://www.tripadvisor.com/Hotel_Review-g1121371-d1138074-Reviews-Alicenooka-Hoki_cho_Saihaku_gun_Tottori_Prefecture_Chugoku.html
Tirolin,689-4101,Tottori Prefecture,123-46 Kobayashi Hoki-cho,,,http://www.tripadvisor.com/Hotel_Review-g1121371-d1139026-Reviews-Tirolin-Hoki_cho_Saihaku_gun_Tottori_Prefecture_Chugoku.html
Carlos Ranch,689-4101,Tottori Prefecture,123-53 Kobayashi Hoki-cho,,$,http://www.tripadvisor.com/Hotel_Review-g1121371-d1139029-Reviews-Carlos_Ranch-Hoki_cho_Saihaku_gun_Tottori_Prefecture_Chugoku.html
Joekunchi,689-4213,Tottori Prefecture,1692-14 Kanayadani Hoki-cho,,,http://www.tripadvisor.com/Hotel_Review-g1121371-d1139038-Reviews-Joekunchi-Hoki_cho_Saihaku_gun_Tottori_Prefecture_Chugoku.html
Yuho Pension,689-4103,Tottori Prefecture,694-4 Mano Hoki-cho,,$$,http://www.tripadvisor.com/Hotel_Review-g1121371-d1140377-Reviews-Yuho_Pension-Hoki_cho_Saihaku_gun_Tottori_Prefecture_Chugoku.html
Okimura Pension,689-4101,Tottori Prefecture,88-13 Kobayashi Hoki-cho,,$$,http://www.tripadvisor.com/Hotel_Review-g1121371-d1140408-Reviews-Okimura_Pension-Hoki_cho_Saihaku_gun_Tottori_Prefecture_Chugoku.html
Pension Applique,689-4101,Tottori Prefecture,123-41 Kobayashi Hoki-cho,,$,http://www.tripadvisor.com/Hotel_Review-g1121371-d1140410-Reviews-Pension_Applique-Hoki_cho_Saihaku_gun_Tottori_Prefecture_Chugoku.html
Odoroki Momonoki Sanshonoki,689-4213,Tottori Prefecture,1692-3 Kanayadani Hoki-cho,3,$$$,http://www.tripadvisor.com/Hotel_Review-g1121371-d1140413-Reviews-Odoroki_Momonoki_Sanshonoki-Hoki_cho_Saihaku_gun_Tottori_Prefecture_Chugoku.html
Boomerang,689-4101,Tottori Prefecture,123-55 Kobayashi Hoki-cho,,$,http://www.tripadvisor.com/Hotel_Review-g1121371-d1140416-Reviews-Boomerang-Hoki_cho_Saihaku_gun_Tottori_Prefecture_Chugoku.html
Masumizu Kogen,689-4101,Tottori Prefecture,698-9 Kobayashi Hoki-cho,,$$,http://www.tripadvisor.com/Hotel_Review-g1121371-d1140423-Reviews-Masumizu_Kogen-Hoki_cho_Saihaku_gun_Tottori_Prefecture_Chugoku.html
Fukuro,689-4101,Tottori Prefecture,123-52 Kobayashi Hoki-cho,,$,http://www.tripadvisor.com/Hotel_Review-g1121371-d1140425-Reviews-Fukuro-Hoki_cho_Saihaku_gun_Tottori_Prefecture_Chugoku.html
Nichiyobi,689-4103,Tottori Prefecture,694-8 Mano Hoki-cho,,$,http://www.tripadvisor.com/Hotel_Review-g1121371-d1140429-Reviews-Nichiyobi-Hoki_cho_Saihaku_gun_Tottori_Prefecture_Chugoku.html
Pension Kyaraboku,689-4101,Tottori Prefecture,123-40 Kobayashi Ho-ki-cho Hoki-cho,,$$,http://www.tripadvisor.com/Hotel_Review-g1121371-d1140432-Reviews-Pension_Kyaraboku-Hoki_cho_Saihaku_gun_Tottori_Prefecture_Chugoku.html
Cookie Circus,689-4213,Tottori Prefecture,1692-11 Kanayadani Hoki-cho,,$$,http://www.tripadvisor.com/Hotel_Review-g1121371-d1140438-Reviews-Cookie_Circus-Hoki_cho_Saihaku_gun_Tottori_Prefecture_Chugoku.html
Kokoan,689-4101,Tottori Prefecture,123-71 Kobayashi Hoki-cho,,,http://www.tripadvisor.com/Hotel_Review-g1121371-d1143424-Reviews-Kokoan-Hoki_cho_Saihaku_gun_Tottori_Prefecture_Chugoku.html
Dan Dan,689-4101,Tottori Prefecture,88-12 Kobayashi Hoki-cho,,$,http://www.tripadvisor.com/Hotel_Review-g1121371-d1143443-Reviews-Dan_Dan-Hoki_cho_Saihaku_gun_Tottori_Prefecture_Chugoku.html
Reflets Daisen,689-4213,Tottori Prefecture,3-10 Kanayadani Hoki-cho,,,http://www.tripadvisor.com/Hotel_Review-g1121371-d1144021-Reviews-Reflets_Daisen-Hoki_cho_Saihaku_gun_Tottori_Prefecture_Chugoku.html
Lhotel Freres,689-4213,Tottori Prefecture,793-80 Kanayadani Hoki-cho,,,http://www.tripadvisor.com/Hotel_Review-g1121371-d1144033-Reviews-Lhotel_Freres-Hoki_cho_Saihaku_gun_Tottori_Prefecture_Chugoku.html
Pension Good Day,689-4103,Tottori Prefecture,694-10 Mano Hoki-cho,,,http://www.tripadvisor.com/Hotel_Review-g1121371-d1144038-Reviews-Pension_Good_Day-Hoki_cho_Saihaku_gun_Tottori_Prefecture_Chugoku.html
Pension Tanne,689-4101,Tottori Prefecture,123-56 Kobayashi Hoki-cho,,,http://www.tripadvisor.com/Hotel_Review-g1121371-d1171181-Reviews-Pension_Tanne-Hoki_cho_Saihaku_gun_Tottori_Prefecture_Chugoku.html
Guest House Sunnyside,689-4103,Tottori Prefecture,694-5 Mano Hoki-cho,,,http://www.tripadvisor.com/Hotel_Review-g1121371-d1567234-Reviews-Guest_House_Sunnyside-Hoki_cho_Saihaku_gun_Tottori_Prefecture_Chugoku.html
Mountain Papa,689-4103,Tottori Prefecture,694-12 Mano Hoki-cho,,,http://www.tripadvisor.com/Hotel_Review-g1121371-d1879322-Reviews-Mountain_Papa-Hoki_cho_Saihaku_gun_Tottori_Prefecture_Chugoku.html
Pension Asuka,689-4213,Tottori Prefecture,1692-4 Kanayadani Hoki-cho,,$,http://www.tripadvisor.com/Hotel_Review-g1121371-d1879327-Reviews-Pension_Asuka-Hoki_cho_Saihaku_gun_Tottori_Prefecture_Chugoku.html
Hotel Shunka Daisen Resort,689-4101,Tottori Prefecture,577-1 Kobayashi Hoki-cho,,,http://www.tripadvisor.com/Hotel_Review-g1121371-d2251033-Reviews-Hotel_Shunka_Daisen_Resort-Hoki_cho_Saihaku_gun_Tottori_Prefecture_Chugoku.html
Auberge Tenku,689-4213,Tottori Prefecture,2-1 Kanayadani Hoki-cho,,,http://www.tripadvisor.com/Hotel_Review-g1121371-d6507697-Reviews-Auberge_Tenku-Hoki_cho_Saihaku_gun_Tottori_Prefecture_Chugoku.html
Hotel Sekigane,682-0411,Tottori Prefecture,"1397-5 Sekiganejuku, Sekigane-cho Kurayoshi",,,http://www.tripadvisor.com/Hotel_Review-g1023597-d590443-Reviews-Hotel_Sekigane-Kurayoshi_Tottori_Prefecture_Chugoku.html
Takenoya,682-0887,Tottori Prefecture,1016-13 Meijimachi Kurayoshi,,$,http://www.tripadvisor.com/Hotel_Review-g1023597-d1051372-Reviews-Takenoya-Kurayoshi_Tottori_Prefecture_Chugoku.html
Hotel Saiki,682-0024,Tottori Prefecture,214-1 Igi Kurayoshi,,$,http://www.tripadvisor.com/Hotel_Review-g1023597-d1051373-Reviews-Hotel_Saiki-Kurayoshi_Tottori_Prefecture_Chugoku.html
Kurayoshi City Hotel,682-0023,Tottori Prefecture,543-1 Yamane Kurayoshi,,$,http://www.tripadvisor.com/Hotel_Review-g1023597-d1051375-Reviews-Kurayoshi_City_Hotel-Kurayoshi_Tottori_Prefecture_Chugoku.html
Baigetsu Ryokan,682-0861,Tottori Prefecture,3-2336 Shinmachi Kurayoshi,,,http://www.tripadvisor.com/Hotel_Review-g1023597-d1051384-Reviews-Baigetsu_Ryokan-Kurayoshi_Tottori_Prefecture_Chugoku.html
Shofuso Ryokan,682-0863,Tottori Prefecture,2751-1 Sesakimachi Kurayoshi,,$,http://www.tripadvisor.com/Hotel_Review-g1023597-d1051505-Reviews-Shofuso_Ryokan-Kurayoshi_Tottori_Prefecture_Chugoku.html
Kurayoshi Urban Hotel,682-0021,Tottori Prefecture,60-8 Agei Kurayoshi,,$,http://www.tripadvisor.com/Hotel_Review-g1023597-d1051508-Reviews-Kurayoshi_Urban_Hotel-Kurayoshi_Tottori_Prefecture_Chugoku.html
Yurari,682-0411,Tottori Prefecture,"1396-2 Sekiganeshuku, Sekigane-cho Kurayoshi",,,http://www.tripadvisor.com/Hotel_Review-g1023597-d1051513-Reviews-Yurari-Kurayoshi_Tottori_Prefecture_Chugoku.html
Konnichikan,682-0021,Tottori Prefecture,334-10 Agei Kurayoshi,,$,http://www.tripadvisor.com/Hotel_Review-g1023597-d1051522-Reviews-Konnichikan-Kurayoshi_Tottori_Prefecture_Chugoku.html
Bishoen,682-0411,Tottori Prefecture,1464 Sekiganechosekiganeshuku Kurayoshi,,$$,http://www.tripadvisor.com/Hotel_Review-g1023597-d1051526-Reviews-Bishoen-Kurayoshi_Tottori_Prefecture_Chugoku.html
Makita Ryokan,682-0825,Tottori Prefecture,2666 Nishinakamachi Kurayoshi,,$,http://www.tripadvisor.com/Hotel_Review-g1023597-d1051529-Reviews-Makita_Ryokan-Kurayoshi_Tottori_Prefecture_Chugoku.html
Hotel St Palace Kurayoshi,682-0022,Tottori Prefecture,1-9-2 Ageicho Kurayoshi,104,$,http://www.tripadvisor.com/Hotel_Review-g1023597-d1051533-Reviews-Hotel_St_Palace_Kurayoshi-Kurayoshi_Tottori_Prefecture_Chugoku.html
Alfa Sauna & Capsule,682-0022,Tottori Prefecture,1-9-10 Ageicho Kurayoshi,,$,http://www.tripadvisor.com/Hotel_Review-g1023597-d1051572-Reviews-Alfa_Sauna_Capsule-Kurayoshi_Tottori_Prefecture_Chugoku.html
Business Inn Suwabe,682-0022,Tottori Prefecture,1-6-13 Agei Kurayoshi,,$,http://www.tripadvisor.com/Hotel_Review-g1023597-d1087917-Reviews-Business_Inn_Suwabe-Kurayoshi_Tottori_Prefecture_Chugoku.html
Hotel Ark 21,682-0022,Tottori Prefecture,2-4-6 Ageicho Kurayoshi,50,$,http://www.tripadvisor.com/Hotel_Review-g1023597-d1087918-Reviews-Hotel_Ark_21-Kurayoshi_Tottori_Prefecture_Chugoku.html
Green Squalle Sekigane,682-0411,Tottori Prefecture,"1397-3 Sekiganejuku, Sekigane-cho Kurayoshi",,$,http://www.tripadvisor.com/Hotel_Review-g1023597-d1087926-Reviews-Green_Squalle_Sekigane-Kurayoshi_Tottori_Prefecture_Chugoku.html
New Business Hotel Alfa,682-0022 ,Tottori Prefecture,1-10-20 Ageicho Kurayoshi,,$,http://www.tripadvisor.com/Hotel_Review-g1023597-d1087927-Reviews-New_Business_Hotel_Alfa-Kurayoshi_Tottori_Prefecture_Chugoku.html
Kurayoshi Town Hotel,682-0023,Tottori Prefecture,540-6 Yamane Kurayoshi,,$,http://www.tripadvisor.com/Hotel_Review-g1023597-d1096922-Reviews-Kurayoshi_Town_Hotel-Kurayoshi_Tottori_Prefecture_Chugoku.html
Sun Hotel Kurayoshi,682-0023,Tottori Prefecture,567-5 Yamane Kurayoshi,,$,http://www.tripadvisor.com/Hotel_Review-g1023597-d1879266-Reviews-Sun_Hotel_Kurayoshi-Kurayoshi_Tottori_Prefecture_Chugoku.html
Ishii Ryokan,682-0885,Tottori Prefecture,1-863 Sakae-machi Kurayoshi,,,http://www.tripadvisor.com/Hotel_Review-g1023597-d4491444-Reviews-Ishii_Ryokan-Kurayoshi_Tottori_Prefecture_Chugoku.html
Hyonosen Kogen no Yado Hyotakun,680-0728,Tottori Prefecture,635-13 Tsukuyone Wakasa-cho,,$,http://www.tripadvisor.com/Hotel_Review-g1121361-d1910289-Reviews-Hyonosen_Kogen_no_Yado_Hyotakun-Wakasa_cho_Yazu_gun_Tottori_Prefecture_Chugoku.html
Alpain Hutte,680-0728,Tottori Prefecture,631-13 Tsukuyone Wakasa-cho,,,http://www.tripadvisor.com/Hotel_Review-g1121361-d2692862-Reviews-Alpain_Hutte-Wakasa_cho_Yazu_gun_Tottori_Prefecture_Chugoku.html
Forest Himemiya,680-0532,Tottori Prefecture,122 Higashi Yazu-cho,,,http://www.tripadvisor.com/Hotel_Review-g1121363-d1879280-Reviews-Forest_Himemiya-Yazu_cho_Yazu_gun_Tottori_Prefecture_Chugoku.html
Kosenkan,689-5211,Tottori Prefecture,683 Shoyama Nichinan-cho,,,http://www.tripadvisor.com/Hotel_Review-g1121372-d1879330-Reviews-Kosenkan-Nichinan_cho_Hino_gun_Tottori_Prefecture_Chugoku.html
Riverside Hino,689-4526,Tottori Prefecture,1183 Shimoenoki Hino-cho,,,http://www.tripadvisor.com/Hotel_Review-g1121373-d1879335-Reviews-Riverside_Hino-Hino_cho_Hino_gun_Tottori_Prefecture_Chugoku.html
Okamoto Ryokan,689-4401,Tottori Prefecture,2051 Ebi Kofu-cho,,,http://www.tripadvisor.com/Hotel_Review-g1121374-d1143320-Reviews-Okamoto_Ryokan-Kofu_cho_Hino_gun_Tottori_Prefecture_Chugoku.html
Kyukamura Okudaisen,689-4424,Tottori Prefecture,709-1 Mizukue Kofu-cho,,$$,http://www.tripadvisor.com/Hotel_Review-g1121374-d1567238-Reviews-Kyukamura_Okudaisen-Kofu_cho_Hino_gun_Tottori_Prefecture_Chugoku.html
