ANA Crowne Plaza Toyama,930-0084,Toyama Prefecture,2-3 Otemachi Toyama,251,$$,http://www.tripadvisor.com/Hotel_Review-g298126-d478176-Reviews-ANA_Crowne_Plaza_Toyama-Toyama_Toyama_Prefecture_Chubu.html
Toyama Daiichi Hotel,930-0082,Toyama Prefecture,10-10 Sakuragicho Toyama,,$,http://www.tripadvisor.com/Hotel_Review-g298126-d478177-Reviews-Toyama_Daiichi_Hotel-Toyama_Toyama_Prefecture_Chubu.html
Toyama Excel Hotel Tokyu,930-0002,Toyama Prefecture,1-2-3 Shintomicho Toyama,210,$,http://www.tripadvisor.com/Hotel_Review-g298126-d505895-Reviews-Toyama_Excel_Hotel_Tokyu-Toyama_Toyama_Prefecture_Chubu.html
Crown Hills Toyama,930-0003,Toyama Prefecture,2-4-11 Sakuramachi Toyama,,$,http://www.tripadvisor.com/Hotel_Review-g298126-d506461-Reviews-Crown_Hills_Toyama-Toyama_Toyama_Prefecture_Chubu.html
Comfort Hotel Toyama Station,930-0007,Toyama Prefecture,1-3-2 Takaramachi Toyama,150,$,http://www.tripadvisor.com/Hotel_Review-g298126-d656590-Reviews-Comfort_Hotel_Toyama_Station-Toyama_Toyama_Prefecture_Chubu.html
Hamanoya,930-0002,Toyama Prefecture,2-5-1 Shintomicho Toyama,,,http://www.tripadvisor.com/Hotel_Review-g298126-d1078553-Reviews-Hamanoya-Toyama_Toyama_Prefecture_Chubu.html
Nissho,930-0813,Toyama Prefecture,1-13-32 Shimoakaemachi Toyama,,$,http://www.tripadvisor.com/Hotel_Review-g298126-d1078555-Reviews-Nissho-Toyama_Toyama_Prefecture_Chubu.html
Tomiya,930-0966,Toyama Prefecture,3-1-6 Ishigane Toyama,,,http://www.tripadvisor.com/Hotel_Review-g298126-d1078556-Reviews-Tomiya-Toyama_Toyama_Prefecture_Chubu.html
Toyama Urban Hotel,930-0041,Toyama Prefecture,1-6 Mukogawaramachi Toyama,,$,http://www.tripadvisor.com/Hotel_Review-g298126-d1078558-Reviews-Toyama_Urban_Hotel-Toyama_Toyama_Prefecture_Chubu.html
Bintel Meiken,930-1455,Toyama Prefecture,3 Hanakiriwari Hongu Toyama,,,http://www.tripadvisor.com/Hotel_Review-g298126-d1078564-Reviews-Bintel_Meiken-Toyama_Toyama_Prefecture_Chubu.html
Daiwa Roynet Hotel Toyama,930-0028,Toyama Prefecture,6-1 Aramachi Toyama,227,$,http://www.tripadvisor.com/Hotel_Review-g298126-d1078569-Reviews-Daiwa_Roynet_Hotel_Toyama-Toyama_Toyama_Prefecture_Chubu.html
Hotel Alpha-1 Toyama Aramachi,930-0028,Toyama Prefecture,4-3 Aramachi Toyama,,$,http://www.tripadvisor.com/Hotel_Review-g298126-d1079522-Reviews-Hotel_Alpha_1_Toyama_Aramachi-Toyama_Toyama_Prefecture_Chubu.html
Hotel Alpha-1 Toyama Ekimae,930-0002,Toyama Prefecture,1-1-1 Shintomicho Toyama,284,$,http://www.tripadvisor.com/Hotel_Review-g298126-d1079526-Reviews-Hotel_Alpha_1_Toyama_Ekimae-Toyama_Toyama_Prefecture_Chubu.html
Hotel Kusatsu,930-0897,Toyama Prefecture,137 Takariya Toyama,,$,http://www.tripadvisor.com/Hotel_Review-g298126-d1079535-Reviews-Hotel_Kusatsu-Toyama_Toyama_Prefecture_Chubu.html
Hotel Noboruya,930-0083,Toyama Prefecture,3-9-11 Sogawa Toyama,,,http://www.tripadvisor.com/Hotel_Review-g298126-d1079539-Reviews-Hotel_Noboruya-Toyama_Toyama_Prefecture_Chubu.html
Hotel Prime Toyama,930-0003,Toyama Prefecture,2-3-25 Sakuramachi Toyama,153,$,http://www.tripadvisor.com/Hotel_Review-g298126-d1079545-Reviews-Hotel_Prime_Toyama-Toyama_Toyama_Prefecture_Chubu.html
Hotel Relax Inn,930-0003,Toyama Prefecture,1-7-22 Sakuramachi Toyama,,$,http://www.tripadvisor.com/Hotel_Review-g298126-d1079549-Reviews-Hotel_Relax_Inn-Toyama_Toyama_Prefecture_Chubu.html
Route Inn Toyama Ekimae,930-0002,Toyama Prefecture,1-3-3 Shintomicho Toyama,,$,http://www.tripadvisor.com/Hotel_Review-g298126-d1079551-Reviews-Route_Inn_Toyama_Ekimae-Toyama_Toyama_Prefecture_Chubu.html
Weekly Sho Hotel Toyama,930-0002,Toyama Prefecture,1-1-14 Shintomicho Toyama,34,$,http://www.tripadvisor.com/Hotel_Review-g298126-d1079554-Reviews-Weekly_Sho_Hotel_Toyama-Toyama_Toyama_Prefecture_Chubu.html
Hotel Syoen,930-0003,Toyama Prefecture,1-2-24 Sakuramachi Toyama,,$,http://www.tripadvisor.com/Hotel_Review-g298126-d1079556-Reviews-Hotel_Syoen-Toyama_Toyama_Prefecture_Chubu.html
Tominoya,930-0002,Toyama Prefecture,2-5-24 Shintomicho Toyama,,,http://www.tripadvisor.com/Hotel_Review-g298126-d1079561-Reviews-Tominoya-Toyama_Toyama_Prefecture_Chubu.html
Hotel Yoshihara,930-0093,Toyama Prefecture,4-12 Uchisaiwaicho Toyama,,$$$,http://www.tripadvisor.com/Hotel_Review-g298126-d1079565-Reviews-Hotel_Yoshihara-Toyama_Toyama_Prefecture_Chubu.html
Yukimiso,930-0043,Toyama Prefecture,1-4 Ishikuramachi Toyama,,,http://www.tripadvisor.com/Hotel_Review-g298126-d1079569-Reviews-Yukimiso-Toyama_Toyama_Prefecture_Chubu.html
Hotel Grand Terrace Toyama,930-0004,Toyama Prefecture,2-28 Sakurabashidori Toyama,129,$,http://www.tripadvisor.com/Hotel_Review-g298126-d1079573-Reviews-Hotel_Grand_Terrace_Toyama-Toyama_Toyama_Prefecture_Chubu.html
Mori no Shizuku,930-1454,Toyama Prefecture,57 Hara Toyama,,,http://www.tripadvisor.com/Hotel_Review-g298126-d1079586-Reviews-Mori_no_Shizuku-Toyama_Toyama_Prefecture_Chubu.html
Fujinoya,930-2243,Toyama Prefecture,233 Yokata Araya Toyama,,$,http://www.tripadvisor.com/Hotel_Review-g298126-d1079590-Reviews-Fujinoya-Toyama_Toyama_Prefecture_Chubu.html
Oarks Canal Park Hotel Toyama,930-0858,Toyama Prefecture,11-1 Ushijimacho Toyama,114,$,http://www.tripadvisor.com/Hotel_Review-g298126-d1079593-Reviews-Oarks_Canal_Park_Hotel_Toyama-Toyama_Toyama_Prefecture_Chubu.html
Palais Blanc Koshikaikan,930-0018,Toyama Prefecture,1-3-1 Chitosemachi Toyama,24,$,http://www.tripadvisor.com/Hotel_Review-g298126-d1079598-Reviews-Palais_Blanc_Koshikaikan-Toyama_Toyama_Prefecture_Chubu.html
Crayon House,930-1455,Toyama Prefecture,4-23 Hongu Toyama,,$$,http://www.tripadvisor.com/Hotel_Review-g298126-d1079605-Reviews-Crayon_House-Toyama_Toyama_Prefecture_Chubu.html
Sakurabashi Business Hotel,930-0005,Toyama Prefecture,9-3 Shinsakuramachi Toyama,,$,http://www.tripadvisor.com/Hotel_Review-g298126-d1079612-Reviews-Sakurabashi_Business_Hotel-Toyama_Toyama_Prefecture_Chubu.html
Tateyama Kokusai Hotel,930-1454,Toyama Prefecture,45 Hara Toyama,118,$$,http://www.tripadvisor.com/Hotel_Review-g298126-d1079618-Reviews-Tateyama_Kokusai_Hotel-Toyama_Toyama_Prefecture_Chubu.html
Toyama Chitetsu Hotel,930-0003,Toyama Prefecture,1-1-1 Sakuramachi Toyama,164,$,http://www.tripadvisor.com/Hotel_Review-g298126-d1079623-Reviews-Toyama_Chitetsu_Hotel-Toyama_Toyama_Prefecture_Chubu.html
Toyama Manten Hotel,930-0029,Toyama Prefecture,2-17 Honmachi Toyama,288,$,http://www.tripadvisor.com/Hotel_Review-g298126-d1079626-Reviews-Toyama_Manten_Hotel-Toyama_Toyama_Prefecture_Chubu.html
Kawai,930-0044,Toyama Prefecture,1-4-23 Chuodori Toyama,,,http://www.tripadvisor.com/Hotel_Review-g298126-d1079629-Reviews-Kawai-Toyama_Toyama_Prefecture_Chubu.html
Toyama Town Hotel,930-0082,Toyama Prefecture,8-9 Sakuragicho Toyama,,$,http://www.tripadvisor.com/Hotel_Review-g298126-d1079632-Reviews-Toyama_Town_Hotel-Toyama_Toyama_Prefecture_Chubu.html
APA Hotel Toyama-Ekimae,930-0001,Toyama Prefecture,88-2 Meirincho Toyama,347,$,http://www.tripadvisor.com/Hotel_Review-g298126-d1093250-Reviews-APA_Hotel_Toyama_Ekimae-Toyama_Toyama_Prefecture_Chubu.html
Toyama Kanko Hotel,930-0138,Toyama Prefecture,7538 Kurehamachi Toyama,,$,http://www.tripadvisor.com/Hotel_Review-g298126-d1093252-Reviews-Toyama_Kanko_Hotel-Toyama_Toyama_Prefecture_Chubu.html
APA Hotel Toyama,930-0842,Toyama Prefecture,6-1 Kuboshinmachi Toyama,274,$,http://www.tripadvisor.com/Hotel_Review-g298126-d1093253-Reviews-APA_Hotel_Toyama-Toyama_Toyama_Prefecture_Chubu.html
Dormy Inn Toyama,930-0084,Toyama Prefecture,4-8 Otemachi Toyama,208,$,http://www.tripadvisor.com/Hotel_Review-g298126-d1093254-Reviews-Dormy_Inn_Toyama-Toyama_Toyama_Prefecture_Chubu.html
Genenro,930-2105,Toyama Prefecture,1017 Yamada-yu Toyama,,$,http://www.tripadvisor.com/Hotel_Review-g298126-d1093261-Reviews-Genenro-Toyama_Toyama_Prefecture_Chubu.html
Hotel Tateyama Annex,930-0007,Toyama Prefecture,1-1-11 Takaramachi Toyama,,$,http://www.tripadvisor.com/Hotel_Review-g298126-d1095722-Reviews-Hotel_Tateyama_Annex-Toyama_Toyama_Prefecture_Chubu.html
Business Hotel Tateyama,930-0007,Toyama Prefecture,1-1-10 Takaramachi Toyama,,$,http://www.tripadvisor.com/Hotel_Review-g298126-d1095741-Reviews-Business_Hotel_Tateyama-Toyama_Toyama_Prefecture_Chubu.html
Toyama Jiyukan,930-0805,Toyama Prefecture,9-1 Minatoirifune-cho Toyama,,$,http://www.tripadvisor.com/Hotel_Review-g298126-d1095751-Reviews-Toyama_Jiyukan-Toyama_Toyama_Prefecture_Chubu.html
Hotel Kureha Plaza,930-0061,Toyama Prefecture,6-7 Ichibanmachi Toyama,,$,http://www.tripadvisor.com/Hotel_Review-g298126-d1095787-Reviews-Hotel_Kureha_Plaza-Toyama_Toyama_Prefecture_Chubu.html
Wakyu,930-0007,Toyama Prefecture,1-1-1 Takaramachi Toyama,60,$,http://www.tripadvisor.com/Hotel_Review-g298126-d1095791-Reviews-Wakyu-Toyama_Toyama_Prefecture_Chubu.html
Hotel Park Inn Toyama,930-0003,Toyama Prefecture,2-6-7 Sakuramachi Toyama,,$,http://www.tripadvisor.com/Hotel_Review-g298126-d1095795-Reviews-Hotel_Park_Inn_Toyama-Toyama_Toyama_Prefecture_Chubu.html
Nihon Business Hotel,930-0003,Toyama Prefecture,1-2-11 Sakuramachi Toyama,,,http://www.tripadvisor.com/Hotel_Review-g298126-d1095808-Reviews-Nihon_Business_Hotel-Toyama_Toyama_Prefecture_Chubu.html
Short Locomotion,939-2252,Toyama Prefecture,1062 Kamiokubo Toyama,,,http://www.tripadvisor.com/Hotel_Review-g298126-d1095812-Reviews-Short_Locomotion-Toyama_Toyama_Prefecture_Chubu.html
Hotel City Inn Toyama,930-0062,Toyama Prefecture,9-1 Nishicho Toyama,,$,http://www.tripadvisor.com/Hotel_Review-g298126-d1095813-Reviews-Hotel_City_Inn_Toyama-Toyama_Toyama_Prefecture_Chubu.html
Pension Okon,930-1452,Toyama Prefecture,3-47 Hongu Toyama,,,http://www.tripadvisor.com/Hotel_Review-g298126-d1095818-Reviews-Pension_Okon-Toyama_Toyama_Prefecture_Chubu.html
White Bell,930-1454,Toyama Prefecture,56 Hara Toyama,,$,http://www.tripadvisor.com/Hotel_Review-g298126-d1095820-Reviews-White_Bell-Toyama_Toyama_Prefecture_Chubu.html
Pension Pumori,930-1455,Toyama Prefecture,1-84 Hongu Toyama,,,http://www.tripadvisor.com/Hotel_Review-g298126-d1095831-Reviews-Pension_Pumori-Toyama_Toyama_Prefecture_Chubu.html
Grand Sunpia Tateyama,930-1451 ,Toyama Prefecture,3-6 Hara Toyama,,,http://www.tripadvisor.com/Hotel_Review-g298126-d1096780-Reviews-Grand_Sunpia_Tateyama-Toyama_Toyama_Prefecture_Chubu.html
Kureha Heights,930-0142,Toyama Prefecture,4103-1 Yoshizukuri Toyama,,$,http://www.tripadvisor.com/Hotel_Review-g298126-d1096807-Reviews-Kureha_Heights-Toyama_Toyama_Prefecture_Chubu.html
Yutoria Ecchu,939-2224,Toyama Prefecture,96-1 Kasuga Toyama,,$,http://www.tripadvisor.com/Hotel_Review-g298126-d1096824-Reviews-Yutoria_Ecchu-Toyama_Toyama_Prefecture_Chubu.html
Business Hotel Koho,930-0009,Toyama Prefecture,1-5-18 Jinzumachi Toyama,,,http://www.tripadvisor.com/Hotel_Review-g298126-d1096835-Reviews-Business_Hotel_Koho-Toyama_Toyama_Prefecture_Chubu.html
Raicho,930-1454,Toyama Prefecture,11-3 Hara Toyama,,$$,http://www.tripadvisor.com/Hotel_Review-g298126-d1096837-Reviews-Raicho-Toyama_Toyama_Prefecture_Chubu.html
Toyoko Inn Jr. Toyama Ekimae,930-0003,Toyama Prefecture,1-4-5 Sakuramachi Toyama,142,$,http://www.tripadvisor.com/Hotel_Review-g298126-d1105121-Reviews-Toyoko_Inn_Jr_Toyama_Ekimae-Toyama_Toyama_Prefecture_Chubu.html
Okudaya,930-0082,Toyama Prefecture,3-11 Sakuragicho Toyama,,,http://www.tripadvisor.com/Hotel_Review-g298126-d1105125-Reviews-Okudaya-Toyama_Toyama_Prefecture_Chubu.html
Lodge Taro,930-1454,Toyama Prefecture,11-1 Hara Toyama,,$$,http://www.tripadvisor.com/Hotel_Review-g298126-d1105138-Reviews-Lodge_Taro-Toyama_Toyama_Prefecture_Chubu.html
River Retreat Garaku,939-2224,Toyama Prefecture,56-2 Kasuga Toyama,25,$$$,http://www.tripadvisor.com/Hotel_Review-g298126-d1105142-Reviews-River_Retreat_Garaku-Toyama_Toyama_Prefecture_Chubu.html
Lodge Putaro,930-1452,Toyama Prefecture,1414 Hongu Toyama,,,http://www.tripadvisor.com/Hotel_Review-g298126-d1105174-Reviews-Lodge_Putaro-Toyama_Toyama_Prefecture_Chubu.html
Namazu Onsen,930-2221,Toyama Prefecture,3339 Imaichi Toyama,,,http://www.tripadvisor.com/Hotel_Review-g298126-d1105175-Reviews-Namazu_Onsen-Toyama_Toyama_Prefecture_Chubu.html
Shirakaba Heights,930-1459,Toyama Prefecture,1-10 Kamegai Toyama,,$,http://www.tripadvisor.com/Hotel_Review-g298126-d1105179-Reviews-Shirakaba_Heights-Toyama_Toyama_Prefecture_Chubu.html
Yamabiko,930-1454,Toyama Prefecture,1338 Hara Toyama,,$$,http://www.tripadvisor.com/Hotel_Review-g298126-d1105195-Reviews-Yamabiko-Toyama_Toyama_Prefecture_Chubu.html
Uukan,939-2331,Toyama Prefecture,678-1 Yatsuomachi Shimosasahara Toyama,,$,http://www.tripadvisor.com/Hotel_Review-g298126-d1105202-Reviews-Uukan-Toyama_Toyama_Prefecture_Chubu.html
KKR Toyama Ginrei,930-0857,Toyama Prefecture,5-8 Okudashinmachi Toyama,,,http://www.tripadvisor.com/Hotel_Review-g298126-d1105205-Reviews-KKR_Toyama_Ginrei-Toyama_Toyama_Prefecture_Chubu.html
Takeshima Ryokan,930-0063,Toyama Prefecture,2-2-16 Otaguchidori Toyama,,,http://www.tripadvisor.com/Hotel_Review-g298126-d1105206-Reviews-Takeshima_Ryokan-Toyama_Toyama_Prefecture_Chubu.html
Ikoinomura Isoppu,939-2638,Toyama Prefecture,1-2 Fuchumachihosotani Toyama,,,http://www.tripadvisor.com/Hotel_Review-g298126-d1105208-Reviews-Ikoinomura_Isoppu-Toyama_Toyama_Prefecture_Chubu.html
Chisatosanso,939-2622,Toyama Prefecture,5866 Fuchumachi Chisato Toyama,,,http://www.tripadvisor.com/Hotel_Review-g298126-d1105210-Reviews-Chisatosanso-Toyama_Toyama_Prefecture_Chubu.html
Ryokan Kiyota,930-0083,Toyama Prefecture,1-8-3 Sogawa Toyama,,$,http://www.tripadvisor.com/Hotel_Review-g298126-d1105212-Reviews-Ryokan_Kiyota-Toyama_Toyama_Prefecture_Chubu.html
Petit Hotel,930-1454,Toyama Prefecture,359 Hara Toyama,,$$,http://www.tripadvisor.com/Hotel_Review-g298126-d1105214-Reviews-Petit_Hotel-Toyama_Toyama_Prefecture_Chubu.html
Matsuisanso,930-1455,Toyama Prefecture,133-2 Hongu Toyama,,$,http://www.tripadvisor.com/Hotel_Review-g298126-d1105215-Reviews-Matsuisanso-Toyama_Toyama_Prefecture_Chubu.html
Miyata Ryokan,939-2355,Toyama Prefecture,2267 Yatsuomachi Nishimachi Toyama,,$,http://www.tripadvisor.com/Hotel_Review-g298126-d1105217-Reviews-Miyata_Ryokan-Toyama_Toyama_Prefecture_Chubu.html
Inari,930-0010,Toyama Prefecture,3-11-36 Inarimotomachi Toyama,,$,http://www.tripadvisor.com/Hotel_Review-g298126-d1105218-Reviews-Inari-Toyama_Toyama_Prefecture_Chubu.html
Kanzanso,930-1454,Toyama Prefecture,53-3 Hara Toyama,,,http://www.tripadvisor.com/Hotel_Review-g298126-d1105219-Reviews-Kanzanso-Toyama_Toyama_Prefecture_Chubu.html
Lodge Wagaya,930-1451,Toyama Prefecture,34 Hongu Toyama,,$,http://www.tripadvisor.com/Hotel_Review-g298126-d1105220-Reviews-Lodge_Wagaya-Toyama_Toyama_Prefecture_Chubu.html
Pension Aicamu,930-1455,Toyama Prefecture,3 Hongu Toyama,,$$,http://www.tripadvisor.com/Hotel_Review-g298126-d1105222-Reviews-Pension_Aicamu-Toyama_Toyama_Prefecture_Chubu.html
Ashitanisanso,939-2475,Toyama Prefecture,419 Yatsuomachiashitani Toyama,,,http://www.tripadvisor.com/Hotel_Review-g298126-d1105223-Reviews-Ashitanisanso-Toyama_Toyama_Prefecture_Chubu.html
Goraku,930-0887,Toyama Prefecture,2126 Gofuku Toyama,,$,http://www.tripadvisor.com/Hotel_Review-g298126-d1105224-Reviews-Goraku-Toyama_Toyama_Prefecture_Chubu.html
Kaiinsei Owara Kanko Resort Hotel,939-2461,Toyama Prefecture,33 Yatsuomachitakakuma Toyama,,,http://www.tripadvisor.com/Hotel_Review-g298126-d1106217-Reviews-Kaiinsei_Owara_Kanko_Resort_Hotel-Toyama_Toyama_Prefecture_Chubu.html
Katsue Ryokan,930-0007,Toyama Prefecture,1-1-13 Takara-machi Toyama,,,http://www.tripadvisor.com/Hotel_Review-g298126-d1135698-Reviews-Katsue_Ryokan-Toyama_Toyama_Prefecture_Chubu.html
Toyoko Inn Toyama ekimae Takaramachi,930-0007,Toyama Prefecture,1-5-1 Takaramachi Toyama,305,$,http://www.tripadvisor.com/Hotel_Review-g298126-d1497107-Reviews-Toyoko_Inn_Toyama_ekimae_Takaramachi-Toyama_Toyama_Prefecture_Chubu.html
Owara Kanko Resort Hotel Honkan,939-2461,Toyama Prefecture,55-1 Yatsuomachi Takakuma Toyama,,,http://www.tripadvisor.com/Hotel_Review-g298126-d1553748-Reviews-Owara_Kanko_Resort_Hotel_Honkan-Toyama_Toyama_Prefecture_Chubu.html
Business Hotel Daikoku,939-2727,Toyama Prefecture,154-6 Fuchumachi Sunagoda Toyama,,$,http://www.tripadvisor.com/Hotel_Review-g298126-d1720249-Reviews-Business_Hotel_Daikoku-Toyama_Toyama_Prefecture_Chubu.html
Kanpo no Yado Toyama,939-2603,Toyama Prefecture,5691-2 Fuchumachihame Toyama,,$$,http://www.tripadvisor.com/Hotel_Review-g298126-d1777657-Reviews-Kanpo_no_Yado_Toyama-Toyama_Toyama_Prefecture_Chubu.html
Taro Hirakoya,930-1458,Toyama Prefecture,115 Kokuyurin Kurobedani bunkatsu Arimine Toyama,,,http://www.tripadvisor.com/Hotel_Review-g298126-d1857479-Reviews-Taro_Hirakoya-Toyama_Toyama_Prefecture_Chubu.html
Amuzu Hotel,930-0082,Toyama Prefecture,"Sakuragi Plaza Bldg. 3F, 12-5 Sakuragi-cho Toyama",,$,http://www.tripadvisor.com/Hotel_Review-g298126-d1863109-Reviews-Amuzu_Hotel-Toyama_Toyama_Prefecture_Chubu.html
Kitayoshi,939-2341,Toyama Prefecture,997 Yatsuomachikagamimachi Toyama,,,http://www.tripadvisor.com/Hotel_Review-g298126-d1876808-Reviews-Kitayoshi-Toyama_Toyama_Prefecture_Chubu.html
Fureainosato Sasamine,930-2117,Toyama Prefecture,31-28 Yamadaakamedani Toyama,,$,http://www.tripadvisor.com/Hotel_Review-g298126-d1876835-Reviews-Fureainosato_Sasamine-Toyama_Toyama_Prefecture_Chubu.html
Hisanoya,939-3506,Toyama Prefecture,1605 Mizuhashisannomachi Toyama,,,http://www.tripadvisor.com/Hotel_Review-g298126-d1876839-Reviews-Hisanoya-Toyama_Toyama_Prefecture_Chubu.html
APA VILAA Toyama-ekimae Hotel,930-0003,Toyama Prefecture,"1-5-20, Sakura-machi Toyama",246,$,http://www.tripadvisor.com/Hotel_Review-g298126-d2062368-Reviews-APA_VILAA_Toyama_ekimae_Hotel-Toyama_Toyama_Prefecture_Chubu.html
Rakkyokan,939-2182,Toyama Prefecture,26-1 Iwaine Toyama,,,http://www.tripadvisor.com/Hotel_Review-g298126-d2563267-Reviews-Rakkyokan-Toyama_Toyama_Prefecture_Chubu.html
Wisteria Hotel Toyama,939-8211,Toyama Prefecture,1-3-5 Sakuramachi Toyama,,$,http://www.tripadvisor.com/Hotel_Review-g298126-d2626548-Reviews-Wisteria_Hotel_Toyama-Toyama_Toyama_Prefecture_Chubu.html
Ushidake Youth Highland,930-2116,Toyama Prefecture,Yamadakodaninakane Toyama,,,http://www.tripadvisor.com/Hotel_Review-g298126-d2630050-Reviews-Ushidake_Youth_Highland-Toyama_Toyama_Prefecture_Chubu.html
Yakushisawakoya,930-1457,Toyama Prefecture,Arimine Toyama,,,http://www.tripadvisor.com/Hotel_Review-g298126-d3646864-Reviews-Yakushisawakoya-Toyama_Toyama_Prefecture_Chubu.html
Takamagahara Sanso,930-1457,Toyama Prefecture,Arimine Toyama,,,http://www.tripadvisor.com/Hotel_Review-g298126-d3646866-Reviews-Takamagahara_Sanso-Toyama_Toyama_Prefecture_Chubu.html
Hotel Sunroute Namerikawa,936-0024,Toyama Prefecture,1375 Tatsuno Namerikawa,,$,http://www.tripadvisor.com/Hotel_Review-g1021435-d1077786-Reviews-Hotel_Sunroute_Namerikawa-Namerikawa_Toyama_Prefecture_Chubu.html
Ebiyoshi,936-0057,Toyama Prefecture,200-1 Tanakamachi Namerikawa,,$,http://www.tripadvisor.com/Hotel_Review-g1021435-d1090830-Reviews-Ebiyoshi-Namerikawa_Toyama_Prefecture_Chubu.html
Ebigen,936-0053,Toyama Prefecture,2155 Kamikoizumi Namerikawa,,,http://www.tripadvisor.com/Hotel_Review-g1021435-d1104934-Reviews-Ebigen-Namerikawa_Toyama_Prefecture_Chubu.html
Namerikawakan,936-0060,Toyama Prefecture,288 Jinkamachi Namerikawa,,,http://www.tripadvisor.com/Hotel_Review-g1021435-d1104939-Reviews-Namerikawakan-Namerikawa_Toyama_Prefecture_Chubu.html
Ogurakan,939-0321,Toyama Prefecture,1820 Aoidani Imizu,,$,http://www.tripadvisor.com/Hotel_Review-g1021439-d1095457-Reviews-Ogurakan-Imizu_Toyama_Prefecture_Chubu.html
Daiichi Inn Shinminato,934-0005,Toyama Prefecture,18-4 Zenkoji Imizu,36,$,http://www.tripadvisor.com/Hotel_Review-g1021439-d1095801-Reviews-Daiichi_Inn_Shinminato-Imizu_Toyama_Prefecture_Chubu.html
Hotel Inaho,939-0284,Toyama Prefecture,458-2 Shinkaihatsu Imizu,,$,http://www.tripadvisor.com/Hotel_Review-g1021439-d1096764-Reviews-Hotel_Inaho-Imizu_Toyama_Prefecture_Chubu.html
Matsubaraya,939-0341,Toyama Prefecture,3971-1 Sanga Imizu,,,http://www.tripadvisor.com/Hotel_Review-g1021439-d1105106-Reviews-Matsubaraya-Imizu_Toyama_Prefecture_Chubu.html
Asuka Shokudo,934-0048,Toyama Prefecture,217 Nunome Imizu,,,http://www.tripadvisor.com/Hotel_Review-g1021439-d1105109-Reviews-Asuka_Shokudo-Imizu_Toyama_Prefecture_Chubu.html
Minshuku Shinichi,933-0232,Toyama Prefecture,3-5 Hamabirakishimmachi Imizu,,,http://www.tripadvisor.com/Hotel_Review-g1021439-d1875669-Reviews-Minshuku_Shinichi-Imizu_Toyama_Prefecture_Chubu.html
Hikogoro,933-0233,Toyama Prefecture,3 Ebie Imizu,,,http://www.tripadvisor.com/Hotel_Review-g1021439-d2194690-Reviews-Hikogoro-Imizu_Toyama_Prefecture_Chubu.html
Hotel New Otani Takaoka,933-0035,Toyama Prefecture,1 Shinyokomachi Takaoka,83,$,http://www.tripadvisor.com/Hotel_Review-g311426-d301289-Reviews-Hotel_New_Otani_Takaoka-Takaoka_Toyama_Prefecture_Chubu.html
Apa Hotel Takaoka Marunouchi,933-0912,Toyama Prefecture,2-1 Marunochi Takaoka,150,$,http://www.tripadvisor.com/Hotel_Review-g311426-d628202-Reviews-Apa_Hotel_Takaoka_Marunouchi-Takaoka_Toyama_Prefecture_Chubu.html
Takaoka Manten Hotel Eekimae,933-0023,Toyama Prefecture,1-8 Suehiromachi Takaoka,233,$,http://www.tripadvisor.com/Hotel_Review-g311426-d628203-Reviews-Takaoka_Manten_Hotel_Eekimae-Takaoka_Toyama_Prefecture_Chubu.html
Asahi City Inn Hotel,933-0021,Toyama Prefecture,1-34 Shimozekimachi Takaoka,,$,http://www.tripadvisor.com/Hotel_Review-g311426-d1074423-Reviews-Asahi_City_Inn_Hotel-Takaoka_Toyama_Prefecture_Chubu.html
Business Inn Takaoka,933-0871,Toyama Prefecture,5-3-3 Ekinan Takaoka,,$,http://www.tripadvisor.com/Hotel_Review-g311426-d1074425-Reviews-Business_Inn_Takaoka-Takaoka_Toyama_Prefecture_Chubu.html
Daibutsu Ryokan,933-0034,Toyama Prefecture,75 Daibutsumachi Takaoka,20,$,http://www.tripadvisor.com/Hotel_Review-g311426-d1074427-Reviews-Daibutsu_Ryokan-Takaoka_Toyama_Prefecture_Chubu.html
Hotel Alpha-1 Takaoka,933-0021,Toyama Prefecture,1-35 Shimozekimachi Takaoka,,$,http://www.tripadvisor.com/Hotel_Review-g311426-d1074433-Reviews-Hotel_Alpha_1_Takaoka-Takaoka_Toyama_Prefecture_Chubu.html
Hotel Alpha-1 Takaoka Ekimae,933-0021,Toyama Prefecture,4-55 Shimozekimachi Takaoka,,$,http://www.tripadvisor.com/Hotel_Review-g311426-d1074434-Reviews-Hotel_Alpha_1_Takaoka_Ekimae-Takaoka_Toyama_Prefecture_Chubu.html
Hotel Seven Seven Takaoka,933-0871,Toyama Prefecture,5-2-7 Ekinan Takaoka,,$,http://www.tripadvisor.com/Hotel_Review-g311426-d1074435-Reviews-Hotel_Seven_Seven_Takaoka-Takaoka_Toyama_Prefecture_Chubu.html
Family Inn,933-0013 ,Toyama Prefecture,38-1 Sanyoshi Takaoka,,,http://www.tripadvisor.com/Hotel_Review-g311426-d1090991-Reviews-Family_Inn-Takaoka_Toyama_Prefecture_Chubu.html
Hotel K&G Takaoka,933-0871　,Toyama Prefecture,5-7-13 Ekinan Takaoka,,$,http://www.tripadvisor.com/Hotel_Review-g311426-d1091015-Reviews-Hotel_K_G_Takaoka-Takaoka_Toyama_Prefecture_Chubu.html
Hotel Yamakyu,933-0036,Toyama Prefecture,62 Kirinokimachi Takaoka,,,http://www.tripadvisor.com/Hotel_Review-g311426-d1091031-Reviews-Hotel_Yamakyu-Takaoka_Toyama_Prefecture_Chubu.html
Nakaya Ryokan,933-0843 ,Toyama Prefecture,2-10 Eirakumachi Takaoka,,,http://www.tripadvisor.com/Hotel_Review-g311426-d1091032-Reviews-Nakaya_Ryokan-Takaoka_Toyama_Prefecture_Chubu.html
Super Hotel Takaoka Ekinan,933-0871　,Toyama Prefecture,1-8-36 Ekinan Takaoka,,$,http://www.tripadvisor.com/Hotel_Review-g311426-d1091039-Reviews-Super_Hotel_Takaoka_Ekinan-Takaoka_Toyama_Prefecture_Chubu.html
Meiwaso,933-0133,Toyama Prefecture,4764-4 Ota Takaoka,,,http://www.tripadvisor.com/Hotel_Review-g311426-d1106242-Reviews-Meiwaso-Takaoka_Toyama_Prefecture_Chubu.html
Aqua Palace,933-0973,Toyama Prefecture,56 Ikari Takaoka,,,http://www.tripadvisor.com/Hotel_Review-g311426-d1106252-Reviews-Aqua_Palace-Takaoka_Toyama_Prefecture_Chubu.html
Fujimiso,933-0906,Toyama Prefecture,4-2 Gofukumachi Takaoka,,,http://www.tripadvisor.com/Hotel_Review-g311426-d1106257-Reviews-Fujimiso-Takaoka_Toyama_Prefecture_Chubu.html
Arapia,933-0826,Toyama Prefecture,1655 Sano Takaoka,,$,http://www.tripadvisor.com/Hotel_Review-g311426-d1106269-Reviews-Arapia-Takaoka_Toyama_Prefecture_Chubu.html
Daikokuya Ryokan,933-0023,Toyama Prefecture,9-6 Suehiromachi Takaoka,,$,http://www.tripadvisor.com/Hotel_Review-g311426-d1106274-Reviews-Daikokuya_Ryokan-Takaoka_Toyama_Prefecture_Chubu.html
Sankakuchaya,934-0093,Toyama Prefecture,390-1 Himeno Takaoka,,,http://www.tripadvisor.com/Hotel_Review-g311426-d1106277-Reviews-Sankakuchaya-Takaoka_Toyama_Prefecture_Chubu.html
Ryokan Kiraku,933-0033,Toyama Prefecture,5-1 Higashishimozeki Takaoka,,,http://www.tripadvisor.com/Hotel_Review-g311426-d1876860-Reviews-Ryokan_Kiraku-Takaoka_Toyama_Prefecture_Chubu.html
Amaharaonsen Isohanabi,933-0133,Toyama Prefecture,88-1 Ota Takaoka,,$$$,http://www.tripadvisor.com/Hotel_Review-g311426-d1876871-Reviews-Amaharaonsen_Isohanabi-Takaoka_Toyama_Prefecture_Chubu.html
Kadokyu Ryokan,933-0039,Toyama Prefecture,12-11 Otemachi Takaoka,,,http://www.tripadvisor.com/Hotel_Review-g311426-d1876881-Reviews-Kadokyu_Ryokan-Takaoka_Toyama_Prefecture_Chubu.html
Minshuku Umekawa,933-0133,Toyama Prefecture,4814-9 Ota Takaoka,,,http://www.tripadvisor.com/Hotel_Review-g311426-d2630031-Reviews-Minshuku_Umekawa-Takaoka_Toyama_Prefecture_Chubu.html
Hotel Amaharashi,933-0133,Toyama Prefecture,23-2 Ota Takaoka,,,http://www.tripadvisor.com/Hotel_Review-g311426-d5977772-Reviews-Hotel_Amaharashi-Takaoka_Toyama_Prefecture_Chubu.html
Business Hotel Tonami,939-1366,Toyama Prefecture,14-1 Omotemachi Tonami,,$,http://www.tripadvisor.com/Hotel_Review-g1021436-d1074438-Reviews-Business_Hotel_Tonami-Tonami_Toyama_Prefecture_Chubu.html
Suigetsuro Hotel,939-1366,Toyama Prefecture,15-16 Omotemachi Tonami,19,$,http://www.tripadvisor.com/Hotel_Review-g1021436-d1077793-Reviews-Suigetsuro_Hotel-Tonami_Toyama_Prefecture_Chubu.html
Sanrakuen,932-0305,Toyama Prefecture,839 Shogawa-machi Kanaya Tonami,,$$,http://www.tripadvisor.com/Hotel_Review-g1021436-d1093246-Reviews-Sanrakuen-Tonami_Toyama_Prefecture_Chubu.html
Shoeikaku,932-0305,Toyama Prefecture,87-4 Kanaya Shogawamachi Tonami,,$,http://www.tripadvisor.com/Hotel_Review-g1021436-d1093247-Reviews-Shoeikaku-Tonami_Toyama_Prefecture_Chubu.html
APA Hotel Tonami Ekimae,939-1366,Toyama Prefecture,1-3 Omotemachi Tonami,147,$,http://www.tripadvisor.com/Hotel_Review-g1021436-d1095769-Reviews-APA_Hotel_Tonami_Ekimae-Tonami_Toyama_Prefecture_Chubu.html
Tonami Royal Hotel,939-1492,Toyama Prefecture,330 Azatenno Yasukawa Tonami,249,$,http://www.tripadvisor.com/Hotel_Review-g1021436-d1096698-Reviews-Tonami_Royal_Hotel-Tonami_Toyama_Prefecture_Chubu.html
Yumetsuzuri,932-0305,Toyama Prefecture,3531 Kanaya Shogawamachi Tonami,,$$$,http://www.tripadvisor.com/Hotel_Review-g1021436-d1096709-Reviews-Yumetsuzuri-Tonami_Toyama_Prefecture_Chubu.html
Kawakin,939-1323,Toyama Prefecture,70 Kaminakano Tonami,,$$,http://www.tripadvisor.com/Hotel_Review-g1021436-d1104947-Reviews-Kawakin-Tonami_Toyama_Prefecture_Chubu.html
Teraoonsen,939-1425,Toyama Prefecture,1513 Iguridani Tonami,,$$,http://www.tripadvisor.com/Hotel_Review-g1021436-d1104953-Reviews-Teraoonsen-Tonami_Toyama_Prefecture_Chubu.html
Ikahamanoyu,939-1416,Toyama Prefecture,61 Seridani Tonami,,,http://www.tripadvisor.com/Hotel_Review-g1021436-d1104963-Reviews-Ikahamanoyu-Tonami_Toyama_Prefecture_Chubu.html
Waen,932-0304,Toyama Prefecture,10 Shogawamachikomaki Tonami,,$$$,http://www.tripadvisor.com/Hotel_Review-g1021436-d1104978-Reviews-Waen-Tonami_Toyama_Prefecture_Chubu.html
Benten Onsen,932-0302,Toyama Prefecture,88 Shogawamachi Sho Tonami,,,http://www.tripadvisor.com/Hotel_Review-g1021436-d1104986-Reviews-Benten_Onsen-Tonami_Toyama_Prefecture_Chubu.html
Yumenodaira Cosmosso,939-1428,Toyama Prefecture,160 Gotani Tonami,,$,http://www.tripadvisor.com/Hotel_Review-g1021436-d2628164-Reviews-Yumenodaira_Cosmosso-Tonami_Toyama_Prefecture_Chubu.html
Business Hotel Hikari,938-0031,Toyama Prefecture,811 Mikkaichi Kurobe,,,http://www.tripadvisor.com/Hotel_Review-g1021440-d1073793-Reviews-Business_Hotel_Hikari-Kurobe_Toyama_Prefecture_Chubu.html
Enraku,938-0282,Toyama Prefecture,347-1 Unazukionsen Kurobe,,$$$$,http://www.tripadvisor.com/Hotel_Review-g1021440-d1073794-Reviews-Enraku-Kurobe_Toyama_Prefecture_Chubu.html
Entaijiso,938-0282,Toyama Prefecture,53 Unazukionsen Kurobe,,$$$,http://www.tripadvisor.com/Hotel_Review-g1021440-d1073795-Reviews-Entaijiso-Kurobe_Toyama_Prefecture_Chubu.html
Esquire City Hotel,938-0032,Toyama Prefecture,70-2 Amaike Kurobe,36,$,http://www.tripadvisor.com/Hotel_Review-g1021440-d1073796-Reviews-Esquire_City_Hotel-Kurobe_Toyama_Prefecture_Chubu.html
Hotel Aqua Kurobe,938-0042,Toyama Prefecture,353-1 Tenjinshin Kurobe,,,http://www.tripadvisor.com/Hotel_Review-g1021440-d1073797-Reviews-Hotel_Aqua_Kurobe-Kurobe_Toyama_Prefecture_Chubu.html
Hotel Kurobe,938-0282,Toyama Prefecture,7 Unazukionsen Kurobe,,$$,http://www.tripadvisor.com/Hotel_Review-g1021440-d1073798-Reviews-Hotel_Kurobe-Kurobe_Toyama_Prefecture_Chubu.html
Tanakaya,938-0086,Toyama Prefecture,230 Ikujiyoshidashin Kurobe,,$$,http://www.tripadvisor.com/Hotel_Review-g1021440-d1073799-Reviews-Tanakaya-Kurobe_Toyama_Prefecture_Chubu.html
Unazuki Grand Hotel,938-0282,Toyama Prefecture,267 Unazukionsen Kurobe,,$$,http://www.tripadvisor.com/Hotel_Review-g1021440-d1073800-Reviews-Unazuki_Grand_Hotel-Kurobe_Toyama_Prefecture_Chubu.html
Unazuki Kokusai Hotel,938-0282,Toyama Prefecture,7-26 Unazukionsen Kurobe,,$$$,http://www.tripadvisor.com/Hotel_Review-g1021440-d1073802-Reviews-Unazuki_Kokusai_Hotel-Kurobe_Toyama_Prefecture_Chubu.html
New Otani Resort Unazuki,938-0282,Toyama Prefecture,352-7 Unazukionsen Kurobe,,$$,http://www.tripadvisor.com/Hotel_Review-g1021440-d1073803-Reviews-New_Otani_Resort_Unazuki-Kurobe_Toyama_Prefecture_Chubu.html
Green Hotel Kisen,938-0282,Toyama Prefecture,1387 Unazukionsen Kurobe,,$$,http://www.tripadvisor.com/Hotel_Review-g1021440-d1090857-Reviews-Green_Hotel_Kisen-Kurobe_Toyama_Prefecture_Chubu.html
Hasegawa Ryokan,938-0042 ,Toyama Prefecture,309 Tenjinshin Kurobe,,$,http://www.tripadvisor.com/Hotel_Review-g1021440-d1090859-Reviews-Hasegawa_Ryokan-Kurobe_Toyama_Prefecture_Chubu.html
Feel Unazuki,938-0282,Toyama Prefecture,462-2 Unazukionsen Kurobe,32,$,http://www.tripadvisor.com/Hotel_Review-g1021440-d1090867-Reviews-Feel_Unazuki-Kurobe_Toyama_Prefecture_Chubu.html
Hotel Togen,938-0282 ,Toyama Prefecture,22-1 Unazukionsen Kurobe,,$$,http://www.tripadvisor.com/Hotel_Review-g1021440-d1090872-Reviews-Hotel_Togen-Kurobe_Toyama_Prefecture_Chubu.html
Meisuinosato Yasuraginoyado Yoshinoya,938-0042 ,Toyama Prefecture,309-2 Tenjinshin Kurobe,,$$,http://www.tripadvisor.com/Hotel_Review-g1021440-d1090877-Reviews-Meisuinosato_Yasuraginoyado_Yoshinoya-Kurobe_Toyama_Prefecture_Chubu.html
Sunyanagitei,938-0282 ,Toyama Prefecture,1397-2 Unazukionsen Kurobe,,$$$,http://www.tripadvisor.com/Hotel_Review-g1021440-d1090883-Reviews-Sunyanagitei-Kurobe_Toyama_Prefecture_Chubu.html
Ikujidaiichi Onsen,938-0081,Toyama Prefecture,3440 Ikujikyoshin Kurobe,,,http://www.tripadvisor.com/Hotel_Review-g1021440-d1105110-Reviews-Ikujidaiichi_Onsen-Kurobe_Toyama_Prefecture_Chubu.html
Kurobe Ryokan,938-0031,Toyama Prefecture,1049-12 Mikkaichi Kurobe,,,http://www.tripadvisor.com/Hotel_Review-g1021440-d1105113-Reviews-Kurobe_Ryokan-Kurobe_Toyama_Prefecture_Chubu.html
Meiken Onsen,938-0043,Toyama Prefecture,198-1 Inuyama Kurobe,,,http://www.tripadvisor.com/Hotel_Review-g1021440-d1105116-Reviews-Meiken_Onsen-Kurobe_Toyama_Prefecture_Chubu.html
Hotel Keisen,938-0282,Toyama Prefecture,77-1 Unazukionsen Kurobe,,,http://www.tripadvisor.com/Hotel_Review-g1021440-d1314894-Reviews-Hotel_Keisen-Kurobe_Toyama_Prefecture_Chubu.html
Onsenminshuku Ueda,938-0282,Toyama Prefecture,26 Unazukimachi Kurobe,,,http://www.tripadvisor.com/Hotel_Review-g1021440-d1875679-Reviews-Onsenminshuku_Ueda-Kurobe_Toyama_Prefecture_Chubu.html
Minshuku Unashin,938-0806,Toyama Prefecture,2657 Maezawa Kurobe,,,http://www.tripadvisor.com/Hotel_Review-g1021440-d1875685-Reviews-Minshuku_Unashin-Kurobe_Toyama_Prefecture_Chubu.html
Pension Charlie's Club,938-0282,Toyama Prefecture,342-51 Unazukionsen Kurobe,,,http://www.tripadvisor.com/Hotel_Review-g1021440-d1916337-Reviews-Pension_Charlie_s_Club-Kurobe_Toyama_Prefecture_Chubu.html
Satonoya Eboshisanso,938-0282,Toyama Prefecture,5351-1 Unazukionsen Kurobe,,,http://www.tripadvisor.com/Hotel_Review-g1021440-d1916338-Reviews-Satonoya_Eboshisanso-Kurobe_Toyama_Prefecture_Chubu.html
Etsuzanso,938-0282,Toyama Prefecture,38-37 Unazukionsen Kurobe,,,http://www.tripadvisor.com/Hotel_Review-g1021440-d1916339-Reviews-Etsuzanso-Kurobe_Toyama_Prefecture_Chubu.html
Hotel Sunroute Uozu,937-0051,Toyama Prefecture,4-2 Ekimaeshinmachi Uozu,55,$,http://www.tripadvisor.com/Hotel_Review-g1021433-d1074439-Reviews-Hotel_Sunroute_Uozu-Uozu_Toyama_Prefecture_Chubu.html
Hotel Granmirage,937-0041,Toyama Prefecture,1-1-20 Kichijima Uozu,75,$,http://www.tripadvisor.com/Hotel_Review-g1021433-d1074440-Reviews-Hotel_Granmirage-Uozu_Toyama_Prefecture_Chubu.html
Minamikan,937-0067,Toyama Prefecture,1-13-5 Shakado Uozu,,$,http://www.tripadvisor.com/Hotel_Review-g1021433-d1074441-Reviews-Minamikan-Uozu_Toyama_Prefecture_Chubu.html
Uozu Sky Hotel,937-0051,Toyama Prefecture,3-1 Ekimaeshinmachi Uozu,,$,http://www.tripadvisor.com/Hotel_Review-g1021433-d1074442-Reviews-Uozu_Sky_Hotel-Uozu_Toyama_Prefecture_Chubu.html
APA Hotel Uozu Ekimae,937-0067,Toyama Prefecture,1-1 Shakado Uozu,145,$,http://www.tripadvisor.com/Hotel_Review-g1021433-d1074444-Reviews-APA_Hotel_Uozu_Ekimae-Uozu_Toyama_Prefecture_Chubu.html
Best Inn Uozu,937-0041,Toyama Prefecture,267-1 Kichijima Uozu,,$,http://www.tripadvisor.com/Hotel_Review-g1021433-d1077781-Reviews-Best_Inn_Uozu-Uozu_Toyama_Prefecture_Chubu.html
Niemonya,937-0826 ,Toyama Prefecture,702 Kitayama Uozu,,$,http://www.tripadvisor.com/Hotel_Review-g1021433-d1089241-Reviews-Niemonya-Uozu_Toyama_Prefecture_Chubu.html
Heizaemon Ryokan,937-0826 ,Toyama Prefecture,704 Kitayama Uozu,,$$$,http://www.tripadvisor.com/Hotel_Review-g1021433-d1089244-Reviews-Heizaemon_Ryokan-Uozu_Toyama_Prefecture_Chubu.html
Kintarouonsen,937-0013　,Toyama Prefecture,6000 Tenjinnoshin Uozu,97,$$$,http://www.tripadvisor.com/Hotel_Review-g1021433-d1089252-Reviews-Kintarouonsen-Uozu_Toyama_Prefecture_Chubu.html
Ikegami Ryokan,937-0826 ,Toyama Prefecture,684 Kitayama Uozu,,$$$$,http://www.tripadvisor.com/Hotel_Review-g1021433-d1089260-Reviews-Ikegami_Ryokan-Uozu_Toyama_Prefecture_Chubu.html
Housenkaku,937-0022,Toyama Prefecture,6075 Ogawaji Uozu,,,http://www.tripadvisor.com/Hotel_Review-g1021433-d1089272-Reviews-Housenkaku-Uozu_Toyama_Prefecture_Chubu.html
Yohachi Ryokan,937-0826,Toyama Prefecture,470 Kitayama Uozu,,,http://www.tripadvisor.com/Hotel_Review-g1021433-d1089277-Reviews-Yohachi_Ryokan-Uozu_Toyama_Prefecture_Chubu.html
Uozu Manten Hotel Ekimae,937-0067,Toyama Prefecture,1-14-8 Shakado Uozu,,$,http://www.tripadvisor.com/Hotel_Review-g1021433-d1089289-Reviews-Uozu_Manten_Hotel_Ekimae-Uozu_Toyama_Prefecture_Chubu.html
Hotel Kitayama,937-0826,Toyama Prefecture,476-1 Kitayama Uozu,,,http://www.tripadvisor.com/Hotel_Review-g1021433-d1104830-Reviews-Hotel_Kitayama-Uozu_Toyama_Prefecture_Chubu.html
Hotel Minami,937-0067,Toyama Prefecture,1-16-5 Shakado Uozu,,$,http://www.tripadvisor.com/Hotel_Review-g1021433-d1104852-Reviews-Hotel_Minami-Uozu_Toyama_Prefecture_Chubu.html
Hotel Route Inn Uozu,937-0046,Toyama Prefecture,2-3-39 Kamimuraki Uozu,152,$,http://www.tripadvisor.com/Hotel_Review-g1021433-d2230257-Reviews-Hotel_Route_Inn_Uozu-Uozu_Toyama_Prefecture_Chubu.html
Minshuku Chaya,937-0063,Toyama Prefecture,63-1 Aojima Uozu,,$,http://www.tripadvisor.com/Hotel_Review-g1021433-d2630054-Reviews-Minshuku_Chaya-Uozu_Toyama_Prefecture_Chubu.html
Oyabe Cross Land Hotel,932-0821,Toyama Prefecture,65-1 Washigashima Oyabe,,$,http://www.tripadvisor.com/Hotel_Review-g1021437-d1090835-Reviews-Oyabe_Cross_Land_Hotel-Oyabe_Toyama_Prefecture_Chubu.html
Cycling Tarminal,932-0122,Toyama Prefecture,119-9 Asaji Oyabe,,$,http://www.tripadvisor.com/Hotel_Review-g1021437-d1104994-Reviews-Cycling_Tarminal-Oyabe_Toyama_Prefecture_Chubu.html
Takinoso,932-0007,Toyama Prefecture,378 Myogadaki Oyabe,,$,http://www.tripadvisor.com/Hotel_Review-g1021437-d2628170-Reviews-Takinoso-Oyabe_Toyama_Prefecture_Chubu.html
Yunomiko Onsen,930-0454,Toyama Prefecture,25 Yunomiko Kamiichi-machi,,$$$,http://www.tripadvisor.com/Hotel_Review-g1121154-d1126577-Reviews-Yunomiko_Onsen-Kamiichi_machi_Nakaniikawa_gun_Toyama_Prefecture_Chubu.html
Tsurugi Koizuki,930-0361 ,Toyama Prefecture,1 Yuuwano Kamiichi-machi,,$$$,http://www.tripadvisor.com/Hotel_Review-g1121154-d1135500-Reviews-Tsurugi_Koizuki-Kamiichi_machi_Nakaniikawa_gun_Toyama_Prefecture_Chubu.html
Dangoya,930-0463,Toyama Prefecture,32 Oiwa Kamiichi-machi,,$$,http://www.tripadvisor.com/Hotel_Review-g1121154-d1553737-Reviews-Dangoya-Kamiichi_machi_Nakaniikawa_gun_Toyama_Prefecture_Chubu.html
Bambajimaso,930-0437,Toyama Prefecture,1 Iori Kamiichi-machi,,,http://www.tripadvisor.com/Hotel_Review-g1121154-d6923096-Reviews-Bambajimaso-Kamiichi_machi_Nakaniikawa_gun_Toyama_Prefecture_Chubu.html
Tateyama Kogen Hotel,930-1413,Toyama Prefecture,Tengudaira Tateyama-machi,,,http://www.tripadvisor.com/Hotel_Review-g1121155-d1093251-Reviews-Tateyama_Kogen_Hotel-Tateyama_machi_Nakaniikawa_gun_Toyama_Prefecture_Chubu.html
Hotel Oyama,930-1368,Toyama Prefecture,"276 Iwakuraji, Tateyama-machi Tateyama-machi",48,$,http://www.tripadvisor.com/Hotel_Review-g1121155-d1126579-Reviews-Hotel_Oyama-Tateyama_machi_Nakaniikawa_gun_Toyama_Prefecture_Chubu.html
Lodge Kuroyon,930-1406,Toyama Prefecture,14-2 Ashikuraji Tateyama-machi,,$$,http://www.tripadvisor.com/Hotel_Review-g1121155-d1126588-Reviews-Lodge_Kuroyon-Tateyama_machi_Nakaniikawa_gun_Toyama_Prefecture_Chubu.html
Senjuso,930-1405,Toyama Prefecture,28 Senjugahara Tateyama-machi,,$$,http://www.tripadvisor.com/Hotel_Review-g1121155-d1126591-Reviews-Senjuso-Tateyama_machi_Nakaniikawa_gun_Toyama_Prefecture_Chubu.html
Hotel Tateyama,930-1414,Toyama Prefecture,Ashikuraji Tateyama-machi,85,$$$$,http://www.tripadvisor.com/Hotel_Review-g1121155-d1135549-Reviews-Hotel_Tateyama-Tateyama_machi_Nakaniikawa_gun_Toyama_Prefecture_Chubu.html
Midagahara Hotel,930-1412,Toyama Prefecture,Ashikuraji Midagahara Tateyama-machi,52,$$$$,http://www.tripadvisor.com/Hotel_Review-g1121155-d1135625-Reviews-Midagahara_Hotel-Tateyama_machi_Nakaniikawa_gun_Toyama_Prefecture_Chubu.html
Mikurigaike Onsen,930-1414,Toyama Prefecture,Murodo Daira Tateyama-machi,,$,http://www.tripadvisor.com/Hotel_Review-g1121155-d1135632-Reviews-Mikurigaike_Onsen-Tateyama_machi_Nakaniikawa_gun_Toyama_Prefecture_Chubu.html
Raichoso,930-1406,Toyama Prefecture,Ashikuraji Murodo-Daira Tateyama-machi,,$$,http://www.tripadvisor.com/Hotel_Review-g1121155-d1135640-Reviews-Raichoso-Tateyama_machi_Nakaniikawa_gun_Toyama_Prefecture_Chubu.html
Tateyama Murodo Sanso,930-1414,Toyama Prefecture,Murodo Tateyama-machi,,$,http://www.tripadvisor.com/Hotel_Review-g1121155-d1135648-Reviews-Tateyama_Murodo_Sanso-Tateyama_machi_Nakaniikawa_gun_Toyama_Prefecture_Chubu.html
Tengudaira Sanso,930-1406,Toyama Prefecture,80 Ashikuraji Tateyama-machi,,,http://www.tripadvisor.com/Hotel_Review-g1121155-d1135655-Reviews-Tengudaira_Sanso-Tateyama_machi_Nakaniikawa_gun_Toyama_Prefecture_Chubu.html
Tenbotateyama-so,930-1412 ,Toyama Prefecture,Midagahara Tateyama-machi,,,http://www.tripadvisor.com/Hotel_Review-g1121155-d1549398-Reviews-Tenbotateyama_so-Tateyama_machi_Nakaniikawa_gun_Toyama_Prefecture_Chubu.html
Tateyamakan,930-1405,Toyama Prefecture,10 Senjugahara Tateyama-machi,,$$,http://www.tripadvisor.com/Hotel_Review-g1121155-d1863112-Reviews-Tateyamakan-Tateyama_machi_Nakaniikawa_gun_Toyama_Prefecture_Chubu.html
Yoshimine Heights,930-1362,Toyama Prefecture,12 Yoshiminenobiraki Tateyama-machi,,$$,http://www.tripadvisor.com/Hotel_Review-g1121155-d2026665-Reviews-Yoshimine_Heights-Tateyama_machi_Nakaniikawa_gun_Toyama_Prefecture_Chubu.html
Lodge Tateyamarenpo,930-1406,Toyama Prefecture,74 Ashikuraji Tateyama-machi,,,http://www.tripadvisor.com/Hotel_Review-g1121155-d2349073-Reviews-Lodge_Tateyamarenpo-Tateyama_machi_Nakaniikawa_gun_Toyama_Prefecture_Chubu.html
Raichozawa Hyutte,930-1406,Toyama Prefecture,74 Ashikuraji Tateyamamachi Tateyama-machi,,,http://www.tripadvisor.com/Hotel_Review-g1121155-d3366783-Reviews-Raichozawa_Hyutte-Tateyama_machi_Nakaniikawa_gun_Toyama_Prefecture_Chubu.html
Raichozawa Camp Site,930-1403,Toyama Prefecture,11 Ashikuraji Bunazaka Tateyama-machi,,,http://www.tripadvisor.com/Hotel_Review-g1121155-d3576991-Reviews-Raichozawa_Camp_Site-Tateyama_machi_Nakaniikawa_gun_Toyama_Prefecture_Chubu.html
Kenzanso,930-1406,Toyama Prefecture,55 Machiashikuraji Tateyama-machi,,,http://www.tripadvisor.com/Hotel_Review-g1121155-d3646859-Reviews-Kenzanso-Tateyama_machi_Nakaniikawa_gun_Toyama_Prefecture_Chubu.html
Greenview Tateyama Ryokan,930-1405,Toyama Prefecture,1 Senjugahara Tateyama-machi,,,http://www.tripadvisor.com/Hotel_Review-g1121155-d5121667-Reviews-Greenview_Tateyama_Ryokan-Tateyama_machi_Nakaniikawa_gun_Toyama_Prefecture_Chubu.html
Minshuku Michishio,935-0002,Toyama Prefecture,3338-1 Ao Himi,,$$,http://www.tripadvisor.com/Hotel_Review-g1021434-d1073791-Reviews-Minshuku_Michishio-Himi_Toyama_Prefecture_Chubu.html
Nadauraso,935-0422,Toyama Prefecture,5018 Unami Himi,,$,http://www.tripadvisor.com/Hotel_Review-g1021434-d1073792-Reviews-Nadauraso-Himi_Toyama_Prefecture_Chubu.html
Eihokaku,935-0002　,Toyama Prefecture,3257 Ao Himi,,$$,http://www.tripadvisor.com/Hotel_Review-g1021434-d1090795-Reviews-Eihokaku-Himi_Toyama_Prefecture_Chubu.html
Aoyagi,935-0424,Toyama Prefecture,1-3 Kosugi Himi,,$$,http://www.tripadvisor.com/Hotel_Review-g1021434-d1090796-Reviews-Aoyagi-Himi_Toyama_Prefecture_Chubu.html
Himinominshuku Hamanoso,935-0412,Toyama Prefecture,473 Ozakai Himi,,$$,http://www.tripadvisor.com/Hotel_Review-g1021434-d1090797-Reviews-Himinominshuku_Hamanoso-Himi_Toyama_Prefecture_Chubu.html
Misaki,935-0002,Toyama Prefecture,3373 Ao Himi,,$$,http://www.tripadvisor.com/Hotel_Review-g1021434-d1090801-Reviews-Misaki-Himi_Toyama_Prefecture_Chubu.html
Umiakari,935-0492,Toyama Prefecture,10-1 Unami Himi,,$$,http://www.tripadvisor.com/Hotel_Review-g1021434-d1090804-Reviews-Umiakari-Himi_Toyama_Prefecture_Chubu.html
Himinohana,935-0411,Toyama Prefecture,400 Sugata Himi,23,$$,http://www.tripadvisor.com/Hotel_Review-g1021434-d1090812-Reviews-Himinohana-Himi_Toyama_Prefecture_Chubu.html
Marine Touch,935-0423 ,Toyama Prefecture,1634 Tomari Himi,,,http://www.tripadvisor.com/Hotel_Review-g1021434-d1090815-Reviews-Marine_Touch-Himi_Toyama_Prefecture_Chubu.html
Shionomi,935-0421,Toyama Prefecture,383-3 Wakigata Himi,,$$,http://www.tripadvisor.com/Hotel_Review-g1021434-d1090817-Reviews-Shionomi-Himi_Toyama_Prefecture_Chubu.html
La Seriole,935-0423,Toyama Prefecture,1720 Tomari Himi,,$$,http://www.tripadvisor.com/Hotel_Review-g1021434-d1090820-Reviews-La_Seriole-Himi_Toyama_Prefecture_Chubu.html
Watanabe,935-0413,Toyama Prefecture,43 Kozakai Himi,,,http://www.tripadvisor.com/Hotel_Review-g1021434-d1095737-Reviews-Watanabe-Himi_Toyama_Prefecture_Chubu.html
Minshuku Sugata,935-0002,Toyama Prefecture,653 Ao Himi,,,http://www.tripadvisor.com/Hotel_Review-g1021434-d1095742-Reviews-Minshuku_Sugata-Himi_Toyama_Prefecture_Chubu.html
Minshuku Ikenaga,935-0024,Toyama Prefecture,3283-29 Kubo Himi,,,http://www.tripadvisor.com/Hotel_Review-g1021434-d1095746-Reviews-Minshuku_Ikenaga-Himi_Toyama_Prefecture_Chubu.html
Minshuku Kanou,935-0002,Toyama Prefecture,2810 Ao Himi,,$,http://www.tripadvisor.com/Hotel_Review-g1021434-d1095752-Reviews-Minshuku_Kanou-Himi_Toyama_Prefecture_Chubu.html
Kawachiya,935-0413,Toyama Prefecture,14 Kozakai Himi,,,http://www.tripadvisor.com/Hotel_Review-g1021434-d1095761-Reviews-Kawachiya-Himi_Toyama_Prefecture_Chubu.html
Yoichiro,935-0024,Toyama Prefecture,2557-2 Kubo Himi,,,http://www.tripadvisor.com/Hotel_Review-g1021434-d1095763-Reviews-Yoichiro-Himi_Toyama_Prefecture_Chubu.html
Minshuku Matsuyoshi,935-0424,Toyama Prefecture,232-1 Kosugi Himi,,,http://www.tripadvisor.com/Hotel_Review-g1021434-d1104859-Reviews-Minshuku_Matsuyoshi-Himi_Toyama_Prefecture_Chubu.html
Kojo,935-0002,Toyama Prefecture,2809 Ao Himi,,,http://www.tripadvisor.com/Hotel_Review-g1021434-d1104870-Reviews-Kojo-Himi_Toyama_Prefecture_Chubu.html
Isopp,935-0423,Toyama Prefecture,1760 Tomari Himi,,$$,http://www.tripadvisor.com/Hotel_Review-g1021434-d1104877-Reviews-Isopp-Himi_Toyama_Prefecture_Chubu.html
Yamaya,935-0002,Toyama Prefecture,169-1 Ao Himi,,$$$,http://www.tripadvisor.com/Hotel_Review-g1021434-d1104883-Reviews-Yamaya-Himi_Toyama_Prefecture_Chubu.html
Saiyuuki,935-0032,Toyama Prefecture,2205-19 Shimao Himi,,,http://www.tripadvisor.com/Hotel_Review-g1021434-d1104894-Reviews-Saiyuuki-Himi_Toyama_Prefecture_Chubu.html
Jyoyama,935-0002,Toyama Prefecture,527 Ao Himi,,,http://www.tripadvisor.com/Hotel_Review-g1021434-d1104899-Reviews-Jyoyama-Himi_Toyama_Prefecture_Chubu.html
Uraya,935-0413,Toyama Prefecture,44 Kozakai Himi,,$,http://www.tripadvisor.com/Hotel_Review-g1021434-d1104902-Reviews-Uraya-Himi_Toyama_Prefecture_Chubu.html
Takeya,935-0032,Toyama Prefecture,1409-1 Shimao Himi,,$$,http://www.tripadvisor.com/Hotel_Review-g1021434-d1104916-Reviews-Takeya-Himi_Toyama_Prefecture_Chubu.html
Minshuku Ao,935-0002,Toyama Prefecture,491 Ao Himi,,$$,http://www.tripadvisor.com/Hotel_Review-g1021434-d1104921-Reviews-Minshuku_Ao-Himi_Toyama_Prefecture_Chubu.html
Yuunagi,935-0402,Toyama Prefecture,209 Nakanami Himi,,$$,http://www.tripadvisor.com/Hotel_Review-g1021434-d1104930-Reviews-Yuunagi-Himi_Toyama_Prefecture_Chubu.html
Minshuku Mihamaso,935-0032,Toyama Prefecture,2205-16 Shimao Himi,,$$,http://www.tripadvisor.com/Hotel_Review-g1021434-d1553733-Reviews-Minshuku_Mihamaso-Himi_Toyama_Prefecture_Chubu.html
Hotel Grantia Himi Wazonoyado,935-0063,Toyama Prefecture,443-5 Kano Himi,131,$,http://www.tripadvisor.com/Hotel_Review-g1021434-d1758697-Reviews-Hotel_Grantia_Himi_Wazonoyado-Himi_Toyama_Prefecture_Chubu.html
Minshuku Yoshisaka,935-0403,Toyama Prefecture,735 Nakata Himi,,,http://www.tripadvisor.com/Hotel_Review-g1021434-d1863105-Reviews-Minshuku_Yoshisaka-Himi_Toyama_Prefecture_Chubu.html
Minshuku Shiokaze,935-0402,Toyama Prefecture,175-1 Nakanami Himi,,$$,http://www.tripadvisor.com/Hotel_Review-g1021434-d1863106-Reviews-Minshuku_Shiokaze-Himi_Toyama_Prefecture_Chubu.html
Seatopia Himi,935-0031,Toyama Prefecture,3449-11 Yanaida Himi,,$,http://www.tripadvisor.com/Hotel_Review-g1021434-d1863107-Reviews-Seatopia_Himi-Himi_Toyama_Prefecture_Chubu.html
Minshuku Asahiya,935-0032,Toyama Prefecture,2195 Shimao Himi,,$$,http://www.tripadvisor.com/Hotel_Review-g1021434-d1875587-Reviews-Minshuku_Asahiya-Himi_Toyama_Prefecture_Chubu.html
Hashimotoya,935-0403,Toyama Prefecture,733 Nakata Himi,,$$$,http://www.tripadvisor.com/Hotel_Review-g1021434-d1875593-Reviews-Hashimotoya-Himi_Toyama_Prefecture_Chubu.html
Himikko,935-0002,Toyama Prefecture,45 Ao Himi,,,http://www.tripadvisor.com/Hotel_Review-g1021434-d1875598-Reviews-Himikko-Himi_Toyama_Prefecture_Chubu.html
Shinkikan,935-0016,Toyama Prefecture,17-19 Hommachi Himi,,$,http://www.tripadvisor.com/Hotel_Review-g1021434-d1875605-Reviews-Shinkikan-Himi_Toyama_Prefecture_Chubu.html
Kozakaiso,935-0413,Toyama Prefecture,81 Kozakai Himi,,,http://www.tripadvisor.com/Hotel_Review-g1021434-d1875612-Reviews-Kozakaiso-Himi_Toyama_Prefecture_Chubu.html
Gyokei,935-0044,Toyama Prefecture,"7-38, Kitaomachi Himi",,,http://www.tripadvisor.com/Hotel_Review-g1021434-d1875618-Reviews-Gyokei-Himi_Toyama_Prefecture_Chubu.html
Kozaburo,935-0002,Toyama Prefecture,6-1 Ao Himi,,,http://www.tripadvisor.com/Hotel_Review-g1021434-d1875640-Reviews-Kozaburo-Himi_Toyama_Prefecture_Chubu.html
Hananotachi,935-0042,Toyama Prefecture,277-1 Koko Himi,,,http://www.tripadvisor.com/Hotel_Review-g1021434-d1875644-Reviews-Hananotachi-Himi_Toyama_Prefecture_Chubu.html
Ikedaya Ryokan,935-0004,Toyama Prefecture,7-10 Kitaomachi Himi,,,http://www.tripadvisor.com/Hotel_Review-g1021434-d1875649-Reviews-Ikedaya_Ryokan-Himi_Toyama_Prefecture_Chubu.html
Minshuku Genroku,935-0002,Toyama Prefecture,178-1 Ao Himi,,,http://www.tripadvisor.com/Hotel_Review-g1021434-d2141706-Reviews-Minshuku_Genroku-Himi_Toyama_Prefecture_Chubu.html
Peaceful Inn Marujin,935-0024,Toyama Prefecture,244-2 Kubo Himi,,,http://www.tripadvisor.com/Hotel_Review-g1021434-d2626549-Reviews-Peaceful_Inn_Marujin-Himi_Toyama_Prefecture_Chubu.html
Auberge de Mikuni,935-0021,Toyama Prefecture,14-34 Saiwaimachi Himi,,$$$$,http://www.tripadvisor.com/Hotel_Review-g1021434-d4341154-Reviews-Auberge_de_Mikuni-Himi_Toyama_Prefecture_Chubu.html
Karashimaso Youth Hostel,935-0004 ,Toyama Prefecture,8-27 Kitaomachi Himi,,,http://www.tripadvisor.com/Hotel_Review-g1021434-d6022196-Reviews-Karashimaso_Youth_Hostel-Himi_Toyama_Prefecture_Chubu.html
Fukumitsu Onsen,939-1765,Toyama Prefecture,66 Tsunakake Nanto,,,http://www.tripadvisor.com/Hotel_Review-g1021438-d1074421-Reviews-Fukumitsu_Onsen-Nanto_Toyama_Prefecture_Chubu.html
Omaki Spa,932-0371,Toyama Prefecture,44 Togamura_Omaki Nanto,,$$$$,http://www.tripadvisor.com/Hotel_Review-g1021438-d1093249-Reviews-Omaki_Spa-Nanto_Toyama_Prefecture_Chubu.html
Fukuno Town Hotel Amieux,939-1577,Toyama Prefecture,384-2 Jike Arayashiki Nanto,,$,http://www.tripadvisor.com/Hotel_Review-g1021438-d1095454-Reviews-Fukuno_Town_Hotel_Amieux-Nanto_Toyama_Prefecture_Chubu.html
Akaokan,939-1977,Toyama Prefecture,396-1 Nishiakaomachi Nanto,,$$,http://www.tripadvisor.com/Hotel_Review-g1021438-d1095784-Reviews-Akaokan-Nanto_Toyama_Prefecture_Chubu.html
Kurumu,939-1681,Toyama Prefecture,Arosamura Nanto,,$$,http://www.tripadvisor.com/Hotel_Review-g1021438-d1095790-Reviews-Kurumu-Nanto_Toyama_Prefecture_Chubu.html
Sakuragaike Kurgarden,939-1835,Toyama Prefecture,1514 Tatenoharahigashi Nanto,17,$$,http://www.tripadvisor.com/Hotel_Review-g1021438-d1096714-Reviews-Sakuragaike_Kurgarden-Nanto_Toyama_Prefecture_Chubu.html
Shofuen,939-1632,Toyama Prefecture,7471-8 Fukumitsu Nanto,,$$,http://www.tripadvisor.com/Hotel_Review-g1021438-d1096718-Reviews-Shofuen-Nanto_Toyama_Prefecture_Chubu.html
Hanayama Onsen,939-1613,Toyama Prefecture,588-1 Kawanishi Nanto,,$,http://www.tripadvisor.com/Hotel_Review-g1021438-d1096862-Reviews-Hanayama_Onsen-Nanto_Toyama_Prefecture_Chubu.html
Minshuku Nakanoya,939-2516,Toyama Prefecture,551 Togamurasakaue Nanto,,$$,http://www.tripadvisor.com/Hotel_Review-g1021438-d1104999-Reviews-Minshuku_Nakanoya-Nanto_Toyama_Prefecture_Chubu.html
Makino Oto,939-1844,Toyama Prefecture,140 Noguchi Nanto,3,$$$$,http://www.tripadvisor.com/Hotel_Review-g1021438-d1105003-Reviews-Makino_Oto-Nanto_Toyama_Prefecture_Chubu.html
Star Forest Toga,939-2516,Toyama Prefecture,18 Togamurasakaue Nanto,,,http://www.tripadvisor.com/Hotel_Review-g1021438-d1105024-Reviews-Star_Forest_Toga-Nanto_Toyama_Prefecture_Chubu.html
Minshuku Haseya,939-2515,Toyama Prefecture,86 Togamurahosojima Nanto,,,http://www.tripadvisor.com/Hotel_Review-g1021438-d1105034-Reviews-Minshuku_Haseya-Nanto_Toyama_Prefecture_Chubu.html
Yoshinoya,939-1961,Toyama Prefecture,366 Kaimukura Nanto,,$,http://www.tripadvisor.com/Hotel_Review-g1021438-d1105046-Reviews-Yoshinoya-Nanto_Toyama_Prefecture_Chubu.html
Ryotei Miyakawa,939-1641,Toyama Prefecture,1376 Fukumitsu Nanto,,$,http://www.tripadvisor.com/Hotel_Review-g1021438-d1105059-Reviews-Ryotei_Miyakawa-Nanto_Toyama_Prefecture_Chubu.html
Business Hotel Asahi Ichibankan,939-1518,Toyama Prefecture,1236 Matsubara Nanto,,$,http://www.tripadvisor.com/Hotel_Review-g1021438-d1105070-Reviews-Business_Hotel_Asahi_Ichibankan-Nanto_Toyama_Prefecture_Chubu.html
Minshuku Furusatosou,939-1754,Toyama Prefecture,15 Yomegane Nanto,,,http://www.tripadvisor.com/Hotel_Review-g1021438-d1105078-Reviews-Minshuku_Furusatosou-Nanto_Toyama_Prefecture_Chubu.html
Touzansou,932-0211,Toyama Prefecture,3043 Inami Nanto,,,http://www.tripadvisor.com/Hotel_Review-g1021438-d1105087-Reviews-Touzansou-Nanto_Toyama_Prefecture_Chubu.html
Kashiya Ryokan,932-0211,Toyama Prefecture,2050 Inami Nanto,,$,http://www.tripadvisor.com/Hotel_Review-g1021438-d1105090-Reviews-Kashiya_Ryokan-Nanto_Toyama_Prefecture_Chubu.html
Kajiya,939-1681,Toyama Prefecture,13 Saikawashichi Nanto,,,http://www.tripadvisor.com/Hotel_Review-g1021438-d1105099-Reviews-Kajiya-Nanto_Toyama_Prefecture_Chubu.html
Minshuku Miyagishi,939-1914,Toyama Prefecture,614 Kaminashi Nanto,,,http://www.tripadvisor.com/Hotel_Review-g1021438-d1105102-Reviews-Minshuku_Miyagishi-Nanto_Toyama_Prefecture_Chubu.html
Yomoshiro,939-1915,Toyama Prefecture,395 Ainokura Nanto,,$$,http://www.tripadvisor.com/Hotel_Review-g1021438-d1105103-Reviews-Yomoshiro-Nanto_Toyama_Prefecture_Chubu.html
Gokasanso,939-1913,Toyama Prefecture,333-1 Tamukai Nanto,,$$,http://www.tripadvisor.com/Hotel_Review-g1021438-d1106233-Reviews-Gokasanso-Nanto_Toyama_Prefecture_Chubu.html
Minshuku Goyomon,939-1915,Toyama Prefecture,438 Ainokura Nanto,,$$,http://www.tripadvisor.com/Hotel_Review-g1021438-d1106237-Reviews-Minshuku_Goyomon-Nanto_Toyama_Prefecture_Chubu.html
Gassho Minshuku Nakaya,939-1915,Toyama Prefecture,231 Ainokura Nanto,,$$,http://www.tripadvisor.com/Hotel_Review-g1021438-d1863103-Reviews-Gassho_Minshuku_Nakaya-Nanto_Toyama_Prefecture_Chubu.html
Inamikenkoyokusen,932-0231,Toyama Prefecture,1125-1 Yamami Nanto,,,http://www.tripadvisor.com/Hotel_Review-g1021438-d1875662-Reviews-Inamikenkoyokusen-Nanto_Toyama_Prefecture_Chubu.html
Meisui no Yakata,939-2514,Toyama Prefecture,101 Togamura Uebatake Nanto,,,http://www.tripadvisor.com/Hotel_Review-g1021438-d1916343-Reviews-Meisui_no_Yakata-Nanto_Toyama_Prefecture_Chubu.html
Yusuke,939-1915 ,Toyama Prefecture,591 Ainokura Nanto,,,http://www.tripadvisor.com/Hotel_Review-g1021438-d1933663-Reviews-Yusuke-Nanto_Toyama_Prefecture_Chubu.html
Kawaida Onsen,939-1613,Toyama Prefecture,1535 Kawanishi Nanto,,,http://www.tripadvisor.com/Hotel_Review-g1021438-d2070278-Reviews-Kawaida_Onsen-Nanto_Toyama_Prefecture_Chubu.html
Horinji Onsen,939-1626,Toyama Prefecture,4944 Horinji Nanto,18,$,http://www.tripadvisor.com/Hotel_Review-g1021438-d2156474-Reviews-Horinji_Onsen-Nanto_Toyama_Prefecture_Chubu.html
Choyomon,939-1915,Toyama Prefecture,418 Ainokura Nanto,,$$,http://www.tripadvisor.com/Hotel_Review-g1021438-d2349076-Reviews-Choyomon-Nanto_Toyama_Prefecture_Chubu.html
Shoshichi,939-1915,Toyama Prefecture,421 Ainokura Nanto,,,http://www.tripadvisor.com/Hotel_Review-g1021438-d2349079-Reviews-Shoshichi-Nanto_Toyama_Prefecture_Chubu.html
Oyado Sangoro,939-1915,Toyama Prefecture,400 Ainokura Nanto,,,http://www.tripadvisor.com/Hotel_Review-g1021438-d2349080-Reviews-Oyado_Sangoro-Nanto_Toyama_Prefecture_Chubu.html
Sobanosato Onsen,939-2516,Toyama Prefecture,1289 Togamurasakaue Nanto,,,http://www.tripadvisor.com/Hotel_Review-g1021438-d2349083-Reviews-Sobanosato_Onsen-Nanto_Toyama_Prefecture_Chubu.html
Tenjuku Onsennosato,939-2513,Toyama Prefecture,482 Togamurakamimomose Nanto,,,http://www.tripadvisor.com/Hotel_Review-g1021438-d2349097-Reviews-Tenjuku_Onsennosato-Nanto_Toyama_Prefecture_Chubu.html
Lodge Mine,939-1927,Toyama Prefecture,313-6 Nashitani Nanto,,,http://www.tripadvisor.com/Hotel_Review-g1021438-d2628159-Reviews-Lodge_Mine-Nanto_Toyama_Prefecture_Chubu.html
Kitaharaso,932-0371,Toyama Prefecture,1-17 Togamurakitahara Nanto,,$$,http://www.tripadvisor.com/Hotel_Review-g1021438-d2628176-Reviews-Kitaharaso-Nanto_Toyama_Prefecture_Chubu.html
Minshuku Okamoto,939-2511,Toyama Prefecture,390 Togamuramomosegawa Nanto,,$$,http://www.tripadvisor.com/Hotel_Review-g1021438-d2630033-Reviews-Minshuku_Okamoto-Nanto_Toyama_Prefecture_Chubu.html
Minshuku Toganoya,932-0371,Toyama Prefecture,466-1 Togamurakitahara Nanto,,$$$,http://www.tripadvisor.com/Hotel_Review-g1021438-d2630036-Reviews-Minshuku_Toganoya-Nanto_Toyama_Prefecture_Chubu.html
Minshuku Nagasakiya,932-0371,Toyama Prefecture,91 Togamuranagasaki Nanto,,$$,http://www.tripadvisor.com/Hotel_Review-g1021438-d2630047-Reviews-Minshuku_Nagasakiya-Nanto_Toyama_Prefecture_Chubu.html
Zuiho,939-2513,Toyama Prefecture,748 Togamurakamimomose Nanto,,,http://www.tripadvisor.com/Hotel_Review-g1021438-d2630052-Reviews-Zuiho-Nanto_Toyama_Prefecture_Chubu.html
Yajibe,939-1914,Toyama Prefecture,592 Kaminashi Nanto,,$,http://www.tripadvisor.com/Hotel_Review-g1021438-d3844672-Reviews-Yajibe-Nanto_Toyama_Prefecture_Chubu.html
Magoza,939-2513 ,Toyama Prefecture,678 Kamimomosegawa Togamura Nanto,,,http://www.tripadvisor.com/Hotel_Review-g1021438-d6591140-Reviews-Magoza-Nanto_Toyama_Prefecture_Chubu.html
Gassho Hostel,939-1973,Toyama Prefecture,855 Suganuma Nanto,,$,http://www.tripadvisor.com/Hotel_Review-g1021438-d6654223-Reviews-Gassho_Hostel-Nanto_Toyama_Prefecture_Chubu.html
Baden Akebi,938-0103,Toyama Prefecture,1677-1 Funami Nyuzen-machi,,$,http://www.tripadvisor.com/Hotel_Review-g1121156-d1135658-Reviews-Baden_Akebi-Nyuzen_machi_Shimoniikawa_gun_Toyama_Prefecture_Chubu.html
Kashiharakan,939-0626 ,Toyama Prefecture,3675 Nyuzen Nyuzen-machi,,$,http://www.tripadvisor.com/Hotel_Review-g1121156-d1135665-Reviews-Kashiharakan-Nyuzen_machi_Shimoniikawa_gun_Toyama_Prefecture_Chubu.html
Mark Hotel,939-0626,Toyama Prefecture,5232-5 Nyuzen Nyuzen-machi,32,$,http://www.tripadvisor.com/Hotel_Review-g1121156-d1553742-Reviews-Mark_Hotel-Nyuzen_machi_Shimoniikawa_gun_Toyama_Prefecture_Chubu.html
Hotel Ogawa,938-0163,Toyama Prefecture,1 Yunose Asahi-machi,50,$$,http://www.tripadvisor.com/Hotel_Review-g1121157-d1126592-Reviews-Hotel_Ogawa-Asahi_machi_Shimoniikawa_gun_Toyama_Prefecture_Chubu.html
Chichukai,939-0704,Toyama Prefecture,733-1 Sakai Asahi-machi,,$$,http://www.tripadvisor.com/Hotel_Review-g1121157-d1135678-Reviews-Chichukai-Asahi_machi_Shimoniikawa_gun_Toyama_Prefecture_Chubu.html
Akebono,939-0742,Toyama Prefecture,1192 Numaho Asahi-machi,,$,http://www.tripadvisor.com/Hotel_Review-g1121157-d1135686-Reviews-Akebono-Asahi_machi_Shimoniikawa_gun_Toyama_Prefecture_Chubu.html
Tenbokaku,939-0701,Toyama Prefecture,1000 Yokoo Asahi-machi,,,http://www.tripadvisor.com/Hotel_Review-g1121157-d1135692-Reviews-Tenbokaku-Asahi_machi_Shimoniikawa_gun_Toyama_Prefecture_Chubu.html
Minshuku Misaki,939-0703,Toyama Prefecture,3273 Miyazaki Asahi-machi,,$,http://www.tripadvisor.com/Hotel_Review-g1121157-d1553744-Reviews-Minshuku_Misaki-Asahi_machi_Shimoniikawa_gun_Toyama_Prefecture_Chubu.html
Ariiso,939-0703,Toyama Prefecture,3239-1 Miyazaki Ekimae Asahi-machi,,$,http://www.tripadvisor.com/Hotel_Review-g1121157-d1553746-Reviews-Ariiso-Asahi_machi_Shimoniikawa_gun_Toyama_Prefecture_Chubu.html
Miyazakikosen Bekkan,939-0703,Toyama Prefecture,3273-6 Miyazaki Asahi-machi,,,http://www.tripadvisor.com/Hotel_Review-g1121157-d1875712-Reviews-Miyazakikosen_Bekkan-Asahi_machi_Shimoniikawa_gun_Toyama_Prefecture_Chubu.html
Touji no oyado furoukan,938-0162,Toyama Prefecture,1 Yamazakiyunose Asahi-machi,,$,http://www.tripadvisor.com/Hotel_Review-g1121157-d1924230-Reviews-Touji_no_oyado_furoukan-Asahi_machi_Shimoniikawa_gun_Toyama_Prefecture_Chubu.html
Monza,939-0742,Toyama Prefecture,1184 Numaho Asahi-machi,,,http://www.tripadvisor.com/Hotel_Review-g1121157-d2628204-Reviews-Monza-Asahi_machi_Shimoniikawa_gun_Toyama_Prefecture_Chubu.html
Youth Hostel Tenkyoji,939-0722,Toyama Prefecture,913 Oienosho Asahi-machi,,,http://www.tripadvisor.com/Hotel_Review-g1121157-d6022194-Reviews-Youth_Hostel_Tenkyoji-Asahi_machi_Shimoniikawa_gun_Toyama_Prefecture_Chubu.html
