Granvia Wakayama Hotel,640-8342,Wakayama Prefecture,5-18 Tomoda-Cho Wakayama,155,$,http://www.tripadvisor.com/Hotel_Review-g298204-d482460-Reviews-Granvia_Wakayama_Hotel-Wakayama_Wakayama_Prefecture_Kinki.html
Tokyu Inn Wakayama,640-8232,Wakayama Prefecture,18 Minamimigiwacho Wakayama,,$,http://www.tripadvisor.com/Hotel_Review-g298204-d505966-Reviews-Tokyu_Inn_Wakayama-Wakayama_Wakayama_Prefecture_Kinki.html
Sun Hotel Wakayama,640-8342,Wakayama Prefecture,4-75 Tomodacho Wakayama,,$,http://www.tripadvisor.com/Hotel_Review-g298204-d1047506-Reviews-Sun_Hotel_Wakayama-Wakayama_Wakayama_Prefecture_Kinki.html
Tomoe Ryokan,640-8033,Wakayama Prefecture,3-8 Honmachi Wakayama,,$,http://www.tripadvisor.com/Hotel_Review-g298204-d1047507-Reviews-Tomoe_Ryokan-Wakayama_Wakayama_Prefecture_Kinki.html
Capsule Inn Wakayama,640-8150,Wakayama Prefecture,19 Jusanbancho Wakayama,,,http://www.tripadvisor.com/Hotel_Review-g298204-d1047508-Reviews-Capsule_Inn_Wakayama-Wakayama_Wakayama_Prefecture_Kinki.html
Atarashiya,640-0103,Wakayama Prefecture,205 Kada Wakayama,,$$,http://www.tripadvisor.com/Hotel_Review-g298204-d1047516-Reviews-Atarashiya-Wakayama_Wakayama_Prefecture_Kinki.html
Futagojimaso,641-0062,Wakayama Prefecture,599 Saikazaki Wakayama,,$$,http://www.tripadvisor.com/Hotel_Review-g298204-d1047521-Reviews-Futagojimaso-Wakayama_Wakayama_Prefecture_Kinki.html
Mitsui Ryokan,640-8203,Wakayama Prefecture,15 Higashikuramae Wakayama,,,http://www.tripadvisor.com/Hotel_Review-g298204-d1047525-Reviews-Mitsui_Ryokan-Wakayama_Wakayama_Prefecture_Kinki.html
Katsuya,640-8342,Wakayama Prefecture,3-12 Tomodacho Wakayama,,$,http://www.tripadvisor.com/Hotel_Review-g298204-d1047528-Reviews-Katsuya-Wakayama_Wakayama_Prefecture_Kinki.html
Wakayama Green Hotel,640-8101,Wakayama Prefecture,38 Shinsaikamachi Wakayama,,$,http://www.tripadvisor.com/Hotel_Review-g298204-d1047530-Reviews-Wakayama_Green_Hotel-Wakayama_Wakayama_Prefecture_Kinki.html
City Inn Wakayama,640-8343,Wakayama Prefecture,432 Yoshida Wakayama,,$,http://www.tripadvisor.com/Hotel_Review-g298204-d1047538-Reviews-City_Inn_Wakayama-Wakayama_Wakayama_Prefecture_Kinki.html
Kimiidera Garden Hotel Hayashi,641-0012,Wakayama Prefecture,673 Kimiidera Wakayama,70,$,http://www.tripadvisor.com/Hotel_Review-g298204-d1047543-Reviews-Kimiidera_Garden_Hotel_Hayashi-Wakayama_Wakayama_Prefecture_Kinki.html
Kikoku Grand Hotel,640-8425,Wakayama Prefecture,7-10-8 Matsuekita Wakayama,,,http://www.tripadvisor.com/Hotel_Review-g298204-d1047559-Reviews-Kikoku_Grand_Hotel-Wakayama_Wakayama_Prefecture_Kinki.html
Wakayama Daiichi Fuji Hotel,640-8216,Wakayama Prefecture,5 Motobakuromachi Wakayama,73,$,http://www.tripadvisor.com/Hotel_Review-g298204-d1047571-Reviews-Wakayama_Daiichi_Fuji_Hotel-Wakayama_Wakayama_Prefecture_Kinki.html
Kishidaso,640-0103,Wakayama Prefecture,1649-3 Kada Wakayama,,$$,http://www.tripadvisor.com/Hotel_Review-g298204-d1047575-Reviews-Kishidaso-Wakayama_Wakayama_Prefecture_Kinki.html
Daiwa Roynet Hotel Wakayama,640-8156,Wakayama Prefecture,26-1 Shichibancho Wakayama,221,$,http://www.tripadvisor.com/Hotel_Review-g298204-d1047583-Reviews-Daiwa_Roynet_Hotel_Wakayama-Wakayama_Wakayama_Prefecture_Kinki.html
Wakayama Marina City Royal Pines Hotel,641-0014,Wakayama Prefecture,1517 Kemi Wakayama,99,$,http://www.tripadvisor.com/Hotel_Review-g298204-d1047591-Reviews-Wakayama_Marina_City_Royal_Pines_Hotel-Wakayama_Wakayama_Prefecture_Kinki.html
Hara Business Hotel,640-8212,Wakayama Prefecture,3-17 Suginobaba Wakayama,,$,http://www.tripadvisor.com/Hotel_Review-g298204-d1047593-Reviews-Hara_Business_Hotel-Wakayama_Wakayama_Prefecture_Kinki.html
Qkamura Kishukada,640-0102,Wakayama Prefecture,483 Miyama Wakayama,,$$,http://www.tripadvisor.com/Hotel_Review-g298204-d1047602-Reviews-Qkamura_Kishukada-Wakayama_Wakayama_Prefecture_Kinki.html
Shinwaka Lodge,641-0023,Wakayama Prefecture,2-3 Shinwakaura Wakayama,,$,http://www.tripadvisor.com/Hotel_Review-g298204-d1047608-Reviews-Shinwaka_Lodge-Wakayama_Wakayama_Prefecture_Kinki.html
Shiokazeso,641-0062,Wakayama Prefecture,613-2 Saikazaki Wakayama,,$$,http://www.tripadvisor.com/Hotel_Review-g298204-d1047622-Reviews-Shiokazeso-Wakayama_Wakayama_Prefecture_Kinki.html
Kimuraya,641-0023,Wakayama Prefecture,2-2 Shinwakaura Wakayama,,$$,http://www.tripadvisor.com/Hotel_Review-g298204-d1047628-Reviews-Kimuraya-Wakayama_Wakayama_Prefecture_Kinki.html
Manpa Resort,641-0023,Wakayama Prefecture,2-10 Shinwakaura Wakayama,,$$,http://www.tripadvisor.com/Hotel_Review-g298204-d1047632-Reviews-Manpa_Resort-Wakayama_Wakayama_Prefecture_Kinki.html
Kada Kaigetsu,640-0103,Wakayama Prefecture,1905 Kada Wakayama,33,$,http://www.tripadvisor.com/Hotel_Review-g298204-d1047636-Reviews-Kada_Kaigetsu-Wakayama_Wakayama_Prefecture_Kinki.html
Town Hotel Marunouchi,640-8150,Wakayama Prefecture,1 Jusanbancho Wakayama,,$,http://www.tripadvisor.com/Hotel_Review-g298204-d1047641-Reviews-Town_Hotel_Marunouchi-Wakayama_Wakayama_Prefecture_Kinki.html
Hotel Avalorm Kinokuni,640-8262,Wakayama Prefecture,2-1-2 Minatotorichokita Wakayama,65,$,http://www.tripadvisor.com/Hotel_Review-g298204-d1047785-Reviews-Hotel_Avalorm_Kinokuni-Wakayama_Wakayama_Prefecture_Kinki.html
Kancho,641-0061,Wakayama Prefecture,82 Tano Wakayama,,$$,http://www.tripadvisor.com/Hotel_Review-g298204-d1047826-Reviews-Kancho-Wakayama_Wakayama_Prefecture_Kinki.html
Hotel Landmark Wakayama,640-8319,Wakayama Prefecture,2-1-2 Tebira Wakayama,,$,http://www.tripadvisor.com/Hotel_Review-g298204-d1047828-Reviews-Hotel_Landmark_Wakayama-Wakayama_Wakayama_Prefecture_Kinki.html
Wakayama daini Fuji Hotel,640-8221,Wakayama Prefecture,1-20 Minatokonyamachi Wakayama,81,$,http://www.tripadvisor.com/Hotel_Review-g298204-d1047832-Reviews-Wakayama_daini_Fuji_Hotel-Wakayama_Wakayama_Prefecture_Kinki.html
Shichiyoen,641-0062,Wakayama Prefecture,416 Saikazaki Wakayama,,$,http://www.tripadvisor.com/Hotel_Review-g298204-d1064256-Reviews-Shichiyoen-Wakayama_Wakayama_Prefecture_Kinki.html
Miyama,640-8393,Wakayama Prefecture,27 Hatayashikihashinocho Wakayama,,$,http://www.tripadvisor.com/Hotel_Review-g298204-d1085249-Reviews-Miyama-Wakayama_Wakayama_Prefecture_Kinki.html
Business Inn Nankai,640-8212,Wakayama Prefecture,1-27 Suginobaba Wakayama,,,http://www.tripadvisor.com/Hotel_Review-g298204-d1085314-Reviews-Business_Inn_Nankai-Wakayama_Wakayama_Prefecture_Kinki.html
Hanayamaonsen,640-8303　,Wakayama Prefecture,574 Narukami Wakayama,,$$,http://www.tripadvisor.com/Hotel_Review-g298204-d1085335-Reviews-Hanayamaonsen-Wakayama_Wakayama_Prefecture_Kinki.html
Hiinanoyu,640-0103　,Wakayama Prefecture,142 Kada Wakayama,30,$$,http://www.tripadvisor.com/Hotel_Review-g298204-d1085388-Reviews-Hiinanoyu-Wakayama_Wakayama_Prefecture_Kinki.html
Okawa Bekkan,640-0101　,Wakayama Prefecture,45 Okawa Wakayama,,,http://www.tripadvisor.com/Hotel_Review-g298204-d1085840-Reviews-Okawa_Bekkan-Wakayama_Wakayama_Prefecture_Kinki.html
Business Inn Kasugaya,640-8212,Wakayama Prefecture,4-1 Suginobaba Wakayama,,,http://www.tripadvisor.com/Hotel_Review-g298204-d1094554-Reviews-Business_Inn_Kasugaya-Wakayama_Wakayama_Prefecture_Kinki.html
Wakayama Urban Hotel,640-8341,Wakayama Prefecture,80-1 Kuroda Wakayama,85,$,http://www.tripadvisor.com/Hotel_Review-g298204-d1112465-Reviews-Wakayama_Urban_Hotel-Wakayama_Wakayama_Prefecture_Kinki.html
Shuku Takimoto,641-0045,Wakayama Prefecture,1-10-10 Horidomenishi Wakayama,,$,http://www.tripadvisor.com/Hotel_Review-g298204-d1118674-Reviews-Shuku_Takimoto-Wakayama_Wakayama_Prefecture_Kinki.html
Seichoen,641-0061,Wakayama Prefecture,369 Tano Wakayama,,$$,http://www.tripadvisor.com/Hotel_Review-g298204-d1118680-Reviews-Seichoen-Wakayama_Wakayama_Prefecture_Kinki.html
Business Hotel Masu,641-0012,Wakayama Prefecture,738-2 Kimiidera Wakayama,,,http://www.tripadvisor.com/Hotel_Review-g298204-d1486149-Reviews-Business_Hotel_Masu-Wakayama_Wakayama_Prefecture_Kinki.html
Toyoko Inn JR Wakayamaeki Higashiguchi,640-8341,Wakayama Prefecture,"2-1-7, Kuroda Wakayama",,$,http://www.tripadvisor.com/Hotel_Review-g298204-d1860814-Reviews-Toyoko_Inn_JR_Wakayamaeki_Higashiguchi-Wakayama_Wakayama_Prefecture_Kinki.html
Business Hotel Kawashima,640-8150,Wakayama Prefecture,20 Jusanbancho Wakayama,,$,http://www.tripadvisor.com/Hotel_Review-g298204-d1862105-Reviews-Business_Hotel_Kawashima-Wakayama_Wakayama_Prefecture_Kinki.html
Business ryokan Midori,640-8404,Wakayama Prefecture,1-4-30 Minato Wakayama,,,http://www.tripadvisor.com/Hotel_Review-g298204-d1881127-Reviews-Business_ryokan_Midori-Wakayama_Wakayama_Prefecture_Kinki.html
Business inn Kisyuji,640-8412,Wakayama Prefecture,655-3 Kitsunejima Wakayama,,$,http://www.tripadvisor.com/Hotel_Review-g298204-d1881129-Reviews-Business_inn_Kisyuji-Wakayama_Wakayama_Prefecture_Kinki.html
Pension Fujiya,640-0103,Wakayama Prefecture,200 Kada Wakayama,,,http://www.tripadvisor.com/Hotel_Review-g298204-d1881130-Reviews-Pension_Fujiya-Wakayama_Wakayama_Prefecture_Kinki.html
Bk Weekly mansion & hotel,640-8336,Wakayama Prefecture,17-2 Yanagicho Wakayama,,$,http://www.tripadvisor.com/Hotel_Review-g298204-d1881132-Reviews-Bk_Weekly_mansion_hotel-Wakayama_Wakayama_Prefecture_Kinki.html
Ichikawaso,640-0103,Wakayama Prefecture,20-1 Miyama Wakayama,,,http://www.tripadvisor.com/Hotel_Review-g298204-d1910240-Reviews-Ichikawaso-Wakayama_Wakayama_Prefecture_Kinki.html
Apa Hotel Wakayama,640-8033,Wakayama Prefecture,2-36-1 Honmachi Wakayama,133,$,http://www.tripadvisor.com/Hotel_Review-g298204-d2465611-Reviews-Apa_Hotel_Wakayama-Wakayama_Wakayama_Prefecture_Kinki.html
Dormy inn Premium Wakayama,640-8331,Wakayama Prefecture,3-36 Mizonocho Wakayama,144,$,http://www.tripadvisor.com/Hotel_Review-g298204-d2642148-Reviews-Dormy_inn_Premium_Wakayama-Wakayama_Wakayama_Prefecture_Kinki.html
Sunshine Hotel,647-0045,Wakayama Prefecture,9-13 Inosawa Shingu,43,$,http://www.tripadvisor.com/Hotel_Review-g1023666-d1064279-Reviews-Sunshine_Hotel-Shingu_Wakayama_Prefecture_Kinki.html
Yuki,647-0043,Wakayama Prefecture,2-3-17 Midorigaoka Shingu,,$,http://www.tripadvisor.com/Hotel_Review-g1023666-d1084325-Reviews-Yuki-Shingu_Wakayama_Prefecture_Kinki.html
Koyo Inn,647-0081 ,Wakayama Prefecture,6949-6 Shingu Shingu,,$,http://www.tripadvisor.com/Hotel_Review-g1023666-d1084329-Reviews-Koyo_Inn-Shingu_Wakayama_Prefecture_Kinki.html
Satsuki,647-1211,Wakayama Prefecture,707 Kumagawachohitari Shingu,,,http://www.tripadvisor.com/Hotel_Review-g1023666-d1084334-Reviews-Satsuki-Shingu_Wakayama_Prefecture_Kinki.html
Shingu Central Hotel,647-0052 ,Wakayama Prefecture,1-12-19 Hashimoto Shingu,,$,http://www.tripadvisor.com/Hotel_Review-g1023666-d1084341-Reviews-Shingu_Central_Hotel-Shingu_Wakayama_Prefecture_Kinki.html
UI Hotel,647-0045,Wakayama Prefecture,3-12 Inosawa Shingu,82,$$,http://www.tripadvisor.com/Hotel_Review-g1023666-d1084354-Reviews-UI_Hotel-Shingu_Wakayama_Prefecture_Kinki.html
Station Hotel Shingu,647-0020　,Wakayama Prefecture,2-1-31 Jofuku Shingu,,$,http://www.tripadvisor.com/Hotel_Review-g1023666-d1084360-Reviews-Station_Hotel_Shingu-Shingu_Wakayama_Prefecture_Kinki.html
Business Hotel Kishu,647-0012,Wakayama Prefecture,1-2-15 Isadacho Shingu,,,http://www.tripadvisor.com/Hotel_Review-g1023666-d1112541-Reviews-Business_Hotel_Kishu-Shingu_Wakayama_Prefecture_Kinki.html
Business Hotel Misato,647-0020,Wakayama Prefecture,2-1-8 Jofuku Shingu,,,http://www.tripadvisor.com/Hotel_Review-g1023666-d1112543-Reviews-Business_Hotel_Misato-Shingu_Wakayama_Prefecture_Kinki.html
Takata Green Land,647-1101,Wakayama Prefecture,1810 Takata Shingu,21,$,http://www.tripadvisor.com/Hotel_Review-g1023666-d1112553-Reviews-Takata_Green_Land-Shingu_Wakayama_Prefecture_Kinki.html
Koguchi Nature House - Koguchi Campground,647-1201,Wakayama Prefecture,397 Kumanocho Kaminagai Shingu,,,http://www.tripadvisor.com/Hotel_Review-g1023666-d1238724-Reviews-Koguchi_Nature_House_Koguchi_Campground-Shingu_Wakayama_Prefecture_Kinki.html
Hase Ryokan,647-0012,Wakayama Prefecture,2-1-7 Isadacho Shingu,,$,http://www.tripadvisor.com/Hotel_Review-g1023666-d1878123-Reviews-Hase_Ryokan-Shingu_Wakayama_Prefecture_Kinki.html
Pension Danro,647-0061,Wakayama Prefecture,845-1 Miwasaki Shingu,,,http://www.tripadvisor.com/Hotel_Review-g1023666-d2692829-Reviews-Pension_Danro-Shingu_Wakayama_Prefecture_Kinki.html
Shingu Hayatama Youth Hostel,647-0003,Wakayama Prefecture,1-1-9 Kamihommachi Shingu,,,http://www.tripadvisor.com/Hotel_Review-g1023666-d6023581-Reviews-Shingu_Hayatama_Youth_Hostel-Shingu_Wakayama_Prefecture_Kinki.html
Hotel New Palace,647-0081,Wakayama Prefecture,7683-13 Shingu Shingu,,,http://www.tripadvisor.com/Hotel_Review-g1023666-d7023454-Reviews-Hotel_New_Palace-Shingu_Wakayama_Prefecture_Kinki.html
Kameya Ryokan,649-7122,Wakayama Prefecture,106 Shinden Katsuragi-cho,,,http://www.tripadvisor.com/Hotel_Review-g1121339-d1878138-Reviews-Kameya_Ryokan-Katsuragi_cho_Ito_gun_Wakayama_Prefecture_Kinki.html
Pension Amabikisan,648-0145,Wakayama Prefecture,513 Shimokosawa Kudoyama-cho,,,http://www.tripadvisor.com/Hotel_Review-g1121340-d1485767-Reviews-Pension_Amabikisan-Kudoyama_cho_Ito_gun_Wakayama_Prefecture_Kinki.html
Nakagawa Ryokan,648-0101,Wakayama Prefecture,1421 Kudoyama Kudoyama-cho,,$,http://www.tripadvisor.com/Hotel_Review-g1121340-d1862109-Reviews-Nakagawa_Ryokan-Kudoyama_cho_Ito_gun_Wakayama_Prefecture_Kinki.html
Shionose Campground,648-0111,Wakayama Prefecture,Kane Kudoyama-cho,,,http://www.tripadvisor.com/Hotel_Review-g1121340-d2487507-Reviews-Shionose_Campground-Kudoyama_cho_Ito_gun_Wakayama_Prefecture_Kinki.html
Haryo-in Temple,648-0211,Wakayama Prefecture,702 Koyasan Koya-cho,,,http://www.tripadvisor.com/Hotel_Review-g1121341-d321170-Reviews-Haryo_in_Temple-Koya_cho_Ito_gun_Wakayama_Prefecture_Kinki.html
"Ekoin Temple, Koyasan",648-0201,Wakayama Prefecture,497 Koya-cho Koya-cho,29,$$,http://www.tripadvisor.com/Hotel_Review-g1121341-d324926-Reviews-Ekoin_Temple_Koyasan-Koya_cho_Ito_gun_Wakayama_Prefecture_Kinki.html
Fudoin Temple,648-0284,Wakayama Prefecture,456 Koyasan Koya-cho,,$$,http://www.tripadvisor.com/Hotel_Review-g1121341-d324927-Reviews-Fudoin_Temple-Koya_cho_Ito_gun_Wakayama_Prefecture_Kinki.html
Rengejoin Temple,648-0211,Wakayama Prefecture,700Koyasan Koya-cho,,$,http://www.tripadvisor.com/Hotel_Review-g1121341-d324928-Reviews-Rengejoin_Temple-Koya_cho_Ito_gun_Wakayama_Prefecture_Kinki.html
Tentokuin Temple,648-0211,Wakayama Prefecture,370 Koyasan Koya-cho,,$$,http://www.tripadvisor.com/Hotel_Review-g1121341-d324934-Reviews-Tentokuin_Temple-Koya_cho_Ito_gun_Wakayama_Prefecture_Kinki.html
Koyasan Onsen Fukuchi-in,648-0211 ,Wakayama Prefecture,657 Koyasan Koya-cho,,$$,http://www.tripadvisor.com/Hotel_Review-g1121341-d478178-Reviews-Koyasan_Onsen_Fukuchi_in-Koya_cho_Ito_gun_Wakayama_Prefecture_Kinki.html
Shojoshin-in Temple,648-0291,Wakayama Prefecture,566 Koyasan Koya-cho,,,http://www.tripadvisor.com/Hotel_Review-g1121341-d621566-Reviews-Shojoshin_in_Temple-Koya_cho_Ito_gun_Wakayama_Prefecture_Kinki.html
Daienin,648-0211,Wakayama Prefecture,594 Koyasan Koya-cho,,$,http://www.tripadvisor.com/Hotel_Review-g1121341-d1124556-Reviews-Daienin-Koya_cho_Ito_gun_Wakayama_Prefecture_Kinki.html
Fugenin,648-0211,Wakayama Prefecture,605 Koyasan Koya-cho,,$,http://www.tripadvisor.com/Hotel_Review-g1121341-d1124560-Reviews-Fugenin-Koya_cho_Ito_gun_Wakayama_Prefecture_Kinki.html
Henjokoin,648-0211,Wakayama Prefecture,575 Koyasan Koya-cho,,$$,http://www.tripadvisor.com/Hotel_Review-g1121341-d1124563-Reviews-Henjokoin-Koya_cho_Ito_gun_Wakayama_Prefecture_Kinki.html
Hongakuin,648-0211,Wakayama Prefecture,618 Koyasan Koya-cho,,$$,http://www.tripadvisor.com/Hotel_Review-g1121341-d1124565-Reviews-Hongakuin-Koya_cho_Ito_gun_Wakayama_Prefecture_Kinki.html
Ichijoin,648-0211,Wakayama Prefecture,606 Koyasan Koya-cho,,$$$,http://www.tripadvisor.com/Hotel_Review-g1121341-d1124568-Reviews-Ichijoin-Koya_cho_Ito_gun_Wakayama_Prefecture_Kinki.html
Saimonin,648-0211,Wakayama Prefecture,447 Koyasan Koya-cho,,$$,http://www.tripadvisor.com/Hotel_Review-g1121341-d1124576-Reviews-Saimonin-Koya_cho_Ito_gun_Wakayama_Prefecture_Kinki.html
Sekishoin,648-0211,Wakayama Prefecture,571 Koyasan Koya-cho,,$$,http://www.tripadvisor.com/Hotel_Review-g1121341-d1124577-Reviews-Sekishoin-Koya_cho_Ito_gun_Wakayama_Prefecture_Kinki.html
Yochiin,648-0211,Wakayama Prefecture,293 Koyasan Koya-cho,,$$,http://www.tripadvisor.com/Hotel_Review-g1121341-d1124580-Reviews-Yochiin-Koya_cho_Ito_gun_Wakayama_Prefecture_Kinki.html
Jimyoin,648-0283,Wakayama Prefecture,455 Koyasan Koya-cho,,$$,http://www.tripadvisor.com/Hotel_Review-g1121341-d1169415-Reviews-Jimyoin-Koya_cho_Ito_gun_Wakayama_Prefecture_Kinki.html
Seinanin,648-0287,Wakayama Prefecture,249 Koyasan Koya-cho,,$$,http://www.tripadvisor.com/Hotel_Review-g1121341-d1171433-Reviews-Seinanin-Koya_cho_Ito_gun_Wakayama_Prefecture_Kinki.html
YadoNaviHotels3453,6480211,Wakayama Prefecture,156 Koyasan Koya-cho,,,http://www.tripadvisor.com/Hotel_Review-g1121341-d1426929-Reviews-YadoNaviHotels3453-Koya_cho_Ito_gun_Wakayama_Prefecture_Kinki.html
Komyoin,648-0211,Wakayama Prefecture,493 Koyasan Koya-cho,,$,http://www.tripadvisor.com/Hotel_Review-g1121341-d1485769-Reviews-Komyoin-Koya_cho_Ito_gun_Wakayama_Prefecture_Kinki.html
Fumonin,648-0211,Wakayama Prefecture,608 Koyasan Koya-cho,,$$,http://www.tripadvisor.com/Hotel_Review-g1121341-d1485771-Reviews-Fumonin-Koya_cho_Ito_gun_Wakayama_Prefecture_Kinki.html
Rengein,648-0211,Wakayama Prefecture,399 Koyasan Koya-cho,,,http://www.tripadvisor.com/Hotel_Review-g1121341-d1485777-Reviews-Rengein-Koya_cho_Ito_gun_Wakayama_Prefecture_Kinki.html
Saizen-in,648-0289,Wakayama Prefecture,154 Koyasan Koya-cho,,$$,http://www.tripadvisor.com/Hotel_Review-g1121341-d1485779-Reviews-Saizen_in-Koya_cho_Ito_gun_Wakayama_Prefecture_Kinki.html
Koyasan Youth Hostel,648-0211,Wakayama Prefecture,628 Koyasan Koya-cho,,,http://www.tripadvisor.com/Hotel_Review-g1121341-d1523626-Reviews-Koyasan_Youth_Hostel-Koya_cho_Ito_gun_Wakayama_Prefecture_Kinki.html
Sojiin,648-0296,Wakayama Prefecture,143 Koyasan Koya-cho,,$$$,http://www.tripadvisor.com/Hotel_Review-g1121341-d1599969-Reviews-Sojiin-Koya_cho_Ito_gun_Wakayama_Prefecture_Kinki.html
Henjosonin,648-0211,Wakayama Prefecture,303 Koyasan Koya-cho,,$$,http://www.tripadvisor.com/Hotel_Review-g1121341-d1599987-Reviews-Henjosonin-Koya_cho_Ito_gun_Wakayama_Prefecture_Kinki.html
Jokiin,648-0211,Wakayama Prefecture,365 Koyasan Koya-cho,,$$,http://www.tripadvisor.com/Hotel_Review-g1121341-d1599995-Reviews-Jokiin-Koya_cho_Ito_gun_Wakayama_Prefecture_Kinki.html
Shochiin,648-0211,Wakayama Prefecture,159 Koyasan Koya-cho,,$$,http://www.tripadvisor.com/Hotel_Review-g1121341-d1599999-Reviews-Shochiin-Koya_cho_Ito_gun_Wakayama_Prefecture_Kinki.html
Nishimuroin,648-0291,Wakayama Prefecture,697 Koyasan Koya-cho,,$$$,http://www.tripadvisor.com/Hotel_Review-g1121341-d1600004-Reviews-Nishimuroin-Koya_cho_Ito_gun_Wakayama_Prefecture_Kinki.html
Myooin,648-0211,Wakayama Prefecture,146 Koyasan Koya-cho,,$,http://www.tripadvisor.com/Hotel_Review-g1121341-d1837579-Reviews-Myooin-Koya_cho_Ito_gun_Wakayama_Prefecture_Kinki.html
Jizoin,648-0211,Wakayama Prefecture,573 Koyasan Koya-cho,,,http://www.tripadvisor.com/Hotel_Review-g1121341-d1857455-Reviews-Jizoin-Koya_cho_Ito_gun_Wakayama_Prefecture_Kinki.html
Mt.Koya Kumagaiji,648-0211,Wakayama Prefecture,501 Koyasan Koya-cho,,$$,http://www.tripadvisor.com/Hotel_Review-g1121341-d1878151-Reviews-Mt_Koya_Kumagaiji-Koya_cho_Ito_gun_Wakayama_Prefecture_Kinki.html
Koyasan Kongo Sammaiin,648-0211,Wakayama Prefecture,425 Koyasan Koya-cho,,$$,http://www.tripadvisor.com/Hotel_Review-g1121341-d1910164-Reviews-Koyasan_Kongo_Sammaiin-Koya_cho_Ito_gun_Wakayama_Prefecture_Kinki.html
Shukubo Hozenin,648-0211,Wakayama Prefecture,568 Koyasan Koya-cho,,$,http://www.tripadvisor.com/Hotel_Review-g1121341-d2025066-Reviews-Shukubo_Hozenin-Koya_cho_Ito_gun_Wakayama_Prefecture_Kinki.html
Hoonin,648-0211,Wakayama Prefecture,283 Koya-cho,,,http://www.tripadvisor.com/Hotel_Review-g1121341-d2274698-Reviews-Hoonin-Koya_cho_Ito_gun_Wakayama_Prefecture_Kinki.html
Shukubo Kayado Jyochiin,648-0211,Wakayama Prefecture,476 Koyasan Koya-cho,,$$,http://www.tripadvisor.com/Hotel_Review-g1121341-d2372558-Reviews-Shukubo_Kayado_Jyochiin-Koya_cho_Ito_gun_Wakayama_Prefecture_Kinki.html
Shukubo Ryusenin,648-0211,Wakayama Prefecture,647 Koyasan Koya-cho,,,http://www.tripadvisor.com/Hotel_Review-g1121341-d2372562-Reviews-Shukubo_Ryusenin-Koya_cho_Ito_gun_Wakayama_Prefecture_Kinki.html
Mitsugoin,648-0211,Wakayama Prefecture,478 Koyasan Koya-cho,,$,http://www.tripadvisor.com/Hotel_Review-g1121341-d2692837-Reviews-Mitsugoin-Koya_cho_Ito_gun_Wakayama_Prefecture_Kinki.html
Koyasan Guest House Kokuu,648-0211,Wakayama Prefecture,49-43 Koyasan Koya-cho,,$,http://www.tripadvisor.com/Hotel_Review-g1121341-d3653491-Reviews-Koyasan_Guest_House_Kokuu-Koya_cho_Ito_gun_Wakayama_Prefecture_Kinki.html
Jofukuin,648-0211,Wakayama Prefecture,593 Koyasan Koya-cho,,,http://www.tripadvisor.com/Hotel_Review-g1121341-d5230814-Reviews-Jofukuin-Koya_cho_Ito_gun_Wakayama_Prefecture_Kinki.html
Tamagawa Ryokan,648-0211,Wakayama Prefecture,53 Koyasan Koya-cho,,,http://www.tripadvisor.com/Hotel_Review-g1121341-d6437576-Reviews-Tamagawa_Ryokan-Koya_cho_Ito_gun_Wakayama_Prefecture_Kinki.html
Wakayama Prince Inn Kainan,642-0002,Wakayama Prefecture,1521-1 Hikata Kainan,,$,http://www.tripadvisor.com/Hotel_Review-g1023599-d1112532-Reviews-Wakayama_Prince_Inn_Kainan-Kainan_Wakayama_Prefecture_Kinki.html
Kikuya,649-0101,Wakayama Prefecture,788 Shimotsu Shimotsucho Kainan,,$,http://www.tripadvisor.com/Hotel_Review-g1023599-d1112534-Reviews-Kikuya-Kainan_Wakayama_Prefecture_Kinki.html
Business Hotel Canne Kainan,642-0032,Wakayama Prefecture,534-10 Nataka Kainan,,$,http://www.tripadvisor.com/Hotel_Review-g1023599-d1112535-Reviews-Business_Hotel_Canne_Kainan-Kainan_Wakayama_Prefecture_Kinki.html
Business hotel Simpson,642-0602,Wakayama Prefecture,1503-5 Hikata Kainan,,$,http://www.tripadvisor.com/Hotel_Review-g1023599-d1881108-Reviews-Business_hotel_Simpson-Kainan_Wakayama_Prefecture_Kinki.html
Business Hotel Kameya,640-1171,Wakayama Prefecture,99 Nokaminaka Kainan,,,http://www.tripadvisor.com/Hotel_Review-g1023599-d2692828-Reviews-Business_Hotel_Kameya-Kainan_Wakayama_Prefecture_Kinki.html
Sea Queen Kainan,642-0032,Wakayama Prefecture,452-2 Nataka Kainan,,$,http://www.tripadvisor.com/Hotel_Review-g1023599-d5965536-Reviews-Sea_Queen_Kainan-Kainan_Wakayama_Prefecture_Kinki.html
Maruasa Ryokan,649-6531,Wakayama Prefecture,2071-1 Kokawa Kinokawa,,$,http://www.tripadvisor.com/Hotel_Review-g1023668-d1112538-Reviews-Maruasa_Ryokan-Kinokawa_Wakayama_Prefecture_Kinki.html
Miyoshiso,643-0003,Wakayama Prefecture,166-1 Bessyo Yuasa-cho,,$$,http://www.tripadvisor.com/Hotel_Review-g1121342-d1485781-Reviews-Miyoshiso-Yuasa_cho_Arida_gun_Wakayama_Prefecture_Kinki.html
Kokumin Shukusha Yuasajyo,643-0002,Wakayama Prefecture,75 Aoki Yuasa-cho,,$$,http://www.tripadvisor.com/Hotel_Review-g1121342-d1485785-Reviews-Kokumin_Shukusha_Yuasajyo-Yuasa_cho_Arida_gun_Wakayama_Prefecture_Kinki.html
Kibo,643-0006,Wakayama Prefecture,57-9 Ta Yuasa-cho,,$,http://www.tripadvisor.com/Hotel_Review-g1121342-d1485859-Reviews-Kibo-Yuasa_cho_Arida_gun_Wakayama_Prefecture_Kinki.html
Partners House Yuasa,643-0001,Wakayama Prefecture,1638-1 Yamada Yuasa-cho,,$$,http://www.tripadvisor.com/Hotel_Review-g1121342-d1878158-Reviews-Partners_House_Yuasa-Yuasa_cho_Arida_gun_Wakayama_Prefecture_Kinki.html
Suhara Onsen,643-0005,Wakayama Prefecture,1363 Suhara Yuasa-cho,,$$$$,http://www.tripadvisor.com/Hotel_Review-g1121342-d1910166-Reviews-Suhara_Onsen-Yuasa_cho_Arida_gun_Wakayama_Prefecture_Kinki.html
Wakukomaya,643-0004,Wakayama Prefecture,369 Yuasa Yuasa-cho,,,http://www.tripadvisor.com/Hotel_Review-g1121342-d2023989-Reviews-Wakukomaya-Yuasa_cho_Arida_gun_Wakayama_Prefecture_Kinki.html
Yamagiwa,643-0005,Wakayama Prefecture,809 Suhara Yuasa-cho,,,http://www.tripadvisor.com/Hotel_Review-g1121342-d2037601-Reviews-Yamagiwa-Yuasa_cho_Arida_gun_Wakayama_Prefecture_Kinki.html
Yamadayama Loghouse,643-0001,Wakayama Prefecture,1638-1 Yamada Yuasa-cho,,,http://www.tripadvisor.com/Hotel_Review-g1121342-d2692838-Reviews-Yamadayama_Loghouse-Yuasa_cho_Arida_gun_Wakayama_Prefecture_Kinki.html
Takihara Onsen Hotarunoyu,643-0051,Wakayama Prefecture,1539 Shimotsugi Hirogawa-cho,,$,http://www.tripadvisor.com/Hotel_Review-g1121343-d1910169-Reviews-Takihara_Onsen_Hotarunoyu-Hirogawa_cho_Arida_gun_Wakayama_Prefecture_Kinki.html
Kuroshio Fruits Paradise,643-0074,Wakayama Prefecture,1307 Nishihiro Hirogawa-cho,,,http://www.tripadvisor.com/Hotel_Review-g1121343-d2026584-Reviews-Kuroshio_Fruits_Paradise-Hirogawa_cho_Arida_gun_Wakayama_Prefecture_Kinki.html
Business Hotel Top Inn Kagurano,643-0031,Wakayama Prefecture,526-1 Noda Aridagawa-cho,,$,http://www.tripadvisor.com/Hotel_Review-g1121344-d1485866-Reviews-Business_Hotel_Top_Inn_Kagurano-Aridagawa_cho_Arida_gun_Wakayama_Prefecture_Kinki.html
Business Hotel Hayashi,643-0031,Wakayama Prefecture,594-4 Noda Aridagawa-cho,,$,http://www.tripadvisor.com/Hotel_Review-g1121344-d4071225-Reviews-Business_Hotel_Hayashi-Aridagawa_cho_Arida_gun_Wakayama_Prefecture_Kinki.html
Kawayumidoriya,647-1712,Wakayama Prefecture,13 Tashiro Hongu-cho Tanabe,,$$,http://www.tripadvisor.com/Hotel_Review-g1023661-d1062952-Reviews-Kawayumidoriya-Tanabe_Wakayama_Prefecture_Kinki.html
Altier Hotel Kiitanabe,646-0032,Wakayama Prefecture,1-77 Shimoyashikimachi Tanabe,,$,http://www.tripadvisor.com/Hotel_Review-g1023661-d1063224-Reviews-Altier_Hotel_Kiitanabe-Tanabe_Wakayama_Prefecture_Kinki.html
Bijintei,645-0525,Wakayama Prefecture,96-3 Ryujinmura Ryujin Tanabe,,$$,http://www.tripadvisor.com/Hotel_Review-g1023661-d1063230-Reviews-Bijintei-Tanabe_Wakayama_Prefecture_Kinki.html
Hotel Harvest Nankitanabe,646-0011,Wakayama Prefecture,2901-1 Shinjocho Tanabe,180,$$,http://www.tripadvisor.com/Hotel_Review-g1023661-d1063238-Reviews-Hotel_Harvest_Nankitanabe-Tanabe_Wakayama_Prefecture_Kinki.html
Kajikaso,647-1717,Wakayama Prefecture,1408 Honguchokawayu Tanabe,,,http://www.tripadvisor.com/Hotel_Review-g1023661-d1063242-Reviews-Kajikaso-Tanabe_Wakayama_Prefecture_Kinki.html
Shimogoten,645-0525,Wakayama Prefecture,38 Ryujinmura Ryujin Tanabe,,$$$$,http://www.tripadvisor.com/Hotel_Review-g1023661-d1063246-Reviews-Shimogoten-Tanabe_Wakayama_Prefecture_Kinki.html
Watarase Onsen Hotel Sasayuri,647-1733,Wakayama Prefecture,45-1 Hongucho Wataze Tanabe,30,$$$,http://www.tripadvisor.com/Hotel_Review-g1023661-d1063258-Reviews-Watarase_Onsen_Hotel_Sasayuri-Tanabe_Wakayama_Prefecture_Kinki.html
Kinokuni Hotel,647-1717,Wakayama Prefecture,26 Kawayu Hongucho Tanabe,,$,http://www.tripadvisor.com/Hotel_Review-g1023661-d1063271-Reviews-Kinokuni_Hotel-Tanabe_Wakayama_Prefecture_Kinki.html
Ayukawasanso,646-1101 ,Wakayama Prefecture,860-4 Ayukawa Tanabe,,,http://www.tripadvisor.com/Hotel_Review-g1023661-d1084707-Reviews-Ayukawasanso-Tanabe_Wakayama_Prefecture_Kinki.html
Business Hotel Pearl,646-0031,Wakayama Prefecture,989 Minato Tanabe,,$,http://www.tripadvisor.com/Hotel_Review-g1023661-d1084758-Reviews-Business_Hotel_Pearl-Tanabe_Wakayama_Prefecture_Kinki.html
Hinoie,646-0057 ,Wakayama Prefecture,377 Nakahaya Tanabe,,$,http://www.tripadvisor.com/Hotel_Review-g1023661-d1084799-Reviews-Hinoie-Tanabe_Wakayama_Prefecture_Kinki.html
City Plaza Hotel,646-0022 ,Wakayama Prefecture,1-5-32 Higashiyama Tanabe,,$,http://www.tripadvisor.com/Hotel_Review-g1023661-d1084836-Reviews-City_Plaza_Hotel-Tanabe_Wakayama_Prefecture_Kinki.html
Iris Park,646-1402 ,Wakayama Prefecture,128-1 Chikatsuyu Nakahechi-cho Tanabe,,$,http://www.tripadvisor.com/Hotel_Review-g1023661-d1084908-Reviews-Iris_Park-Tanabe_Wakayama_Prefecture_Kinki.html
Minshuku Hirohata,646-0011 ,Wakayama Prefecture,3991 Shinjocho Tanabe,,$$,http://www.tripadvisor.com/Hotel_Review-g1023661-d1084931-Reviews-Minshuku_Hirohata-Tanabe_Wakayama_Prefecture_Kinki.html
Minshuku Shinkoma,646-0011 ,Wakayama Prefecture,3087-8 Shinjocho Tanabe,,,http://www.tripadvisor.com/Hotel_Review-g1023661-d1085010-Reviews-Minshuku_Shinkoma-Tanabe_Wakayama_Prefecture_Kinki.html
Park Side Hotel,646-0033,Wakayama Prefecture,6-1 Shinyashikimachi Tanabe,33,$,http://www.tripadvisor.com/Hotel_Review-g1023661-d1085068-Reviews-Park_Side_Hotel-Tanabe_Wakayama_Prefecture_Kinki.html
Pension Sirogisu,646-0056,Wakayama Prefecture,299-2 Hayacho Tanabe,,$,http://www.tripadvisor.com/Hotel_Review-g1023661-d1085205-Reviews-Pension_Sirogisu-Tanabe_Wakayama_Prefecture_Kinki.html
Kanponoyado Kiitanabe,646-8501 ,Wakayama Prefecture,24-1 Mera Tanabe,,$,http://www.tripadvisor.com/Hotel_Review-g1023661-d1085922-Reviews-Kanponoyado_Kiitanabe-Tanabe_Wakayama_Prefecture_Kinki.html
Yorozuya,645-0525,Wakayama Prefecture,"47 Ryujin, Ryujin-mura Tanabe",,$$,http://www.tripadvisor.com/Hotel_Review-g1023661-d1093273-Reviews-Yorozuya-Tanabe_Wakayama_Prefecture_Kinki.html
Fujiya,647-1717,Wakayama Prefecture,"1452 Kawayu, Hongucho Tanabe",31,$$$,http://www.tripadvisor.com/Hotel_Review-g1023661-d1093274-Reviews-Fujiya-Tanabe_Wakayama_Prefecture_Kinki.html
Business Hotel Tanabe Sunshine,646-0051,Wakayama Prefecture,231-6 Inaricho Tanabe,,$,http://www.tripadvisor.com/Hotel_Review-g1023661-d1094545-Reviews-Business_Hotel_Tanabe_Sunshine-Tanabe_Wakayama_Prefecture_Kinki.html
Garden Hotel Hanayo,646-0023,Wakayama Prefecture,2-36-40 Mori Tanabe,,$,http://www.tripadvisor.com/Hotel_Review-g1023661-d1094547-Reviews-Garden_Hotel_Hanayo-Tanabe_Wakayama_Prefecture_Kinki.html
Yunomineso,647-1734,Wakayama Prefecture,437 Shimoyukawa Hongucho Tanabe,,$$,http://www.tripadvisor.com/Hotel_Review-g1023661-d1094548-Reviews-Yunomineso-Tanabe_Wakayama_Prefecture_Kinki.html
Business Hotel Aoi Plaza,646-0032,Wakayama Prefecture,1 Shimoyashikimachi Tanabe,,$,http://www.tripadvisor.com/Hotel_Review-g1023661-d1094550-Reviews-Business_Hotel_Aoi_Plaza-Tanabe_Wakayama_Prefecture_Kinki.html
Hotel Hanaya,646-0031,Wakayama Prefecture,1301 Minato Tanabe,,$,http://www.tripadvisor.com/Hotel_Review-g1023661-d1094552-Reviews-Hotel_Hanaya-Tanabe_Wakayama_Prefecture_Kinki.html
Omuraya,647-1711,Wakayama Prefecture,1406-1 Kawayu-onsen Hongu-cho Tanabe,10,$,http://www.tripadvisor.com/Hotel_Review-g1023661-d1112555-Reviews-Omuraya-Tanabe_Wakayama_Prefecture_Kinki.html
Tanabe Station Hotel,646-0031,Wakayama Prefecture,961 Minato Tanabe,23,$,http://www.tripadvisor.com/Hotel_Review-g1023661-d1112557-Reviews-Tanabe_Station_Hotel-Tanabe_Wakayama_Prefecture_Kinki.html
Takiyoshi,647-1732,Wakayama Prefecture,260-4 Yunomine Hongu-cho Tanabe,,,http://www.tripadvisor.com/Hotel_Review-g1023661-d1112559-Reviews-Takiyoshi-Tanabe_Wakayama_Prefecture_Kinki.html
Minshuku Seseragi,645-0524,Wakayama Prefecture,577-2 Yunomata Ryujin-mura Tanabe,,$,http://www.tripadvisor.com/Hotel_Review-g1023661-d1112570-Reviews-Minshuku_Seseragi-Tanabe_Wakayama_Prefecture_Kinki.html
Yunotaniso,647-1732,Wakayama Prefecture,168-1 Yunomine Hongu-cho Tanabe,,$$,http://www.tripadvisor.com/Hotel_Review-g1023661-d1112572-Reviews-Yunotaniso-Tanabe_Wakayama_Prefecture_Kinki.html
Shinzanso,645-0521,Wakayama Prefecture,281 Komatagawa Ryujinmura Tanabe,,,http://www.tripadvisor.com/Hotel_Review-g1023661-d1112573-Reviews-Shinzanso-Tanabe_Wakayama_Prefecture_Kinki.html
Kumanose,647-1733,Wakayama Prefecture,164-1 Watase Hongucho Tanabe,,,http://www.tripadvisor.com/Hotel_Review-g1023661-d1112575-Reviews-Kumanose-Tanabe_Wakayama_Prefecture_Kinki.html
Pension Ashitanomori,647-1717,Wakayama Prefecture,1440-2 Kawayu Hongucho Tanabe,6,$$,http://www.tripadvisor.com/Hotel_Review-g1023661-d1112584-Reviews-Pension_Ashitanomori-Tanabe_Wakayama_Prefecture_Kinki.html
Ryokan Sakai,645-0525,Wakayama Prefecture,23-1 Ryujinmuraryujin Tanabe,,$$,http://www.tripadvisor.com/Hotel_Review-g1023661-d1112586-Reviews-Ryokan_Sakai-Tanabe_Wakayama_Prefecture_Kinki.html
Business Hotel White,646-0032,Wakayama Prefecture,94 Shimoyashikimachi Tanabe,17,,http://www.tripadvisor.com/Hotel_Review-g1023661-d1112587-Reviews-Business_Hotel_White-Tanabe_Wakayama_Prefecture_Kinki.html
Ichimatsu,646-0014,Wakayama Prefecture,23-5 Shinman Tanabe,,$,http://www.tripadvisor.com/Hotel_Review-g1023661-d1112592-Reviews-Ichimatsu-Tanabe_Wakayama_Prefecture_Kinki.html
Sakaiya Ryokan,645-0525,Wakayama Prefecture,56 Ryujinmuraryujin Tanabe,,$$,http://www.tripadvisor.com/Hotel_Review-g1023661-d1112595-Reviews-Sakaiya_Ryokan-Tanabe_Wakayama_Prefecture_Kinki.html
Miyoshiya Ryokan,646-0031,Wakayama Prefecture,739-7 Minato Tanabe,,$,http://www.tripadvisor.com/Hotel_Review-g1023661-d1112599-Reviews-Miyoshiya_Ryokan-Tanabe_Wakayama_Prefecture_Kinki.html
Matsumiya,647-1743,Wakayama Prefecture,1003 Hushiogami Hongucho Tanabe,,,http://www.tripadvisor.com/Hotel_Review-g1023661-d1112603-Reviews-Matsumiya-Tanabe_Wakayama_Prefecture_Kinki.html
Ryujin Onsen Kirari Ryujin,645-0525,Wakayama Prefecture,189 Ryujin Ryujinmura Tanabe,57,$,http://www.tripadvisor.com/Hotel_Review-g1023661-d1112606-Reviews-Ryujin_Onsen_Kirari_Ryujin-Tanabe_Wakayama_Prefecture_Kinki.html
Tosenbo,645-0416,Wakayama Prefecture,42 Ryujinmurayasui Tanabe,,$$,http://www.tripadvisor.com/Hotel_Review-g1023661-d1118384-Reviews-Tosenbo-Tanabe_Wakayama_Prefecture_Kinki.html
Marui Ryokan,645-0415　,Wakayama Prefecture,9-2 Ryujinmura Nishi Tanabe,12,$$,http://www.tripadvisor.com/Hotel_Review-g1023661-d1118394-Reviews-Marui_Ryokan-Tanabe_Wakayama_Prefecture_Kinki.html
Kamigoten,645-0525,Wakayama Prefecture,42 Ryujinmura Ryujin Tanabe,,$$$,http://www.tripadvisor.com/Hotel_Review-g1023661-d1118405-Reviews-Kamigoten-Tanabe_Wakayama_Prefecture_Kinki.html
Kawayu Matsuya,647-1717　,Wakayama Prefecture,29 Honguchokawayu Tanabe,,$,http://www.tripadvisor.com/Hotel_Review-g1023661-d1118407-Reviews-Kawayu_Matsuya-Tanabe_Wakayama_Prefecture_Kinki.html
Yamane,647-1732　,Wakayama Prefecture,171 Hongucho Yunomine Tanabe,,$$,http://www.tripadvisor.com/Hotel_Review-g1023661-d1118411-Reviews-Yamane-Tanabe_Wakayama_Prefecture_Kinki.html
Kobuchi,647-1712,Wakayama Prefecture,1 Hongu-cho Kawayu Tanabe,,$$,http://www.tripadvisor.com/Hotel_Review-g1023661-d1118415-Reviews-Kobuchi-Tanabe_Wakayama_Prefecture_Kinki.html
Noka Minshuku Haru,647-1743　　,Wakayama Prefecture,1327 Hongucho Fushiogami Tanabe,,$$,http://www.tripadvisor.com/Hotel_Review-g1023661-d1118417-Reviews-Noka_Minshuku_Haru-Tanabe_Wakayama_Prefecture_Kinki.html
Kameya Ryokan,259-0314　,Wakayama Prefecture,1434 Hongucho Kawayu Tanabe,,$,http://www.tripadvisor.com/Hotel_Review-g1023661-d1118421-Reviews-Kameya_Ryokan-Tanabe_Wakayama_Prefecture_Kinki.html
Ryokan Azumaya,647-1732　,Wakayama Prefecture,122 Yunomine Hongu-cho Tanabe,,$$$,http://www.tripadvisor.com/Hotel_Review-g1023661-d1128371-Reviews-Ryokan_Azumaya-Tanabe_Wakayama_Prefecture_Kinki.html
Irorian,646-1401 ,Wakayama Prefecture,"2007-2 Nonaka, Nakahechicho Tanabe",,,http://www.tripadvisor.com/Hotel_Review-g1023661-d1637444-Reviews-Irorian-Tanabe_Wakayama_Prefecture_Kinki.html
Kiri no Sato Takahara,646-1416,Wakayama Prefecture,826 Takahara Nakahechicho Tanabe,8,$$,http://www.tripadvisor.com/Hotel_Review-g1023661-d1864145-Reviews-Kiri_no_Sato_Takahara-Tanabe_Wakayama_Prefecture_Kinki.html
Ryokan Yoshinoya,647-1732,Wakayama Prefecture,"359 Yunomine, Hongu-cho Tanabe",,$,http://www.tripadvisor.com/Hotel_Review-g1023661-d1878100-Reviews-Ryokan_Yoshinoya-Tanabe_Wakayama_Prefecture_Kinki.html
Minshuku Adumaya,647-1732,Wakayama Prefecture,"71 Yunomine, Hongu-cho Tanabe",,$,http://www.tripadvisor.com/Hotel_Review-g1023661-d1878105-Reviews-Minshuku_Adumaya-Tanabe_Wakayama_Prefecture_Kinki.html
Arinokiya,645-0525,Wakayama Prefecture,39 Ryujin Ryujin-mura Tanabe,,$,http://www.tripadvisor.com/Hotel_Review-g1023661-d1878111-Reviews-Arinokiya-Tanabe_Wakayama_Prefecture_Kinki.html
Asahi Ryokan,646-0031,Wakayama Prefecture,1493 Minato Tanabe,,,http://www.tripadvisor.com/Hotel_Review-g1023661-d1878121-Reviews-Asahi_Ryokan-Tanabe_Wakayama_Prefecture_Kinki.html
Minshuku Chitose,646-0035,Wakayama Prefecture,24-36 Nakayashikimachi Tanabe,,,http://www.tripadvisor.com/Hotel_Review-g1023661-d1925389-Reviews-Minshuku_Chitose-Tanabe_Wakayama_Prefecture_Kinki.html
Komatagawa Bungalow,645-0521,Wakayama Prefecture,Ryujinmura Komatagawa Tanabe,,$,http://www.tripadvisor.com/Hotel_Review-g1023661-d1925390-Reviews-Komatagawa_Bungalow-Tanabe_Wakayama_Prefecture_Kinki.html
Wadama,647-1732,Wakayama Prefecture,156-2 Hongucho Yunomine Tanabe,,,http://www.tripadvisor.com/Hotel_Review-g1023661-d1925391-Reviews-Wadama-Tanabe_Wakayama_Prefecture_Kinki.html
Minshuku Teruteya,647-1732,Wakayama Prefecture,97 Hongucho Yunomine Tanabe,,,http://www.tripadvisor.com/Hotel_Review-g1023661-d1925392-Reviews-Minshuku_Teruteya-Tanabe_Wakayama_Prefecture_Kinki.html
Minshuku Tateishi,647-1717,Wakayama Prefecture,1402 Hongucho Kawayu Tanabe,,,http://www.tripadvisor.com/Hotel_Review-g1023661-d2032743-Reviews-Minshuku_Tateishi-Tanabe_Wakayama_Prefecture_Kinki.html
Minshuku Atarashiya,647-1732,Wakayama Prefecture,"133,Hongucho,Yunomine Tanabe",,,http://www.tripadvisor.com/Hotel_Review-g1023661-d2091855-Reviews-Minshuku_Atarashiya-Tanabe_Wakayama_Prefecture_Kinki.html
Tentsuku Guest House,646-0031,Wakayama Prefecture,948 Minato Tanabe,,$,http://www.tripadvisor.com/Hotel_Review-g1023661-d2620692-Reviews-Tentsuku_Guest_House-Tanabe_Wakayama_Prefecture_Kinki.html
Blue Sky Guesthouse,647-1731,Wakayama Prefecture,1526 Honguchohongu Tanabe,4,$,http://www.tripadvisor.com/Hotel_Review-g1023661-d2626396-Reviews-Blue_Sky_Guesthouse-Tanabe_Wakayama_Prefecture_Kinki.html
Iyashinosato Ryujinmura Komatagawa Bungalow,645-0521,Wakayama Prefecture,447 Ryujinmurakomatagawa Tanabe,,$,http://www.tripadvisor.com/Hotel_Review-g1023661-d2692827-Reviews-Iyashinosato_Ryujinmura_Komatagawa_Bungalow-Tanabe_Wakayama_Prefecture_Kinki.html
Minshuku Sasayuri,645-0525,Wakayama Prefecture,156-5 Ryujinmuraryujin Tanabe,,$,http://www.tripadvisor.com/Hotel_Review-g1023661-d2692857-Reviews-Minshuku_Sasayuri-Tanabe_Wakayama_Prefecture_Kinki.html
Maruya,647-1732,Wakayama Prefecture,Hongucho Yunomine Onsen Tanabe,,,http://www.tripadvisor.com/Hotel_Review-g1023661-d3366778-Reviews-Maruya-Tanabe_Wakayama_Prefecture_Kinki.html
Minshuku Chikatsuyu,646-1402,Wakayama Prefecture,"401-12 Chikatsuyu, Nakahechicho Tanabe",,,http://www.tripadvisor.com/Hotel_Review-g1023661-d3389364-Reviews-Minshuku_Chikatsuyu-Tanabe_Wakayama_Prefecture_Kinki.html
Minshuku Tsugizakura,646-1401,Wakayama Prefecture,"403-1 Nonaka, Nakahechi-cho Tanabe",,,http://www.tripadvisor.com/Hotel_Review-g1023661-d4374139-Reviews-Minshuku_Tsugizakura-Tanabe_Wakayama_Prefecture_Kinki.html
Kumano Backpackers,647-1731,Wakayama Prefecture,159-1 Hongucho Hongu Tanabe,3,$,http://www.tripadvisor.com/Hotel_Review-g1023661-d5041770-Reviews-Kumano_Backpackers-Tanabe_Wakayama_Prefecture_Kinki.html
B&B Hongu,647-1731,Wakayama Prefecture,127-2 Hongu Hongu-cho Tanabe,3,$,http://www.tripadvisor.com/Hotel_Review-g1023661-d5288674-Reviews-B_B_Hongu-Tanabe_Wakayama_Prefecture_Kinki.html
Watarase Onsen Hotel Yamauri and Himeyuri,647-1733,Wakayama Prefecture,45-1 Hongucho Wataze Tanabe,,$$,http://www.tripadvisor.com/Hotel_Review-g1023661-d5483480-Reviews-Watarase_Onsen_Hotel_Yamauri_and_Himeyuri-Tanabe_Wakayama_Prefecture_Kinki.html
Buddha Guest House Kuchikumano,646-0032,Wakayama Prefecture,6-10 Shimoyashikicho Tanabe,,$,http://www.tripadvisor.com/Hotel_Review-g1023661-d6499153-Reviews-Buddha_Guest_House_Kuchikumano-Tanabe_Wakayama_Prefecture_Kinki.html
Oguriya,647-1732,Wakayama Prefecture,161 Hongucho Yumine Tanabe,,,http://www.tripadvisor.com/Hotel_Review-g1023661-d6628696-Reviews-Oguriya-Tanabe_Wakayama_Prefecture_Kinki.html
Miyahsiro Auto Camping Site,645-0411,Wakayama Prefecture,620 Miyashiro Tanabe,,,http://www.tripadvisor.com/Hotel_Review-g1023661-d6726525-Reviews-Miyahsiro_Auto_Camping_Site-Tanabe_Wakayama_Prefecture_Kinki.html
Chuka Reimei,647-1703,Wakayama Prefecture,302 Hoguco Tanabe,,,http://www.tripadvisor.com/Hotel_Review-g1023661-d6961340-Reviews-Chuka_Reimei-Tanabe_Wakayama_Prefecture_Kinki.html
Takeya Ryokan,648-0064,Wakayama Prefecture,2-6-5 Hashimoto Hashimoto,,,http://www.tripadvisor.com/Hotel_Review-g1023669-d1112528-Reviews-Takeya_Ryokan-Hashimoto_Wakayama_Prefecture_Kinki.html
Kiimiso,648-0098,Wakayama Prefecture,115 Yagurawaki Hashimoto,24,$,http://www.tripadvisor.com/Hotel_Review-g1023669-d1878128-Reviews-Kiimiso-Hashimoto_Wakayama_Prefecture_Kinki.html
Hotel Route Inn Hashimoto,648-0073,Wakayama Prefecture,4-10-28_Ichiwaki Hashimoto,,$,http://www.tripadvisor.com/Hotel_Review-g1023669-d6495829-Reviews-Hotel_Route_Inn_Hashimoto-Hashimoto_Wakayama_Prefecture_Kinki.html
Hinomisaki Kokuminshukusha,644-0045,Wakayama Prefecture,2114 Mio Mihama-cho,,$,http://www.tripadvisor.com/Hotel_Review-g1121345-d1124589-Reviews-Hinomisaki_Kokuminshukusha-Mihama_cho_Hidaka_gun_Wakayama_Prefecture_Kinki.html
Business Hotel Green Hill Mihama,644-0044,Wakayama Prefecture,2193 Wada Mihama-cho,,$,http://www.tripadvisor.com/Hotel_Review-g1121345-d1485870-Reviews-Business_Hotel_Green_Hill_Mihama-Mihama_cho_Hidaka_gun_Wakayama_Prefecture_Kinki.html
Katsuraso,644-0045,Wakayama Prefecture,861 Mio Mihama-cho,,,http://www.tripadvisor.com/Hotel_Review-g1121345-d1485874-Reviews-Katsuraso-Mihama_cho_Hidaka_gun_Wakayama_Prefecture_Kinki.html
Z's House,644-0045,Wakayama Prefecture,79 Mio Mihama-cho,,,http://www.tripadvisor.com/Hotel_Review-g1121345-d2692860-Reviews-Z_s_House-Mihama_cho_Hidaka_gun_Wakayama_Prefecture_Kinki.html
Bungalow Strawberry Farm Shirasaki,649-1123,Wakayama Prefecture,845-4 Obiki Yura-cho,,,http://www.tripadvisor.com/Hotel_Review-g1121347-d1485881-Reviews-Bungalow_Strawberry_Farm_Shirasaki-Yura_cho_Hidaka_gun_Wakayama_Prefecture_Kinki.html
BizHotel紀伊由良,649-1104,Wakayama Prefecture,68 Enokoma Yura-cho,,$,http://www.tripadvisor.com/Hotel_Review-g1121347-d1485887-Reviews-BizHotel-Yura_cho_Hidaka_gun_Wakayama_Prefecture_Kinki.html
Hisaya Ryokan,649-1131,Wakayama Prefecture,490-1 Kobiki Yura-cho,,,http://www.tripadvisor.com/Hotel_Review-g1121347-d1485890-Reviews-Hisaya_Ryokan-Yura_cho_Hidaka_gun_Wakayama_Prefecture_Kinki.html
Shirasakiso,649-1123,Wakayama Prefecture,948-3 Obiki Yura-cho,9,$$,http://www.tripadvisor.com/Hotel_Review-g1121347-d1485894-Reviews-Shirasakiso-Yura_cho_Hidaka_gun_Wakayama_Prefecture_Kinki.html
Minato Ryokan,649-1132,Wakayama Prefecture,862-2 Ena Yura-cho,,$,http://www.tripadvisor.com/Hotel_Review-g1121347-d1485898-Reviews-Minato_Ryokan-Yura_cho_Hidaka_gun_Wakayama_Prefecture_Kinki.html
Sugoroku Ryokan,649-1132,Wakayama Prefecture,862-1 Ena Yura-cho,,$$,http://www.tripadvisor.com/Hotel_Review-g1121347-d1485901-Reviews-Sugoroku_Ryokan-Yura_cho_Hidaka_gun_Wakayama_Prefecture_Kinki.html
Terai Ryokan Harbor View,649-1134,Wakayama Prefecture,202 Totsui Yura-cho,,$,http://www.tripadvisor.com/Hotel_Review-g1121347-d1485905-Reviews-Terai_Ryokan_Harbor_View-Yura_cho_Hidaka_gun_Wakayama_Prefecture_Kinki.html
Ryokan Kurosima,649-1132,Wakayama Prefecture,973-2 Ena Yura-cho,,$$,http://www.tripadvisor.com/Hotel_Review-g1121347-d1910187-Reviews-Ryokan_Kurosima-Yura_cho_Hidaka_gun_Wakayama_Prefecture_Kinki.html
Hotel Miki,649-1121,Wakayama Prefecture,968-1 Fukei Yura-cho,,,http://www.tripadvisor.com/Hotel_Review-g1121347-d2692844-Reviews-Hotel_Miki-Yura_cho_Hidaka_gun_Wakayama_Prefecture_Kinki.html
Hirasakan,649-1121,Wakayama Prefecture,715 Fukei Yura-cho,,,http://www.tripadvisor.com/Hotel_Review-g1121347-d4550848-Reviews-Hirasakan-Yura_cho_Hidaka_gun_Wakayama_Prefecture_Kinki.html
Minshuku Iwasaki,649-1123,Wakayama Prefecture,332 Obiki Yura-cho,,,http://www.tripadvisor.com/Hotel_Review-g1121347-d4550855-Reviews-Minshuku_Iwasaki-Yura_cho_Hidaka_gun_Wakayama_Prefecture_Kinki.html
Takagaki Ryokan,649-1113,Wakayama Prefecture,219 Ato Yura-cho,,,http://www.tripadvisor.com/Hotel_Review-g1121347-d4551025-Reviews-Takagaki_Ryokan-Yura_cho_Hidaka_gun_Wakayama_Prefecture_Kinki.html
Mitsukiso,649-1103,Wakayama Prefecture,431 Monzen Yura-cho,,,http://www.tripadvisor.com/Hotel_Review-g1121347-d4551042-Reviews-Mitsukiso-Yura_cho_Hidaka_gun_Wakayama_Prefecture_Kinki.html
Ryokan Kannaso,649-1104,Wakayama Prefecture,332 Enokoma Yura-cho,,,http://www.tripadvisor.com/Hotel_Review-g1121347-d4551048-Reviews-Ryokan_Kannaso-Yura_cho_Hidaka_gun_Wakayama_Prefecture_Kinki.html
Kishu Minabe Royal Hotel,645-0012,Wakayama Prefecture,348 Yamauchi Ometsudomari Minabe-cho,314,$,http://www.tripadvisor.com/Hotel_Review-g1121349-d506990-Reviews-Kishu_Minabe_Royal_Hotel-Minabe_cho_Hidaka_gun_Wakayama_Prefecture_Kinki.html
Choei Tsurunoyu Onsen,645-0028 ,Wakayama Prefecture,47 Kumasegawa Minabe-cho,,$,http://www.tripadvisor.com/Hotel_Review-g1121349-d1238173-Reviews-Choei_Tsurunoyu_Onsen-Minabe_cho_Hidaka_gun_Wakayama_Prefecture_Kinki.html
Kishuji Minabe,645-0004,Wakayama Prefecture,1540 Haneta Minabe-cho,,,http://www.tripadvisor.com/Hotel_Review-g1121349-d1485921-Reviews-Kishuji_Minabe-Minabe_cho_Hidaka_gun_Wakayama_Prefecture_Kinki.html
Minshuku Nishikawa,645-0004,Wakayama Prefecture,1540-12 Haneta Minabe-cho,,,http://www.tripadvisor.com/Hotel_Review-g1121349-d1485922-Reviews-Minshuku_Nishikawa-Minabe_cho_Hidaka_gun_Wakayama_Prefecture_Kinki.html
Bay Hotel Asahiro,645-0004,Wakayama Prefecture,1589-2 Haneta Minabe-cho,,$,http://www.tripadvisor.com/Hotel_Review-g1121349-d1485925-Reviews-Bay_Hotel_Asahiro-Minabe_cho_Hidaka_gun_Wakayama_Prefecture_Kinki.html
Minsyuku Hama no ya,649-1225,Wakayama Prefecture,41 Katakui Hidaka-cho,,,http://www.tripadvisor.com/Hotel_Review-g1121346-d1878164-Reviews-Minsyuku_Hama_no_ya-Hidaka_cho_Hidaka_gun_Wakayama_Prefecture_Kinki.html
Seaside Ubuyu,649-1233,Wakayama Prefecture,122 Ubuyu Hidaka-cho,,$,http://www.tripadvisor.com/Hotel_Review-g1121346-d1910171-Reviews-Seaside_Ubuyu-Hidaka_cho_Hidaka_gun_Wakayama_Prefecture_Kinki.html
Minshuku Hamayu,649-1232,Wakayama Prefecture,623 Ao Hidaka-cho,,,http://www.tripadvisor.com/Hotel_Review-g1121346-d1910178-Reviews-Minshuku_Hamayu-Hidaka_cho_Hidaka_gun_Wakayama_Prefecture_Kinki.html
Ryoriyado Hashimotoso,649-1233,Wakayama Prefecture,736-1 Ubuyu Hidaka-cho,,$,http://www.tripadvisor.com/Hotel_Review-g1121346-d1910181-Reviews-Ryoriyado_Hashimotoso-Hidaka_cho_Hidaka_gun_Wakayama_Prefecture_Kinki.html
Pension Yukawa,649-1221,Wakayama Prefecture,"4381-3, Shiga Kashiwa Hidaka-cho",,,http://www.tripadvisor.com/Hotel_Review-g1121346-d2027956-Reviews-Pension_Yukawa-Hidaka_cho_Hidaka_gun_Wakayama_Prefecture_Kinki.html
Tsujii,649-1527,Wakayama Prefecture,2171-2 Shimada Inami-cho,,,http://www.tripadvisor.com/Hotel_Review-g1121348-d2027947-Reviews-Tsujii-Inami_cho_Hidaka_gun_Wakayama_Prefecture_Kinki.html
Kawabe Onsen Oyado Kisaku,649-1311,Wakayama Prefecture,894-1 Hyugawa Hidakagawa-cho,,$$,http://www.tripadvisor.com/Hotel_Review-g1121350-d1485926-Reviews-Kawabe_Onsen_Oyado_Kisaku-Hidakagawa_cho_Hidaka_gun_Wakayama_Prefecture_Kinki.html
Soganoya Ryokan,644-1122,Wakayama Prefecture,162 Takatsuo Hidakagawa-cho,,,http://www.tripadvisor.com/Hotel_Review-g1121350-d1485928-Reviews-Soganoya_Ryokan-Hidakagawa_cho_Hidaka_gun_Wakayama_Prefecture_Kinki.html
Lodge Kool,644-1122,Wakayama Prefecture,908 Takatsuo Hidakagawa-cho,,$,http://www.tripadvisor.com/Hotel_Review-g1121350-d1485930-Reviews-Lodge_Kool-Hidakagawa_cho_Hidaka_gun_Wakayama_Prefecture_Kinki.html
Cosmo Lodge,649-1443,Wakayama Prefecture,2107-1 Wasa Hidakagawa-cho,,$,http://www.tripadvisor.com/Hotel_Review-g1121350-d3434228-Reviews-Cosmo_Lodge-Hidakagawa_cho_Hidaka_gun_Wakayama_Prefecture_Kinki.html
Airokusou,644-1231,Wakayama Prefecture,202 Ubuyugawa Hidakagawa-cho,,,http://www.tripadvisor.com/Hotel_Review-g1121350-d3644730-Reviews-Airokusou-Hidakagawa_cho_Hidaka_gun_Wakayama_Prefecture_Kinki.html
Forest Inn Gobo,644-0032 ,Wakayama Prefecture,529 Iwauchi Gobo,110,$,http://www.tripadvisor.com/Hotel_Review-g1023662-d1084207-Reviews-Forest_Inn_Gobo-Gobo_Wakayama_Prefecture_Kinki.html
Ayame Ryokan,644-0002　,Wakayama Prefecture,273 Sono Gobo,,$,http://www.tripadvisor.com/Hotel_Review-g1023662-d1084316-Reviews-Ayame_Ryokan-Gobo_Wakayama_Prefecture_Kinki.html
Business Hotel Kinokuni,644-0012,Wakayama Prefecture,463-1 Komatsubara Yukawacho Gobo,,$,http://www.tripadvisor.com/Hotel_Review-g1023662-d1112482-Reviews-Business_Hotel_Kinokuni-Gobo_Wakayama_Prefecture_Kinki.html
Business Hotel Kameyama,644-0002,Wakayama Prefecture,455 Sono Gobo,,,http://www.tripadvisor.com/Hotel_Review-g1023662-d1112489-Reviews-Business_Hotel_Kameyama-Gobo_Wakayama_Prefecture_Kinki.html
Business Hotel Central,644-0011,Wakayama Prefecture,722-5 Takara Yukawacho Gobo,,$,http://www.tripadvisor.com/Hotel_Review-g1023662-d1112513-Reviews-Business_Hotel_Central-Gobo_Wakayama_Prefecture_Kinki.html
Dock Connect,644-0021,Wakayama Prefecture,356-8 Nadachokusui Gobo,,,http://www.tripadvisor.com/Hotel_Review-g1023662-d1112525-Reviews-Dock_Connect-Gobo_Wakayama_Prefecture_Kinki.html
Gobo ekimae business hotel Kiwa,644-0012,Wakayama Prefecture,"366-27 Komatsubara, Yukawacho Gobo",,,http://www.tripadvisor.com/Hotel_Review-g1023662-d2526904-Reviews-Gobo_ekimae_business_hotel_Kiwa-Gobo_Wakayama_Prefecture_Kinki.html
Pension Uemichi,644-0025,Wakayama Prefecture,1825-14 Shioyachokitashioya Gobo,,,http://www.tripadvisor.com/Hotel_Review-g1023662-d2537011-Reviews-Pension_Uemichi-Gobo_Wakayama_Prefecture_Kinki.html
Hotel Ito,649-6226,Wakayama Prefecture,83 Miya Iwade,,$$,http://www.tripadvisor.com/Hotel_Review-g1023670-d1112531-Reviews-Hotel_Ito-Iwade_Wakayama_Prefecture_Kinki.html
Negoro Onsen Kokubuya,649-6202,Wakayama Prefecture,1446 Negoro Iwade,,$,http://www.tripadvisor.com/Hotel_Review-g1023670-d1878134-Reviews-Negoro_Onsen_Kokubuya-Iwade_Wakayama_Prefecture_Kinki.html
Hotel Ginsui,649-2211 ,Wakayama Prefecture,1356-3 Shirahama-cho,,$,http://www.tripadvisor.com/Hotel_Review-g1121351-d1013802-Reviews-Hotel_Ginsui-Shirahama_cho_Nishimuro_gun_Wakayama_Prefecture_Kinki.html
Hotel Green Hill Shirahama,649-2211,Wakayama Prefecture,2018 Shirahama-cho,79,$$,http://www.tripadvisor.com/Hotel_Review-g1121351-d1088048-Reviews-Hotel_Green_Hill_Shirahama-Shirahama_cho_Nishimuro_gun_Wakayama_Prefecture_Kinki.html
Beach Hotel Shirarahama,649-2200,Wakayama Prefecture,1353 Shirahama-cho,,$,http://www.tripadvisor.com/Hotel_Review-g1121351-d1124600-Reviews-Beach_Hotel_Shirarahama-Shirahama_cho_Nishimuro_gun_Wakayama_Prefecture_Kinki.html
Hotel Kawakyu,649-2211,Wakayama Prefecture,3745 Shirahama-cho,88,$$,http://www.tripadvisor.com/Hotel_Review-g1121351-d1124605-Reviews-Hotel_Kawakyu-Shirahama_cho_Nishimuro_gun_Wakayama_Prefecture_Kinki.html
Hotel Koganoi,649-2211,Wakayama Prefecture,3753 Shirahama-cho,103,$$,http://www.tripadvisor.com/Hotel_Review-g1121351-d1124612-Reviews-Hotel_Koganoi-Shirahama_cho_Nishimuro_gun_Wakayama_Prefecture_Kinki.html
Hotel Marquise,649-2211,Wakayama Prefecture,1905 Shirahama-cho,,,http://www.tripadvisor.com/Hotel_Review-g1121351-d1124616-Reviews-Hotel_Marquise-Shirahama_cho_Nishimuro_gun_Wakayama_Prefecture_Kinki.html
Hotel President Shirahama,649-2211,Wakayama Prefecture,2927 Sandan Shirahama-cho,19,$,http://www.tripadvisor.com/Hotel_Review-g1121351-d1124620-Reviews-Hotel_President_Shirahama-Shirahama_cho_Nishimuro_gun_Wakayama_Prefecture_Kinki.html
Hotel Sanrakuso,649-2211,Wakayama Prefecture,3078 Shirahama-cho,90,$,http://www.tripadvisor.com/Hotel_Review-g1121351-d1124623-Reviews-Hotel_Sanrakuso-Shirahama_cho_Nishimuro_gun_Wakayama_Prefecture_Kinki.html
KKR Shirahama Mihamaso,649-2211,Wakayama Prefecture,1564-2 Shirahama-cho,,$,http://www.tripadvisor.com/Hotel_Review-g1121351-d1124626-Reviews-KKR_Shirahama_Mihamaso-Shirahama_cho_Nishimuro_gun_Wakayama_Prefecture_Kinki.html
Shirasuna,649-2211,Wakayama Prefecture,2998-24 Shirahama-cho,,$$$,http://www.tripadvisor.com/Hotel_Review-g1121351-d1124628-Reviews-Shirasuna-Shirahama_cho_Nishimuro_gun_Wakayama_Prefecture_Kinki.html
Musashi,649-2211,Wakayama Prefecture,868 Shirahama-cho,185,$,http://www.tripadvisor.com/Hotel_Review-g1121351-d1124631-Reviews-Musashi-Shirahama_cho_Nishimuro_gun_Wakayama_Prefecture_Kinki.html
Coganoi Bay Hotel,649-2211,Wakayama Prefecture,3212-1 Shirahama-cho,172,$$,http://www.tripadvisor.com/Hotel_Review-g1121351-d1124636-Reviews-Coganoi_Bay_Hotel-Shirahama_cho_Nishimuro_gun_Wakayama_Prefecture_Kinki.html
Hotel Shirahama,649-2211,Wakayama Prefecture,813 Shirahama-cho,,$,http://www.tripadvisor.com/Hotel_Review-g1121351-d1124638-Reviews-Hotel_Shirahama-Shirahama_cho_Nishimuro_gun_Wakayama_Prefecture_Kinki.html
Minshuku A Course,649-2211,Wakayama Prefecture,1091-6 Shirahama-cho,30,$,http://www.tripadvisor.com/Hotel_Review-g1121351-d1124641-Reviews-Minshuku_A_Course-Shirahama_cho_Nishimuro_gun_Wakayama_Prefecture_Kinki.html
Auberge Do Ebisu,649-2201,Wakayama Prefecture,2500-97 Katata Shirahama-cho,,$,http://www.tripadvisor.com/Hotel_Review-g1121351-d1124665-Reviews-Auberge_Do_Ebisu-Shirahama_cho_Nishimuro_gun_Wakayama_Prefecture_Kinki.html
Ryokan Mantei,649-2211,Wakayama Prefecture,920-16 Shirahama-cho,,,http://www.tripadvisor.com/Hotel_Review-g1121351-d1124668-Reviews-Ryokan_Mantei-Shirahama_cho_Nishimuro_gun_Wakayama_Prefecture_Kinki.html
Ryokan Yamanoyado,649-2325,Wakayama Prefecture,1615-71 Tonda Shirahama-cho,,,http://www.tripadvisor.com/Hotel_Review-g1121351-d1124671-Reviews-Ryokan_Yamanoyado-Shirahama_cho_Nishimuro_gun_Wakayama_Prefecture_Kinki.html
Shirahama Seaside Hotel,649-2211,Wakayama Prefecture,3750-2 Shirahama-cho,91,$,http://www.tripadvisor.com/Hotel_Review-g1121351-d1124675-Reviews-Shirahama_Seaside_Hotel-Shirahama_cho_Nishimuro_gun_Wakayama_Prefecture_Kinki.html
Shirasagi,649-2326,Wakayama Prefecture,1056-22 Tsubaki Shirahama-cho,,$,http://www.tripadvisor.com/Hotel_Review-g1121351-d1124676-Reviews-Shirasagi-Shirahama_cho_Nishimuro_gun_Wakayama_Prefecture_Kinki.html
Hotel Sogo,649-2211,Wakayama Prefecture,911-3 Shirahama-cho,,$,http://www.tripadvisor.com/Hotel_Review-g1121351-d1124678-Reviews-Hotel_Sogo-Shirahama_cho_Nishimuro_gun_Wakayama_Prefecture_Kinki.html
Mifune,649-2211,Wakayama Prefecture,1165-1 Shirahama-cho,,$,http://www.tripadvisor.com/Hotel_Review-g1121351-d1124680-Reviews-Mifune-Shirahama_cho_Nishimuro_gun_Wakayama_Prefecture_Kinki.html
Hotel Seamore,649-2211,Wakayama Prefecture,1821 Shirahama-cho,164,$$,http://www.tripadvisor.com/Hotel_Review-g1121351-d1124683-Reviews-Hotel_Seamore-Shirahama_cho_Nishimuro_gun_Wakayama_Prefecture_Kinki.html
Yuzakikan,649-2211,Wakayama Prefecture,1903 Shirahama-cho,,$$,http://www.tripadvisor.com/Hotel_Review-g1121351-d1124685-Reviews-Yuzakikan-Shirahama_cho_Nishimuro_gun_Wakayama_Prefecture_Kinki.html
Yasuragiso,649-2211 ,Wakayama Prefecture,3212-12 Shirahama-cho,,,http://www.tripadvisor.com/Hotel_Review-g1121351-d1162018-Reviews-Yasuragiso-Shirahama_cho_Nishimuro_gun_Wakayama_Prefecture_Kinki.html
Resort Hotel Laforet Nankishirahama,649-2211,Wakayama Prefecture,2428 Shirahama-cho,182,$$,http://www.tripadvisor.com/Hotel_Review-g1121351-d1165610-Reviews-Resort_Hotel_Laforet_Nankishirahama-Shirahama_cho_Nishimuro_gun_Wakayama_Prefecture_K.html
Kaishu,649-2211,Wakayama Prefecture,1698-1 Shirahama-cho,109,$$$$,http://www.tripadvisor.com/Hotel_Review-g1121351-d1165615-Reviews-Kaishu-Shirahama_cho_Nishimuro_gun_Wakayama_Prefecture_Kinki.html
Shiraraso Grand Hotel,649-2211,Wakayama Prefecture,868-40 Shirahama-cho,100,$$,http://www.tripadvisor.com/Hotel_Review-g1121351-d1165617-Reviews-Shiraraso_Grand_Hotel-Shirahama_cho_Nishimuro_gun_Wakayama_Prefecture_Kinki.html
Godaikan Nanki Shirahama,649-2201,Wakayama Prefecture,2500-99 Katata Shirahama-cho,,,http://www.tripadvisor.com/Hotel_Review-g1121351-d1171436-Reviews-Godaikan_Nanki_Shirahama-Shirahama_cho_Nishimuro_gun_Wakayama_Prefecture_Kinki.html
Yanagiya,649-2211,Wakayama Prefecture,1870 Shirahama-cho,56,$$,http://www.tripadvisor.com/Hotel_Review-g1121351-d1171439-Reviews-Yanagiya-Shirahama_cho_Nishimuro_gun_Wakayama_Prefecture_Kinki.html
Grampus Inn Shirahama,649-2211,Wakayama Prefecture,2953-3 Senjojiki Shirahama-cho,,$,http://www.tripadvisor.com/Hotel_Review-g1121351-d1171441-Reviews-Grampus_Inn_Shirahama-Shirahama_cho_Nishimuro_gun_Wakayama_Prefecture_Kinki.html
Kurhous Shirahama,649-2211,Wakayama Prefecture,3102 Shirahama-cho,42,$$,http://www.tripadvisor.com/Hotel_Review-g1121351-d1171447-Reviews-Kurhous_Shirahama-Shirahama_cho_Nishimuro_gun_Wakayama_Prefecture_Kinki.html
Shirahamakan,649-2211,Wakayama Prefecture,1379 Shirahama-cho,,$,http://www.tripadvisor.com/Hotel_Review-g1121351-d1171451-Reviews-Shirahamakan-Shirahama_cho_Nishimuro_gun_Wakayama_Prefecture_Kinki.html
Kaiyutei,649-2211,Wakayama Prefecture,2020 Shirahama-cho,,$$$$,http://www.tripadvisor.com/Hotel_Review-g1121351-d1171452-Reviews-Kaiyutei-Shirahama_cho_Nishimuro_gun_Wakayama_Prefecture_Kinki.html
Hotel Hanakazari,649-2211,Wakayama Prefecture,1243 Shirahama-cho,,$$,http://www.tripadvisor.com/Hotel_Review-g1121351-d1171456-Reviews-Hotel_Hanakazari-Shirahama_cho_Nishimuro_gun_Wakayama_Prefecture_Kinki.html
JR Shirahama Kuroshioso,649-2208,Wakayama Prefecture,3768-1 Kogaura Shirahama-cho,,$$,http://www.tripadvisor.com/Hotel_Review-g1121351-d1230639-Reviews-JR_Shirahama_Kuroshioso-Shirahama_cho_Nishimuro_gun_Wakayama_Prefecture_Kinki.html
Shirahamagyoen,649-2200 ,Wakayama Prefecture,1011 Shirahama-cho Shirahama-cho,144,$$,http://www.tripadvisor.com/Hotel_Review-g1121351-d1405689-Reviews-Shirahamagyoen-Shirahama_cho_Nishimuro_gun_Wakayama_Prefecture_Kinki.html
Minshuku Noa,649-2211,Wakayama Prefecture,1197-64 Shirahama-cho,,$,http://www.tripadvisor.com/Hotel_Review-g1121351-d1482759-Reviews-Minshuku_Noa-Shirahama_cho_Nishimuro_gun_Wakayama_Prefecture_Kinki.html
Shirahae,649-2211,Wakayama Prefecture,2022 Shirahama-cho,,$$$$,http://www.tripadvisor.com/Hotel_Review-g1121351-d1485932-Reviews-Shirahae-Shirahama_cho_Nishimuro_gun_Wakayama_Prefecture_Kinki.html
Kishuji,649-2211,Wakayama Prefecture,3018-2 Shirahama-cho,,$$,http://www.tripadvisor.com/Hotel_Review-g1121351-d1485934-Reviews-Kishuji-Shirahama_cho_Nishimuro_gun_Wakayama_Prefecture_Kinki.html
Hotel Bay Lily,649-2211,Wakayama Prefecture,3770 Koganoura Shirahama-cho,,$,http://www.tripadvisor.com/Hotel_Review-g1121351-d1485936-Reviews-Hotel_Bay_Lily-Shirahama_cho_Nishimuro_gun_Wakayama_Prefecture_Kinki.html
Log House Kirin,649-2211,Wakayama Prefecture,404 Shirahama-cho,,$,http://www.tripadvisor.com/Hotel_Review-g1121351-d1485940-Reviews-Log_House_Kirin-Shirahama_cho_Nishimuro_gun_Wakayama_Prefecture_Kinki.html
Albergo Nishikiya,649-2211,Wakayama Prefecture,1356-13 Shirahama-cho,,,http://www.tripadvisor.com/Hotel_Review-g1121351-d1485955-Reviews-Albergo_Nishikiya-Shirahama_cho_Nishimuro_gun_Wakayama_Prefecture_Kinki.html
Boyokaku,649-2211,Wakayama Prefecture,3742 Shirahama-cho,,,http://www.tripadvisor.com/Hotel_Review-g1121351-d1485958-Reviews-Boyokaku-Shirahama_cho_Nishimuro_gun_Wakayama_Prefecture_Kinki.html
Hotel Tenzankaku Yurakuan,649-2211,Wakayama Prefecture,2927-553 Shirahama-cho,,$$$,http://www.tripadvisor.com/Hotel_Review-g1121351-d1485967-Reviews-Hotel_Tenzankaku_Yurakuan-Shirahama_cho_Nishimuro_gun_Wakayama_Prefecture_Kinki.html
Maedaya,649-2536,Wakayama Prefecture,869-33 Hisagi Shirahama-cho,,,http://www.tripadvisor.com/Hotel_Review-g1121351-d1485972-Reviews-Maedaya-Shirahama_cho_Nishimuro_gun_Wakayama_Prefecture_Kinki.html
New Port Club,649-2201,Wakayama Prefecture,2500-127 Katata Shirahama-cho,,$,http://www.tripadvisor.com/Hotel_Review-g1121351-d1485984-Reviews-New_Port_Club-Shirahama_cho_Nishimuro_gun_Wakayama_Prefecture_Kinki.html
Asahiya,649-2536,Wakayama Prefecture,317 Hisagi Shirahama-cho,,$,http://www.tripadvisor.com/Hotel_Review-g1121351-d1485992-Reviews-Asahiya-Shirahama_cho_Nishimuro_gun_Wakayama_Prefecture_Kinki.html
Business Hotel Shirahama,649-2211,Wakayama Prefecture,2867-1 Shirahama-cho,,,http://www.tripadvisor.com/Hotel_Review-g1121351-d1485993-Reviews-Business_Hotel_Shirahama-Shirahama_cho_Nishimuro_gun_Wakayama_Prefecture_Kinki.html
Hamabo,649-2211,Wakayama Prefecture,49-1 Shirahama-cho,,$$,http://www.tripadvisor.com/Hotel_Review-g1121351-d1485996-Reviews-Hamabo-Shirahama_cho_Nishimuro_gun_Wakayama_Prefecture_Kinki.html
Kanponoyado Shirahama,649-2211,Wakayama Prefecture,1688-2 Shirahama-cho,,$,http://www.tripadvisor.com/Hotel_Review-g1121351-d1486001-Reviews-Kanponoyado_Shirahama-Shirahama_cho_Nishimuro_gun_Wakayama_Prefecture_Kinki.html
Sakinoya,649-2200,Wakayama Prefecture,2998-74 Yuzaki Shirahama-cho,,$,http://www.tripadvisor.com/Hotel_Review-g1121351-d1486004-Reviews-Sakinoya-Shirahama_cho_Nishimuro_gun_Wakayama_Prefecture_Kinki.html
Ocean House Shimogawara,649-2211,Wakayama Prefecture,2998-93 Shirahama-cho,,$$,http://www.tripadvisor.com/Hotel_Review-g1121351-d1486009-Reviews-Ocean_House_Shimogawara-Shirahama_cho_Nishimuro_gun_Wakayama_Prefecture_Kinki.html
Morino Oyado,646-0312,Wakayama Prefecture,880-2 O Shirahama-cho,,$,http://www.tripadvisor.com/Hotel_Review-g1121351-d1486011-Reviews-Morino_Oyado-Shirahama_cho_Nishimuro_gun_Wakayama_Prefecture_Kinki.html
Hotel Freegate Shirahama,649-2211,Wakayama Prefecture,1252-11 Shirahama-cho,,$,http://www.tripadvisor.com/Hotel_Review-g1121351-d1486027-Reviews-Hotel_Freegate_Shirahama-Shirahama_cho_Nishimuro_gun_Wakayama_Prefecture_Kinki.html
Shirara,649-2211,Wakayama Prefecture,1359-2 Shirahama-cho,,$,http://www.tripadvisor.com/Hotel_Review-g1121351-d1486031-Reviews-Shirara-Shirahama_cho_Nishimuro_gun_Wakayama_Prefecture_Kinki.html
Minshuku Kotobuki,649-2211,Wakayama Prefecture,3742-9 Shirahama-cho,,$$$,http://www.tripadvisor.com/Hotel_Review-g1121351-d1486033-Reviews-Minshuku_Kotobuki-Shirahama_cho_Nishimuro_gun_Wakayama_Prefecture_Kinki.html
Pension Italiana 2,649-2211,Wakayama Prefecture,771-1 Shirahama-cho,,$,http://www.tripadvisor.com/Hotel_Review-g1121351-d1486037-Reviews-Pension_Italiana_2-Shirahama_cho_Nishimuro_gun_Wakayama_Prefecture_Kinki.html
Minshuku Shiosai,649-2211,Wakayama Prefecture,53-1 Shirahama-cho,,$$,http://www.tripadvisor.com/Hotel_Review-g1121351-d1486042-Reviews-Minshuku_Shiosai-Shirahama_cho_Nishimuro_gun_Wakayama_Prefecture_Kinki.html
Resort House Akatsuki,649-2211,Wakayama Prefecture,2646 Shirahama-cho,,$,http://www.tripadvisor.com/Hotel_Review-g1121351-d1486076-Reviews-Resort_House_Akatsuki-Shirahama_cho_Nishimuro_gun_Wakayama_Prefecture_Kinki.html
The Hotel Shirahama,649-2211,Wakayama Prefecture,2998-65 Shirahama-cho,11,$$,http://www.tripadvisor.com/Hotel_Review-g1121351-d1486082-Reviews-The_Hotel_Shirahama-Shirahama_cho_Nishimuro_gun_Wakayama_Prefecture_Kinki.html
Shukkuran,649-2211,Wakayama Prefecture,2926-421 Urikiri Shirahama-cho,,$$$,http://www.tripadvisor.com/Hotel_Review-g1121351-d1553724-Reviews-Shukkuran-Shirahama_cho_Nishimuro_gun_Wakayama_Prefecture_Kinki.html
Rivage Spa Hikigawa,649-2511 ,Wakayama Prefecture,"1013-25 Hiki, Shirahama-cho",,$$,http://www.tripadvisor.com/Hotel_Review-g1121351-d1583423-Reviews-Rivage_Spa_Hikigawa-Shirahama_cho_Nishimuro_gun_Wakayama_Prefecture_Kinki.html
Yukai Resort Hotel Senjo,649-2211,Wakayama Prefecture,1680-1 Shirahama-cho,145,$$,http://www.tripadvisor.com/Hotel_Review-g1121351-d1588320-Reviews-Yukai_Resort_Hotel_Senjo-Shirahama_cho_Nishimuro_gun_Wakayama_Prefecture_Kinki.html
Azumaya,649-2200,Wakayama Prefecture,1063-17 Sanbashi Shirahama-cho,,$$,http://www.tripadvisor.com/Hotel_Review-g1121351-d1600021-Reviews-Azumaya-Shirahama_cho_Nishimuro_gun_Wakayama_Prefecture_Kinki.html
Pension Oomiya,649-2200,Wakayama Prefecture,2926-728 Shirahama-cho,,,http://www.tripadvisor.com/Hotel_Review-g1121351-d1600022-Reviews-Pension_Oomiya-Shirahama_cho_Nishimuro_gun_Wakayama_Prefecture_Kinki.html
Toretore Village,649-2201,Wakayama Prefecture,2498-1 Katada Shirahamacho Shirahama-cho,72,$$,http://www.tripadvisor.com/Hotel_Review-g1121351-d1652949-Reviews-Toretore_Village-Shirahama_cho_Nishimuro_gun_Wakayama_Prefecture_Kinki.html
Pension Pocket,649-2211,Wakayama Prefecture,1279-1 Shirahamacho Shirahama-cho,,$,http://www.tripadvisor.com/Hotel_Review-g1121351-d1790066-Reviews-Pension_Pocket-Shirahama_cho_Nishimuro_gun_Wakayama_Prefecture_Kinki.html
LuanDon Shirahama,649-2211,Wakayama Prefecture,3354-9 Shirahama-cho,11,$$,http://www.tripadvisor.com/Hotel_Review-g1121351-d1863586-Reviews-LuanDon_Shirahama-Shirahama_cho_Nishimuro_gun_Wakayama_Prefecture_Kinki.html
Meson Shirahama Isodokei,649-2211,Wakayama Prefecture,3749-11 Shirahamacho Shirahama-cho,,$,http://www.tripadvisor.com/Hotel_Review-g1121351-d1864142-Reviews-Meson_Shirahama_Isodokei-Shirahama_cho_Nishimuro_gun_Wakayama_Prefecture_Kinki.html
Hotel Meiko,649-2211,Wakayama Prefecture,920-26 Shirahama-cho,,,http://www.tripadvisor.com/Hotel_Review-g1121351-d1864144-Reviews-Hotel_Meiko-Shirahama_cho_Nishimuro_gun_Wakayama_Prefecture_Kinki.html
Hotel Sun Resort Shirahama,649-2201,Wakayama Prefecture,2500-185 Katata Shirahama-cho,,$,http://www.tripadvisor.com/Hotel_Review-g1121351-d1869930-Reviews-Hotel_Sun_Resort_Shirahama-Shirahama_cho_Nishimuro_gun_Wakayama_Prefecture_Kinki.html
Kikuya Ryokan,649-2211,Wakayama Prefecture,2997-9 Shirahama-cho,,$,http://www.tripadvisor.com/Hotel_Review-g1121351-d1878174-Reviews-Kikuya_Ryokan-Shirahama_cho_Nishimuro_gun_Wakayama_Prefecture_Kinki.html
Umitsubakihayama,649-2326,Wakayama Prefecture,1063-20 Tsubaki Shirahama-cho,,$$$,http://www.tripadvisor.com/Hotel_Review-g1121351-d1878179-Reviews-Umitsubakihayama-Shirahama_cho_Nishimuro_gun_Wakayama_Prefecture_Kinki.html
Shirahama Onsen Hamashokan,649-2211,Wakayama Prefecture,2126-7 Shirahama-cho,,,http://www.tripadvisor.com/Hotel_Review-g1121351-d1878193-Reviews-Shirahama_Onsen_Hamashokan-Shirahama_cho_Nishimuro_gun_Wakayama_Prefecture_Kinki.html
Minshuku Katsuya,649-2211,Wakayama Prefecture,3118-5 Shirahama Shirahama-cho,,,http://www.tripadvisor.com/Hotel_Review-g1121351-d1888164-Reviews-Minshuku_Katsuya-Shirahama_cho_Nishimuro_gun_Wakayama_Prefecture_Kinki.html
Minshuku Akira,649-2200,Wakayama Prefecture,1359-5 Shirahama-cho,,$$,http://www.tripadvisor.com/Hotel_Review-g1121351-d1910193-Reviews-Minshuku_Akira-Shirahama_cho_Nishimuro_gun_Wakayama_Prefecture_Kinki.html
Pension Hamakaze,649-2211,Wakayama Prefecture,394-1 Shirahama-cho,,$,http://www.tripadvisor.com/Hotel_Review-g1121351-d1910198-Reviews-Pension_Hamakaze-Shirahama_cho_Nishimuro_gun_Wakayama_Prefecture_Kinki.html
Pension Omodaka,649-2211,Wakayama Prefecture,3212-11 Shirahama-cho,,$,http://www.tripadvisor.com/Hotel_Review-g1121351-d1910204-Reviews-Pension_Omodaka-Shirahama_cho_Nishimuro_gun_Wakayama_Prefecture_Kinki.html
Business Hotel Meison,649-2211,Wakayama Prefecture,813-2 Shirahama-cho,,,http://www.tripadvisor.com/Hotel_Review-g1121351-d1910209-Reviews-Business_Hotel_Meison-Shirahama_cho_Nishimuro_gun_Wakayama_Prefecture_Kinki.html
Pension Santa Monica,649-2211,Wakayama Prefecture,2998-34 Shirahama-cho,,,http://www.tripadvisor.com/Hotel_Review-g1121351-d1910214-Reviews-Pension_Santa_Monica-Shirahama_cho_Nishimuro_gun_Wakayama_Prefecture_Kinki.html
Villa Ocean View,649-2211,Wakayama Prefecture,2533-1 Shirahama-cho,,,http://www.tripadvisor.com/Hotel_Review-g1121351-d1910221-Reviews-Villa_Ocean_View-Shirahama_cho_Nishimuro_gun_Wakayama_Prefecture_Kinki.html
Pension Nangoku,649-2211,Wakayama Prefecture,2927-1734 Shirahama-cho,,$,http://www.tripadvisor.com/Hotel_Review-g1121351-d1910229-Reviews-Pension_Nangoku-Shirahama_cho_Nishimuro_gun_Wakayama_Prefecture_Kinki.html
Ryori Minshuku Ura,649-2211,Wakayama Prefecture,3300-14 Shirahama-cho,,$$,http://www.tripadvisor.com/Hotel_Review-g1121351-d1910235-Reviews-Ryori_Minshuku_Ura-Shirahama_cho_Nishimuro_gun_Wakayama_Prefecture_Kinki.html
Minshuku Aisu,649-2211,Wakayama Prefecture,896 Shirahama-cho,,$,http://www.tripadvisor.com/Hotel_Review-g1121351-d1910241-Reviews-Minshuku_Aisu-Shirahama_cho_Nishimuro_gun_Wakayama_Prefecture_Kinki.html
Minshuku Rinkai,649-2211,Wakayama Prefecture,453-4 Rinkai Shirahama-cho,,$,http://www.tripadvisor.com/Hotel_Review-g1121351-d1910243-Reviews-Minshuku_Rinkai-Shirahama_cho_Nishimuro_gun_Wakayama_Prefecture_Kinki.html
Minshuku 2600 ban,649-2211,Wakayama Prefecture,1404-4 Shirahama-cho,,,http://www.tripadvisor.com/Hotel_Review-g1121351-d1910247-Reviews-Minshuku_2600_ban-Shirahama_cho_Nishimuro_gun_Wakayama_Prefecture_Kinki.html
Minshuku Goko,649-2211,Wakayama Prefecture,3340-19 Miyukidori Shirahama-cho,,$$,http://www.tripadvisor.com/Hotel_Review-g1121351-d1910254-Reviews-Minshuku_Goko-Shirahama_cho_Nishimuro_gun_Wakayama_Prefecture_Kinki.html
Minshuku Fusha,649-2211,Wakayama Prefecture,2319-6 Shirahama-cho,,$$$,http://www.tripadvisor.com/Hotel_Review-g1121351-d1910259-Reviews-Minshuku_Fusha-Shirahama_cho_Nishimuro_gun_Wakayama_Prefecture_Kinki.html
Onsen Minshuku Bokai,649-2211,Wakayama Prefecture,2324-2 Shirahama-cho,,$$,http://www.tripadvisor.com/Hotel_Review-g1121351-d1910261-Reviews-Onsen_Minshuku_Bokai-Shirahama_cho_Nishimuro_gun_Wakayama_Prefecture_Kinki.html
Pension Shirahama,649-2211,Wakayama Prefecture,171-6 Shirahama-cho,,$,http://www.tripadvisor.com/Hotel_Review-g1121351-d1910264-Reviews-Pension_Shirahama-Shirahama_cho_Nishimuro_gun_Wakayama_Prefecture_Kinki.html
Minshuku Matsukaze,649-2211,Wakayama Prefecture,2927-561 Shirahama-cho,,$,http://www.tripadvisor.com/Hotel_Review-g1121351-d1910266-Reviews-Minshuku_Matsukaze-Shirahama_cho_Nishimuro_gun_Wakayama_Prefecture_Kinki.html
Tsubakiso,649-2326,Wakayama Prefecture,1056-17 Tsubaki Shirahama-cho,,$$,http://www.tripadvisor.com/Hotel_Review-g1121351-d1910268-Reviews-Tsubakiso-Shirahama_cho_Nishimuro_gun_Wakayama_Prefecture_Kinki.html
Wakatake,649-2326,Wakayama Prefecture,1062-8 Tsubaki Shirahama-cho,4,$,http://www.tripadvisor.com/Hotel_Review-g1121351-d2018795-Reviews-Wakatake-Shirahama_cho_Nishimuro_gun_Wakayama_Prefecture_Kinki.html
Ichiezakiso,649-2511,Wakayama Prefecture,"1573-4, Hiki Shirahama-cho",,,http://www.tripadvisor.com/Hotel_Review-g1121351-d2023973-Reviews-Ichiezakiso-Shirahama_cho_Nishimuro_gun_Wakayama_Prefecture_Kinki.html
Minshuku Seto,649-2211,Wakayama Prefecture,842 Shirahama-cho,,,http://www.tripadvisor.com/Hotel_Review-g1121351-d2027936-Reviews-Minshuku_Seto-Shirahama_cho_Nishimuro_gun_Wakayama_Prefecture_Kinki.html
Minshuku Maruki Honkan,649-2211,Wakayama Prefecture,508-7 Rinkai Shirahama-cho,,,http://www.tripadvisor.com/Hotel_Review-g1121351-d2027938-Reviews-Minshuku_Maruki_Honkan-Shirahama_cho_Nishimuro_gun_Wakayama_Prefecture_Kinki.html
New Oshidori,649-2200,Wakayama Prefecture,1407 Shinchi Shirahama-cho,,,http://www.tripadvisor.com/Hotel_Review-g1121351-d2036363-Reviews-New_Oshidori-Shirahama_cho_Nishimuro_gun_Wakayama_Prefecture_Kinki.html
Kokuminshukusha Hirami,649-2326,Wakayama Prefecture,1063-10 Tsubaki Shirahama-cho,,,http://www.tripadvisor.com/Hotel_Review-g1121351-d2037629-Reviews-Kokuminshukusha_Hirami-Shirahama_cho_Nishimuro_gun_Wakayama_Prefecture_Kinki.html
Minshuku Maruki Bekkan,649-2211,Wakayama Prefecture,3600-5 Rinkai Shirahama-cho,,,http://www.tripadvisor.com/Hotel_Review-g1121351-d2069156-Reviews-Minshuku_Maruki_Bekkan-Shirahama_cho_Nishimuro_gun_Wakayama_Prefecture_Kinki.html
Petit Shirahama,649-2211,Wakayama Prefecture,1335-60 Shirahama-cho,,$,http://www.tripadvisor.com/Hotel_Review-g1121351-d2258759-Reviews-Petit_Shirahama-Shirahama_cho_Nishimuro_gun_Wakayama_Prefecture_Kinki.html
Asahi Resort Hotel Shirahama,649-2104,Wakayama Prefecture,768 Iwasaki Kamitonda-cho,,$,http://www.tripadvisor.com/Hotel_Review-g1121352-d1486085-Reviews-Asahi_Resort_Hotel_Shirahama-Kamitonda_cho_Nishimuro_gun_Wakayama_Prefecture_Kinki.html
Hotel Bellevedere,649-2621,Wakayama Prefecture,4857-3 Susami Susami-cho,38,$$,http://www.tripadvisor.com/Hotel_Review-g1121354-d1124687-Reviews-Hotel_Bellevedere-Susami_cho_Nishimuro_gun_Wakayama_Prefecture_Kinki.html
Hotel Sea Palace,649-2621,Wakayama Prefecture,4857 Susami Susami-cho,,,http://www.tripadvisor.com/Hotel_Review-g1121354-d1124690-Reviews-Hotel_Sea_Palace-Susami_cho_Nishimuro_gun_Wakayama_Prefecture_Kinki.html
Kotonotakiso,649-2621,Wakayama Prefecture,55 Susami Susami-cho,,$$,http://www.tripadvisor.com/Hotel_Review-g1121354-d1171454-Reviews-Kotonotakiso-Susami_cho_Nishimuro_gun_Wakayama_Prefecture_Kinki.html
Akiba Nanguan,649-2621,Wakayama Prefecture,5345-1 Susami Susami-cho,,$$$$,http://www.tripadvisor.com/Hotel_Review-g1121354-d1486090-Reviews-Akiba_Nanguan-Susami_cho_Nishimuro_gun_Wakayama_Prefecture_Kinki.html
Karekinada Susami,649-2621,Wakayama Prefecture,5351-10 Susami Susami-cho,,$,http://www.tripadvisor.com/Hotel_Review-g1121354-d1486094-Reviews-Karekinada_Susami-Susami_cho_Nishimuro_gun_Wakayama_Prefecture_Kinki.html
Family Lodge Susami,649-3143,Wakayama Prefecture,959-1 Satono Susami-cho,,,http://www.tripadvisor.com/Hotel_Review-g1121354-d1486096-Reviews-Family_Lodge_Susami-Susami_cho_Nishimuro_gun_Wakayama_Prefecture_Kinki.html
Minshuku Kawabe,649-2621,Wakayama Prefecture,4483-5 Susami Susami-cho,,$,http://www.tripadvisor.com/Hotel_Review-g1121354-d1910269-Reviews-Minshuku_Kawabe-Susami_cho_Nishimuro_gun_Wakayama_Prefecture_Kinki.html
Minshuku Nakata,649-3141,Wakayama Prefecture,415 Mirozu Susami-cho,,,http://www.tripadvisor.com/Hotel_Review-g1121354-d2692842-Reviews-Minshuku_Nakata-Susami_cho_Nishimuro_gun_Wakayama_Prefecture_Kinki.html
Sushichuu,649-0304,Wakayama Prefecture,443 Minoshima Arida,,,http://www.tripadvisor.com/Hotel_Review-g1023664-d1064259-Reviews-Sushichuu-Arida_Wakayama_Prefecture_Kinki.html
Kuroshio,649-0316,Wakayama Prefecture,1562 Miyazakicho Arida,,$$$,http://www.tripadvisor.com/Hotel_Review-g1023664-d1064263-Reviews-Kuroshio-Arida_Wakayama_Prefecture_Kinki.html
Tokiwa Ryokan,649-0316,Wakayama Prefecture,1534 Miyazakicho Arida,,,http://www.tripadvisor.com/Hotel_Review-g1023664-d1112468-Reviews-Tokiwa_Ryokan-Arida_Wakayama_Prefecture_Kinki.html
Kaneto Ryokan,649-0316,Wakayama Prefecture,1295-1 Miyazakicho Arida,,,http://www.tripadvisor.com/Hotel_Review-g1023664-d1112475-Reviews-Kaneto_Ryokan-Arida_Wakayama_Prefecture_Kinki.html
Tachibanaya Ryokan,649-0434,Wakayama Prefecture,17 Shinmachi Miyaharacho Arida,,$$$,http://www.tripadvisor.com/Hotel_Review-g1023664-d1112479-Reviews-Tachibanaya_Ryokan-Arida_Wakayama_Prefecture_Kinki.html
Takayoshi Park Hotel,649-0313,Wakayama Prefecture,1353-4 Chida Arida,,$,http://www.tripadvisor.com/Hotel_Review-g1023664-d1140525-Reviews-Takayoshi_Park_Hotel-Arida_Wakayama_Prefecture_Kinki.html
Businesshotel Kojima,679-0316,Wakayama Prefecture,241-1Miyazakicho Arida,,,http://www.tripadvisor.com/Hotel_Review-g1023664-d1881089-Reviews-Businesshotel_Kojima-Arida_Wakayama_Prefecture_Kinki.html
Ayuchaya Hotel Sun Shine,649-0312,Wakayama Prefecture,37 Hoshio Arida,,$,http://www.tripadvisor.com/Hotel_Review-g1023664-d1925393-Reviews-Ayuchaya_Hotel_Sun_Shine-Arida_Wakayama_Prefecture_Kinki.html
Darumayu,640-1362,Wakayama Prefecture,73 Takinokawa Kimino-cho,,$,http://www.tripadvisor.com/Hotel_Review-g1121338-d1140537-Reviews-Darumayu-Kimino_cho_Kaiso_gun_Wakayama_Prefecture_Kinki.html
Kajikaso,640-1364 ,Wakayama Prefecture,6 Sugesawa Kimino-cho,,$$,http://www.tripadvisor.com/Hotel_Review-g1121338-d1140540-Reviews-Kajikaso-Kimino_cho_Kaiso_gun_Wakayama_Prefecture_Kinki.html
Tamayurano Sato,640-1471,Wakayama Prefecture,705 Hasemiya Kimino-cho,,$,http://www.tripadvisor.com/Hotel_Review-g1121338-d1140543-Reviews-Tamayurano_Sato-Kimino_cho_Kaiso_gun_Wakayama_Prefecture_Kinki.html
Hotel Urashima,649-5334,Wakayama Prefecture,1165-2 Katsuura Nachikatsura-cho,805,$$,http://www.tripadvisor.com/Hotel_Review-g1121355-d1124702-Reviews-Hotel_Urashima-Nachikatsura_cho_Higashimuro_gun_Wakayama_Prefecture_Kinki.html
Katsuura Gyoen,649-5334,Wakayama Prefecture,216-19 Katsuura Nachikatsura-cho,122,$$,http://www.tripadvisor.com/Hotel_Review-g1121355-d1124717-Reviews-Katsuura_Gyoen-Nachikatsura_cho_Higashimuro_gun_Wakayama_Prefecture_Kinki.html
Katsuura Kanko Hotel,649-5331,Wakayama Prefecture,1530 Tenma Nachikatsura-cho,,$,http://www.tripadvisor.com/Hotel_Review-g1121355-d1124725-Reviews-Katsuura_Kanko_Hotel-Nachikatsura_cho_Higashimuro_gun_Wakayama_Prefecture_Kinki.html
Katsuura City Plaza Resort Hotel,649-5332,Wakayama Prefecture,3-7-1 Asahi Nachikatsura-cho,,,http://www.tripadvisor.com/Hotel_Review-g1121355-d1124727-Reviews-Katsuura_City_Plaza_Resort_Hotel-Nachikatsura_cho_Higashimuro_gun_Wakayama_Prefecture.html
Manseiro,649-5334,Wakayama Prefecture,448 Katsuura Nachikatsura-cho,,$$,http://www.tripadvisor.com/Hotel_Review-g1121355-d1124729-Reviews-Manseiro-Nachikatsura_cho_Higashimuro_gun_Wakayama_Prefecture_Kinki.html
Nakanoshima,649-5334,Wakayama Prefecture,1179-9 Katsuura Nachikatsura-cho,139,$$,http://www.tripadvisor.com/Hotel_Review-g1121355-d1124733-Reviews-Nakanoshima-Nachikatsura_cho_Higashimuro_gun_Wakayama_Prefecture_Kinki.html
Umino Hotel Ichinotaki,649-5334,Wakayama Prefecture,752-2 Katsuura Nachikatsura-cho,,$,http://www.tripadvisor.com/Hotel_Review-g1121355-d1124735-Reviews-Umino_Hotel_Ichinotaki-Nachikatsura_cho_Higashimuro_gun_Wakayama_Prefecture_Kinki.html
Hotel Nagisaya,649-5336,Wakayama Prefecture,955-1 Yukawa Nachikatsura-cho,85,$,http://www.tripadvisor.com/Hotel_Review-g1121355-d1171455-Reviews-Hotel_Nagisaya-Nachikatsura_cho_Higashimuro_gun_Wakayama_Prefecture_Kinki.html
Minshuku Mitakisanso,649-5301,Wakayama Prefecture,545-1 Nachisan Nachikatsura-cho,,$,http://www.tripadvisor.com/Hotel_Review-g1121355-d1486098-Reviews-Minshuku_Mitakisanso-Nachikatsura_cho_Higashimuro_gun_Wakayama_Prefecture_Kinki.html
Nankiso,649-5336,Wakayama Prefecture,1066 Yukawa Nachikatsura-cho,,,http://www.tripadvisor.com/Hotel_Review-g1121355-d1486103-Reviews-Nankiso-Nachikatsura_cho_Higashimuro_gun_Wakayama_Prefecture_Kinki.html
Nieche,649-5141,Wakayama Prefecture,43-1 Ichiya Nachikatsura-cho,,$,http://www.tripadvisor.com/Hotel_Review-g1121355-d1486104-Reviews-Nieche-Nachikatsura_cho_Higashimuro_gun_Wakayama_Prefecture_Kinki.html
Ebisuya,649-5336,Wakayama Prefecture,1065 Yukawa Nachikatsura-cho,,$,http://www.tripadvisor.com/Hotel_Review-g1121355-d1486105-Reviews-Ebisuya-Nachikatsura_cho_Higashimuro_gun_Wakayama_Prefecture_Kinki.html
Pals Inn Katsuura,649-5331,Wakayama Prefecture,441-38 Tenma Nachikatsura-cho,30,$,http://www.tripadvisor.com/Hotel_Review-g1121355-d1486108-Reviews-Pals_Inn_Katsuura-Nachikatsura_cho_Higashimuro_gun_Wakayama_Prefecture_Kinki.html
Hotel Charmant,649-5335,Wakayama Prefecture,4-3-16 Tsukiji Nachikatsura-cho,,$,http://www.tripadvisor.com/Hotel_Review-g1121355-d1486116-Reviews-Hotel_Charmant-Nachikatsura_cho_Higashimuro_gun_Wakayama_Prefecture_Kinki.html
Iwanami,649-5333,Wakayama Prefecture,3-47 Kitahama Nachikatsura-cho,,,http://www.tripadvisor.com/Hotel_Review-g1121355-d1486117-Reviews-Iwanami-Nachikatsura_cho_Higashimuro_gun_Wakayama_Prefecture_Kinki.html
Kosakaya,649-5334,Wakayama Prefecture,92-6 Katsuura Nachikatsura-cho,,$,http://www.tripadvisor.com/Hotel_Review-g1121355-d1486124-Reviews-Kosakaya-Nachikatsura_cho_Higashimuro_gun_Wakayama_Prefecture_Kinki.html
Minshuku Koide,649-5331,Wakayama Prefecture,867-6 Tenma Nachikatsura-cho,,$,http://www.tripadvisor.com/Hotel_Review-g1121355-d1486125-Reviews-Minshuku_Koide-Nachikatsura_cho_Higashimuro_gun_Wakayama_Prefecture_Kinki.html
Minshuku Kamenoi,649-5332,Wakayama Prefecture,4-73 Asahi Nachikatsura-cho,,$,http://www.tripadvisor.com/Hotel_Review-g1121355-d1486126-Reviews-Minshuku_Kamenoi-Nachikatsura_cho_Higashimuro_gun_Wakayama_Prefecture_Kinki.html
Sun Katsuura,649-5331,Wakayama Prefecture,803-3 Tenma Nachikatsura-cho,,$,http://www.tripadvisor.com/Hotel_Review-g1121355-d1486128-Reviews-Sun_Katsuura-Nachikatsura_cho_Higashimuro_gun_Wakayama_Prefecture_Kinki.html
Momijiya,649-5336,Wakayama Prefecture,Yukawa Nachikatsura-cho,,$$,http://www.tripadvisor.com/Hotel_Review-g1121355-d1486130-Reviews-Momijiya-Nachikatsura_cho_Higashimuro_gun_Wakayama_Prefecture_Kinki.html
Minshuku Wakatake,649-5332,Wakayama Prefecture,3-34 Asahi Nachikatsura-cho,,$,http://www.tripadvisor.com/Hotel_Review-g1121355-d1486132-Reviews-Minshuku_Wakatake-Nachikatsura_cho_Higashimuro_gun_Wakayama_Prefecture_Kinki.html
Kyukamura Nanki-Katsuura,649-5312,Wakayama Prefecture,719 Ugui Nachikatsura-cho,,$$,http://www.tripadvisor.com/Hotel_Review-g1121355-d1486133-Reviews-Kyukamura_Nanki_Katsuura-Nachikatsura_cho_Higashimuro_gun_Wakayama_Prefecture_Kinki.html
Yukai Resort Koshinoyu,649-5336 ,Wakayama Prefecture,"1108 Yukawa, Katsuura-cho Nachikatsura-cho",85,$,http://www.tripadvisor.com/Hotel_Review-g1121355-d1546949-Reviews-Yukai_Resort_Koshinoyu-Nachikatsura_cho_Higashimuro_gun_Wakayama_Prefecture_Kinki.html
Hotel Urashima Sanjokan, 649-5300 ,Wakayama Prefecture,1165-2 Nachikatsura-cho,12,$$,http://www.tripadvisor.com/Hotel_Review-g1121355-d1600024-Reviews-Hotel_Urashima_Sanjokan-Nachikatsura_cho_Higashimuro_gun_Wakayama_Prefecture_Kinki.html
Hotel Urashima Nagisakan Nisshokan,649-5334,Wakayama Prefecture,1165-2 Katsuura Nachikatsura-cho,13,$$,http://www.tripadvisor.com/Hotel_Review-g1121355-d1600025-Reviews-Hotel_Urashima_Nagisakan_Nisshokan-Nachikatsura_cho_Higashimuro_gun_Wakayama_Prefectu.html
Yanagiya ryokan,649-5336,Wakayama Prefecture,980 Yukawa Nachikatsura-cho,,,http://www.tripadvisor.com/Hotel_Review-g1121355-d1881122-Reviews-Yanagiya_ryokan-Nachikatsura_cho_Higashimuro_gun_Wakayama_Prefecture_Kinki.html
Kumano no yado Nagi,649-5141,Wakayama Prefecture,1056-8 Ichiya Nachikatsura-cho,,$,http://www.tripadvisor.com/Hotel_Review-g1121355-d1881123-Reviews-Kumano_no_yado_Nagi-Nachikatsura_cho_Higashimuro_gun_Wakayama_Prefecture_Kinki.html
Business Hotel Blue Harbor,649-5334,Wakayama Prefecture,434-2 Katsuura Nachikatsura-cho,,$,http://www.tripadvisor.com/Hotel_Review-g1121355-d1910271-Reviews-Business_Hotel_Blue_Harbor-Nachikatsura_cho_Higashimuro_gun_Wakayama_Prefecture_Kinki.html
Hamasada,649-5336,Wakayama Prefecture,1053 Yukawa Nachikatsura-cho,,,http://www.tripadvisor.com/Hotel_Review-g1121355-d2026638-Reviews-Hamasada-Nachikatsura_cho_Higashimuro_gun_Wakayama_Prefecture_Kinki.html
Pension Marine Island,649-5314,Wakayama Prefecture,"799, Hamanomiya Nachikatsura-cho",,,http://www.tripadvisor.com/Hotel_Review-g1121355-d2035971-Reviews-Pension_Marine_Island-Nachikatsura_cho_Higashimuro_gun_Wakayama_Prefecture_Kinki.html
Katsuuraso,649-5332,Wakayama Prefecture,"3-63, Asahi Nachikatsura-cho",,,http://www.tripadvisor.com/Hotel_Review-g1121355-d2037625-Reviews-Katsuuraso-Nachikatsura_cho_Higashimuro_gun_Wakayama_Prefecture_Kinki.html
Oyado Hana,649-5332,Wakayama Prefecture,3-29 Asahi Nachikatsura-cho,,$,http://www.tripadvisor.com/Hotel_Review-g1121355-d2692834-Reviews-Oyado_Hana-Nachikatsura_cho_Higashimuro_gun_Wakayama_Prefecture_Kinki.html
Minshuku Hageyama,649-5332,Wakayama Prefecture,3-79-3 Asahi Nachikatsura-cho,,,http://www.tripadvisor.com/Hotel_Review-g1121355-d4339919-Reviews-Minshuku_Hageyama-Nachikatsura_cho_Higashimuro_gun_Wakayama_Prefecture_Kinki.html
Yamasakiya Ryokan,649-4104,Wakayama Prefecture,225 Takaike Kozagawa-cho,,$,http://www.tripadvisor.com/Hotel_Review-g1121357-d1486135-Reviews-Yamasakiya_Ryokan-Kozagawa_cho_Higashimuro_gun_Wakayama_Prefecture_Kinki.html
Botanso,649-4106,Wakayama Prefecture,881-1 Tsukinose Kozagawa-cho,,$$,http://www.tripadvisor.com/Hotel_Review-g1121357-d1910272-Reviews-Botanso-Kozagawa_cho_Higashimuro_gun_Wakayama_Prefecture_Kinki.html
Hilltop Hotel Wadakin,649-3511,Wakayama Prefecture,1107-10 Kujinogawa Kushimoto-cho,,$$,http://www.tripadvisor.com/Hotel_Review-g1121359-d1125164-Reviews-Hilltop_Hotel_Wadakin-Kushimoto_cho_Higashimuro_gun_Wakayama_Prefecture_Kinki.html
Kushimoto Royal Hotel,649-3511,Wakayama Prefecture,1184-10 Sangodai Kushimoto-cho,253,$$,http://www.tripadvisor.com/Hotel_Review-g1121359-d1125170-Reviews-Kushimoto_Royal_Hotel-Kushimoto_cho_Higashimuro_gun_Wakayama_Prefecture_Kinki.html
Arafune,649-4112,Wakayama Prefecture,2518 Tahara Kushimoto-cho,,$,http://www.tripadvisor.com/Hotel_Review-g1121359-d1315139-Reviews-Arafune-Kushimoto_cho_Higashimuro_gun_Wakayama_Prefecture_Kinki.html
Urashima Harbor Hotel,649-3503,Wakayama Prefecture,2300-1 Kushimoto Kushimoto-cho,117,$,http://www.tripadvisor.com/Hotel_Review-g1121359-d1440353-Reviews-Urashima_Harbor_Hotel-Kushimoto_cho_Higashimuro_gun_Wakayama_Prefecture_Kinki.html
Aoichaya,649-3511,Wakayama Prefecture,1246-3 Kujinokawa Kushimoto-cho,,,http://www.tripadvisor.com/Hotel_Review-g1121359-d1486138-Reviews-Aoichaya-Kushimoto_cho_Higashimuro_gun_Wakayama_Prefecture_Kinki.html
Isaburoso,649-3633,Wakayama Prefecture,1778-3 Oshima Kushimoto-cho,,$,http://www.tripadvisor.com/Hotel_Review-g1121359-d1486140-Reviews-Isaburoso-Kushimoto_cho_Higashimuro_gun_Wakayama_Prefecture_Kinki.html
Minshuku Chaime,649-3503,Wakayama Prefecture,1735-67 Kushimoto Kushimoto-cho,,$,http://www.tripadvisor.com/Hotel_Review-g1121359-d1486142-Reviews-Minshuku_Chaime-Kushimoto_cho_Higashimuro_gun_Wakayama_Prefecture_Kinki.html
Misaki Lodge Nishida,649-3502,Wakayama Prefecture,2864-1 Shionomisaki Kushimoto-cho,,$,http://www.tripadvisor.com/Hotel_Review-g1121359-d1486143-Reviews-Misaki_Lodge_Nishida-Kushimoto_cho_Higashimuro_gun_Wakayama_Prefecture_Kinki.html
Hotel Submarine,649-4122,Wakayama Prefecture,1381-3 Nishimukai Kushimoto-cho,,$,http://www.tripadvisor.com/Hotel_Review-g1121359-d1486145-Reviews-Hotel_Submarine-Kushimoto_cho_Higashimuro_gun_Wakayama_Prefecture_Kinki.html
Tsubakido Ryokan,649-3633,Wakayama Prefecture,1346-1 Oshima Kushimoto-cho,,$$,http://www.tripadvisor.com/Hotel_Review-g1121359-d1486146-Reviews-Tsubakido_Ryokan-Kushimoto_cho_Higashimuro_gun_Wakayama_Prefecture_Kinki.html
Business Hotel Kushimoto-ekimae,649-3503,Wakayama Prefecture,40-70 Kushimoto Kushimoto-cho,,$,http://www.tripadvisor.com/Hotel_Review-g1121359-d1486147-Reviews-Business_Hotel_Kushimoto_ekimae-Kushimoto_cho_Higashimuro_gun_Wakayama_Prefecture_Kin.html
Urashima Harbor Inn,649-3503 ,Wakayama Prefecture,2300 Kushimoto Kushimoto-cho,,,http://www.tripadvisor.com/Hotel_Review-g1121359-d1600023-Reviews-Urashima_Harbor_Inn-Kushimoto_cho_Higashimuro_gun_Wakayama_Prefecture_Kinki.html
Minshuku Hashikui,649-3511,Wakayama Prefecture,1548-1 Kujinokawa Kushimoto-cho,,$,http://www.tripadvisor.com/Hotel_Review-g1121359-d1881111-Reviews-Minshuku_Hashikui-Kushimoto_cho_Higashimuro_gun_Wakayama_Prefecture_Kinki.html
Kojima Minshuku,649-3502,Wakayama Prefecture,1545-1 Shionomisaki Kushimoto-cho,,,http://www.tripadvisor.com/Hotel_Review-g1121359-d1881114-Reviews-Kojima_Minshuku-Kushimoto_cho_Higashimuro_gun_Wakayama_Prefecture_Kinki.html
Resort Oshima,649-3631,Wakayama Prefecture,1035-6 Kashino Kushimoto-cho,,$,http://www.tripadvisor.com/Hotel_Review-g1121359-d1910276-Reviews-Resort_Oshima-Kushimoto_cho_Higashimuro_gun_Wakayama_Prefecture_Kinki.html
Oyado Ebisu,649-3523,Wakayama Prefecture,1936-1 Wabuka Kushimoto-cho,,$,http://www.tripadvisor.com/Hotel_Review-g1121359-d1910278-Reviews-Oyado_Ebisu-Kushimoto_cho_Higashimuro_gun_Wakayama_Prefecture_Kinki.html
Minshuku Wadaya,649-3631,Wakayama Prefecture,703-1 Kashino Kushimoto-cho,,$,http://www.tripadvisor.com/Hotel_Review-g1121359-d1910284-Reviews-Minshuku_Wadaya-Kushimoto_cho_Higashimuro_gun_Wakayama_Prefecture_Kinki.html
Minshuku Manki,649-3503 ,Wakayama Prefecture,2148 Kushimoto Kushimoto-cho,,,http://www.tripadvisor.com/Hotel_Review-g1121359-d2042719-Reviews-Minshuku_Manki-Kushimoto_cho_Higashimuro_gun_Wakayama_Prefecture_Kinki.html
Resort Hotel & Spa Blue Mermaid,649-3523,Wakayama Prefecture,20-2 Wabuka Kushimoto-cho,8,$$$,http://www.tripadvisor.com/Hotel_Review-g1121359-d2197649-Reviews-Resort_Hotel_Spa_Blue_Mermaid-Kushimoto_cho_Higashimuro_gun_Wakayama_Prefecture_Kinki.html
Kushimoto Diving Park,649-3514,Wakayama Prefecture,1157 Arida Kushimoto-cho,,,http://www.tripadvisor.com/Hotel_Review-g1121359-d2692831-Reviews-Kushimoto_Diving_Park-Kushimoto_cho_Higashimuro_gun_Wakayama_Prefecture_Kinki.html
Kushimoto Club,649-3502,Wakayama Prefecture,3595-1 Shionomisaki Kushimoto-cho,,,http://www.tripadvisor.com/Hotel_Review-g1121359-d2692833-Reviews-Kushimoto_Club-Kushimoto_cho_Higashimuro_gun_Wakayama_Prefecture_Kinki.html
Kushimotokan,649-3503,Wakayama Prefecture,625-9 Kushimoto Kushimoto-cho,,$,http://www.tripadvisor.com/Hotel_Review-g1121359-d2692843-Reviews-Kushimotokan-Kushimoto_cho_Higashimuro_gun_Wakayama_Prefecture_Kinki.html
Kayu,649-5100,Wakayama Prefecture,2906 Taiji Taiji-cho,41,$$,http://www.tripadvisor.com/Hotel_Review-g1121356-d1125154-Reviews-Kayu-Taiji_cho_Higashimuro_gun_Wakayama_Prefecture_Kinki.html
Hotel Dolphin Resort,649-5172,Wakayama Prefecture,703-15 Moriura Taiji-cho,,$,http://www.tripadvisor.com/Hotel_Review-g1121356-d1486134-Reviews-Hotel_Dolphin_Resort-Taiji_cho_Higashimuro_gun_Wakayama_Prefecture_Kinki.html
Hakugei,649-5171,Wakayama Prefecture,2973-4 Taiji Taiji-cho,,,http://www.tripadvisor.com/Hotel_Review-g1121356-d2692835-Reviews-Hakugei-Taiji_cho_Higashimuro_gun_Wakayama_Prefecture_Kinki.html
Holistic Space Japan,649-5171,Wakayama Prefecture,1426 Taiji Taiji-cho,,$$$,http://www.tripadvisor.com/Hotel_Review-g1121356-d6352774-Reviews-Holistic_Space_Japan-Taiji_cho_Higashimuro_gun_Wakayama_Prefecture_Kinki.html
Kitayama,647-1604,Wakayama Prefecture,476 Shimoi Kitayama-mura,,$$,http://www.tripadvisor.com/Hotel_Review-g1121358-d1881125-Reviews-Kitayama-Kitayama_mura_Higashimuro_gun_Wakayama_Prefecture_Kinki.html
Kitayamakan,519-5603,Wakayama Prefecture,109 Onuma Kitayama-mura,,,http://www.tripadvisor.com/Hotel_Review-g1121358-d2040081-Reviews-Kitayamakan-Kitayama_mura_Higashimuro_gun_Wakayama_Prefecture_Kinki.html
