ANA Crowne Plaza Ube,755-8588,Yamaguchi Prefecture,8-1 Aioicho Ube,140,$$,http://www.tripadvisor.com/Hotel_Review-g298141-d300480-Reviews-ANA_Crowne_Plaza_Ube-Ube_Yamaguchi_Prefecture_Chugoku.html
Business Hotal Access,755-0051,Yamaguchi Prefecture,1-8-4 Uemachi Ube,,$,http://www.tripadvisor.com/Hotel_Review-g298141-d1071862-Reviews-Business_Hotal_Access-Ube_Yamaguchi_Prefecture_Chugoku.html
Shinkawa Business Hotel,755-0051,Yamaguchi Prefecture,1-5-4 Uemachi Ube,,$,http://www.tripadvisor.com/Hotel_Review-g298141-d1071879-Reviews-Shinkawa_Business_Hotel-Ube_Yamaguchi_Prefecture_Chugoku.html
Business Ryokan Ekimae,755-0051,Yamaguchi Prefecture,1-8-9 Uemachi Ube,,$,http://www.tripadvisor.com/Hotel_Review-g298141-d1072332-Reviews-Business_Ryokan_Ekimae-Ube_Yamaguchi_Prefecture_Chugoku.html
Hotel Media Ube,755-0042,Yamaguchi Prefecture,3-15 Matsushimacho Ube,,$,http://www.tripadvisor.com/Hotel_Review-g298141-d1072333-Reviews-Hotel_Media_Ube-Ube_Yamaguchi_Prefecture_Chugoku.html
Royal City Hotel,755-0019,Yamaguchi Prefecture,1-28 Higashishinkawacho Ube,,$,http://www.tripadvisor.com/Hotel_Review-g298141-d1072334-Reviews-Royal_City_Hotel-Ube_Yamaguchi_Prefecture_Chugoku.html
Ube Station Hotel,759-0207,Yamaguchi Prefecture,3-2-39 Nishiube Minami Ube,60,$,http://www.tripadvisor.com/Hotel_Review-g298141-d1072339-Reviews-Ube_Station_Hotel-Ube_Yamaguchi_Prefecture_Chugoku.html
Business Hotel ube,755-0032,Yamaguchi Prefecture,3-7-5 Kotobukicho Ube,,$,http://www.tripadvisor.com/Hotel_Review-g298141-d1072340-Reviews-Business_Hotel_ube-Ube_Yamaguchi_Prefecture_Chugoku.html
International Hotel Ube,755-0047,Yamaguchi Prefecture,1-7-1 Shima Ube,106,$$,http://www.tripadvisor.com/Hotel_Review-g298141-d1072341-Reviews-International_Hotel_Ube-Ube_Yamaguchi_Prefecture_Chugoku.html
Super Hotel City Ube,755-0045,Yamaguchi Prefecture,3-14-14 Chuocho Ube,108,$,http://www.tripadvisor.com/Hotel_Review-g298141-d1090095-Reviews-Super_Hotel_City_Ube-Ube_Yamaguchi_Prefecture_Chugoku.html
Cocoland Yamaguchi Ube,755-0091 ,Yamaguchi Prefecture,75 Kamiube Ube,50,$,http://www.tripadvisor.com/Hotel_Review-g298141-d1090096-Reviews-Cocoland_Yamaguchi_Ube-Ube_Yamaguchi_Prefecture_Chugoku.html
Business Hotel Ohmori,755-0013,Yamaguchi Prefecture,1-2-15 Meijimachi Ube,,,http://www.tripadvisor.com/Hotel_Review-g298141-d1090097-Reviews-Business_Hotel_Ohmori-Ube_Yamaguchi_Prefecture_Chugoku.html
Business Hotel Park Kotoshiba,755-0035,Yamaguchi Prefecture,1-10-6 Nishikotoshiba Ube,,$,http://www.tripadvisor.com/Hotel_Review-g298141-d1090098-Reviews-Business_Hotel_Park_Kotoshiba-Ube_Yamaguchi_Prefecture_Chugoku.html
Business Hotel Suigetsu,755-0029,Yamaguchi Prefecture,2-6-17 Shintencho Ube,,,http://www.tripadvisor.com/Hotel_Review-g298141-d1096933-Reviews-Business_Hotel_Suigetsu-Ube_Yamaguchi_Prefecture_Chugoku.html
Yamadaya Ryokan,755-0045,Yamaguchi Prefecture,1-10-29 Chuocho Ube,,,http://www.tripadvisor.com/Hotel_Review-g298141-d1096934-Reviews-Yamadaya_Ryokan-Ube_Yamaguchi_Prefecture_Chugoku.html
Yamadaya Bekkan,755-0045,Yamaguchi Prefecture,1-8-10 Chuocho Ube,,$,http://www.tripadvisor.com/Hotel_Review-g298141-d1096935-Reviews-Yamadaya_Bekkan-Ube_Yamaguchi_Prefecture_Chugoku.html
Green City Hotel,755-0032,Yamaguchi Prefecture,3-6-4 Kotobukicho Ube,,,http://www.tripadvisor.com/Hotel_Review-g298141-d1096936-Reviews-Green_City_Hotel-Ube_Yamaguchi_Prefecture_Chugoku.html
Business Hotel New Lodging,755-0051,Yamaguchi Prefecture,1-2-23 Uemachi Ube,,,http://www.tripadvisor.com/Hotel_Review-g298141-d1111592-Reviews-Business_Hotel_New_Lodging-Ube_Yamaguchi_Prefecture_Chugoku.html
Kaminoyu,759-0122,Yamaguchi Prefecture,2925 Yoshimi Ube,,$,http://www.tripadvisor.com/Hotel_Review-g298141-d1111601-Reviews-Kaminoyu-Ube_Yamaguchi_Prefecture_Chugoku.html
Frespa Land Kattanoyu,755-0038,Yamaguchi Prefecture,1675 Kainancho Ube,,$,http://www.tripadvisor.com/Hotel_Review-g298141-d1111630-Reviews-Frespa_Land_Kattanoyu-Ube_Yamaguchi_Prefecture_Chugoku.html
Ube Tokiwa Kohan Youth Hostel,755-0096,Yamaguchi Prefecture,3-6-1 Hiraki Ube,,,http://www.tripadvisor.com/Hotel_Review-g298141-d1111644-Reviews-Ube_Tokiwa_Kohan_Youth_Hostel-Ube_Yamaguchi_Prefecture_Chugoku.html
Matsuzumi Ryokan,755-0026,Yamaguchi Prefecture,3-2-4 Matsuyamacho Ube,,,http://www.tripadvisor.com/Hotel_Review-g298141-d1112170-Reviews-Matsuzumi_Ryokan-Ube_Yamaguchi_Prefecture_Chugoku.html
Business Hotel Mitsuya,755-0045,Yamaguchi Prefecture,1-10-21 Chuocho Ube,,,http://www.tripadvisor.com/Hotel_Review-g298141-d1112174-Reviews-Business_Hotel_Mitsuya-Ube_Yamaguchi_Prefecture_Chugoku.html
Kubota,755-0151,Yamaguchi Prefecture,5345 Nishikiwa Ube,,,http://www.tripadvisor.com/Hotel_Review-g298141-d1880849-Reviews-Kubota-Ube_Yamaguchi_Prefecture_Chugoku.html
Manabe Ryokan,759-0208,Yamaguchi Prefecture,1267-12 Kiwanami Ube,,,http://www.tripadvisor.com/Hotel_Review-g298141-d2035957-Reviews-Manabe_Ryokan-Ube_Yamaguchi_Prefecture_Chugoku.html
Kasadojima Heights,744-0001,Yamaguchi Prefecture,14 Kasadoshima Kudamatsu,,$,http://www.tripadvisor.com/Hotel_Review-g1023685-d1089563-Reviews-Kasadojima_Heights-Kudamatsu_Yamaguchi_Prefecture_Chugoku.html
Business Hotel Kudamatsu,744-0011,Yamaguchi Prefecture,804-7 Motomachinishi Kudamatsu,,$,http://www.tripadvisor.com/Hotel_Review-g1023685-d2425673-Reviews-Business_Hotel_Kudamatsu-Kudamatsu_Yamaguchi_Prefecture_Chugoku.html
Kudamatsu Station Hotel,744-0012,Yamaguchi Prefecture,4-11 Hokuto-Cho Kudamatsu,,,http://www.tripadvisor.com/Hotel_Review-g1023685-d4662203-Reviews-Kudamatsu_Station_Hotel-Kudamatsu_Yamaguchi_Prefecture_Chugoku.html
Hagihonjin,758-0011,Yamaguchi Prefecture,385-8 Chinto Hagi,85,$,http://www.tripadvisor.com/Hotel_Review-g1023690-d1049269-Reviews-Hagihonjin-Hagi_Yamaguchi_Prefecture_Chugoku.html
Minshuku Abugawa,758-0032,Yamaguchi Prefecture,59-4 Kitafuruhagi Hagi,,$,http://www.tripadvisor.com/Hotel_Review-g1023690-d1049274-Reviews-Minshuku_Abugawa-Hagi_Yamaguchi_Prefecture_Chugoku.html
Petit Hotel Curanberu,758-0025,Yamaguchi Prefecture,370-9 Hijiwara Hagi,,$,http://www.tripadvisor.com/Hotel_Review-g1023690-d1049281-Reviews-Petit_Hotel_Curanberu-Hagi_Yamaguchi_Prefecture_Chugoku.html
Hagi no Yado Tomoe,758-0025,Yamaguchi Prefecture,608-53 Hijiwara Hagi,,$$$,http://www.tripadvisor.com/Hotel_Review-g1023690-d1049288-Reviews-Hagi_no_Yado_Tomoe-Hagi_Yamaguchi_Prefecture_Chugoku.html
Hotel Kojitsukan,758-0044,Yamaguchi Prefecture,78 Karahimachi Hagi,,,http://www.tripadvisor.com/Hotel_Review-g1023690-d1049293-Reviews-Hotel_Kojitsukan-Hagi_Yamaguchi_Prefecture_Chugoku.html
Hotel Millet Oh Mare,759-3113,Yamaguchi Prefecture,18-20 Esaki Hagi,,,http://www.tripadvisor.com/Hotel_Review-g1023690-d1049296-Reviews-Hotel_Millet_Oh_Mare-Hagi_Yamaguchi_Prefecture_Chugoku.html
Hagi Kanko Hotel,758-0011,Yamaguchi Prefecture,1189 Chinto Hagi,,$,http://www.tripadvisor.com/Hotel_Review-g1023690-d1049304-Reviews-Hagi_Kanko_Hotel-Hagi_Yamaguchi_Prefecture_Chugoku.html
Akasaki Ryokan,758-0701,Yamaguchi Prefecture,304-2 Mishima Hagi,,,http://www.tripadvisor.com/Hotel_Review-g1023690-d1049307-Reviews-Akasaki_Ryokan-Hagi_Yamaguchi_Prefecture_Chugoku.html
Hagi Royal Intelligent Hotel,758-0011,Yamaguchi Prefecture,3000-5 Chinto Hagi,116,$,http://www.tripadvisor.com/Hotel_Review-g1023690-d1049322-Reviews-Hagi_Royal_Intelligent_Hotel-Hagi_Yamaguchi_Prefecture_Chugoku.html
Ganjima Besso,758-0011,Yamaguchi Prefecture,Shinkawanishiku Hagi,,$$$,http://www.tripadvisor.com/Hotel_Review-g1023690-d1049331-Reviews-Ganjima_Besso-Hagi_Yamaguchi_Prefecture_Chugoku.html
Houwaso,758-0024,Yamaguchi Prefecture,1-2ku Higashihamasaki Hagi,,$,http://www.tripadvisor.com/Hotel_Review-g1023690-d1049341-Reviews-Houwaso-Hagi_Yamaguchi_Prefecture_Chugoku.html
Hagi Riverside Hotel Ogawa,758-0011,Yamaguchi Prefecture,2987-7 Chinto Hagi,,,http://www.tripadvisor.com/Hotel_Review-g1023690-d1049348-Reviews-Hagi_Riverside_Hotel_Ogawa-Hagi_Yamaguchi_Prefecture_Chugoku.html
Hotel Orenge,758-0025,Yamaguchi Prefecture,370-48 Hijiwara Hagi,,$,http://www.tripadvisor.com/Hotel_Review-g1023690-d1049352-Reviews-Hotel_Orenge-Hagi_Yamaguchi_Prefecture_Chugoku.html
Tomitaya Ryokan,758-0062,Yamaguchi Prefecture,61 Hashimotomachi Hagi,,,http://www.tripadvisor.com/Hotel_Review-g1023690-d1049358-Reviews-Tomitaya_Ryokan-Hagi_Yamaguchi_Prefecture_Chugoku.html
Hagi Tanaka Hotel,758-0011,Yamaguchi Prefecture,707-10 Koshigahama Hagi,86,,http://www.tripadvisor.com/Hotel_Review-g1023690-d1049363-Reviews-Hagi_Tanaka_Hotel-Hagi_Yamaguchi_Prefecture_Chugoku.html
Haginoya,758-0025,Yamaguchi Prefecture,608 Hijiwara Hagi,,,http://www.tripadvisor.com/Hotel_Review-g1023690-d1049370-Reviews-Haginoya-Hagi_Yamaguchi_Prefecture_Chugoku.html
Hokumon Yashiki,758-0057,Yamaguchi Prefecture,210-12 Horiuchi Hagi,43,$$,http://www.tripadvisor.com/Hotel_Review-g1023690-d1049375-Reviews-Hokumon_Yashiki-Hagi_Yamaguchi_Prefecture_Chugoku.html
Nostalgic Penshon Anthology,759-3204,Yamaguchi Prefecture,967 Shimogawa Hagi,,,http://www.tripadvisor.com/Hotel_Review-g1023690-d1049377-Reviews-Nostalgic_Penshon_Anthology-Hagi_Yamaguchi_Prefecture_Chugoku.html
Hagi Grand Hotel Tenku,758-0026,Yamaguchi Prefecture,25 Furuhagimachi Hagi,155,$$,http://www.tripadvisor.com/Hotel_Review-g1023690-d1049384-Reviews-Hagi_Grand_Hotel_Tenku-Hagi_Yamaguchi_Prefecture_Chugoku.html
Nakamura Ryokan,758-0026,Yamaguchi Prefecture,56 Furuhagimachi Hagi,,,http://www.tripadvisor.com/Hotel_Review-g1023690-d1049386-Reviews-Nakamura_Ryokan-Hagi_Yamaguchi_Prefecture_Chugoku.html
Bijyouhamaso,758-0032,Yamaguchi Prefecture,42-4 Kitafuruhagimachi Hagi,,,http://www.tripadvisor.com/Hotel_Review-g1023690-d1049389-Reviews-Bijyouhamaso-Hagi_Yamaguchi_Prefecture_Chugoku.html
Hagi no Mikuriya Takadai,758-0044,Yamaguchi Prefecture,80 Karahimachi Hagi,,$,http://www.tripadvisor.com/Hotel_Review-g1023690-d1049393-Reviews-Hagi_no_Mikuriya_Takadai-Hagi_Yamaguchi_Prefecture_Chugoku.html
Hagi Ichirin,758-0057,Yamaguchi Prefecture,482-2 Horiuchi Kikugahama Hagi,,$,http://www.tripadvisor.com/Hotel_Review-g1023690-d1072295-Reviews-Hagi_Ichirin-Hagi_Yamaguchi_Prefecture_Chugoku.html
Yuukeinoyado Uminoyurikago Hagikomachi,758-0011,Yamaguchi Prefecture,6509 Chinto Hagi,,$,http://www.tripadvisor.com/Hotel_Review-g1023690-d1072296-Reviews-Yuukeinoyado_Uminoyurikago_Hagikomachi-Hagi_Yamaguchi_Prefecture_Chugoku.html
Business Hotel Hasegawa,758-0044,Yamaguchi Prefecture,17-1 Karahimachi Hagi,,$,http://www.tripadvisor.com/Hotel_Review-g1023690-d1089526-Reviews-Business_Hotel_Hasegawa-Hagi_Yamaguchi_Prefecture_Chugoku.html
Hagiyakinoyado Senshunraku,758-0057,Yamaguchi Prefecture,467-2 Horiuchi Hagi,,$$,http://www.tripadvisor.com/Hotel_Review-g1023690-d1089527-Reviews-Hagiyakinoyado_Senshunraku-Hagi_Yamaguchi_Prefecture_Chugoku.html
Kokuminshukusha Hagiuraso,758-0011,Yamaguchi Prefecture,2968 Chinto Hagi,,,http://www.tripadvisor.com/Hotel_Review-g1023690-d1089534-Reviews-Kokuminshukusha_Hagiuraso-Hagi_Yamaguchi_Prefecture_Chugoku.html
Minshuku Furusato,758-0025,Yamaguchi Prefecture,260 Hijiwara Hagi,,$,http://www.tripadvisor.com/Hotel_Review-g1023690-d1089536-Reviews-Minshuku_Furusato-Hagi_Yamaguchi_Prefecture_Chugoku.html
Minshuku Onnadaiba,758-0057 ,Yamaguchi Prefecture,487-6 Horiuchi Hagi,,$,http://www.tripadvisor.com/Hotel_Review-g1023690-d1089537-Reviews-Minshuku_Onnadaiba-Hagi_Yamaguchi_Prefecture_Chugoku.html
Hagi Travel Inn,758-0025,Yamaguchi Prefecture,370-27 Hijiwara Hagi,,$,http://www.tripadvisor.com/Hotel_Review-g1023690-d1110851-Reviews-Hagi_Travel_Inn-Hagi_Yamaguchi_Prefecture_Chugoku.html
Hotel Haginohama,758-0057,Yamaguchi Prefecture,485 Kikugahama Horiuchi Hagi,,,http://www.tripadvisor.com/Hotel_Review-g1023690-d1600343-Reviews-Hotel_Haginohama-Hagi_Yamaguchi_Prefecture_Chugoku.html
Park Inn Marufuku,758-0044,Yamaguchi Prefecture,9 Karahimachi Hagi,,$,http://www.tripadvisor.com/Hotel_Review-g1023690-d1864097-Reviews-Park_Inn_Marufuku-Hagi_Yamaguchi_Prefecture_Chugoku.html
Komuroya Ryokan,759-3113,Yamaguchi Prefecture,1101 Esaki Hagi,,,http://www.tripadvisor.com/Hotel_Review-g1023690-d1880827-Reviews-Komuroya_Ryokan-Hagi_Yamaguchi_Prefecture_Chugoku.html
Tanakaya,758-0011,Yamaguchi Prefecture,3083-2 Chinto Hagi,,,http://www.tripadvisor.com/Hotel_Review-g1023690-d1880829-Reviews-Tanakaya-Hagi_Yamaguchi_Prefecture_Chugoku.html
Susawan Ecology Campsite,759-3411,Yamaguchi Prefecture,787 Susa Hagi,,,http://www.tripadvisor.com/Hotel_Review-g1023690-d3342214-Reviews-Susawan_Ecology_Campsite-Hagi_Yamaguchi_Prefecture_Chugoku.html
Guesthouse ruco,758-0044,Yamaguchi Prefecture,92 Karahimachi Hagi,3,$,http://www.tripadvisor.com/Hotel_Review-g1023690-d5412943-Reviews-Guesthouse_ruco-Hagi_Yamaguchi_Prefecture_Chugoku.html
Hagi Youth Hostel,758-0057,Yamaguchi Prefecture,109-22 Horiuchi Hagi,,,http://www.tripadvisor.com/Hotel_Review-g1023690-d6023605-Reviews-Hagi_Youth_Hostel-Hagi_Yamaguchi_Prefecture_Chugoku.html
Yoshimitsu Ryokan,758-0003,Yamaguchi Prefecture,24 Oshima Hagi,,,http://www.tripadvisor.com/Hotel_Review-g1023690-d6437215-Reviews-Yoshimitsu_Ryokan-Hagi_Yamaguchi_Prefecture_Chugoku.html
Akatsukiya,758-0022,Yamaguchi Prefecture,237-1 Hamasakimachi Hagi,,$,http://www.tripadvisor.com/Hotel_Review-g1023690-d6620578-Reviews-Akatsukiya-Hagi_Yamaguchi_Prefecture_Chugoku.html
Sunroute Kokusai Hotel Yamaguchi,753-0088,Yamaguchi Prefecture,1-1 Nakagawara-cho Yamaguchi,,$,http://www.tripadvisor.com/Hotel_Review-g298142-d628294-Reviews-Sunroute_Kokusai_Hotel_Yamaguchi-Yamaguchi_Yamaguchi_Prefecture_Chugoku.html
Comfort Hotel Shin Yamaguchi,754-0002,Yamaguchi Prefecture,1255-1 Ogori Shimogo Yamaguchi,139,$,http://www.tripadvisor.com/Hotel_Review-g298142-d681337-Reviews-Comfort_Hotel_Shin_Yamaguchi-Yamaguchi_Yamaguchi_Prefecture_Chugoku.html
Hotel Amuze Shinyamaguchi,754-0014,Yamaguchi Prefecture,2-1 Ogoritakasagomachi Yamaguchi,,$,http://www.tripadvisor.com/Hotel_Review-g298142-d1082184-Reviews-Hotel_Amuze_Shinyamaguchi-Yamaguchi_Yamaguchi_Prefecture_Chugoku.html
Matsumasa,753-0056,Yamaguchi Prefecture,3-5-8 Yudaonsen Yamaguchi,,$,http://www.tripadvisor.com/Hotel_Review-g298142-d1082194-Reviews-Matsumasa-Yamaguchi_Yamaguchi_Prefecture_Chugoku.html
Hotel New Ogori,754-0002,Yamaguchi Prefecture,1292 Ogorishimogo Yamaguchi,43,$,http://www.tripadvisor.com/Hotel_Review-g298142-d1082211-Reviews-Hotel_New_Ogori-Yamaguchi_Yamaguchi_Prefecture_Chugoku.html
Hotel New Tanaka,753-0056,Yamaguchi Prefecture,2-6-24 Yudaonsen Yamaguchi,178,$,http://www.tripadvisor.com/Hotel_Review-g298142-d1082242-Reviews-Hotel_New_Tanaka-Yamaguchi_Yamaguchi_Prefecture_Chugoku.html
Kamefuku,753-0056,Yamaguchi Prefecture,4-5-2 Yudaonsen Yamaguchi,,$$,http://www.tripadvisor.com/Hotel_Review-g298142-d1082261-Reviews-Kamefuku-Yamaguchi_Yamaguchi_Prefecture_Chugoku.html
Nishino Miyabi Tokiwa,753-0056,Yamaguchi Prefecture,4-6-4 Yudaonsen Yamaguchi,84,$,http://www.tripadvisor.com/Hotel_Review-g298142-d1082274-Reviews-Nishino_Miyabi_Tokiwa-Yamaguchi_Yamaguchi_Prefecture_Chugoku.html
Umenoya,753-0056,Yamaguchi Prefecture,4-3-19 Yudaonsen Yamaguchi,,$$,http://www.tripadvisor.com/Hotel_Review-g298142-d1082287-Reviews-Umenoya-Yamaguchi_Yamaguchi_Prefecture_Chugoku.html
Yamaguchi Grand Hotel,754-0021,Yamaguchi Prefecture,1-1 Ogorikoganemachi Yamaguchi,,$,http://www.tripadvisor.com/Hotel_Review-g298142-d1082294-Reviews-Yamaguchi_Grand_Hotel-Yamaguchi_Yamaguchi_Prefecture_Chugoku.html
Yubetto Nohara,753-0056,Yamaguchi Prefecture,3-7-8 Yudaonsen Yamaguchi,,$,http://www.tripadvisor.com/Hotel_Review-g298142-d1082298-Reviews-Yubetto_Nohara-Yamaguchi_Yamaguchi_Prefecture_Chugoku.html
Nishimuraya,753-0056,Yamaguchi Prefecture,4-1-30 Yudaonsen Yamaguchi,,$$,http://www.tripadvisor.com/Hotel_Review-g298142-d1082304-Reviews-Nishimuraya-Yamaguchi_Yamaguchi_Prefecture_Chugoku.html
Hotel Alpha-One Yamaguchi Inter,753-0211,Yamaguchi Prefecture,447 Ouchinagano Yamaguchi,,$,http://www.tripadvisor.com/Hotel_Review-g298142-d1083788-Reviews-Hotel_Alpha_One_Yamaguchi_Inter-Yamaguchi_Yamaguchi_Prefecture_Chugoku.html
Hotel Active Yamaguchi,754-0001,Yamaguchi Prefecture,4-1 Ogorimiyukimachi Yamaguchi,80,$,http://www.tripadvisor.com/Hotel_Review-g298142-d1083800-Reviews-Hotel_Active_Yamaguchi-Yamaguchi_Yamaguchi_Prefecture_Chugoku.html
Cent Core Yamaguchi,753-0056,Yamaguchi Prefecture,3-2-7 Yudaonsen Yamaguchi,,$,http://www.tripadvisor.com/Hotel_Review-g298142-d1083805-Reviews-Cent_Core_Yamaguchi-Yamaguchi_Yamaguchi_Prefecture_Chugoku.html
Kanpo no Yado Yuda,753-0064,Yamaguchi Prefecture,1-42 Kandacho Yamaguchi,,$,http://www.tripadvisor.com/Hotel_Review-g298142-d1083829-Reviews-Kanpo_no_Yado_Yuda-Yamaguchi_Yamaguchi_Prefecture_Chugoku.html
Aoyagi Ryokan,753-0048,Yamaguchi Prefecture,1-7-11 Ekidori Yamaguchi,,,http://www.tripadvisor.com/Hotel_Review-g298142-d1090099-Reviews-Aoyagi_Ryokan-Yamaguchi_Yamaguchi_Prefecture_Chugoku.html
Business Hotel Ueno,753-0056 ,Yamaguchi Prefecture,1-1-38 Yudaonsen Yamaguchi,,$,http://www.tripadvisor.com/Hotel_Review-g298142-d1090100-Reviews-Business_Hotel_Ueno-Yamaguchi_Yamaguchi_Prefecture_Chugoku.html
Ichifuji Ryokan,753-0056,Yamaguchi Prefecture,5-7-9 Yudaonsen Yamaguchi,,,http://www.tripadvisor.com/Hotel_Review-g298142-d1090106-Reviews-Ichifuji_Ryokan-Yamaguchi_Yamaguchi_Prefecture_Chugoku.html
Irifune Ryokan,753-0056,Yamaguchi Prefecture,5-4-7 Yudaonsen Yamaguchi,,$,http://www.tripadvisor.com/Hotel_Review-g298142-d1090107-Reviews-Irifune_Ryokan-Yamaguchi_Yamaguchi_Prefecture_Chugoku.html
KKR Yamaguchi Asakura,753-0064,Yamaguchi Prefecture,2-18 Kandacho Yamaguchi,,$,http://www.tripadvisor.com/Hotel_Review-g298142-d1090108-Reviews-KKR_Yamaguchi_Asakura-Yamaguchi_Yamaguchi_Prefecture_Chugoku.html
Koteru,753-0056,Yamaguchi Prefecture,4-3-15 Yudaonsen Yamaguchi,,,http://www.tripadvisor.com/Hotel_Review-g298142-d1090109-Reviews-Koteru-Yamaguchi_Yamaguchi_Prefecture_Chugoku.html
Matsudaya Hotel,753-0056,Yamaguchi Prefecture,3-6-7 Yudaonsen Yamaguchi,,$$$$,http://www.tripadvisor.com/Hotel_Review-g298142-d1090110-Reviews-Matsudaya_Hotel-Yamaguchi_Yamaguchi_Prefecture_Chugoku.html
Paltopia Yamaguchi,753-0064,Yamaguchi Prefecture,1-80 Kandacho Yamaguchi,,$,http://www.tripadvisor.com/Hotel_Review-g298142-d1090116-Reviews-Paltopia_Yamaguchi-Yamaguchi_Yamaguchi_Prefecture_Chugoku.html
La Francesca,753-0089,Yamaguchi Prefecture,7-1 Kameyamacho Yamaguchi,,,http://www.tripadvisor.com/Hotel_Review-g298142-d1090117-Reviews-La_Francesca-Yamaguchi_Yamaguchi_Prefecture_Chugoku.html
Super Hotel Yamaguchi Udaonsen,753-0056,Yamaguchi Prefecture,4-1-5 Yudaonsen Yamaguchi,130,$,http://www.tripadvisor.com/Hotel_Review-g298142-d1090118-Reviews-Super_Hotel_Yamaguchi_Udaonsen-Yamaguchi_Yamaguchi_Prefecture_Chugoku.html
Taiyodo Ryokan,753-0087,Yamaguchi Prefecture,2-3 Komeyacho Yamaguchi,,$,http://www.tripadvisor.com/Hotel_Review-g298142-d1090121-Reviews-Taiyodo_Ryokan-Yamaguchi_Yamaguchi_Prefecture_Chugoku.html
Yanai Ryokan,753-0048,Yamaguchi Prefecture,2-13-12 Ekidori Yamaguchi,,$,http://www.tripadvisor.com/Hotel_Review-g298142-d1090122-Reviews-Yanai_Ryokan-Yamaguchi_Yamaguchi_Prefecture_Chugoku.html
Hotel Kiraku,753-0056 ,Yamaguchi Prefecture,4-4-3 Yudaonsen Yamaguchi,110,$,http://www.tripadvisor.com/Hotel_Review-g298142-d1090130-Reviews-Hotel_Kiraku-Yamaguchi_Yamaguchi_Prefecture_Chugoku.html
Hotel Alpha 1 Ogori,754-0002,Yamaguchi Prefecture,1235-12 Ogorishimogo Yamaguchi,161,$,http://www.tripadvisor.com/Hotel_Review-g298142-d1096937-Reviews-Hotel_Alpha_1_Ogori-Yamaguchi_Yamaguchi_Prefecture_Chugoku.html
Shin Yamaguchi Terminal Hotel,754-0002,Yamaguchi Prefecture,1292 Ogorishimogo Yamaguchi,,$,http://www.tripadvisor.com/Hotel_Review-g298142-d1104404-Reviews-Shin_Yamaguchi_Terminal_Hotel-Yamaguchi_Yamaguchi_Prefecture_Chugoku.html
Hotel Miyake,754-0021,Yamaguchi Prefecture,2-24 Ogorikoganemachi Yamaguchi,,,http://www.tripadvisor.com/Hotel_Review-g298142-d1112176-Reviews-Hotel_Miyake-Yamaguchi_Yamaguchi_Prefecture_Chugoku.html
Kyoei,753-0056,Yamaguchi Prefecture,2-10-3 Yudaonsen Yamaguchi,,,http://www.tripadvisor.com/Hotel_Review-g298142-d1112180-Reviews-Kyoei-Yamaguchi_Yamaguchi_Prefecture_Chugoku.html
Tomokage Ryokan,747-0231,Yamaguchi Prefecture,1894 Tokudihori Yamaguchi,,,http://www.tripadvisor.com/Hotel_Review-g298142-d1112187-Reviews-Tomokage_Ryokan-Yamaguchi_Yamaguchi_Prefecture_Chugoku.html
Teshima Ryokan,754-1277,Yamaguchi Prefecture,7418-8 Ajisu Yamaguchi,,$$$$,http://www.tripadvisor.com/Hotel_Review-g298142-d1112190-Reviews-Teshima_Ryokan-Yamaguchi_Yamaguchi_Prefecture_Chugoku.html
Business Hotel Ogoriya,754-0002,Yamaguchi Prefecture,1250 Ogorishimogo Yamaguchi,,$,http://www.tripadvisor.com/Hotel_Review-g298142-d1112205-Reviews-Business_Hotel_Ogoriya-Yamaguchi_Yamaguchi_Prefecture_Chugoku.html
Plaza Hotel Kotobuki,753-0056,Yamaguchi Prefecture,3-3-13 Yudaonsen Yamaguchi,70,,http://www.tripadvisor.com/Hotel_Review-g298142-d1112213-Reviews-Plaza_Hotel_Kotobuki-Yamaguchi_Yamaguchi_Prefecture_Chugoku.html
Toyoko Inn Shinyamaguchieki Shinkansenguchi,754-0021,Yamaguchi Prefecture,7-61 Ogorikoganemachi Yamaguchi,,$,http://www.tripadvisor.com/Hotel_Review-g298142-d1112228-Reviews-Toyoko_Inn_Shinyamaguchieki_Shinkansenguchi-Yamaguchi_Yamaguchi_Prefecture_Chugoku.html
Sakaeya,753-0056,Yamaguchi Prefecture,4-6-29 Yudaonsen Yamaguchi,,,http://www.tripadvisor.com/Hotel_Review-g298142-d1112233-Reviews-Sakaeya-Yamaguchi_Yamaguchi_Prefecture_Chugoku.html
Ume 72 Ajisu Spa Hotel,754-1277,Yamaguchi Prefecture,7373-1 Ajisu Yamaguchi,,$,http://www.tripadvisor.com/Hotel_Review-g298142-d1567259-Reviews-Ume_72_Ajisu_Spa_Hotel-Yamaguchi_Yamaguchi_Prefecture_Chugoku.html
Kaicho no Yado Aioso,754-1101,Yamaguchi Prefecture,768-13 Aiohigashi Yamaguchi,15,$$,http://www.tripadvisor.com/Hotel_Review-g298142-d1594577-Reviews-Kaicho_no_Yado_Aioso-Yamaguchi_Yamaguchi_Prefecture_Chugoku.html
Ichifuku,753-0056,Yamaguchi Prefecture,2-1-12 Yuda Onsen Yamaguchi,,$,http://www.tripadvisor.com/Hotel_Review-g298142-d1864100-Reviews-Ichifuku-Yamaguchi_Yamaguchi_Prefecture_Chugoku.html
Yoshiya Ryokan,753-0056,Yamaguchi Prefecture,5-2-26 Yuda Onsen Yamaguchi,,,http://www.tripadvisor.com/Hotel_Review-g298142-d1864101-Reviews-Yoshiya_Ryokan-Yamaguchi_Yamaguchi_Prefecture_Chugoku.html
Chikashige Ryokan,753-0058,Yamaguchi Prefecture,12-23 Shimoichicho Yamaguchi,,,http://www.tripadvisor.com/Hotel_Review-g298142-d1880852-Reviews-Chikashige_Ryokan-Yamaguchi_Yamaguchi_Prefecture_Chugoku.html
Otafuku Ryokan,753-0056,Yamaguchi Prefecture,2-2-28 Yudaonsen Yamaguchi,,$,http://www.tripadvisor.com/Hotel_Review-g298142-d1880855-Reviews-Otafuku_Ryokan-Yamaguchi_Yamaguchi_Prefecture_Chugoku.html
Bochoen,753-0077,Yamaguchi Prefecture,4-29 Kumanocho Yamaguchi,24,$,http://www.tripadvisor.com/Hotel_Review-g298142-d1880858-Reviews-Bochoen-Yamaguchi_Yamaguchi_Prefecture_Chugoku.html
Kokian,753-0056,Yamaguchi Prefecture,2-7-1 Yudaonsen Yamaguchi,,$$$$,http://www.tripadvisor.com/Hotel_Review-g298142-d2166011-Reviews-Kokian-Yamaguchi_Yamaguchi_Prefecture_Chugoku.html
Green Rich Hotel Yamaguchi Yuda-Onsen,753-0056,Yamaguchi Prefecture,4-7-11 Yudaonsen Yamaguchi,113,$,http://www.tripadvisor.com/Hotel_Review-g298142-d2372495-Reviews-Green_Rich_Hotel_Yamaguchi_Yuda_Onsen-Yamaguchi_Yamaguchi_Prefecture_Chugoku.html
Stays Inn Yamaguchi Yuda,753-0056,Yamaguchi Prefecture,4-1-15 Yudaonsen Yamaguchi,29,$,http://www.tripadvisor.com/Hotel_Review-g298142-d2697043-Reviews-Stays_Inn_Yamaguchi_Yuda-Yamaguchi_Yamaguchi_Prefecture_Chugoku.html
Sansuien,753-0078,Yamaguchi Prefecture,4-60 Midoricho Yamaguchi,,$$$$,http://www.tripadvisor.com/Hotel_Review-g298142-d2697060-Reviews-Sansuien-Yamaguchi_Yamaguchi_Prefecture_Chugoku.html
Suizanso,753-0056,Yamaguchi Prefecture,3-1-1 Yudaonsen Yamaguchi,,,http://www.tripadvisor.com/Hotel_Review-g298142-d3653575-Reviews-Suizanso-Yamaguchi_Yamaguchi_Prefecture_Chugoku.html
Private Hostel Yamaguchi Kokasha,753-0001,Yamaguchi Prefecture,801 Miyanokami Yamaguchi,,,http://www.tripadvisor.com/Hotel_Review-g298142-d4154869-Reviews-Private_Hostel_Yamaguchi_Kokasha-Yamaguchi_Yamaguchi_Prefecture_Chugoku.html
Shuhokan,754-0511,Yamaguchi Prefecture,1237-236 Akiyoshi Shuho-cho Mine,43,$$,http://www.tripadvisor.com/Hotel_Review-g1023686-d1093834-Reviews-Shuhokan-Mine_Yamaguchi_Prefecture_Chugoku.html
Mine Grand Hotel,759-2212,Yamaguchi Prefecture,270-1 Ominechohigashibun Mine,,$,http://www.tripadvisor.com/Hotel_Review-g1023686-d1110805-Reviews-Mine_Grand_Hotel-Mine_Yamaguchi_Prefecture_Chugoku.html
Tenjuku,754-0122,Yamaguchi Prefecture,1071 Mitochomana Mine,,$,http://www.tripadvisor.com/Hotel_Review-g1023686-d1110816-Reviews-Tenjuku-Mine_Yamaguchi_Prefecture_Chugoku.html
Akiyoshidai Youth Village,754-0511,Yamaguchi Prefecture,4236-1 Shuhocho Akiyoshi Mine,,$$,http://www.tripadvisor.com/Hotel_Review-g1023686-d1567244-Reviews-Akiyoshidai_Youth_Village-Mine_Yamaguchi_Prefecture_Chugoku.html
Pension Hot Village Mito,754-0302,Yamaguchi Prefecture,3043-1 Mitocho Aka Mine,,$,http://www.tripadvisor.com/Hotel_Review-g1023686-d1567245-Reviews-Pension_Hot_Village_Mito-Mine_Yamaguchi_Prefecture_Chugoku.html
Akiyoshidai Auto Camp Site,754-0302,Yamaguchi Prefecture,3108 Mitocho Aka Mine,,,http://www.tripadvisor.com/Hotel_Review-g1023686-d6787728-Reviews-Akiyoshidai_Auto_Camp_Site-Mine_Yamaguchi_Prefecture_Chugoku.html
Gyokusenkaku,759-4103,Yamaguchi Prefecture,1234 Fukawayumoto Nagato,,$$,http://www.tripadvisor.com/Hotel_Review-g1023691-d1072306-Reviews-Gyokusenkaku-Nagato_Yamaguchi_Prefecture_Chugoku.html
Hotel Nagato Harada,759-4103,Yamaguchi Prefecture,2485 Fukawayumoto Nagato,,$$,http://www.tripadvisor.com/Hotel_Review-g1023691-d1072309-Reviews-Hotel_Nagato_Harada-Nagato_Yamaguchi_Prefecture_Chugoku.html
Hotel Ayanami,759-4401,Yamaguchi Prefecture,Hekigami 1597-2 Nagato,20,,http://www.tripadvisor.com/Hotel_Review-g1023691-d1072310-Reviews-Hotel_Ayanami-Nagato_Yamaguchi_Prefecture_Chugoku.html
Omijima Kanko Hotel,759-4106,Yamaguchi Prefecture,2000 Senzaki Nagato,,$,http://www.tripadvisor.com/Hotel_Review-g1023691-d1072311-Reviews-Omijima_Kanko_Hotel-Nagato_Yamaguchi_Prefecture_Chugoku.html
Otanisanso,759-4103,Yamaguchi Prefecture,2208 Fukawayumoto Nagato,114,$$$$,http://www.tripadvisor.com/Hotel_Review-g1023691-d1072312-Reviews-Otanisanso-Nagato_Yamaguchi_Prefecture_Chugoku.html
Yamamura Bekkan,759-4103,Yamaguchi Prefecture,533-1 Fukawayumoto Nagato,,$$,http://www.tripadvisor.com/Hotel_Review-g1023691-d1072314-Reviews-Yamamura_Bekkan-Nagato_Yamaguchi_Prefecture_Chugoku.html
Yumoto Kanko Hotel Saikyo,759-4103,Yamaguchi Prefecture,1051 Fukawayumoto Nagato,,$$,http://www.tripadvisor.com/Hotel_Review-g1023691-d1072315-Reviews-Yumoto_Kanko_Hotel_Saikyo-Nagato_Yamaguchi_Prefecture_Chugoku.html
Chinsui,759-4103,Yamaguchi Prefecture,2294-1 Fukawayumoto Nagato,,$$,http://www.tripadvisor.com/Hotel_Review-g1023691-d1072316-Reviews-Chinsui-Nagato_Yamaguchi_Prefecture_Chugoku.html
Yuinoie,759-4401,Yamaguchi Prefecture,1707-2 Hekikami Nagato,,,http://www.tripadvisor.com/Hotel_Review-g1023691-d1110863-Reviews-Yuinoie-Nagato_Yamaguchi_Prefecture_Chugoku.html
Seizanso,759-4211,Yamaguchi Prefecture,4541-1 Tawarayama Nagato,,,http://www.tripadvisor.com/Hotel_Review-g1023691-d1110877-Reviews-Seizanso-Nagato_Yamaguchi_Prefecture_Chugoku.html
Yumen Kanko Hotel,759-3802,Yamaguchi Prefecture,272 Misuminaka Nagato,,$$,http://www.tripadvisor.com/Hotel_Review-g1023691-d1110897-Reviews-Yumen_Kanko_Hotel-Nagato_Yamaguchi_Prefecture_Chugoku.html
Tamaya Ryokan,759-4211,Yamaguchi Prefecture,5061-5 Tawarayama Nagato,,$,http://www.tripadvisor.com/Hotel_Review-g1023691-d1110906-Reviews-Tamaya_Ryokan-Nagato_Yamaguchi_Prefecture_Chugoku.html
Matsuya Ryokan,759-4211,Yamaguchi Prefecture,5145 Tawarayama Nagato,,$,http://www.tripadvisor.com/Hotel_Review-g1023691-d1110908-Reviews-Matsuya_Ryokan-Nagato_Yamaguchi_Prefecture_Chugoku.html
Meijiya Ryokan,759-4211,Yamaguchi Prefecture,5127 Tawarayama Nagato,,$,http://www.tripadvisor.com/Hotel_Review-g1023691-d1110910-Reviews-Meijiya_Ryokan-Nagato_Yamaguchi_Prefecture_Chugoku.html
Asahiya Ryokan,759-4101,Yamaguchi Prefecture,911-76 Higashifukawa Nagato,,,http://www.tripadvisor.com/Hotel_Review-g1023691-d1110912-Reviews-Asahiya_Ryokan-Nagato_Yamaguchi_Prefecture_Chugoku.html
Hanaya Ryokan,759-4211,Yamaguchi Prefecture,5099 Tawarayama Nagato,,,http://www.tripadvisor.com/Hotel_Review-g1023691-d1110915-Reviews-Hanaya_Ryokan-Nagato_Yamaguchi_Prefecture_Chugoku.html
Nagato Grand Palace,759-4101,Yamaguchi Prefecture,2 Higashifukawa Nagato,,,http://www.tripadvisor.com/Hotel_Review-g1023691-d1110918-Reviews-Nagato_Grand_Palace-Nagato_Yamaguchi_Prefecture_Chugoku.html
Ichifuku Ryokan,759-4103,Yamaguchi Prefecture,1277-1 Fukawayumoto Nagato,,$,http://www.tripadvisor.com/Hotel_Review-g1023691-d1110921-Reviews-Ichifuku_Ryokan-Nagato_Yamaguchi_Prefecture_Chugoku.html
Kamaya Ryokan,759-4211,Yamaguchi Prefecture,5123 Tawarayama Nagato,,$,http://www.tripadvisor.com/Hotel_Review-g1023691-d1111481-Reviews-Kamaya_Ryokan-Nagato_Yamaguchi_Prefecture_Chugoku.html
Konya Ryokan,759-4211,Yamaguchi Prefecture,5149 Tawarayama Nagato,,,http://www.tripadvisor.com/Hotel_Review-g1023691-d1111486-Reviews-Konya_Ryokan-Nagato_Yamaguchi_Prefecture_Chugoku.html
Rokukakudou,759-4103,Yamaguchi Prefecture,2257 Fukawayumoto Nagato,,$$,http://www.tripadvisor.com/Hotel_Review-g1023691-d1111494-Reviews-Rokukakudou-Nagato_Yamaguchi_Prefecture_Chugoku.html
Toshishige,759-4103,Yamaguchi Prefecture,2317 Fukawayumoto Nagato,,$,http://www.tripadvisor.com/Hotel_Review-g1023691-d1111495-Reviews-Toshishige-Nagato_Yamaguchi_Prefecture_Chugoku.html
Sakakura Ryokan,759-4211,Yamaguchi Prefecture,5061-8 Tawarayama Nagato,,$$,http://www.tripadvisor.com/Hotel_Review-g1023691-d1111496-Reviews-Sakakura_Ryokan-Nagato_Yamaguchi_Prefecture_Chugoku.html
Haradaya Ryokan,759-4103,Yamaguchi Prefecture,2269 Fukawayumoto Nagato,,$$,http://www.tripadvisor.com/Hotel_Review-g1023691-d1111501-Reviews-Haradaya_Ryokan-Nagato_Yamaguchi_Prefecture_Chugoku.html
Izumiya,759-4211,Yamaguchi Prefecture,5139 Tawarayama Nagato,,$,http://www.tripadvisor.com/Hotel_Review-g1023691-d1111512-Reviews-Izumiya-Nagato_Yamaguchi_Prefecture_Chugoku.html
Kyouya,759-4211,Yamaguchi Prefecture,5140 Tawarayama Nagato,,$,http://www.tripadvisor.com/Hotel_Review-g1023691-d1111535-Reviews-Kyouya-Nagato_Yamaguchi_Prefecture_Chugoku.html
Sakuraya Ryokan,759-4211,Yamaguchi Prefecture,5060-1 Tawarayama Nagato,,,http://www.tripadvisor.com/Hotel_Review-g1023691-d1111545-Reviews-Sakuraya_Ryokan-Nagato_Yamaguchi_Prefecture_Chugoku.html
Yumoto Highland Hotel Fuji,759-4103,Yamaguchi Prefecture,1280 Fukawayumoto Nagato,,$$,http://www.tripadvisor.com/Hotel_Review-g1023691-d1111562-Reviews-Yumoto_Highland_Hotel_Fuji-Nagato_Yamaguchi_Prefecture_Chugoku.html
Yamaguchiya Hotel,759-4211,Yamaguchi Prefecture,5081-3 Tawarayama Nagato,,$$,http://www.tripadvisor.com/Hotel_Review-g1023691-d1111569-Reviews-Yamaguchiya_Hotel-Nagato_Yamaguchi_Prefecture_Chugoku.html
Umibe Ryokan,759-4211,Yamaguchi Prefecture,Tawarayama Yumachi Nagato,,,http://www.tripadvisor.com/Hotel_Review-g1023691-d1119882-Reviews-Umibe_Ryokan-Nagato_Yamaguchi_Prefecture_Chugoku.html
Fukuzumi Ryokan,759-4211,Yamaguchi Prefecture,Tawarayama Yumachi Nagato,,,http://www.tripadvisor.com/Hotel_Review-g1023691-d1119918-Reviews-Fukuzumi_Ryokan-Nagato_Yamaguchi_Prefecture_Chugoku.html
Yokikan,759-4505,Yamaguchi Prefecture,130 Yuyaigami Nagato,,$$,http://www.tripadvisor.com/Hotel_Review-g1023691-d1144778-Reviews-Yokikan-Nagato_Yamaguchi_Prefecture_Chugoku.html
Bettei Otozure,759-4103,Yamaguchi Prefecture,2208 Fukawa Yumoto Nagato,18,$$$$,http://www.tripadvisor.com/Hotel_Review-g1023691-d1144821-Reviews-Bettei_Otozure-Nagato_Yamaguchi_Prefecture_Chugoku.html
Taguchi,759-4401,Yamaguchi Prefecture,2720 Hekikami Nagato,,,http://www.tripadvisor.com/Hotel_Review-g1023691-d1144828-Reviews-Taguchi-Nagato_Yamaguchi_Prefecture_Chugoku.html
Pension Kirakiraboshi,759-4623,Yamaguchi Prefecture,3675-1 Yuyamukatsukushimo Nagato,,,http://www.tripadvisor.com/Hotel_Review-g1023691-d1144833-Reviews-Pension_Kirakiraboshi-Nagato_Yamaguchi_Prefecture_Chugoku.html
Oomijima,759-4106,Yamaguchi Prefecture,317-52 Senzaki Nagato,,$,http://www.tripadvisor.com/Hotel_Review-g1023691-d1144849-Reviews-Oomijima-Nagato_Yamaguchi_Prefecture_Chugoku.html
Seseragitei Shefs,759-4103,Yamaguchi Prefecture,533-1 Kawajiri Fukawayumoto Nagato,,$$$$,http://www.tripadvisor.com/Hotel_Review-g1023691-d1165465-Reviews-Seseragitei_Shefs-Nagato_Yamaguchi_Prefecture_Chugoku.html
Nagato Central Hotel,759-4101,Yamaguchi Prefecture,877-1 Higahsifukagawa Nagato,,,http://www.tripadvisor.com/Hotel_Review-g1023691-d1834966-Reviews-Nagato_Central_Hotel-Nagato_Yamaguchi_Prefecture_Chugoku.html
Kinba Ryokan,759-4623,Yamaguchi Prefecture,3460 Yuyamukatsukushimo Nagato,,,http://www.tripadvisor.com/Hotel_Review-g1023691-d1880835-Reviews-Kinba_Ryokan-Nagato_Yamaguchi_Prefecture_Chugoku.html
Issoan,759-4106,Yamaguchi Prefecture,1837 Asahicho Senzaki Nagato,,$$,http://www.tripadvisor.com/Hotel_Review-g1023691-d1880838-Reviews-Issoan-Nagato_Yamaguchi_Prefecture_Chugoku.html
Omishima Seaside Hotel,759-4106,Yamaguchi Prefecture,733-2 Senzaki Nagato,,$,http://www.tripadvisor.com/Hotel_Review-g1023691-d1925411-Reviews-Omishima_Seaside_Hotel-Nagato_Yamaguchi_Prefecture_Chugoku.html
Itonaga Ryokan,759-4211,Yamaguchi Prefecture,5055-1 Tawarayama Nagato,,,http://www.tripadvisor.com/Hotel_Review-g1023691-d2697048-Reviews-Itonaga_Ryokan-Nagato_Yamaguchi_Prefecture_Chugoku.html
Suimeien Ryokan,759-4211,Yamaguchi Prefecture,5197-1 Tawarayama Nagato,,,http://www.tripadvisor.com/Hotel_Review-g1023691-d3309271-Reviews-Suimeien_Ryokan-Nagato_Yamaguchi_Prefecture_Chugoku.html
Tokyu Inn Shimonoseki,750-0025,Yamaguchi Prefecture,4-4-1 Takezaki-cho Shimonoseki,128,$,http://www.tripadvisor.com/Hotel_Review-g303150-d505961-Reviews-Tokyu_Inn_Shimonoseki-Shimonoseki_Yamaguchi_Prefecture_Chugoku.html
Hotel 38 Shimonoseki,750-0025,Yamaguchi Prefecture,1-15-33 Takezaki-cho Shimonoseki,,,http://www.tripadvisor.com/Hotel_Review-g303150-d628480-Reviews-Hotel_38_Shimonoseki-Shimonoseki_Yamaguchi_Prefecture_Chugoku.html
Hotel Nishi-Nagato Resort,759-5331,Yamaguchi Prefecture,2045 Hohokuchokanda Shimonoseki,77,$$,http://www.tripadvisor.com/Hotel_Review-g303150-d1075525-Reviews-Hotel_Nishi_Nagato_Resort-Shimonoseki_Yamaguchi_Prefecture_Chugoku.html
Hotel Wing International Shimonoseki,750-0025,Yamaguchi Prefecture,3-11-2 Takezakicho Shimonoseki,101,$,http://www.tripadvisor.com/Hotel_Review-g303150-d1075534-Reviews-Hotel_Wing_International_Shimonoseki-Shimonoseki_Yamaguchi_Prefecture_Chugoku.html
Ichinomata Onsen Grand Hotel,750-0403,Yamaguchi Prefecture,15 Ichinomata Toyota-cho Shimonoseki,,$,http://www.tripadvisor.com/Hotel_Review-g303150-d1075541-Reviews-Ichinomata_Onsen_Grand_Hotel-Shimonoseki_Yamaguchi_Prefecture_Chugoku.html
Ichinomata Onsen Kanko Hotel,750-0403,Yamaguchi Prefecture,1711 Ichinomata Toyota-cho Shimonoseki,,$$,http://www.tripadvisor.com/Hotel_Review-g303150-d1075550-Reviews-Ichinomata_Onsen_Kanko_Hotel-Shimonoseki_Yamaguchi_Prefecture_Chugoku.html
Karato Central Hotel,750-0001,Yamaguchi Prefecture,11-1 Saiwai-machi Shimonoseki,,$,http://www.tripadvisor.com/Hotel_Review-g303150-d1075609-Reviews-Karato_Central_Hotel-Shimonoseki_Yamaguchi_Prefecture_Chugoku.html
Shimonoseki Business Hotel VIP Nangoku,750-0014,Yamaguchi Prefecture,6-7 Hanano-cho Shimonoseki,,$,http://www.tripadvisor.com/Hotel_Review-g303150-d1075614-Reviews-Shimonoseki_Business_Hotel_VIP_Nangoku-Shimonoseki_Yamaguchi_Prefecture_Chugoku.html
Plaza Hotel Shimonoseki,750-0014,Yamaguchi Prefecture,11-10 Hanano-cho Shimonoseki,86,$,http://www.tripadvisor.com/Hotel_Review-g303150-d1075615-Reviews-Plaza_Hotel_Shimonoseki-Shimonoseki_Yamaguchi_Prefecture_Chugoku.html
Via Inn Shimonoseki,750-0025,Yamaguchi Prefecture,4-2-33 Takezaki-cho Shimonoseki,,$,http://www.tripadvisor.com/Hotel_Review-g303150-d1075617-Reviews-Via_Inn_Shimonoseki-Shimonoseki_Yamaguchi_Prefecture_Chugoku.html
Tokyo Dai-Ichi Hotel Shimonoseki,750-0007,Yamaguchi Prefecture,6-2 Akama-cho Shimonoseki,77,$,http://www.tripadvisor.com/Hotel_Review-g303150-d1075618-Reviews-Tokyo_Dai_Ichi_Hotel_Shimonoseki-Shimonoseki_Yamaguchi_Prefecture_Chugoku.html
Prince Hotel Shimonoseki,750-0025,Yamaguchi Prefecture,3-10-7 Takezaki-cho Shimonoseki,,$,http://www.tripadvisor.com/Hotel_Review-g303150-d1075619-Reviews-Prince_Hotel_Shimonoseki-Shimonoseki_Yamaguchi_Prefecture_Chugoku.html
Shimonoseki-eki Nishi Washington Hotel Plaza,750-0067,Yamaguchi Prefecture,1-4-1 Yamato-machi Shimonoseki,,$,http://www.tripadvisor.com/Hotel_Review-g303150-d1075631-Reviews-Shimonoseki_eki_Nishi_Washington_Hotel_Plaza-Shimonoseki_Yamaguchi_Prefecture_Chugoku.html
Shimonoseki Station Hotel,750-0025,Yamaguchi Prefecture,2-8-11 Takezaki-cho Shimonoseki,,$,http://www.tripadvisor.com/Hotel_Review-g303150-d1075634-Reviews-Shimonoseki_Station_Hotel-Shimonoseki_Yamaguchi_Prefecture_Chugoku.html
Shimonoseki Marine Hotel,752-0985,Yamaguchi Prefecture,2-1 Chofusotoura-cho Shimonoseki,140,$,http://www.tripadvisor.com/Hotel_Review-g303150-d1075636-Reviews-Shimonoseki_Marine_Hotel-Shimonoseki_Yamaguchi_Prefecture_Chugoku.html
Shimonoseki Grand Hotel,750-0006,Yamaguchi Prefecture,31-2 Nabe-cho Shimonoseki,86,$,http://www.tripadvisor.com/Hotel_Review-g303150-d1075637-Reviews-Shimonoseki_Grand_Hotel-Shimonoseki_Yamaguchi_Prefecture_Chugoku.html
Shimonoseki Sunshine Hotel,750-0012,Yamaguchi Prefecture,13-18 Kannonzakicho Shimonoseki,,,http://www.tripadvisor.com/Hotel_Review-g303150-d1089567-Reviews-Shimonoseki_Sunshine_Hotel-Shimonoseki_Yamaguchi_Prefecture_Chugoku.html
Shunpanrou,750-0003,Yamaguchi Prefecture,4-2 Amidaijicho Shimonoseki,,$$$$,http://www.tripadvisor.com/Hotel_Review-g303150-d1089568-Reviews-Shunpanrou-Shimonoseki_Yamaguchi_Prefecture_Chugoku.html
Sumire,750-0025,Yamaguchi Prefecture,3-13-23 Takezakicho Shimonoseki,,$$,http://www.tripadvisor.com/Hotel_Review-g303150-d1089572-Reviews-Sumire-Shimonoseki_Yamaguchi_Prefecture_Chugoku.html
Business Hotel Shimonoseki,750-0012,Yamaguchi Prefecture,5-10 Kannonzakicho Shimonoseki,,$,http://www.tripadvisor.com/Hotel_Review-g303150-d1089573-Reviews-Business_Hotel_Shimonoseki-Shimonoseki_Yamaguchi_Prefecture_Chugoku.html
Green Hotel Shimonoseki,750-0025,Yamaguchi Prefecture,1-16-13 Takezakicho Shimonoseki,,$,http://www.tripadvisor.com/Hotel_Review-g303150-d1089575-Reviews-Green_Hotel_Shimonoseki-Shimonoseki_Yamaguchi_Prefecture_Chugoku.html
Shimonoseki City Hinoyama Youth Hostel,751-0813,Yamaguchi Prefecture,3-47 Mimosusogawacho Shimonoseki,,,http://www.tripadvisor.com/Hotel_Review-g303150-d1112236-Reviews-Shimonoseki_City_Hinoyama_Youth_Hostel-Shimonoseki_Yamaguchi_Prefecture_Chugoku.html
Family Lodge Hatagoya Dannoura Parking Area,751-0814,Yamaguchi Prefecture,5-1 Dannoracho Shimonoseki,,$,http://www.tripadvisor.com/Hotel_Review-g303150-d1112240-Reviews-Family_Lodge_Hatagoya_Dannoura_Parking_Area-Shimonoseki_Yamaguchi_Prefecture_Chugoku.html
Genpeiso,751-0813,Yamaguchi Prefecture,8-8 Mimosusogawacho Shimonoseki,,$,http://www.tripadvisor.com/Hotel_Review-g303150-d1112244-Reviews-Genpeiso-Shimonoseki_Yamaguchi_Prefecture_Chugoku.html
Takibe Onsen,759-5511,Yamaguchi Prefecture,220-1 Hohokuchotakibe Shimonoseki,,,http://www.tripadvisor.com/Hotel_Review-g303150-d1112248-Reviews-Takibe_Onsen-Shimonoseki_Yamaguchi_Prefecture_Chugoku.html
Yashirokan,750-0074,Yamaguchi Prefecture,6-18-1 Hikoshimahonmuracho Shimonoseki,,,http://www.tripadvisor.com/Hotel_Review-g303150-d1112250-Reviews-Yashirokan-Shimonoseki_Yamaguchi_Prefecture_Chugoku.html
Kawatana Grand Hotel,759-6301,Yamaguchi Prefecture,4912-1 Toyorachokawatana Shimonoseki,,$$,http://www.tripadvisor.com/Hotel_Review-g303150-d1112258-Reviews-Kawatana_Grand_Hotel-Shimonoseki_Yamaguchi_Prefecture_Chugoku.html
Ichinomata Onsensou,750-0403,Yamaguchi Prefecture,28 Toyotacho Ichinomata Shimonoseki,,$,http://www.tripadvisor.com/Hotel_Review-g303150-d1112262-Reviews-Ichinomata_Onsensou-Shimonoseki_Yamaguchi_Prefecture_Chugoku.html
Hirata Ryokan,759-6303,Yamaguchi Prefecture,5354 Toyorachouka Shimonoseki,,$,http://www.tripadvisor.com/Hotel_Review-g303150-d1112265-Reviews-Hirata_Ryokan-Shimonoseki_Yamaguchi_Prefecture_Chugoku.html
Kaihinso,759-6121,Yamaguchi Prefecture,4209-4 Hohokucho Kandakami Shimonoseki,,,http://www.tripadvisor.com/Hotel_Review-g303150-d1112268-Reviews-Kaihinso-Shimonoseki_Yamaguchi_Prefecture_Chugoku.html
Business Hotel Hayashi,751-0872,Yamaguchi Prefecture,1-8-13 Akineminamimachi Shimonoseki,,$,http://www.tripadvisor.com/Hotel_Review-g303150-d1112273-Reviews-Business_Hotel_Hayashi-Shimonoseki_Yamaguchi_Prefecture_Chugoku.html
Sumiyoshi,750-0065,Yamaguchi Prefecture,1-5-3 Izakicho Shimonoseki,,,http://www.tripadvisor.com/Hotel_Review-g303150-d1112280-Reviews-Sumiyoshi-Shimonoseki_Yamaguchi_Prefecture_Chugoku.html
Mimosusogawa Bekkan,751-0813,Yamaguchi Prefecture,23-15 Mimosusogawacho Shimonoseki,,$$$$,http://www.tripadvisor.com/Hotel_Review-g303150-d1112287-Reviews-Mimosusogawa_Bekkan-Shimonoseki_Yamaguchi_Prefecture_Chugoku.html
Koteng Sanroji,759-6301,Yamaguchi Prefecture,5153 Kawatana Toyouracho Shimonoseki,,$,http://www.tripadvisor.com/Hotel_Review-g303150-d1144896-Reviews-Koteng_Sanroji-Shimonoseki_Yamaguchi_Prefecture_Chugoku.html
Takezono Ryokan,759-6301,Yamaguchi Prefecture,5155 Kawatana Toyora-cho Shimonoseki,,$,http://www.tripadvisor.com/Hotel_Review-g303150-d1144906-Reviews-Takezono_Ryokan-Shimonoseki_Yamaguchi_Prefecture_Chugoku.html
Toyoko Inn Shimonoseki Higashiguchi,750-0018,Yamaguchi Prefecture,2-7-10 Toyomaeda cho Shimonoseki,,$,http://www.tripadvisor.com/Hotel_Review-g303150-d1497077-Reviews-Toyoko_Inn_Shimonoseki_Higashiguchi-Shimonoseki_Yamaguchi_Prefecture_Chugoku.html
Kamenoi Hotel Yamaguchi Shimonoseki,752-0955,Yamaguchi Prefecture,2-1 Chofu Yahatacho Shimonoseki,198,$,http://www.tripadvisor.com/Hotel_Review-g303150-d1637735-Reviews-Kamenoi_Hotel_Yamaguchi_Shimonoseki-Shimonoseki_Yamaguchi_Prefecture_Chugoku.html
Kaikyo View Shimonoseki,751-0813,Yamaguchi Prefecture,3-58 Mimosusogawacho Shimonoseki,,$$,http://www.tripadvisor.com/Hotel_Review-g303150-d1793091-Reviews-Kaikyo_View_Shimonoseki-Shimonoseki_Yamaguchi_Prefecture_Chugoku.html
Dormy Inn Premium Shimonoseki,750-0017,Yamaguchi Prefecture,3-40 Hosoeshinmachi Shimonoseki,147,$,http://www.tripadvisor.com/Hotel_Review-g303150-d1812433-Reviews-Dormy_Inn_Premium_Shimonoseki-Shimonoseki_Yamaguchi_Prefecture_Chugoku.html
Kotobuki Ryokan,759-6301,Yamaguchi Prefecture,5186 Kawatana Toyouracho Shimonoseki,,$,http://www.tripadvisor.com/Hotel_Review-g303150-d1864096-Reviews-Kotobuki_Ryokan-Shimonoseki_Yamaguchi_Prefecture_Chugoku.html
Grand Hotel New Yutani,750-1101,Yamaguchi Prefecture,"195-1, Yutani, Yoshidacho Shimonoseki",,,http://www.tripadvisor.com/Hotel_Review-g303150-d2037647-Reviews-Grand_Hotel_New_Yutani-Shimonoseki_Yamaguchi_Prefecture_Chugoku.html
Shimonoseki Manjuso,751-0813,Yamaguchi Prefecture,3-75 Mimosusokawacho Shimonoseki,,$$,http://www.tripadvisor.com/Hotel_Review-g303150-d3568995-Reviews-Shimonoseki_Manjuso-Shimonoseki_Yamaguchi_Prefecture_Chugoku.html
Kaigetsu Ryokan,750-0421,Yamaguchi Prefecture,1949 Toyotacho Tonoshiki Shimonoseki,,,http://www.tripadvisor.com/Hotel_Review-g303150-d3661942-Reviews-Kaigetsu_Ryokan-Shimonoseki_Yamaguchi_Prefecture_Chugoku.html
Toyotako Hotel & Golf Club,750-0432,Yamaguchi Prefecture,71-1 Toyotacho Jiyoshi Shimonoseki,,$,http://www.tripadvisor.com/Hotel_Review-g303150-d4341905-Reviews-Toyotako_Hotel_Golf_Club-Shimonoseki_Yamaguchi_Prefecture_Chugoku.html
Hotel Alpha-1 Tokuyama,745-0015,Yamaguchi Prefecture,2-47 Heiwadori Shunan,,$,http://www.tripadvisor.com/Hotel_Review-g1023687-d1072325-Reviews-Hotel_Alpha_1_Tokuyama-Shunan_Yamaguchi_Prefecture_Chugoku.html
Hotel Arflex,745-0034,Yamaguchi Prefecture,2-14 Miyukidori Shunan,,$,http://www.tripadvisor.com/Hotel_Review-g1023687-d1072326-Reviews-Hotel_Arflex-Shunan_Yamaguchi_Prefecture_Chugoku.html
Hotel Sunroute Tokuyama,745-0025,Yamaguchi Prefecture,8-33 Chikkocho Shunan,99,$,http://www.tripadvisor.com/Hotel_Review-g1023687-d1072328-Reviews-Hotel_Sunroute_Tokuyama-Shunan_Yamaguchi_Prefecture_Chugoku.html
Office Hotel Roppongi,745-0015,Yamaguchi Prefecture,1-12 Heiwadori Shunan,,,http://www.tripadvisor.com/Hotel_Review-g1023687-d1072329-Reviews-Office_Hotel_Roppongi-Shunan_Yamaguchi_Prefecture_Chugoku.html
Shisuien,745-1132,Yamaguchi Prefecture,4341 Yuno Shunan,,$,http://www.tripadvisor.com/Hotel_Review-g1023687-d1072330-Reviews-Shisuien-Shunan_Yamaguchi_Prefecture_Chugoku.html
Koyokan,745-1132,Yamaguchi Prefecture,27 Yuno Shunan,,,http://www.tripadvisor.com/Hotel_Review-g1023687-d1072331-Reviews-Koyokan-Shunan_Yamaguchi_Prefecture_Chugoku.html
Urbantimes Tokuyama,745-0072,Yamaguchi Prefecture,1-20 Yayoicho Shunan,,,http://www.tripadvisor.com/Hotel_Review-g1023687-d1090065-Reviews-Urbantimes_Tokuyama-Shunan_Yamaguchi_Prefecture_Chugoku.html
Business Hotel Aoki,745-0035,Yamaguchi Prefecture,2 Yurakucho Shunan,,$,http://www.tripadvisor.com/Hotel_Review-g1023687-d1090068-Reviews-Business_Hotel_Aoki-Shunan_Yamaguchi_Prefecture_Chugoku.html
Hotel Route Inn Tokuyama Ekimae,745-0036 ,Yamaguchi Prefecture,1-35 Hommachi Shunan,188,$,http://www.tripadvisor.com/Hotel_Review-g1023687-d1090071-Reviews-Hotel_Route_Inn_Tokuyama_Ekimae-Shunan_Yamaguchi_Prefecture_Chugoku.html
Tokuyama Daiichi Hotel,745-0016 ,Yamaguchi Prefecture,1-30-1 Wakamiyacho Shunan,,$,http://www.tripadvisor.com/Hotel_Review-g1023687-d1090079-Reviews-Tokuyama_Daiichi_Hotel-Shunan_Yamaguchi_Prefecture_Chugoku.html
Toyoko Inn Tokuyamastation Shinkansen Side,745-0044,Yamaguchi Prefecture,2-7 Chiyodacho Shunan,,$,http://www.tripadvisor.com/Hotel_Review-g1023687-d1090081-Reviews-Toyoko_Inn_Tokuyamastation_Shinkansen_Side-Shunan_Yamaguchi_Prefecture_Chugoku.html
Yuraku Hotel,745-0035,Yamaguchi Prefecture,5 Yurakucho Shunan,,$,http://www.tripadvisor.com/Hotel_Review-g1023687-d1090082-Reviews-Yuraku_Hotel-Shunan_Yamaguchi_Prefecture_Chugoku.html
The Gramercy,745-0011ã€€,Yamaguchi Prefecture,3-16 Sakurababadori Shunan,,$,http://www.tripadvisor.com/Hotel_Review-g1023687-d1090084-Reviews-The_Gramercy-Shunan_Yamaguchi_Prefecture_Chugoku.html
Business Hotel Aoyanagi,746-0012,Yamaguchi Prefecture,1-9-6 Madokoro Shunan,,,http://www.tripadvisor.com/Hotel_Review-g1023687-d1096931-Reviews-Business_Hotel_Aoyanagi-Shunan_Yamaguchi_Prefecture_Chugoku.html
Koyaba Tada Tada,745-0057,Yamaguchi Prefecture,2763 Otsushima Shunan,,,http://www.tripadvisor.com/Hotel_Review-g1023687-d1110824-Reviews-Koyaba_Tada_Tada-Shunan_Yamaguchi_Prefecture_Chugoku.html
Hozanen,745-1132,Yamaguchi Prefecture,4265 Yuno Shunan,,$,http://www.tripadvisor.com/Hotel_Review-g1023687-d1567252-Reviews-Hozanen-Shunan_Yamaguchi_Prefecture_Chugoku.html
Business Hotel Tokuyama,745-0015,Yamaguchi Prefecture,2-50 Heiwadori Shunan,,,http://www.tripadvisor.com/Hotel_Review-g1023687-d1567254-Reviews-Business_Hotel_Tokuyama-Shunan_Yamaguchi_Prefecture_Chugoku.html
Business Hotel Minatoya,745-0047,Yamaguchi Prefecture,1-29 Irifunecho Shunan,,$,http://www.tripadvisor.com/Hotel_Review-g1023687-d1567255-Reviews-Business_Hotel_Minatoya-Shunan_Yamaguchi_Prefecture_Chugoku.html
Hotel Crown Hills Tokuyama,745-0036,Yamaguchi Prefecture,2-30 Honmachi Shunan,,$,http://www.tripadvisor.com/Hotel_Review-g1023687-d1864109-Reviews-Hotel_Crown_Hills_Tokuyama-Shunan_Yamaguchi_Prefecture_Chugoku.html
Business Hotel Isuzu,745-0037,Yamaguchi Prefecture,1-32 Sakaemachi Shunan,,$,http://www.tripadvisor.com/Hotel_Review-g1023687-d1880818-Reviews-Business_Hotel_Isuzu-Shunan_Yamaguchi_Prefecture_Chugoku.html
Jusenso,745-1132,Yamaguchi Prefecture,4143 Yuno Shunan,,,http://www.tripadvisor.com/Hotel_Review-g1023687-d1880821-Reviews-Jusenso-Shunan_Yamaguchi_Prefecture_Chugoku.html
Senkyoan,745-0501,Yamaguchi Prefecture,464-1 Yashiro Shunan,,,http://www.tripadvisor.com/Hotel_Review-g1023687-d1880824-Reviews-Senkyoan-Shunan_Yamaguchi_Prefecture_Chugoku.html
Kamenoi Hotel Yamaguchi Tokuyama,745-0036,Yamaguchi Prefecture,1-21 Honmachi Shunan,128,$,http://www.tripadvisor.com/Hotel_Review-g1023687-d1909154-Reviews-Kamenoi_Hotel_Yamaguchi_Tokuyama-Shunan_Yamaguchi_Prefecture_Chugoku.html
Migita Ryokan,745-0012,Yamaguchi Prefecture,1-7 Kawabatacho Shunan,,,http://www.tripadvisor.com/Hotel_Review-g1023687-d2697036-Reviews-Migita_Ryokan-Shunan_Yamaguchi_Prefecture_Chugoku.html
Onoda Central Hotel,756-0814,Yamaguchi Prefecture,1-8-26 Chiyomachi Sanyo Onoda,,$,http://www.tripadvisor.com/Hotel_Review-g1023692-d1072324-Reviews-Onoda_Central_Hotel-Sanyo_Onoda_Yamaguchi_Prefecture_Chugoku.html
Business Hotel Korien,756-0833,Yamaguchi Prefecture,17-29 Kitaryuocho Sanyo Onoda,,$,http://www.tripadvisor.com/Hotel_Review-g1023692-d1089565-Reviews-Business_Hotel_Korien-Sanyo_Onoda_Yamaguchi_Prefecture_Chugoku.html
Park Inn Sanyo Onoda,756-0091,Yamaguchi Prefecture,2-7-10 Hinode Sanyo Onoda,125,$,http://www.tripadvisor.com/Hotel_Review-g1023692-d1089566-Reviews-Park_Inn_Sanyo_Onoda-Sanyo_Onoda_Yamaguchi_Prefecture_Chugoku.html
Asa Station Hotel,757-0001,Yamaguchi Prefecture,20-6 Asa Sanyo Onoda,,$,http://www.tripadvisor.com/Hotel_Review-g1023692-d1096932-Reviews-Asa_Station_Hotel-Sanyo_Onoda_Yamaguchi_Prefecture_Chugoku.html
Nitanda Ryokan,757-0001,Yamaguchi Prefecture,1-1-5 Asa Sanyo Onoda,,,http://www.tripadvisor.com/Hotel_Review-g1023692-d1111588-Reviews-Nitanda_Ryokan-Sanyo_Onoda_Yamaguchi_Prefecture_Chugoku.html
Natural Green Park Hotel,756-0023,Yamaguchi Prefecture,128 Chizaki Sanyo Onoda,23,$$,http://www.tripadvisor.com/Hotel_Review-g1023692-d1567257-Reviews-Natural_Green_Park_Hotel-Sanyo_Onoda_Yamaguchi_Prefecture_Chugoku.html
Hangetsuan,741-0062 ,Yamaguchi Prefecture,1-17-27 Iwakuni Iwakuni,19,$$,http://www.tripadvisor.com/Hotel_Review-g675102-d607901-Reviews-Hangetsuan-Iwakuni_Yamaguchi_Prefecture_Chugoku.html
City Hotel Andoh,740-0018,Yamaguchi Prefecture,2-3-8 Marifu-Cho Iwakuni,,,http://www.tripadvisor.com/Hotel_Review-g675102-d670529-Reviews-City_Hotel_Andoh-Iwakuni_Yamaguchi_Prefecture_Chugoku.html
Business Hotel Marifu,740-0018,Yamaguchi Prefecture,4-14-21 Marifumachi Iwakuni,,,http://www.tripadvisor.com/Hotel_Review-g675102-d1071853-Reviews-Business_Hotel_Marifu-Iwakuni_Yamaguchi_Prefecture_Chugoku.html
Aburamasa Ryokan,740-0017,Yamaguchi Prefecture,5-5-5 Imazumachi Iwakuni,,$$$$,http://www.tripadvisor.com/Hotel_Review-g675102-d1071856-Reviews-Aburamasa_Ryokan-Iwakuni_Yamaguchi_Prefecture_Chugoku.html
Hotel Alpha-1 Iwakuni,740-0018,Yamaguchi Prefecture,4-8-2 Marifumachi Iwakuni,,$,http://www.tripadvisor.com/Hotel_Review-g675102-d1071857-Reviews-Hotel_Alpha_1_Iwakuni-Iwakuni_Yamaguchi_Prefecture_Chugoku.html
Iwakuni City View Hotel,740-0018,Yamaguchi Prefecture,3-1-12 Marifumachi Iwakuni,149,$,http://www.tripadvisor.com/Hotel_Review-g675102-d1071858-Reviews-Iwakuni_City_View_Hotel-Iwakuni_Yamaguchi_Prefecture_Chugoku.html
Shiratame Ryokan,741-0062,Yamaguchi Prefecture,1-5-16 Iwakuni Iwakuni,,$$$,http://www.tripadvisor.com/Hotel_Review-g675102-d1071859-Reviews-Shiratame_Ryokan-Iwakuni_Yamaguchi_Prefecture_Chugoku.html
Urbanwing Marifu,740-0018 ,Yamaguchi Prefecture,1-6-16 Marifumachi Iwakuni,,,http://www.tripadvisor.com/Hotel_Review-g675102-d1089560-Reviews-Urbanwing_Marifu-Iwakuni_Yamaguchi_Prefecture_Chugoku.html
Yamahotaru,740-0505,Yamaguchi Prefecture,1564-1 Mikawamachinekasa Iwakuni,,,http://www.tripadvisor.com/Hotel_Review-g675102-d1112303-Reviews-Yamahotaru-Iwakuni_Yamaguchi_Prefecture_Chugoku.html
Yuonsen,740-1406,Yamaguchi Prefecture,777 Yumachi Iwakuni,,,http://www.tripadvisor.com/Hotel_Review-g675102-d1112316-Reviews-Yuonsen-Iwakuni_Yamaguchi_Prefecture_Chugoku.html
Nakai,740-0017,Yamaguchi Prefecture,2-2-1 Imazumachi Iwakuni,,,http://www.tripadvisor.com/Hotel_Review-g675102-d1112320-Reviews-Nakai-Iwakuni_Yamaguchi_Prefecture_Chugoku.html
Green Rich Hotel Iwakuni Ekimae,740-0018,Yamaguchi Prefecture,2-5-21 Marifumachi Iwakuni,135,$,http://www.tripadvisor.com/Hotel_Review-g675102-d1112323-Reviews-Green_Rich_Hotel_Iwakuni_Ekimae-Iwakuni_Yamaguchi_Prefecture_Chugoku.html
Iwakuni Plaza Hotel,740-0018,Yamaguchi Prefecture,2-9-30 Marifumachi Iwakuni,,$,http://www.tripadvisor.com/Hotel_Review-g675102-d1112326-Reviews-Iwakuni_Plaza_Hotel-Iwakuni_Yamaguchi_Prefecture_Chugoku.html
Kaikatei,741-0081,Yamaguchi Prefecture,1-3-9 Yokoyama Iwakuni,,$,http://www.tripadvisor.com/Hotel_Review-g675102-d1112329-Reviews-Kaikatei-Iwakuni_Yamaguchi_Prefecture_Chugoku.html
Iwakuni Kokusai Kanko Hotel,741-0062,Yamaguchi Prefecture,1-1-7 Iwakuni Iwakuni,56,$$,http://www.tripadvisor.com/Hotel_Review-g675102-d1112333-Reviews-Iwakuni_Kokusai_Kanko_Hotel-Iwakuni_Yamaguchi_Prefecture_Chugoku.html
Miharaya,741-0062,Yamaguchi Prefecture,2-16-6 Iwakuni Iwakuni,,$,http://www.tripadvisor.com/Hotel_Review-g675102-d1118214-Reviews-Miharaya-Iwakuni_Yamaguchi_Prefecture_Chugoku.html
Sueoka Ryokan,741-0062,Yamaguchi Prefecture,1-1-9 Iwakuni Iwakuni,,,http://www.tripadvisor.com/Hotel_Review-g675102-d1232631-Reviews-Sueoka_Ryokan-Iwakuni_Yamaguchi_Prefecture_Chugoku.html
Nishiki Palace Hotel,740-0812,Yamaguchi Prefecture,3213-2 Fukafawa Nishikimachi Iwakuni,,$,http://www.tripadvisor.com/Hotel_Review-g675102-d1864111-Reviews-Nishiki_Palace_Hotel-Iwakuni_Yamaguchi_Prefecture_Chugoku.html
Asahiken,740-0012,Yamaguchi Prefecture,4-9-1 Motomachi Iwakuni,,,http://www.tripadvisor.com/Hotel_Review-g675102-d1880865-Reviews-Asahiken-Iwakuni_Yamaguchi_Prefecture_Chugoku.html
Rikyu,740-0012,Yamaguchi Prefecture,4-13-16 Motomachi Iwakuni,,,http://www.tripadvisor.com/Hotel_Review-g675102-d1880868-Reviews-Rikyu-Iwakuni_Yamaguchi_Prefecture_Chugoku.html
Jakuchi Gorge Campground,740-0901,Yamaguchi Prefecture,Nishikimachi Usa Iwakuni,,,http://www.tripadvisor.com/Hotel_Review-g675102-d2487505-Reviews-Jakuchi_Gorge_Campground-Iwakuni_Yamaguchi_Prefecture_Chugoku.html
Kamenoi Hotel Yamaguchi Iwakuni,740-0002,Yamaguchi Prefecture,2-6-30 Shinminatomachi Iwakuni,514,$,http://www.tripadvisor.com/Hotel_Review-g675102-d2571686-Reviews-Kamenoi_Hotel_Yamaguchi_Iwakuni-Iwakuni_Yamaguchi_Prefecture_Chugoku.html
Hikari Oriental Hotel,743-0013,Yamaguchi Prefecture,4-4-6 Chuo Hikari,,$,http://www.tripadvisor.com/Hotel_Review-g1023688-d1072298-Reviews-Hikari_Oriental_Hotel-Hikari_Yamaguchi_Prefecture_Chugoku.html
Hotel Matsubaraya,743-0022,Yamaguchi Prefecture,3-9-16 Nijigahama Hikari,,$,http://www.tripadvisor.com/Hotel_Review-g1023688-d1072299-Reviews-Hotel_Matsubaraya-Hikari_Yamaguchi_Prefecture_Chugoku.html
Kanakyu,743-0007,Yamaguchi Prefecture,5-20-10 Murozumi Hikari,,,http://www.tripadvisor.com/Hotel_Review-g1023688-d1089546-Reviews-Kanakyu-Hikari_Yamaguchi_Prefecture_Chugoku.html
Kanponoyado Hikari,743-0005,Yamaguchi Prefecture,31-1 Murozumihigashinosho Hikari,,$,http://www.tripadvisor.com/Hotel_Review-g1023688-d1089547-Reviews-Kanponoyado_Hikari-Hikari_Yamaguchi_Prefecture_Chugoku.html
Hikari Daiichi Hotel,743-0031,Yamaguchi Prefecture,2-11-1 Nijigaoka Hikari,,$,http://www.tripadvisor.com/Hotel_Review-g1023688-d1110835-Reviews-Hikari_Daiichi_Hotel-Hikari_Yamaguchi_Prefecture_Chugoku.html
Hotel 23,743-0022,Yamaguchi Prefecture,3-5-16 Nijigahama Hikari,,$,http://www.tripadvisor.com/Hotel_Review-g1023688-d2471733-Reviews-Hotel_23-Hikari_Yamaguchi_Prefecture_Chugoku.html
Sunshine Sazan Seto,742-2511,Yamaguchi Prefecture,1347-1 Hirano Suooshima-cho,73,$$,http://www.tripadvisor.com/Hotel_Review-g1121402-d1124312-Reviews-Sunshine_Sazan_Seto-Suooshima_cho_Oshima_gun_Yamaguchi_Prefecture_Chugoku.html
Hotel Daikanso,742-2106,Yamaguchi Prefecture,1656-3 Komatsu Suooshima-cho,42,$,http://www.tripadvisor.com/Hotel_Review-g1121402-d1124324-Reviews-Hotel_Daikanso-Suooshima_cho_Oshima_gun_Yamaguchi_Prefecture_Chugoku.html
Green Stay Nagaura,742-2302,Yamaguchi Prefecture,1144-1 Mukuno Suooshima-cho,,,http://www.tripadvisor.com/Hotel_Review-g1121402-d1144882-Reviews-Green_Stay_Nagaura-Suooshima_cho_Oshima_gun_Yamaguchi_Prefecture_Chugoku.html
Ryuzaki-Spa,742-2805,Yamaguchi Prefecture,"Higashiagenosho, Oshima-cho Suooshima-cho",,,http://www.tripadvisor.com/Hotel_Review-g1121402-d1596280-Reviews-Ryuzaki_Spa-Suooshima_cho_Oshima_gun_Yamaguchi_Prefecture_Chugoku.html
Setouchiso Yamamoto,742-2921,Yamaguchi Prefecture,463 Nishigata Suooshima-cho,,,http://www.tripadvisor.com/Hotel_Review-g1121402-d1880840-Reviews-Setouchiso_Yamamoto-Suooshima_cho_Oshima_gun_Yamaguchi_Prefecture_Chugoku.html
Chidoribekkan Awaya,742-2805 ,Yamaguchi Prefecture,Nishiagenosho Suooshima-cho,,,http://www.tripadvisor.com/Hotel_Review-g1121402-d3871269-Reviews-Chidoribekkan_Awaya-Suooshima_cho_Oshima_gun_Yamaguchi_Prefecture_Chugoku.html
Pension Aloha Orange,742-2301,Yamaguchi Prefecture,7270 Kuka Suooshima-cho,,,http://www.tripadvisor.com/Hotel_Review-g1121402-d4342083-Reviews-Pension_Aloha_Orange-Suooshima_cho_Oshima_gun_Yamaguchi_Prefecture_Chugoku.html
APA Hotel Yamaguchi-Hofu,747-0037,Yamaguchi Prefecture,1-29-20 Hachioji Hofu,106,$,http://www.tripadvisor.com/Hotel_Review-g1023684-d596965-Reviews-APA_Hotel_Yamaguchi_Hofu-Hofu_Yamaguchi_Prefecture_Chugoku.html
Business Hotel Miyama,747-0026,Yamaguchi Prefecture,1-2-28 Midorimachi Hofu,,$,http://www.tripadvisor.com/Hotel_Review-g1023684-d1071885-Reviews-Business_Hotel_Miyama-Hofu_Yamaguchi_Prefecture_Chugoku.html
Hotel Alpha-1 Hofu,747-0036,Yamaguchi Prefecture,2-4-48 Ebisumachi Hofu,176,$,http://www.tripadvisor.com/Hotel_Review-g1023684-d1071887-Reviews-Hotel_Alpha_1_Hofu-Hofu_Yamaguchi_Prefecture_Chugoku.html
Hotel Sun Hofu,747-0036,Yamaguchi Prefecture,1-10-16 Ebisumachi Hofu,,$,http://www.tripadvisor.com/Hotel_Review-g1023684-d1071889-Reviews-Hotel_Sun_Hofu-Hofu_Yamaguchi_Prefecture_Chugoku.html
Hotel Takaraya,747-0037,Yamaguchi Prefecture,1-13-27 Hachioji Hofu,,,http://www.tripadvisor.com/Hotel_Review-g1023684-d1072300-Reviews-Hotel_Takaraya-Hofu_Yamaguchi_Prefecture_Chugoku.html
Hofushi Cycling Terminal,747-0061,Yamaguchi Prefecture,Oaza Higashisabaryo 2886 Hofu,,$,http://www.tripadvisor.com/Hotel_Review-g1023684-d1072301-Reviews-Hofushi_Cycling_Terminal-Hofu_Yamaguchi_Prefecture_Chugoku.html
The Grand Hotel Palace Ai,747-0801,Yamaguchi Prefecture,15-20 Ekiminamimachi Hofu,,$,http://www.tripadvisor.com/Hotel_Review-g1023684-d1072302-Reviews-The_Grand_Hotel_Palace_Ai-Hofu_Yamaguchi_Prefecture_Chugoku.html
Hotel Route Inn Hofu Stationside,747-0801,Yamaguchi Prefecture,1-45 Ekiminamimachi Hofu,,$,http://www.tripadvisor.com/Hotel_Review-g1023684-d1089548-Reviews-Hotel_Route_Inn_Hofu_Stationside-Hofu_Yamaguchi_Prefecture_Chugoku.html
Super Hotel Hofu Stationside,747-0036,Yamaguchi Prefecture,1-2-18 Ebisumachi Hofu,,$,http://www.tripadvisor.com/Hotel_Review-g1023684-d1089552-Reviews-Super_Hotel_Hofu_Stationside-Hofu_Yamaguchi_Prefecture_Chugoku.html
Business Hotel Sakae,747-0035,Yamaguchi Prefecture,1-1-10 Sakaemachi Hofu,,,http://www.tripadvisor.com/Hotel_Review-g1023684-d1096929-Reviews-Business_Hotel_Sakae-Hofu_Yamaguchi_Prefecture_Chugoku.html
Business Hotel Minatoya,747-0814,Yamaguchi Prefecture,2-9-3 Mitajiri Hofu,,,http://www.tripadvisor.com/Hotel_Review-g1023684-d1096930-Reviews-Business_Hotel_Minatoya-Hofu_Yamaguchi_Prefecture_Chugoku.html
Kuwanoyama Onsen,747-0805,Yamaguchi Prefecture,6-7 Marifucho Hofu,,,http://www.tripadvisor.com/Hotel_Review-g1023684-d1110787-Reviews-Kuwanoyama_Onsen-Hofu_Yamaguchi_Prefecture_Chugoku.html
Akebono,747-0037,Yamaguchi Prefecture,1-24-29 Hachioji Hofu,,$,http://www.tripadvisor.com/Hotel_Review-g1023684-d1110794-Reviews-Akebono-Hofu_Yamaguchi_Prefecture_Chugoku.html
Business Hotel Ebisuya,747-0036,Yamaguchi Prefecture,1-7-8 Ebisumachi Hofu,,$,http://www.tripadvisor.com/Hotel_Review-g1023684-d1864107-Reviews-Business_Hotel_Ebisuya-Hofu_Yamaguchi_Prefecture_Chugoku.html
Yanai Business Hotel,742-0035,Yamaguchi Prefecture,2-15-28 Chuo Yanai,,$,http://www.tripadvisor.com/Hotel_Review-g1023689-d1072342-Reviews-Yanai_Business_Hotel-Yanai_Yamaguchi_Prefecture_Chugoku.html
Yanai Cruise Hotel,742-0031,Yamaguchi Prefecture,4-1-1 Minamimachi Yanai,,$,http://www.tripadvisor.com/Hotel_Review-g1023689-d1090127-Reviews-Yanai_Cruise_Hotel-Yanai_Yamaguchi_Prefecture_Chugoku.html
Yanai Grand Hotel,742-0035,Yamaguchi Prefecture,2-2-22 Chuo Yanai,,,http://www.tripadvisor.com/Hotel_Review-g1023689-d1118200-Reviews-Yanai_Grand_Hotel-Yanai_Yamaguchi_Prefecture_Chugoku.html
Ginpaso,742-1403,Yamaguchi Prefecture,550-1 Murotsu Kaminoseki-cho,,,http://www.tripadvisor.com/Hotel_Review-g1121404-d1880845-Reviews-Ginpaso-Kaminoseki_cho_Kumage_gun_Yamaguchi_Prefecture_Chugoku.html
Shikaiso,742-1403,Yamaguchi Prefecture,"668-3, Murotsu Kaminoseki-cho",,,http://www.tripadvisor.com/Hotel_Review-g1121404-d2076248-Reviews-Shikaiso-Kaminoseki_cho_Kumage_gun_Yamaguchi_Prefecture_Chugoku.html
Seaside Hotel Kaminoseki,742-1113,Yamaguchi Prefecture,20-1 Okuni Hirao-cho,,$$,http://www.tripadvisor.com/Hotel_Review-g1121406-d2258749-Reviews-Seaside_Hotel_Kaminoseki-Hirao_cho_Kumage_gun_Yamaguchi_Prefecture_Chugoku.html
